vehicle_id,charging_sequence,success,charging_need_kWh,remaining_need_kWh,min_capacity_kWh,start_soc_with_min_capacity_kWh
1107D110_0,"[{'start_time': '00:00:00', 'end_time': '05:47:00', 'location': 'depot', 'power': 11, 'energy_charged_kWh': 63.61666666666667}, {'start_time': '07:04:25', 'end_time': '07:04:45', 'location': 'terminal', 'stop_id': '0213MRY', 'power': 150, 'energy_charged_kWh': 0.8333333333333334}, {'start_time': '08:08:50', 'end_time': '08:09:10', 'location': 'terminal', 'stop_id': '0213MRY', 'power': 150, 'energy_charged_kWh': 0.8333333333333334}, {'start_time': '09:00:00', 'end_time': '09:00:20', 'location': 'terminal', 'stop_id': '0213MRY', 'power': 150, 'energy_charged_kWh': 0.8333333333333334}, {'start_time': '10:04:05', 'end_time': '10:04:25', 'location': 'terminal', 'stop_id': '0212RUS', 'power': 150, 'energy_charged_kWh': 0.8333333333333334}, {'start_time': '10:04:25', 'end_time': '10:04:45', 'location': 'terminal', 'stop_id': '0213MRY', 'power': 150, 'energy_charged_kWh': 0.8333333333333334}, {'start_time': '11:08:30', 'end_time': '11:08:50', 'location': 'terminal', 'stop_id': '0212RUS', 'power': 150, 'energy_charged_kWh': 0.8333333333333334}, {'start_time': '11:08:50', 'end_time': '11:09:10', 'location': 'terminal', 'stop_id': '0213MRY', 'power': 150, 'energy_charged_kWh': 0.8333333333333334}, {'start_time': '12:13:15', 'end_time': '12:13:35', 'location': 'terminal', 'stop_id': '0213MRY', 'power': 150, 'energy_charged_kWh': 0.8333333333333334}, {'start_time': '13:17:40', 'end_time': '13:18:00', 'location': 'terminal', 'stop_id': '0213MRY', 'power': 150, 'energy_charged_kWh': 0.8333333333333334}, {'start_time': '14:21:45', 'end_time': '14:22:05', 'location': 'terminal', 'stop_id': '0212RUS', 'power': 150, 'energy_charged_kWh': 0.8333333333333334}, {'start_time': '14:22:05', 'end_time': '14:22:25', 'location': 'terminal', 'stop_id': '0213MRY', 'power': 150, 'energy_charged_kWh': 0.8333333333333334}, {'start_time': '15:00:00', 'end_time': '15:00:20', 'location': 'terminal', 'stop_id': '0213MRY', 'power': 150, 'energy_charged_kWh': 0.8333333333333334}, {'start_time': '16:04:05', 'end_time': '16:04:25', 'location': 'terminal', 'stop_id': '0212RUS', 'power': 150, 'energy_charged_kWh': 0.8333333333333334}, {'start_time': '18:12:55', 'end_time': '18:13:15', 'location': 'terminal', 'stop_id': '0212RUS', 'power': 150, 'energy_charged_kWh': 0.8333333333333334}, {'start_time': '18:13:15', 'end_time': '18:13:35', 'location': 'terminal', 'stop_id': '0213MRY', 'power': 150, 'energy_charged_kWh': 0.8333333333333334}, {'start_time': '19:17:20', 'end_time': '19:17:40', 'location': 'terminal', 'stop_id': '0212RUS', 'power': 150, 'energy_charged_kWh': 0.8333333333333334}, {'start_time': '21:13:00', 'end_time': '23:59:59', 'location': 'depot', 'power': 11, 'energy_charged_kWh': 30.61361111111111}]",False,143.79524452954837,36.231633418437255,130.4619111962153,130.4619111962153
1107D110_1,"[{'start_time': '00:00:00', 'end_time': '05:41:00', 'location': 'depot', 'power': 11, 'energy_charged_kWh': 62.516666666666666}, {'start_time': '09:49:05', 'end_time': '09:49:25', 'location': 'terminal', 'stop_id': '0212RUS', 'power': 150, 'energy_charged_kWh': 0.8333333333333334}, {'start_time': '09:49:25', 'end_time': '09:49:45', 'location': 'terminal', 'stop_id': '0213MRY', 'power': 150, 'energy_charged_kWh': 0.8333333333333334}, {'start_time': '10:53:30', 'end_time': '10:53:50', 'location': 'terminal', 'stop_id': '0212RUS', 'power': 150, 'energy_charged_kWh': 0.8333333333333334}, {'start_time': '10:53:50', 'end_time': '10:54:10', 'location': 'terminal', 'stop_id': '0213MRY', 'power': 150, 'energy_charged_kWh': 0.8333333333333334}, {'start_time': '11:57:55', 'end_time': '11:58:15', 'location': 'terminal', 'stop_id': '0212RUS', 'power': 150, 'energy_charged_kWh': 0.8333333333333334}, {'start_time': '13:02:20', 'end_time': '13:02:40', 'location': 'terminal', 'stop_id': '0212RUS', 'power': 150, 'energy_charged_kWh': 0.8333333333333334}, {'start_time': '13:02:40', 'end_time': '13:03:00', 'location': 'terminal', 'stop_id': '0213MRY', 'power': 150, 'energy_charged_kWh': 0.8333333333333334}, {'start_time': '14:07:05', 'end_time': '14:07:25', 'location': 'terminal', 'stop_id': '0213MRY', 'power': 150, 'energy_charged_kWh': 0.8333333333333334}, {'start_time': '15:59:05', 'end_time': '15:59:25', 'location': 'terminal', 'stop_id': '0212RUS', 'power': 150, 'energy_charged_kWh': 0.8333333333333334}, {'start_time': '18:08:15', 'end_time': '18:08:35', 'location': 'terminal', 'stop_id': '0213MRY', 'power': 150, 'energy_charged_kWh': 0.8333333333333334}, {'start_time': '19:12:20', 'end_time': '19:12:40', 'location': 'terminal', 'stop_id': '0212RUS', 'power': 150, 'energy_charged_kWh': 0.8333333333333334}, {'start_time': '20:16:45', 'end_time': '20:17:05', 'location': 'terminal', 'stop_id': '0212RUS', 'power': 150, 'energy_charged_kWh': 0.8333333333333334}, {'start_time': '20:17:05', 'end_time': '20:17:25', 'location': 'terminal', 'stop_id': '0213MRY', 'power': 150, 'energy_charged_kWh': 0.8333333333333334}, {'start_time': '21:19:00', 'end_time': '23:59:59', 'location': 'depot', 'power': 11, 'energy_charged_kWh': 29.513611111111114}]",False,143.82823489313878,40.96462378202767,132.99490155980573,132.99490155980573
1107D110_2,"[{'start_time': '00:00:00', 'end_time': '03:43:32', 'location': 'depot', 'power': 22, 'energy_charged_kWh': 81.96635955127465}, {'start_time': '06:54:05', 'end_time': '06:54:25', 'location': 'terminal', 'stop_id': '0212RUS', 'power': 150, 'energy_charged_kWh': 0.8333333333333334}, {'start_time': '06:54:25', 'end_time': '06:54:45', 'location': 'terminal', 'stop_id': '0213MRY', 'power': 150, 'energy_charged_kWh': 0.8333333333333334}, {'start_time': '07:58:50', 'end_time': '07:59:10', 'location': 'terminal', 'stop_id': '0213MRY', 'power': 150, 'energy_charged_kWh': 0.8333333333333334}, {'start_time': '10:38:30', 'end_time': '10:38:50', 'location': 'terminal', 'stop_id': '0212RUS', 'power': 150, 'energy_charged_kWh': 0.8333333333333334}, {'start_time': '12:47:20', 'end_time': '12:47:40', 'location': 'terminal', 'stop_id': '0212RUS', 'power': 150, 'energy_charged_kWh': 0.8333333333333334}, {'start_time': '13:51:45', 'end_time': '13:52:05', 'location': 'terminal', 'stop_id': '0212RUS', 'power': 150, 'energy_charged_kWh': 0.8333333333333334}, {'start_time': '13:52:05', 'end_time': '13:52:25', 'location': 'terminal', 'stop_id': '0213MRY', 'power': 150, 'energy_charged_kWh': 0.8333333333333334}, {'start_time': '14:56:30', 'end_time': '14:56:50', 'location': 'terminal', 'stop_id': '0213MRY', 'power': 150, 'energy_charged_kWh': 0.8333333333333334}, {'start_time': '18:03:15', 'end_time': '18:03:35', 'location': 'terminal', 'stop_id': '0213MRY', 'power': 150, 'energy_charged_kWh': 0.8333333333333334}, {'start_time': '19:07:40', 'end_time': '19:08:00', 'location': 'terminal', 'stop_id': '0213MRY', 'power': 150, 'energy_charged_kWh': 0.8333333333333334}, {'start_time': '20:11:45', 'end_time': '20:12:05', 'location': 'terminal', 'stop_id': '0212RUS', 'power': 150, 'energy_charged_kWh': 0.8333333333333334}, {'start_time': '21:35:00', 'end_time': '23:59:59', 'location': 'depot', 'power': 22, 'energy_charged_kWh': 53.160555555555554}]",True,144.29358177349687,0.0,135.12691510683055,135.12691510683055
1107D110_3,"[{'start_time': '00:00:00', 'end_time': '05:12:00', 'location': 'depot', 'power': 11, 'energy_charged_kWh': 57.2}, {'start_time': '07:53:50', 'end_time': '07:54:10', 'location': 'terminal', 'stop_id': '0213MRY', 'power': 150, 'energy_charged_kWh': 0.8333333333333334}, {'start_time': '08:57:55', 'end_time': '08:58:15', 'location': 'terminal', 'stop_id': '0212RUS', 'power': 150, 'energy_charged_kWh': 0.8333333333333334}, {'start_time': '09:19:05', 'end_time': '09:19:25', 'location': 'terminal', 'stop_id': '0212RUS', 'power': 150, 'energy_charged_kWh': 0.8333333333333334}, {'start_time': '10:23:30', 'end_time': '10:23:50', 'location': 'terminal', 'stop_id': '0212RUS', 'power': 150, 'energy_charged_kWh': 0.8333333333333334}, {'start_time': '11:27:55', 'end_time': '11:28:15', 'location': 'terminal', 'stop_id': '0212RUS', 'power': 150, 'energy_charged_kWh': 0.8333333333333334}, {'start_time': '11:28:15', 'end_time': '11:28:35', 'location': 'terminal', 'stop_id': '0213MRY', 'power': 150, 'energy_charged_kWh': 0.8333333333333334}, {'start_time': '13:36:45', 'end_time': '13:37:05', 'location': 'terminal', 'stop_id': '0212RUS', 'power': 150, 'energy_charged_kWh': 0.8333333333333334}, {'start_time': '17:57:55', 'end_time': '17:58:15', 'location': 'terminal', 'stop_id': '0212RUS', 'power': 150, 'energy_charged_kWh': 0.8333333333333334}, {'start_time': '17:58:15', 'end_time': '17:58:35', 'location': 'terminal', 'stop_id': '0213MRY', 'power': 150, 'energy_charged_kWh': 0.8333333333333334}, {'start_time': '20:07:05', 'end_time': '20:07:25', 'location': 'terminal', 'stop_id': '0213MRY', 'power': 150, 'energy_charged_kWh': 0.8333333333333334}, {'start_time': '21:48:00', 'end_time': '23:59:59', 'location': 'depot', 'power': 11, 'energy_charged_kWh': 24.196944444444448}]",False,143.96730809944157,54.23703032166378,135.63397476610854,135.63397476610854
1107D110_4,"[{'start_time': '00:00:00', 'end_time': '00:45:34', 'location': 'depot', 'power': 22, 'energy_charged_kWh': 16.710418560402786}, {'start_time': '07:48:50', 'end_time': '07:49:10', 'location': 'terminal', 'stop_id': '0213MRY', 'power': 150, 'energy_charged_kWh': 0.8333333333333334}, {'start_time': '08:52:55', 'end_time': '08:53:15', 'location': 'terminal', 'stop_id': '0212RUS', 'power': 150, 'energy_charged_kWh': 0.8333333333333334}, {'start_time': '15:44:05', 'end_time': '15:44:25', 'location': 'terminal', 'stop_id': '0212RUS', 'power': 150, 'energy_charged_kWh': 0.8333333333333334}, {'start_time': '15:44:25', 'end_time': '15:44:45', 'location': 'terminal', 'stop_id': '0213MRY', 'power': 150, 'energy_charged_kWh': 0.8333333333333334}, {'start_time': '16:48:30', 'end_time': '16:48:50', 'location': 'terminal', 'stop_id': '0212RUS', 'power': 150, 'energy_charged_kWh': 0.8333333333333334}, {'start_time': '16:48:50', 'end_time': '16:49:10', 'location': 'terminal', 'stop_id': '0213MRY', 'power': 150, 'energy_charged_kWh': 0.8333333333333334}, {'start_time': '18:57:40', 'end_time': '18:58:00', 'location': 'terminal', 'stop_id': '0213MRY', 'power': 150, 'energy_charged_kWh': 0.8333333333333334}, {'start_time': '20:02:05', 'end_time': '20:02:25', 'location': 'terminal', 'stop_id': '0213MRY', 'power': 150, 'energy_charged_kWh': 0.8333333333333334}, {'start_time': '21:08:00', 'end_time': '23:59:59', 'location': 'depot', 'power': 22, 'energy_charged_kWh': 63.06055555555555}]",True,86.43764078262501,0.0,79.77097411595841,79.77097411595841
1107D110_5,"[{'start_time': '00:00:00', 'end_time': '00:56:07', 'location': 'depot', 'power': 22, 'energy_charged_kWh': 20.581509606922687}, {'start_time': '06:39:05', 'end_time': '06:39:25', 'location': 'terminal', 'stop_id': '0212RUS', 'power': 150, 'energy_charged_kWh': 0.8333333333333334}, {'start_time': '06:39:25', 'end_time': '06:39:45', 'location': 'terminal', 'stop_id': '0213MRY', 'power': 150, 'energy_charged_kWh': 0.8333333333333334}, {'start_time': '07:43:30', 'end_time': '07:43:50', 'location': 'terminal', 'stop_id': '0212RUS', 'power': 150, 'energy_charged_kWh': 0.8333333333333334}, {'start_time': '07:43:50', 'end_time': '07:44:10', 'location': 'terminal', 'stop_id': '0213MRY', 'power': 150, 'energy_charged_kWh': 0.8333333333333334}, {'start_time': '08:47:55', 'end_time': '08:48:15', 'location': 'terminal', 'stop_id': '0212RUS', 'power': 150, 'energy_charged_kWh': 0.8333333333333334}, {'start_time': '16:43:30', 'end_time': '16:43:50', 'location': 'terminal', 'stop_id': '0212RUS', 'power': 150, 'energy_charged_kWh': 0.8333333333333334}, {'start_time': '16:43:50', 'end_time': '16:44:10', 'location': 'terminal', 'stop_id': '0213MRY', 'power': 150, 'energy_charged_kWh': 0.8333333333333334}, {'start_time': '17:47:55', 'end_time': '17:48:15', 'location': 'terminal', 'stop_id': '0212RUS', 'power': 150, 'energy_charged_kWh': 0.8333333333333334}, {'start_time': '18:52:20', 'end_time': '18:52:40', 'location': 'terminal', 'stop_id': '0212RUS', 'power': 150, 'energy_charged_kWh': 0.8333333333333334}, {'start_time': '18:52:40', 'end_time': '18:53:00', 'location': 'terminal', 'stop_id': '0213MRY', 'power': 150, 'energy_charged_kWh': 0.8333333333333334}, {'start_time': '19:56:45', 'end_time': '19:57:05', 'location': 'terminal', 'stop_id': '0212RUS', 'power': 150, 'energy_charged_kWh': 0.8333333333333334}, {'start_time': '21:25:00', 'end_time': '23:59:59', 'location': 'depot', 'power': 22, 'energy_charged_kWh': 56.827222222222225}]",True,86.57539849581158,0.0,77.408731829145,77.408731829145
1107D110_6,"[{'start_time': '00:00:00', 'end_time': '04:29:26', 'location': 'depot', 'power': 11, 'energy_charged_kWh': 49.397370311920156}, {'start_time': '08:43:15', 'end_time': '08:43:35', 'location': 'terminal', 'stop_id': '0213MRY', 'power': 150, 'energy_charged_kWh': 0.8333333333333334}, {'start_time': '15:34:05', 'end_time': '15:34:25', 'location': 'terminal', 'stop_id': '0212RUS', 'power': 150, 'energy_charged_kWh': 0.8333333333333334}, {'start_time': '15:34:25', 'end_time': '15:34:45', 'location': 'terminal', 'stop_id': '0213MRY', 'power': 150, 'energy_charged_kWh': 0.8333333333333334}, {'start_time': '16:38:50', 'end_time': '16:39:10', 'location': 'terminal', 'stop_id': '0213MRY', 'power': 150, 'energy_charged_kWh': 0.8333333333333334}, {'start_time': '17:42:55', 'end_time': '17:43:15', 'location': 'terminal', 'stop_id': '0212RUS', 'power': 150, 'energy_charged_kWh': 0.8333333333333334}, {'start_time': '17:43:15', 'end_time': '17:43:35', 'location': 'terminal', 'stop_id': '0213MRY', 'power': 150, 'energy_charged_kWh': 0.8333333333333334}, {'start_time': '18:47:20', 'end_time': '18:47:40', 'location': 'terminal', 'stop_id': '0212RUS', 'power': 150, 'energy_charged_kWh': 0.8333333333333334}, {'start_time': '19:51:45', 'end_time': '19:52:05', 'location': 'terminal', 'stop_id': '0212RUS', 'power': 150, 'energy_charged_kWh': 0.8333333333333334}, {'start_time': '19:52:05', 'end_time': '19:52:25', 'location': 'terminal', 'stop_id': '0213MRY', 'power': 150, 'energy_charged_kWh': 0.8333333333333334}, {'start_time': '20:56:10', 'end_time': '20:56:30', 'location': 'terminal', 'stop_id': '0212RUS', 'power': 150, 'energy_charged_kWh': 0.8333333333333334}, {'start_time': '21:22:00', 'end_time': '23:59:59', 'location': 'depot', 'power': 11, 'energy_charged_kWh': 28.96361111111111}]",True,86.69431475636459,-1.4210854715202004e-14,78.49598580305181,78.49598580305181
1107D110_7,"[{'start_time': '00:00:00', 'end_time': '00:52:00', 'location': 'depot', 'power': 22, 'energy_charged_kWh': 19.066949593289635}, {'start_time': '06:29:05', 'end_time': '06:29:25', 'location': 'terminal', 'stop_id': '0212RUS', 'power': 150, 'energy_charged_kWh': 0.8333333333333334}, {'start_time': '08:37:55', 'end_time': '08:38:15', 'location': 'terminal', 'stop_id': '0212RUS', 'power': 150, 'energy_charged_kWh': 0.8333333333333334}, {'start_time': '08:38:15', 'end_time': '08:38:35', 'location': 'terminal', 'stop_id': '0213MRY', 'power': 150, 'energy_charged_kWh': 0.8333333333333334}, {'start_time': '17:38:15', 'end_time': '17:38:35', 'location': 'terminal', 'stop_id': '0213MRY', 'power': 150, 'energy_charged_kWh': 0.8333333333333334}, {'start_time': '19:47:05', 'end_time': '19:47:25', 'location': 'terminal', 'stop_id': '0213MRY', 'power': 150, 'energy_charged_kWh': 0.8333333333333334}, {'start_time': '21:08:00', 'end_time': '23:59:59', 'location': 'depot', 'power': 22, 'energy_charged_kWh': 63.06055555555555}]",True,86.29417181551186,0.0,82.12750514884529,82.12750514884529
1107D110_8,"[{'start_time': '00:00:00', 'end_time': '05:02:33', 'location': 'depot', 'power': 11, 'energy_charged_kWh': 55.46997323576619}, {'start_time': '06:24:05', 'end_time': '06:24:25', 'location': 'terminal', 'stop_id': '0212RUS', 'power': 150, 'energy_charged_kWh': 0.8333333333333334}, {'start_time': '07:28:50', 'end_time': '07:29:10', 'location': 'terminal', 'stop_id': '0213MRY', 'power': 150, 'energy_charged_kWh': 0.8333333333333334}, {'start_time': '15:24:25', 'end_time': '15:24:45', 'location': 'terminal', 'stop_id': '0213MRY', 'power': 150, 'energy_charged_kWh': 0.8333333333333334}, {'start_time': '17:32:55', 'end_time': '17:33:15', 'location': 'terminal', 'stop_id': '0212RUS', 'power': 150, 'energy_charged_kWh': 0.8333333333333334}, {'start_time': '18:37:40', 'end_time': '18:38:00', 'location': 'terminal', 'stop_id': '0213MRY', 'power': 150, 'energy_charged_kWh': 0.8333333333333334}, {'start_time': '19:42:05', 'end_time': '19:42:25', 'location': 'terminal', 'stop_id': '0213MRY', 'power': 150, 'energy_charged_kWh': 0.8333333333333334}, {'start_time': '20:46:10', 'end_time': '20:46:30', 'location': 'terminal', 'stop_id': '0212RUS', 'power': 150, 'energy_charged_kWh': 0.8333333333333334}, {'start_time': '20:46:30', 'end_time': '20:46:50', 'location': 'terminal', 'stop_id': '0213MRY', 'power': 150, 'energy_charged_kWh': 0.8333333333333334}, {'start_time': '21:49:00', 'end_time': '23:59:59', 'location': 'depot', 'power': 11, 'energy_charged_kWh': 24.013611111111114}]",True,86.15025101354398,1.4210854715202004e-14,79.48358434687738,79.48358434687738
1107D110_9,"[{'start_time': '00:00:00', 'end_time': '04:42:31', 'location': 'depot', 'power': 11, 'energy_charged_kWh': 51.79533732168716}, {'start_time': '06:19:05', 'end_time': '06:19:25', 'location': 'terminal', 'stop_id': '0212RUS', 'power': 150, 'energy_charged_kWh': 0.8333333333333334}, {'start_time': '06:19:25', 'end_time': '06:19:45', 'location': 'terminal', 'stop_id': '0213MRY', 'power': 150, 'energy_charged_kWh': 0.8333333333333334}, {'start_time': '08:27:55', 'end_time': '08:28:15', 'location': 'terminal', 'stop_id': '0212RUS', 'power': 150, 'energy_charged_kWh': 0.8333333333333334}, {'start_time': '08:28:15', 'end_time': '08:28:35', 'location': 'terminal', 'stop_id': '0213MRY', 'power': 150, 'energy_charged_kWh': 0.8333333333333334}, {'start_time': '16:23:30', 'end_time': '16:23:50', 'location': 'terminal', 'stop_id': '0212RUS', 'power': 150, 'energy_charged_kWh': 0.8333333333333334}, {'start_time': '17:27:55', 'end_time': '17:28:15', 'location': 'terminal', 'stop_id': '0212RUS', 'power': 150, 'energy_charged_kWh': 0.8333333333333334}, {'start_time': '18:32:40', 'end_time': '18:33:00', 'location': 'terminal', 'stop_id': '0213MRY', 'power': 150, 'energy_charged_kWh': 0.8333333333333334}, {'start_time': '19:37:05', 'end_time': '19:37:25', 'location': 'terminal', 'stop_id': '0213MRY', 'power': 150, 'energy_charged_kWh': 0.8333333333333334}, {'start_time': '20:41:30', 'end_time': '20:41:50', 'location': 'terminal', 'stop_id': '0213MRY', 'power': 150, 'energy_charged_kWh': 0.8333333333333334}, {'start_time': '21:34:00', 'end_time': '23:59:59', 'location': 'depot', 'power': 11, 'energy_charged_kWh': 26.763611111111114}]",True,86.05894843279827,0.0,78.55894843279839,78.55894843279839
1107D110_10,"[{'start_time': '00:00:00', 'end_time': '03:59:16', 'location': 'depot', 'power': 11, 'energy_charged_kWh': 43.86734665255471}, {'start_time': '06:14:05', 'end_time': '06:14:25', 'location': 'terminal', 'stop_id': '0212RUS', 'power': 150, 'energy_charged_kWh': 0.8333333333333334}, {'start_time': '06:14:25', 'end_time': '06:14:45', 'location': 'terminal', 'stop_id': '0213MRY', 'power': 150, 'energy_charged_kWh': 0.8333333333333334}, {'start_time': '07:18:30', 'end_time': '07:18:50', 'location': 'terminal', 'stop_id': '0212RUS', 'power': 150, 'energy_charged_kWh': 0.8333333333333334}, {'start_time': '07:18:50', 'end_time': '07:19:10', 'location': 'terminal', 'stop_id': '0213MRY', 'power': 150, 'energy_charged_kWh': 0.8333333333333334}, {'start_time': '16:18:30', 'end_time': '16:18:50', 'location': 'terminal', 'stop_id': '0212RUS', 'power': 150, 'energy_charged_kWh': 0.8333333333333334}, {'start_time': '17:22:55', 'end_time': '17:23:15', 'location': 'terminal', 'stop_id': '0212RUS', 'power': 150, 'energy_charged_kWh': 0.8333333333333334}, {'start_time': '17:23:15', 'end_time': '17:23:35', 'location': 'terminal', 'stop_id': '0213MRY', 'power': 150, 'energy_charged_kWh': 0.8333333333333334}, {'start_time': '18:27:20', 'end_time': '18:27:40', 'location': 'terminal', 'stop_id': '0212RUS', 'power': 150, 'energy_charged_kWh': 0.8333333333333334}, {'start_time': '18:27:40', 'end_time': '18:28:00', 'location': 'terminal', 'stop_id': '0213MRY', 'power': 150, 'energy_charged_kWh': 0.8333333333333334}, {'start_time': '19:32:05', 'end_time': '19:32:25', 'location': 'terminal', 'stop_id': '0213MRY', 'power': 150, 'energy_charged_kWh': 0.8333333333333334}, {'start_time': '20:36:10', 'end_time': '20:36:30', 'location': 'terminal', 'stop_id': '0212RUS', 'power': 150, 'energy_charged_kWh': 0.8333333333333334}, {'start_time': '21:00:00', 'end_time': '23:59:59', 'location': 'depot', 'power': 11, 'energy_charged_kWh': 32.996944444444445}]",True,86.03095776366582,0.0,76.86429109699921,76.86429109699921
1107D110_11,"[{'start_time': '00:00:00', 'end_time': '04:11:12', 'location': 'depot', 'power': 11, 'energy_charged_kWh': 46.054017717223864}, {'start_time': '06:09:05', 'end_time': '06:09:25', 'location': 'terminal', 'stop_id': '0212RUS', 'power': 150, 'energy_charged_kWh': 0.8333333333333334}, {'start_time': '06:09:25', 'end_time': '06:09:45', 'location': 'terminal', 'stop_id': '0213MRY', 'power': 150, 'energy_charged_kWh': 0.8333333333333334}, {'start_time': '07:13:30', 'end_time': '07:13:50', 'location': 'terminal', 'stop_id': '0212RUS', 'power': 150, 'energy_charged_kWh': 0.8333333333333334}, {'start_time': '08:17:55', 'end_time': '08:18:15', 'location': 'terminal', 'stop_id': '0212RUS', 'power': 150, 'energy_charged_kWh': 0.8333333333333334}, {'start_time': '15:09:25', 'end_time': '15:09:45', 'location': 'terminal', 'stop_id': '0213MRY', 'power': 150, 'energy_charged_kWh': 0.8333333333333334}, {'start_time': '17:18:15', 'end_time': '17:18:35', 'location': 'terminal', 'stop_id': '0213MRY', 'power': 150, 'energy_charged_kWh': 0.8333333333333334}, {'start_time': '19:26:45', 'end_time': '19:27:05', 'location': 'terminal', 'stop_id': '0212RUS', 'power': 150, 'energy_charged_kWh': 0.8333333333333334}, {'start_time': '20:31:10', 'end_time': '20:31:30', 'location': 'terminal', 'stop_id': '0212RUS', 'power': 150, 'energy_charged_kWh': 0.8333333333333334}, {'start_time': '20:31:30', 'end_time': '20:31:50', 'location': 'terminal', 'stop_id': '0213MRY', 'power': 150, 'energy_charged_kWh': 0.8333333333333334}, {'start_time': '21:04:00', 'end_time': '23:59:59', 'location': 'depot', 'power': 11, 'energy_charged_kWh': 32.26361111111111}]",True,85.81762882833497,0.0,78.55347430078615,78.3176288283351
1107D110_12,"[{'start_time': '00:00:00', 'end_time': '00:58:07', 'location': 'depot', 'power': 22, 'energy_charged_kWh': 21.315519179446873}, {'start_time': '06:04:05', 'end_time': '06:04:25', 'location': 'terminal', 'stop_id': '0212RUS', 'power': 150, 'energy_charged_kWh': 0.8333333333333334}, {'start_time': '07:08:30', 'end_time': '07:08:50', 'location': 'terminal', 'stop_id': '0212RUS', 'power': 150, 'energy_charged_kWh': 0.8333333333333334}, {'start_time': '08:12:55', 'end_time': '08:13:15', 'location': 'terminal', 'stop_id': '0212RUS', 'power': 150, 'energy_charged_kWh': 0.8333333333333334}, {'start_time': '08:13:15', 'end_time': '08:13:35', 'location': 'terminal', 'stop_id': '0213MRY', 'power': 150, 'energy_charged_kWh': 0.8333333333333334}, {'start_time': '17:13:15', 'end_time': '17:13:35', 'location': 'terminal', 'stop_id': '0213MRY', 'power': 150, 'energy_charged_kWh': 0.8333333333333334}, {'start_time': '18:17:40', 'end_time': '18:18:00', 'location': 'terminal', 'stop_id': '0213MRY', 'power': 150, 'energy_charged_kWh': 0.8333333333333334}, {'start_time': '20:26:10', 'end_time': '20:26:30', 'location': 'terminal', 'stop_id': '0212RUS', 'power': 150, 'energy_charged_kWh': 0.8333333333333334}, {'start_time': '21:19:00', 'end_time': '23:59:59', 'location': 'depot', 'power': 22, 'energy_charged_kWh': 59.02722222222223}]",True,86.17607473500243,0.0,80.47552486506702,80.34274140166919
10114111_0,"[{'start_time': '00:00:00', 'end_time': '05:28:00', 'location': 'depot', 'power': 11, 'energy_charged_kWh': 60.13333333333333}, {'start_time': '06:00:00', 'end_time': '06:00:20', 'location': 'terminal', 'stop_id': '0110IRT', 'power': 150, 'energy_charged_kWh': 0.8333333333333334}, {'start_time': '07:35:32', 'end_time': '07:35:52', 'location': 'terminal', 'stop_id': '0113LMD', 'power': 150, 'energy_charged_kWh': 0.8333333333333334}, {'start_time': '10:35:32', 'end_time': '10:35:52', 'location': 'terminal', 'stop_id': '0113LMD', 'power': 150, 'energy_charged_kWh': 0.8333333333333334}, {'start_time': '10:35:52', 'end_time': '10:36:12', 'location': 'terminal', 'stop_id': '0110IRT', 'power': 150, 'energy_charged_kWh': 0.8333333333333334}, {'start_time': '12:11:44', 'end_time': '12:12:04', 'location': 'terminal', 'stop_id': '0110IRT', 'power': 150, 'energy_charged_kWh': 0.8333333333333334}, {'start_time': '13:47:36', 'end_time': '13:47:56', 'location': 'terminal', 'stop_id': '0110IRT', 'power': 150, 'energy_charged_kWh': 0.8333333333333334}, {'start_time': '16:35:32', 'end_time': '16:35:52', 'location': 'terminal', 'stop_id': '0113LMD', 'power': 150, 'energy_charged_kWh': 0.8333333333333334}, {'start_time': '16:35:52', 'end_time': '16:36:12', 'location': 'terminal', 'stop_id': '0110IRT', 'power': 150, 'energy_charged_kWh': 0.8333333333333334}, {'start_time': '18:11:44', 'end_time': '18:12:04', 'location': 'terminal', 'stop_id': '0110IRT', 'power': 150, 'energy_charged_kWh': 0.8333333333333334}, {'start_time': '19:47:16', 'end_time': '19:47:36', 'location': 'terminal', 'stop_id': '0113LMD', 'power': 150, 'energy_charged_kWh': 0.8333333333333334}, {'start_time': '21:32:00', 'end_time': '23:59:59', 'location': 'depot', 'power': 11, 'energy_charged_kWh': 27.130277777777778}]",False,116.46991152630073,20.872967081856288,108.96991152630062,108.96991152630062
10114111_1,"[{'start_time': '00:00:00', 'end_time': '05:06:00', 'location': 'depot', 'power': 11, 'energy_charged_kWh': 56.099999999999994}, {'start_time': '10:20:52', 'end_time': '10:21:12', 'location': 'terminal', 'stop_id': '0110IRT', 'power': 150, 'energy_charged_kWh': 0.8333333333333334}, {'start_time': '13:32:36', 'end_time': '13:32:56', 'location': 'terminal', 'stop_id': '0110IRT', 'power': 150, 'energy_charged_kWh': 0.8333333333333334}, {'start_time': '16:30:32', 'end_time': '16:30:52', 'location': 'terminal', 'stop_id': '0113LMD', 'power': 150, 'energy_charged_kWh': 0.8333333333333334}, {'start_time': '18:06:44', 'end_time': '18:07:04', 'location': 'terminal', 'stop_id': '0110IRT', 'power': 150, 'energy_charged_kWh': 0.8333333333333334}, {'start_time': '21:54:00', 'end_time': '23:59:59', 'location': 'depot', 'power': 11, 'energy_charged_kWh': 23.096944444444446}]",False,117.73439794408353,35.204120166305756,114.40106461075008,114.40106461075008
10114111_2,"[{'start_time': '00:00:00', 'end_time': '02:35:04', 'location': 'depot', 'power': 22, 'energy_charged_kWh': 56.86100310520456}, {'start_time': '07:25:52', 'end_time': '07:26:12', 'location': 'terminal', 'stop_id': '0110IRT', 'power': 150, 'energy_charged_kWh': 0.8333333333333334}, {'start_time': '11:41:24', 'end_time': '11:41:44', 'location': 'terminal', 'stop_id': '0113LMD', 'power': 150, 'energy_charged_kWh': 0.8333333333333334}, {'start_time': '11:41:44', 'end_time': '11:42:04', 'location': 'terminal', 'stop_id': '0110IRT', 'power': 150, 'energy_charged_kWh': 0.8333333333333334}, {'start_time': '14:53:28', 'end_time': '14:53:48', 'location': 'terminal', 'stop_id': '0110IRT', 'power': 150, 'energy_charged_kWh': 0.8333333333333334}, {'start_time': '16:25:32', 'end_time': '16:25:52', 'location': 'terminal', 'stop_id': '0113LMD', 'power': 150, 'energy_charged_kWh': 0.8333333333333334}, {'start_time': '18:01:24', 'end_time': '18:01:44', 'location': 'terminal', 'stop_id': '0113LMD', 'power': 150, 'energy_charged_kWh': 0.8333333333333334}, {'start_time': '18:01:44', 'end_time': '18:02:04', 'location': 'terminal', 'stop_id': '0110IRT', 'power': 150, 'energy_charged_kWh': 0.8333333333333334}, {'start_time': '19:37:36', 'end_time': '19:37:56', 'location': 'terminal', 'stop_id': '0110IRT', 'power': 150, 'energy_charged_kWh': 0.8333333333333334}, {'start_time': '21:30:00', 'end_time': '23:59:59', 'location': 'depot', 'power': 22, 'energy_charged_kWh': 54.99388888888889}]",True,118.52155866076012,0.0,111.85489199409345,111.85489199409336
10114111_3,"[{'start_time': '00:00:00', 'end_time': '02:13:35', 'location': 'depot', 'power': 22, 'energy_charged_kWh': 48.98149500907607}, {'start_time': '07:20:32', 'end_time': '07:20:52', 'location': 'terminal', 'stop_id': '0113LMD', 'power': 150, 'energy_charged_kWh': 0.8333333333333334}, {'start_time': '07:20:52', 'end_time': '07:21:12', 'location': 'terminal', 'stop_id': '0110IRT', 'power': 150, 'energy_charged_kWh': 0.8333333333333334}, {'start_time': '08:56:44', 'end_time': '08:57:04', 'location': 'terminal', 'stop_id': '0110IRT', 'power': 150, 'energy_charged_kWh': 0.8333333333333334}, {'start_time': '09:50:52', 'end_time': '09:51:12', 'location': 'terminal', 'stop_id': '0110IRT', 'power': 150, 'energy_charged_kWh': 0.8333333333333334}, {'start_time': '11:26:24', 'end_time': '11:26:44', 'location': 'terminal', 'stop_id': '0113LMD', 'power': 150, 'energy_charged_kWh': 0.8333333333333334}, {'start_time': '13:02:16', 'end_time': '13:02:36', 'location': 'terminal', 'stop_id': '0113LMD', 'power': 150, 'energy_charged_kWh': 0.8333333333333334}, {'start_time': '14:38:08', 'end_time': '14:38:28', 'location': 'terminal', 'stop_id': '0113LMD', 'power': 150, 'energy_charged_kWh': 0.8333333333333334}, {'start_time': '14:38:28', 'end_time': '14:38:48', 'location': 'terminal', 'stop_id': '0110IRT', 'power': 150, 'energy_charged_kWh': 0.8333333333333334}, {'start_time': '16:20:32', 'end_time': '16:20:52', 'location': 'terminal', 'stop_id': '0113LMD', 'power': 150, 'energy_charged_kWh': 0.8333333333333334}, {'start_time': '16:20:52', 'end_time': '16:21:12', 'location': 'terminal', 'stop_id': '0110IRT', 'power': 150, 'energy_charged_kWh': 0.8333333333333334}, {'start_time': '17:56:44', 'end_time': '17:57:04', 'location': 'terminal', 'stop_id': '0110IRT', 'power': 150, 'energy_charged_kWh': 0.8333333333333334}, {'start_time': '19:32:16', 'end_time': '19:32:36', 'location': 'terminal', 'stop_id': '0113LMD', 'power': 150, 'energy_charged_kWh': 0.8333333333333334}, {'start_time': '19:32:36', 'end_time': '19:32:56', 'location': 'terminal', 'stop_id': '0110IRT', 'power': 150, 'energy_charged_kWh': 0.8333333333333334}, {'start_time': '21:18:00', 'end_time': '23:59:59', 'location': 'depot', 'power': 22, 'energy_charged_kWh': 59.393888888888895}]",True,119.2087172312983,0.0,108.37538389796497,108.37538389796487
10114111_4,"[{'start_time': '00:00:00', 'end_time': '05:46:00', 'location': 'depot', 'power': 11, 'energy_charged_kWh': 63.43333333333333}, {'start_time': '07:15:52', 'end_time': '07:16:12', 'location': 'terminal', 'stop_id': '0110IRT', 'power': 150, 'energy_charged_kWh': 0.8333333333333334}, {'start_time': '08:51:24', 'end_time': '08:51:44', 'location': 'terminal', 'stop_id': '0113LMD', 'power': 150, 'energy_charged_kWh': 0.8333333333333334}, {'start_time': '08:51:44', 'end_time': '08:52:04', 'location': 'terminal', 'stop_id': '0110IRT', 'power': 150, 'energy_charged_kWh': 0.8333333333333334}, {'start_time': '09:35:32', 'end_time': '09:35:52', 'location': 'terminal', 'stop_id': '0113LMD', 'power': 150, 'energy_charged_kWh': 0.8333333333333334}, {'start_time': '09:35:52', 'end_time': '09:36:12', 'location': 'terminal', 'stop_id': '0110IRT', 'power': 150, 'energy_charged_kWh': 0.8333333333333334}, {'start_time': '11:11:44', 'end_time': '11:12:04', 'location': 'terminal', 'stop_id': '0110IRT', 'power': 150, 'energy_charged_kWh': 0.8333333333333334}, {'start_time': '12:47:36', 'end_time': '12:47:56', 'location': 'terminal', 'stop_id': '0110IRT', 'power': 150, 'energy_charged_kWh': 0.8333333333333334}, {'start_time': '16:15:52', 'end_time': '16:16:12', 'location': 'terminal', 'stop_id': '0110IRT', 'power': 150, 'energy_charged_kWh': 0.8333333333333334}, {'start_time': '17:51:24', 'end_time': '17:51:44', 'location': 'terminal', 'stop_id': '0113LMD', 'power': 150, 'energy_charged_kWh': 0.8333333333333334}, {'start_time': '19:27:16', 'end_time': '19:27:36', 'location': 'terminal', 'stop_id': '0113LMD', 'power': 150, 'energy_charged_kWh': 0.8333333333333334}, {'start_time': '19:27:36', 'end_time': '19:27:56', 'location': 'terminal', 'stop_id': '0110IRT', 'power': 150, 'energy_charged_kWh': 0.8333333333333334}, {'start_time': '21:14:00', 'end_time': '23:59:59', 'location': 'depot', 'power': 11, 'energy_charged_kWh': 30.430277777777775}]",False,119.16398596295397,16.133708185176204,109.9973192962872,109.9973192962872
10114111_5,"[{'start_time': '00:00:00', 'end_time': '05:50:00', 'location': 'depot', 'power': 11, 'energy_charged_kWh': 64.16666666666666}, {'start_time': '07:10:52', 'end_time': '07:11:12', 'location': 'terminal', 'stop_id': '0110IRT', 'power': 150, 'energy_charged_kWh': 0.8333333333333334}, {'start_time': '08:46:24', 'end_time': '08:46:44', 'location': 'terminal', 'stop_id': '0113LMD', 'power': 150, 'energy_charged_kWh': 0.8333333333333334}, {'start_time': '08:46:44', 'end_time': '08:47:04', 'location': 'terminal', 'stop_id': '0110IRT', 'power': 150, 'energy_charged_kWh': 0.8333333333333334}, {'start_time': '09:20:32', 'end_time': '09:20:52', 'location': 'terminal', 'stop_id': '0113LMD', 'power': 150, 'energy_charged_kWh': 0.8333333333333334}, {'start_time': '12:32:16', 'end_time': '12:32:36', 'location': 'terminal', 'stop_id': '0113LMD', 'power': 150, 'energy_charged_kWh': 0.8333333333333334}, {'start_time': '12:32:36', 'end_time': '12:32:56', 'location': 'terminal', 'stop_id': '0110IRT', 'power': 150, 'energy_charged_kWh': 0.8333333333333334}, {'start_time': '14:08:08', 'end_time': '14:08:28', 'location': 'terminal', 'stop_id': '0113LMD', 'power': 150, 'energy_charged_kWh': 0.8333333333333334}, {'start_time': '16:10:32', 'end_time': '16:10:52', 'location': 'terminal', 'stop_id': '0113LMD', 'power': 150, 'energy_charged_kWh': 0.8333333333333334}, {'start_time': '16:10:52', 'end_time': '16:11:12', 'location': 'terminal', 'stop_id': '0110IRT', 'power': 150, 'energy_charged_kWh': 0.8333333333333334}, {'start_time': '19:22:36', 'end_time': '19:22:56', 'location': 'terminal', 'stop_id': '0110IRT', 'power': 150, 'energy_charged_kWh': 0.8333333333333334}, {'start_time': '20:58:28', 'end_time': '20:58:48', 'location': 'terminal', 'stop_id': '0110IRT', 'power': 150, 'energy_charged_kWh': 0.8333333333333334}, {'start_time': '21:10:00', 'end_time': '23:59:59', 'location': 'depot', 'power': 11, 'energy_charged_kWh': 31.163611111111113}]",False,119.22292072450784,14.725976280063406,110.76375743680286,110.76375743680286
10114111_6,"[{'start_time': '00:00:00', 'end_time': '00:41:57', 'location': 'depot', 'power': 22, 'energy_charged_kWh': 15.387252592506243}, {'start_time': '08:41:24', 'end_time': '08:41:44', 'location': 'terminal', 'stop_id': '0113LMD', 'power': 150, 'energy_charged_kWh': 0.8333333333333334}, {'start_time': '16:05:52', 'end_time': '16:06:12', 'location': 'terminal', 'stop_id': '0110IRT', 'power': 150, 'energy_charged_kWh': 0.8333333333333334}, {'start_time': '17:41:24', 'end_time': '17:41:44', 'location': 'terminal', 'stop_id': '0113LMD', 'power': 150, 'energy_charged_kWh': 0.8333333333333334}, {'start_time': '17:41:44', 'end_time': '17:42:04', 'location': 'terminal', 'stop_id': '0110IRT', 'power': 150, 'energy_charged_kWh': 0.8333333333333334}, {'start_time': '19:17:36', 'end_time': '19:17:56', 'location': 'terminal', 'stop_id': '0110IRT', 'power': 150, 'energy_charged_kWh': 0.8333333333333334}, {'start_time': '20:53:08', 'end_time': '20:53:28', 'location': 'terminal', 'stop_id': '0113LMD', 'power': 150, 'energy_charged_kWh': 0.8333333333333334}, {'start_time': '20:53:28', 'end_time': '20:53:48', 'location': 'terminal', 'stop_id': '0110IRT', 'power': 150, 'energy_charged_kWh': 0.8333333333333334}, {'start_time': '21:44:00', 'end_time': '23:59:59', 'location': 'depot', 'power': 22, 'energy_charged_kWh': 49.86055555555555}]",True,71.08114148139512,0.0,66.25078533287552,66.25078533287552
10114111_7,"[{'start_time': '00:00:00', 'end_time': '03:19:49', 'location': 'depot', 'power': 11, 'energy_charged_kWh': 36.63461694423171}, {'start_time': '07:00:32', 'end_time': '07:00:52', 'location': 'terminal', 'stop_id': '0113LMD', 'power': 150, 'energy_charged_kWh': 0.8333333333333334}, {'start_time': '08:36:24', 'end_time': '08:36:44', 'location': 'terminal', 'stop_id': '0113LMD', 'power': 150, 'energy_charged_kWh': 0.8333333333333334}, {'start_time': '08:36:44', 'end_time': '08:37:04', 'location': 'terminal', 'stop_id': '0110IRT', 'power': 150, 'energy_charged_kWh': 0.8333333333333334}, {'start_time': '16:00:52', 'end_time': '16:01:12', 'location': 'terminal', 'stop_id': '0110IRT', 'power': 150, 'energy_charged_kWh': 0.8333333333333334}, {'start_time': '17:36:24', 'end_time': '17:36:44', 'location': 'terminal', 'stop_id': '0113LMD', 'power': 150, 'energy_charged_kWh': 0.8333333333333334}, {'start_time': '19:12:16', 'end_time': '19:12:36', 'location': 'terminal', 'stop_id': '0113LMD', 'power': 150, 'energy_charged_kWh': 0.8333333333333334}, {'start_time': '20:48:28', 'end_time': '20:48:48', 'location': 'terminal', 'stop_id': '0110IRT', 'power': 150, 'energy_charged_kWh': 0.8333333333333334}, {'start_time': '21:19:00', 'end_time': '23:59:59', 'location': 'depot', 'power': 11, 'energy_charged_kWh': 29.513611111111114}]",True,71.98156138867616,0.0,66.14822805534283,66.14822805534283
10114111_8,"[{'start_time': '00:00:00', 'end_time': '00:44:34', 'location': 'depot', 'power': 22, 'energy_charged_kWh': 16.34151430100468}, {'start_time': '06:55:32', 'end_time': '06:55:52', 'location': 'terminal', 'stop_id': '0113LMD', 'power': 150, 'energy_charged_kWh': 0.8333333333333334}, {'start_time': '06:55:52', 'end_time': '06:56:12', 'location': 'terminal', 'stop_id': '0110IRT', 'power': 150, 'energy_charged_kWh': 0.8333333333333334}, {'start_time': '08:31:44', 'end_time': '08:32:04', 'location': 'terminal', 'stop_id': '0110IRT', 'power': 150, 'energy_charged_kWh': 0.8333333333333334}, {'start_time': '15:55:32', 'end_time': '15:55:52', 'location': 'terminal', 'stop_id': '0113LMD', 'power': 150, 'energy_charged_kWh': 0.8333333333333334}, {'start_time': '19:07:16', 'end_time': '19:07:36', 'location': 'terminal', 'stop_id': '0113LMD', 'power': 150, 'energy_charged_kWh': 0.8333333333333334}, {'start_time': '20:43:08', 'end_time': '20:43:28', 'location': 'terminal', 'stop_id': '0113LMD', 'power': 150, 'energy_charged_kWh': 0.8333333333333334}, {'start_time': '20:43:28', 'end_time': '20:43:48', 'location': 'terminal', 'stop_id': '0110IRT', 'power': 150, 'energy_charged_kWh': 0.8333333333333334}, {'start_time': '21:42:00', 'end_time': '23:59:59', 'location': 'depot', 'power': 22, 'energy_charged_kWh': 50.593888888888884}]",True,72.76873652322689,0.0,66.93540318989358,66.93540318989358
10114111_9,"[{'start_time': '00:00:00', 'end_time': '03:39:18', 'location': 'depot', 'power': 11, 'energy_charged_kWh': 40.20658862983888}, {'start_time': '06:50:52', 'end_time': '06:51:12', 'location': 'terminal', 'stop_id': '0110IRT', 'power': 150, 'energy_charged_kWh': 0.8333333333333334}, {'start_time': '08:26:24', 'end_time': '08:26:44', 'location': 'terminal', 'stop_id': '0113LMD', 'power': 150, 'energy_charged_kWh': 0.8333333333333334}, {'start_time': '15:50:32', 'end_time': '15:50:52', 'location': 'terminal', 'stop_id': '0113LMD', 'power': 150, 'energy_charged_kWh': 0.8333333333333334}, {'start_time': '15:50:52', 'end_time': '15:51:12', 'location': 'terminal', 'stop_id': '0110IRT', 'power': 150, 'energy_charged_kWh': 0.8333333333333334}, {'start_time': '17:26:24', 'end_time': '17:26:44', 'location': 'terminal', 'stop_id': '0113LMD', 'power': 150, 'energy_charged_kWh': 0.8333333333333334}, {'start_time': '17:26:44', 'end_time': '17:27:04', 'location': 'terminal', 'stop_id': '0110IRT', 'power': 150, 'energy_charged_kWh': 0.8333333333333334}, {'start_time': '19:02:16', 'end_time': '19:02:36', 'location': 'terminal', 'stop_id': '0113LMD', 'power': 150, 'energy_charged_kWh': 0.8333333333333334}, {'start_time': '19:02:36', 'end_time': '19:02:56', 'location': 'terminal', 'stop_id': '0110IRT', 'power': 150, 'energy_charged_kWh': 0.8333333333333334}, {'start_time': '20:38:28', 'end_time': '20:38:48', 'location': 'terminal', 'stop_id': '0110IRT', 'power': 150, 'energy_charged_kWh': 0.8333333333333334}, {'start_time': '21:42:00', 'end_time': '23:59:59', 'location': 'depot', 'power': 11, 'energy_charged_kWh': 25.296944444444442}]",True,73.00353307428333,0.0,65.50353307428333,65.50353307428333
10114111_10,"[{'start_time': '00:00:00', 'end_time': '03:39:35', 'location': 'depot', 'power': 11, 'energy_charged_kWh': 40.25917839297483}, {'start_time': '06:45:32', 'end_time': '06:45:52', 'location': 'terminal', 'stop_id': '0113LMD', 'power': 150, 'energy_charged_kWh': 0.8333333333333334}, {'start_time': '08:21:24', 'end_time': '08:21:44', 'location': 'terminal', 'stop_id': '0113LMD', 'power': 150, 'energy_charged_kWh': 0.8333333333333334}, {'start_time': '08:21:44', 'end_time': '08:22:04', 'location': 'terminal', 'stop_id': '0110IRT', 'power': 150, 'energy_charged_kWh': 0.8333333333333334}, {'start_time': '15:45:52', 'end_time': '15:46:12', 'location': 'terminal', 'stop_id': '0110IRT', 'power': 150, 'energy_charged_kWh': 0.8333333333333334}, {'start_time': '18:57:16', 'end_time': '18:57:36', 'location': 'terminal', 'stop_id': '0113LMD', 'power': 150, 'energy_charged_kWh': 0.8333333333333334}, {'start_time': '20:33:08', 'end_time': '20:33:28', 'location': 'terminal', 'stop_id': '0113LMD', 'power': 150, 'energy_charged_kWh': 0.8333333333333334}, {'start_time': '21:28:00', 'end_time': '23:59:59', 'location': 'depot', 'power': 11, 'energy_charged_kWh': 27.86361111111111}]",True,73.12278950408594,0.0,68.12278950408597,68.12278950408597
10114111_11,"[{'start_time': '00:00:00', 'end_time': '04:16:51', 'location': 'depot', 'power': 11, 'energy_charged_kWh': 47.090642950267}, {'start_time': '06:40:32', 'end_time': '06:40:52', 'location': 'terminal', 'stop_id': '0113LMD', 'power': 150, 'energy_charged_kWh': 0.8333333333333334}, {'start_time': '08:16:44', 'end_time': '08:17:04', 'location': 'terminal', 'stop_id': '0110IRT', 'power': 150, 'energy_charged_kWh': 0.8333333333333334}, {'start_time': '15:40:52', 'end_time': '15:41:12', 'location': 'terminal', 'stop_id': '0110IRT', 'power': 150, 'energy_charged_kWh': 0.8333333333333334}, {'start_time': '18:52:36', 'end_time': '18:52:56', 'location': 'terminal', 'stop_id': '0110IRT', 'power': 150, 'energy_charged_kWh': 0.8333333333333334}, {'start_time': '20:28:08', 'end_time': '20:28:28', 'location': 'terminal', 'stop_id': '0113LMD', 'power': 150, 'energy_charged_kWh': 0.8333333333333334}, {'start_time': '20:28:28', 'end_time': '20:28:48', 'location': 'terminal', 'stop_id': '0110IRT', 'power': 150, 'energy_charged_kWh': 0.8333333333333334}, {'start_time': '22:05:00', 'end_time': '23:59:59', 'location': 'depot', 'power': 11, 'energy_charged_kWh': 21.080277777777777}]",True,73.17092072804478,0.0,68.17092072804478,68.17092072804475
10114111_12,"[{'start_time': '00:00:00', 'end_time': '00:15:50', 'location': 'depot', 'power': 22, 'energy_charged_kWh': 5.80898221692177}, {'start_time': '06:35:32', 'end_time': '06:35:52', 'location': 'terminal', 'stop_id': '0113LMD', 'power': 150, 'energy_charged_kWh': 0.8333333333333334}, {'start_time': '06:35:52', 'end_time': '06:36:12', 'location': 'terminal', 'stop_id': '0110IRT', 'power': 150, 'energy_charged_kWh': 0.8333333333333334}, {'start_time': '08:11:24', 'end_time': '08:11:44', 'location': 'terminal', 'stop_id': '0113LMD', 'power': 150, 'energy_charged_kWh': 0.8333333333333334}, {'start_time': '08:11:44', 'end_time': '08:12:04', 'location': 'terminal', 'stop_id': '0110IRT', 'power': 150, 'energy_charged_kWh': 0.8333333333333334}, {'start_time': '17:11:44', 'end_time': '17:12:04', 'location': 'terminal', 'stop_id': '0110IRT', 'power': 150, 'energy_charged_kWh': 0.8333333333333334}, {'start_time': '18:47:16', 'end_time': '18:47:36', 'location': 'terminal', 'stop_id': '0113LMD', 'power': 150, 'energy_charged_kWh': 0.8333333333333334}, {'start_time': '18:47:36', 'end_time': '18:47:56', 'location': 'terminal', 'stop_id': '0110IRT', 'power': 150, 'energy_charged_kWh': 0.8333333333333334}, {'start_time': '21:13:00', 'end_time': '23:59:59', 'location': 'depot', 'power': 22, 'energy_charged_kWh': 61.22722222222222}]",True,72.86953777247732,0.0,67.03620443914399,67.03620443914393
10114111_13,"[{'start_time': '00:00:00', 'end_time': '00:17:46', 'location': 'depot', 'power': 22, 'energy_charged_kWh': 6.517067409623728}, {'start_time': '06:30:52', 'end_time': '06:31:12', 'location': 'terminal', 'stop_id': '0110IRT', 'power': 150, 'energy_charged_kWh': 0.8333333333333334}, {'start_time': '08:06:24', 'end_time': '08:06:44', 'location': 'terminal', 'stop_id': '0113LMD', 'power': 150, 'energy_charged_kWh': 0.8333333333333334}, {'start_time': '08:06:44', 'end_time': '08:07:04', 'location': 'terminal', 'stop_id': '0110IRT', 'power': 150, 'energy_charged_kWh': 0.8333333333333334}, {'start_time': '15:30:32', 'end_time': '15:30:52', 'location': 'terminal', 'stop_id': '0113LMD', 'power': 150, 'energy_charged_kWh': 0.8333333333333334}, {'start_time': '17:06:24', 'end_time': '17:06:44', 'location': 'terminal', 'stop_id': '0113LMD', 'power': 150, 'energy_charged_kWh': 0.8333333333333334}, {'start_time': '18:42:16', 'end_time': '18:42:36', 'location': 'terminal', 'stop_id': '0113LMD', 'power': 150, 'energy_charged_kWh': 0.8333333333333334}, {'start_time': '21:13:00', 'end_time': '23:59:59', 'location': 'depot', 'power': 22, 'energy_charged_kWh': 61.22722222222222}]",True,72.74428963184594,0.0,67.74428963184594,67.74428963184593
10114111_14,"[{'start_time': '00:00:00', 'end_time': '00:51:00', 'location': 'depot', 'power': 22, 'energy_charged_kWh': 18.70550526756938}, {'start_time': '06:25:52', 'end_time': '06:26:12', 'location': 'terminal', 'stop_id': '0110IRT', 'power': 150, 'energy_charged_kWh': 0.8333333333333334}, {'start_time': '08:01:24', 'end_time': '08:01:44', 'location': 'terminal', 'stop_id': '0113LMD', 'power': 150, 'energy_charged_kWh': 0.8333333333333334}, {'start_time': '08:01:44', 'end_time': '08:02:04', 'location': 'terminal', 'stop_id': '0110IRT', 'power': 150, 'energy_charged_kWh': 0.8333333333333334}, {'start_time': '15:25:52', 'end_time': '15:26:12', 'location': 'terminal', 'stop_id': '0110IRT', 'power': 150, 'energy_charged_kWh': 0.8333333333333334}, {'start_time': '18:37:36', 'end_time': '18:37:56', 'location': 'terminal', 'stop_id': '0110IRT', 'power': 150, 'energy_charged_kWh': 0.8333333333333334}, {'start_time': '20:13:08', 'end_time': '20:13:28', 'location': 'terminal', 'stop_id': '0113LMD', 'power': 150, 'energy_charged_kWh': 0.8333333333333334}, {'start_time': '21:47:00', 'end_time': '23:59:59', 'location': 'depot', 'power': 22, 'energy_charged_kWh': 48.760555555555555}]",True,72.46606082312493,0.0,67.46606082312493,67.4660608231249
10114111_15,"[{'start_time': '00:00:00', 'end_time': '03:47:40', 'location': 'depot', 'power': 11, 'energy_charged_kWh': 41.740906712919795}, {'start_time': '15:20:52', 'end_time': '15:21:12', 'location': 'terminal', 'stop_id': '0110IRT', 'power': 150, 'energy_charged_kWh': 0.8333333333333334}, {'start_time': '16:56:44', 'end_time': '16:57:04', 'location': 'terminal', 'stop_id': '0110IRT', 'power': 150, 'energy_charged_kWh': 0.8333333333333334}, {'start_time': '20:08:08', 'end_time': '20:08:28', 'location': 'terminal', 'stop_id': '0113LMD', 'power': 150, 'energy_charged_kWh': 0.8333333333333334}, {'start_time': '20:08:28', 'end_time': '20:08:48', 'location': 'terminal', 'stop_id': '0110IRT', 'power': 150, 'energy_charged_kWh': 0.8333333333333334}, {'start_time': '21:32:00', 'end_time': '23:59:59', 'location': 'depot', 'power': 11, 'energy_charged_kWh': 27.130277777777778}]",True,72.2045178240309,0.0,68.87118449069757,68.87118449069757
10114111_16,"[{'start_time': '00:00:00', 'end_time': '00:56:15', 'location': 'depot', 'power': 22, 'energy_charged_kWh': 20.62877025930397}, {'start_time': '15:15:32', 'end_time': '15:15:52', 'location': 'terminal', 'stop_id': '0113LMD', 'power': 150, 'energy_charged_kWh': 0.8333333333333334}, {'start_time': '15:15:52', 'end_time': '15:16:12', 'location': 'terminal', 'stop_id': '0110IRT', 'power': 150, 'energy_charged_kWh': 0.8333333333333334}, {'start_time': '16:51:24', 'end_time': '16:51:44', 'location': 'terminal', 'stop_id': '0113LMD', 'power': 150, 'energy_charged_kWh': 0.8333333333333334}, {'start_time': '18:27:36', 'end_time': '18:27:56', 'location': 'terminal', 'stop_id': '0110IRT', 'power': 150, 'energy_charged_kWh': 0.8333333333333334}, {'start_time': '20:03:28', 'end_time': '20:03:48', 'location': 'terminal', 'stop_id': '0110IRT', 'power': 150, 'energy_charged_kWh': 0.8333333333333334}, {'start_time': '21:52:00', 'end_time': '23:59:59', 'location': 'depot', 'power': 22, 'energy_charged_kWh': 46.92722222222222}]",True,71.72265914819286,0.0,67.55599248152619,67.55599248152619
10114111_17,"[{'start_time': '00:00:00', 'end_time': '03:48:44', 'location': 'depot', 'power': 11, 'energy_charged_kWh': 41.93536735658277}, {'start_time': '15:10:32', 'end_time': '15:10:52', 'location': 'terminal', 'stop_id': '0113LMD', 'power': 150, 'energy_charged_kWh': 0.8333333333333334}, {'start_time': '15:10:52', 'end_time': '15:11:12', 'location': 'terminal', 'stop_id': '0110IRT', 'power': 150, 'energy_charged_kWh': 0.8333333333333334}, {'start_time': '18:22:36', 'end_time': '18:22:56', 'location': 'terminal', 'stop_id': '0110IRT', 'power': 150, 'energy_charged_kWh': 0.8333333333333334}, {'start_time': '19:58:08', 'end_time': '19:58:28', 'location': 'terminal', 'stop_id': '0113LMD', 'power': 150, 'energy_charged_kWh': 0.8333333333333334}, {'start_time': '21:39:00', 'end_time': '23:59:59', 'location': 'depot', 'power': 11, 'energy_charged_kWh': 25.846944444444446}]",True,71.11564513436055,0.0,67.78231180102722,67.78231180102722
10114111_18,"[{'start_time': '00:00:00', 'end_time': '03:39:01', 'location': 'depot', 'power': 11, 'energy_charged_kWh': 40.15326358310699}, {'start_time': '07:41:24', 'end_time': '07:41:44', 'location': 'terminal', 'stop_id': '0113LMD', 'power': 150, 'energy_charged_kWh': 0.8333333333333334}, {'start_time': '15:05:32', 'end_time': '15:05:52', 'location': 'terminal', 'stop_id': '0113LMD', 'power': 150, 'energy_charged_kWh': 0.8333333333333334}, {'start_time': '16:41:24', 'end_time': '16:41:44', 'location': 'terminal', 'stop_id': '0113LMD', 'power': 150, 'energy_charged_kWh': 0.8333333333333334}, {'start_time': '16:41:44', 'end_time': '16:42:04', 'location': 'terminal', 'stop_id': '0110IRT', 'power': 150, 'energy_charged_kWh': 0.8333333333333334}, {'start_time': '18:17:16', 'end_time': '18:17:36', 'location': 'terminal', 'stop_id': '0113LMD', 'power': 150, 'energy_charged_kWh': 0.8333333333333334}, {'start_time': '19:53:08', 'end_time': '19:53:28', 'location': 'terminal', 'stop_id': '0113LMD', 'power': 150, 'energy_charged_kWh': 0.8333333333333334}, {'start_time': '19:53:28', 'end_time': '19:53:48', 'location': 'terminal', 'stop_id': '0110IRT', 'power': 150, 'energy_charged_kWh': 0.8333333333333334}, {'start_time': '21:47:00', 'end_time': '23:59:59', 'location': 'depot', 'power': 11, 'energy_charged_kWh': 24.380277777777778}]",True,70.3668746942181,0.0,64.53354136088477,64.53354136088474
1107D111_0,"[{'start_time': '00:00:00', 'end_time': '03:38:43', 'location': 'depot', 'power': 22, 'energy_charged_kWh': 80.20080344352083}, {'start_time': '07:00:57', 'end_time': '07:01:17', 'location': 'terminal', 'stop_id': '0213MRY', 'power': 150, 'energy_charged_kWh': 0.8333333333333334}, {'start_time': '07:01:17', 'end_time': '07:01:37', 'location': 'terminal', 'stop_id': '0212RUS', 'power': 150, 'energy_charged_kWh': 0.8333333333333334}, {'start_time': '08:02:34', 'end_time': '08:02:54', 'location': 'terminal', 'stop_id': '0212RUS', 'power': 150, 'energy_charged_kWh': 0.8333333333333334}, {'start_time': '09:00:00', 'end_time': '09:00:20', 'location': 'terminal', 'stop_id': '0212RUS', 'power': 150, 'energy_charged_kWh': 0.8333333333333334}, {'start_time': '10:00:57', 'end_time': '10:01:17', 'location': 'terminal', 'stop_id': '0213MRY', 'power': 150, 'energy_charged_kWh': 0.8333333333333334}, {'start_time': '10:01:17', 'end_time': '10:01:37', 'location': 'terminal', 'stop_id': '0212RUS', 'power': 150, 'energy_charged_kWh': 0.8333333333333334}, {'start_time': '11:02:14', 'end_time': '11:02:34', 'location': 'terminal', 'stop_id': '0213MRY', 'power': 150, 'energy_charged_kWh': 0.8333333333333334}, {'start_time': '11:02:34', 'end_time': '11:02:54', 'location': 'terminal', 'stop_id': '0212RUS', 'power': 150, 'energy_charged_kWh': 0.8333333333333334}, {'start_time': '12:03:31', 'end_time': '12:03:51', 'location': 'terminal', 'stop_id': '0213MRY', 'power': 150, 'energy_charged_kWh': 0.8333333333333334}, {'start_time': '13:05:08', 'end_time': '13:05:28', 'location': 'terminal', 'stop_id': '0212RUS', 'power': 150, 'energy_charged_kWh': 0.8333333333333334}, {'start_time': '14:06:25', 'end_time': '14:06:45', 'location': 'terminal', 'stop_id': '0212RUS', 'power': 150, 'energy_charged_kWh': 0.8333333333333334}, {'start_time': '15:00:00', 'end_time': '15:00:20', 'location': 'terminal', 'stop_id': '0212RUS', 'power': 150, 'energy_charged_kWh': 0.8333333333333334}, {'start_time': '16:00:57', 'end_time': '16:01:17', 'location': 'terminal', 'stop_id': '0213MRY', 'power': 150, 'energy_charged_kWh': 0.8333333333333334}, {'start_time': '17:02:14', 'end_time': '17:02:34', 'location': 'terminal', 'stop_id': '0213MRY', 'power': 150, 'energy_charged_kWh': 0.8333333333333334}, {'start_time': '17:02:34', 'end_time': '17:02:54', 'location': 'terminal', 'stop_id': '0212RUS', 'power': 150, 'energy_charged_kWh': 0.8333333333333334}, {'start_time': '18:03:51', 'end_time': '18:04:11', 'location': 'terminal', 'stop_id': '0212RUS', 'power': 150, 'energy_charged_kWh': 0.8333333333333334}, {'start_time': '20:06:05', 'end_time': '20:06:25', 'location': 'terminal', 'stop_id': '0213MRY', 'power': 150, 'energy_charged_kWh': 0.8333333333333334}, {'start_time': '20:06:25', 'end_time': '20:06:45', 'location': 'terminal', 'stop_id': '0212RUS', 'power': 150, 'energy_charged_kWh': 0.8333333333333334}, {'start_time': '21:33:00', 'end_time': '23:59:59', 'location': 'depot', 'power': 22, 'energy_charged_kWh': 53.893888888888895}]",True,149.09469233240972,0.0,134.09469233240972,134.09469233240972
1107D111_1,"[{'start_time': '00:00:00', 'end_time': '03:46:18', 'location': 'depot', 'power': 22, 'energy_charged_kWh': 82.97982196219857}, {'start_time': '06:56:17', 'end_time': '06:56:37', 'location': 'terminal', 'stop_id': '0212RUS', 'power': 150, 'energy_charged_kWh': 0.8333333333333334}, {'start_time': '09:46:17', 'end_time': '09:46:37', 'location': 'terminal', 'stop_id': '0212RUS', 'power': 150, 'energy_charged_kWh': 0.8333333333333334}, {'start_time': '10:47:14', 'end_time': '10:47:34', 'location': 'terminal', 'stop_id': '0213MRY', 'power': 150, 'energy_charged_kWh': 0.8333333333333334}, {'start_time': '11:48:31', 'end_time': '11:48:51', 'location': 'terminal', 'stop_id': '0213MRY', 'power': 150, 'energy_charged_kWh': 0.8333333333333334}, {'start_time': '11:48:51', 'end_time': '11:49:11', 'location': 'terminal', 'stop_id': '0212RUS', 'power': 150, 'energy_charged_kWh': 0.8333333333333334}, {'start_time': '12:49:48', 'end_time': '12:50:08', 'location': 'terminal', 'stop_id': '0213MRY', 'power': 150, 'energy_charged_kWh': 0.8333333333333334}, {'start_time': '13:51:05', 'end_time': '13:51:25', 'location': 'terminal', 'stop_id': '0213MRY', 'power': 150, 'energy_charged_kWh': 0.8333333333333334}, {'start_time': '13:51:25', 'end_time': '13:51:45', 'location': 'terminal', 'stop_id': '0212RUS', 'power': 150, 'energy_charged_kWh': 0.8333333333333334}, {'start_time': '15:56:17', 'end_time': '15:56:37', 'location': 'terminal', 'stop_id': '0212RUS', 'power': 150, 'energy_charged_kWh': 0.8333333333333334}, {'start_time': '16:57:34', 'end_time': '16:57:54', 'location': 'terminal', 'stop_id': '0212RUS', 'power': 150, 'energy_charged_kWh': 0.8333333333333334}, {'start_time': '17:58:31', 'end_time': '17:58:51', 'location': 'terminal', 'stop_id': '0213MRY', 'power': 150, 'energy_charged_kWh': 0.8333333333333334}, {'start_time': '17:58:51', 'end_time': '17:59:11', 'location': 'terminal', 'stop_id': '0212RUS', 'power': 150, 'energy_charged_kWh': 0.8333333333333334}, {'start_time': '19:00:08', 'end_time': '19:00:28', 'location': 'terminal', 'stop_id': '0212RUS', 'power': 150, 'energy_charged_kWh': 0.8333333333333334}, {'start_time': '21:29:00', 'end_time': '23:59:59', 'location': 'depot', 'power': 22, 'energy_charged_kWh': 55.36055555555555}]",True,149.17371085108746,0.0,138.34037751775412,138.3403775177541
1107D111_2,"[{'start_time': '00:00:00', 'end_time': '03:49:50', 'location': 'depot', 'power': 22, 'energy_charged_kWh': 84.27774659489361}, {'start_time': '06:50:57', 'end_time': '06:51:17', 'location': 'terminal', 'stop_id': '0213MRY', 'power': 150, 'energy_charged_kWh': 0.8333333333333334}, {'start_time': '06:51:17', 'end_time': '06:51:37', 'location': 'terminal', 'stop_id': '0212RUS', 'power': 150, 'energy_charged_kWh': 0.8333333333333334}, {'start_time': '08:53:31', 'end_time': '08:53:51', 'location': 'terminal', 'stop_id': '0213MRY', 'power': 150, 'energy_charged_kWh': 0.8333333333333334}, {'start_time': '08:53:51', 'end_time': '08:54:11', 'location': 'terminal', 'stop_id': '0212RUS', 'power': 150, 'energy_charged_kWh': 0.8333333333333334}, {'start_time': '10:32:14', 'end_time': '10:32:34', 'location': 'terminal', 'stop_id': '0213MRY', 'power': 150, 'energy_charged_kWh': 0.8333333333333334}, {'start_time': '10:32:34', 'end_time': '10:32:54', 'location': 'terminal', 'stop_id': '0212RUS', 'power': 150, 'energy_charged_kWh': 0.8333333333333334}, {'start_time': '11:33:31', 'end_time': '11:33:51', 'location': 'terminal', 'stop_id': '0213MRY', 'power': 150, 'energy_charged_kWh': 0.8333333333333334}, {'start_time': '11:33:51', 'end_time': '11:34:11', 'location': 'terminal', 'stop_id': '0212RUS', 'power': 150, 'energy_charged_kWh': 0.8333333333333334}, {'start_time': '12:34:48', 'end_time': '12:35:08', 'location': 'terminal', 'stop_id': '0213MRY', 'power': 150, 'energy_charged_kWh': 0.8333333333333334}, {'start_time': '13:36:25', 'end_time': '13:36:45', 'location': 'terminal', 'stop_id': '0212RUS', 'power': 150, 'energy_charged_kWh': 0.8333333333333334}, {'start_time': '14:37:42', 'end_time': '14:38:02', 'location': 'terminal', 'stop_id': '0212RUS', 'power': 150, 'energy_charged_kWh': 0.8333333333333334}, {'start_time': '15:50:57', 'end_time': '15:51:17', 'location': 'terminal', 'stop_id': '0213MRY', 'power': 150, 'energy_charged_kWh': 0.8333333333333334}, {'start_time': '16:52:14', 'end_time': '16:52:34', 'location': 'terminal', 'stop_id': '0213MRY', 'power': 150, 'energy_charged_kWh': 0.8333333333333334}, {'start_time': '16:52:34', 'end_time': '16:52:54', 'location': 'terminal', 'stop_id': '0212RUS', 'power': 150, 'energy_charged_kWh': 0.8333333333333334}, {'start_time': '17:53:31', 'end_time': '17:53:51', 'location': 'terminal', 'stop_id': '0213MRY', 'power': 150, 'energy_charged_kWh': 0.8333333333333334}, {'start_time': '19:56:05', 'end_time': '19:56:25', 'location': 'terminal', 'stop_id': '0213MRY', 'power': 150, 'energy_charged_kWh': 0.8333333333333334}, {'start_time': '19:56:25', 'end_time': '19:56:45', 'location': 'terminal', 'stop_id': '0212RUS', 'power': 150, 'energy_charged_kWh': 0.8333333333333334}, {'start_time': '20:57:22', 'end_time': '20:57:42', 'location': 'terminal', 'stop_id': '0213MRY', 'power': 150, 'energy_charged_kWh': 0.8333333333333334}, {'start_time': '21:43:00', 'end_time': '23:59:59', 'location': 'depot', 'power': 22, 'energy_charged_kWh': 50.22722222222222}]",True,149.50496881711584,0.0,134.88173257192952,134.8817325719295
1107D111_3,"[{'start_time': '00:00:00', 'end_time': '05:46:00', 'location': 'depot', 'power': 11, 'energy_charged_kWh': 63.43333333333333}, {'start_time': '08:48:31', 'end_time': '08:48:51', 'location': 'terminal', 'stop_id': '0213MRY', 'power': 150, 'energy_charged_kWh': 0.8333333333333334}, {'start_time': '08:48:51', 'end_time': '08:49:11', 'location': 'terminal', 'stop_id': '0212RUS', 'power': 150, 'energy_charged_kWh': 0.8333333333333334}, {'start_time': '11:18:31', 'end_time': '11:18:51', 'location': 'terminal', 'stop_id': '0213MRY', 'power': 150, 'energy_charged_kWh': 0.8333333333333334}, {'start_time': '12:19:48', 'end_time': '12:20:08', 'location': 'terminal', 'stop_id': '0213MRY', 'power': 150, 'energy_charged_kWh': 0.8333333333333334}, {'start_time': '12:20:08', 'end_time': '12:20:28', 'location': 'terminal', 'stop_id': '0212RUS', 'power': 150, 'energy_charged_kWh': 0.8333333333333334}, {'start_time': '13:21:05', 'end_time': '13:21:25', 'location': 'terminal', 'stop_id': '0213MRY', 'power': 150, 'energy_charged_kWh': 0.8333333333333334}, {'start_time': '13:21:25', 'end_time': '13:21:45', 'location': 'terminal', 'stop_id': '0212RUS', 'power': 150, 'energy_charged_kWh': 0.8333333333333334}, {'start_time': '14:22:22', 'end_time': '14:22:42', 'location': 'terminal', 'stop_id': '0213MRY', 'power': 150, 'energy_charged_kWh': 0.8333333333333334}, {'start_time': '14:22:42', 'end_time': '14:23:02', 'location': 'terminal', 'stop_id': '0212RUS', 'power': 150, 'energy_charged_kWh': 0.8333333333333334}, {'start_time': '15:46:17', 'end_time': '15:46:37', 'location': 'terminal', 'stop_id': '0212RUS', 'power': 150, 'energy_charged_kWh': 0.8333333333333334}, {'start_time': '17:48:31', 'end_time': '17:48:51', 'location': 'terminal', 'stop_id': '0213MRY', 'power': 150, 'energy_charged_kWh': 0.8333333333333334}, {'start_time': '17:48:51', 'end_time': '17:49:11', 'location': 'terminal', 'stop_id': '0212RUS', 'power': 150, 'energy_charged_kWh': 0.8333333333333334}, {'start_time': '18:50:08', 'end_time': '18:50:28', 'location': 'terminal', 'stop_id': '0212RUS', 'power': 150, 'energy_charged_kWh': 0.8333333333333334}, {'start_time': '19:51:25', 'end_time': '19:51:45', 'location': 'terminal', 'stop_id': '0212RUS', 'power': 150, 'energy_charged_kWh': 0.8333333333333334}, {'start_time': '21:14:00', 'end_time': '23:59:59', 'location': 'depot', 'power': 11, 'energy_charged_kWh': 30.430277777777775}]",False,149.61965738613887,44.0893796083611,137.95299071947218,137.95299071947218
1107D111_4,"[{'start_time': '00:00:00', 'end_time': '04:55:23', 'location': 'depot', 'power': 11, 'energy_charged_kWh': 54.154539185487565}, {'start_time': '07:42:34', 'end_time': '07:42:54', 'location': 'terminal', 'stop_id': '0212RUS', 'power': 150, 'energy_charged_kWh': 0.8333333333333334}, {'start_time': '08:43:31', 'end_time': '08:43:51', 'location': 'terminal', 'stop_id': '0213MRY', 'power': 150, 'energy_charged_kWh': 0.8333333333333334}, {'start_time': '08:43:51', 'end_time': '08:44:11', 'location': 'terminal', 'stop_id': '0212RUS', 'power': 150, 'energy_charged_kWh': 0.8333333333333334}, {'start_time': '16:42:14', 'end_time': '16:42:34', 'location': 'terminal', 'stop_id': '0213MRY', 'power': 150, 'energy_charged_kWh': 0.8333333333333334}, {'start_time': '16:42:34', 'end_time': '16:42:54', 'location': 'terminal', 'stop_id': '0212RUS', 'power': 150, 'energy_charged_kWh': 0.8333333333333334}, {'start_time': '17:43:31', 'end_time': '17:43:51', 'location': 'terminal', 'stop_id': '0213MRY', 'power': 150, 'energy_charged_kWh': 0.8333333333333334}, {'start_time': '17:43:51', 'end_time': '17:44:11', 'location': 'terminal', 'stop_id': '0212RUS', 'power': 150, 'energy_charged_kWh': 0.8333333333333334}, {'start_time': '19:46:05', 'end_time': '19:46:25', 'location': 'terminal', 'stop_id': '0213MRY', 'power': 150, 'energy_charged_kWh': 0.8333333333333334}, {'start_time': '20:47:42', 'end_time': '20:48:02', 'location': 'terminal', 'stop_id': '0212RUS', 'power': 150, 'energy_charged_kWh': 0.8333333333333334}, {'start_time': '21:28:00', 'end_time': '23:59:59', 'location': 'depot', 'power': 11, 'energy_charged_kWh': 27.86361111111111}]",True,89.51815029659868,0.0,82.01815029659868,82.01815029659866
1107D111_5,"[{'start_time': '00:00:00', 'end_time': '04:42:45', 'location': 'depot', 'power': 11, 'energy_charged_kWh': 51.838222246892045}, {'start_time': '07:37:14', 'end_time': '07:37:34', 'location': 'terminal', 'stop_id': '0213MRY', 'power': 150, 'energy_charged_kWh': 0.8333333333333334}, {'start_time': '07:37:34', 'end_time': '07:37:54', 'location': 'terminal', 'stop_id': '0212RUS', 'power': 150, 'energy_charged_kWh': 0.8333333333333334}, {'start_time': '08:38:51', 'end_time': '08:39:11', 'location': 'terminal', 'stop_id': '0212RUS', 'power': 150, 'energy_charged_kWh': 0.8333333333333334}, {'start_time': '15:36:17', 'end_time': '15:36:37', 'location': 'terminal', 'stop_id': '0212RUS', 'power': 150, 'energy_charged_kWh': 0.8333333333333334}, {'start_time': '16:37:14', 'end_time': '16:37:34', 'location': 'terminal', 'stop_id': '0213MRY', 'power': 150, 'energy_charged_kWh': 0.8333333333333334}, {'start_time': '16:37:34', 'end_time': '16:37:54', 'location': 'terminal', 'stop_id': '0212RUS', 'power': 150, 'energy_charged_kWh': 0.8333333333333334}, {'start_time': '19:41:05', 'end_time': '19:41:25', 'location': 'terminal', 'stop_id': '0213MRY', 'power': 150, 'energy_charged_kWh': 0.8333333333333334}, {'start_time': '19:41:25', 'end_time': '19:41:45', 'location': 'terminal', 'stop_id': '0212RUS', 'power': 150, 'energy_charged_kWh': 0.8333333333333334}, {'start_time': '20:42:22', 'end_time': '20:42:42', 'location': 'terminal', 'stop_id': '0213MRY', 'power': 150, 'energy_charged_kWh': 0.8333333333333334}, {'start_time': '21:16:00', 'end_time': '23:59:59', 'location': 'depot', 'power': 11, 'energy_charged_kWh': 30.06361111111111}]",True,89.40183335800316,0.0,81.90183335800316,81.90183335800315
1107D111_6,"[{'start_time': '00:00:00', 'end_time': '00:49:52', 'location': 'depot', 'power': 22, 'energy_charged_kWh': 18.28554633113179}, {'start_time': '07:32:14', 'end_time': '07:32:34', 'location': 'terminal', 'stop_id': '0213MRY', 'power': 150, 'energy_charged_kWh': 0.8333333333333334}, {'start_time': '07:32:34', 'end_time': '07:32:54', 'location': 'terminal', 'stop_id': '0212RUS', 'power': 150, 'energy_charged_kWh': 0.8333333333333334}, {'start_time': '08:33:51', 'end_time': '08:34:11', 'location': 'terminal', 'stop_id': '0212RUS', 'power': 150, 'energy_charged_kWh': 0.8333333333333334}, {'start_time': '15:30:57', 'end_time': '15:31:17', 'location': 'terminal', 'stop_id': '0213MRY', 'power': 150, 'energy_charged_kWh': 0.8333333333333334}, {'start_time': '15:31:17', 'end_time': '15:31:37', 'location': 'terminal', 'stop_id': '0212RUS', 'power': 150, 'energy_charged_kWh': 0.8333333333333334}, {'start_time': '16:32:14', 'end_time': '16:32:34', 'location': 'terminal', 'stop_id': '0213MRY', 'power': 150, 'energy_charged_kWh': 0.8333333333333334}, {'start_time': '16:32:34', 'end_time': '16:32:54', 'location': 'terminal', 'stop_id': '0212RUS', 'power': 150, 'energy_charged_kWh': 0.8333333333333334}, {'start_time': '17:33:31', 'end_time': '17:33:51', 'location': 'terminal', 'stop_id': '0213MRY', 'power': 150, 'energy_charged_kWh': 0.8333333333333334}, {'start_time': '17:33:51', 'end_time': '17:34:11', 'location': 'terminal', 'stop_id': '0212RUS', 'power': 150, 'energy_charged_kWh': 0.8333333333333334}, {'start_time': '18:34:48', 'end_time': '18:35:08', 'location': 'terminal', 'stop_id': '0213MRY', 'power': 150, 'energy_charged_kWh': 0.8333333333333334}, {'start_time': '18:35:08', 'end_time': '18:35:28', 'location': 'terminal', 'stop_id': '0212RUS', 'power': 150, 'energy_charged_kWh': 0.8333333333333334}, {'start_time': '21:10:00', 'end_time': '23:59:59', 'location': 'depot', 'power': 22, 'energy_charged_kWh': 62.327222222222225}]",True,89.77943522002069,0.0,80.61276855335402,80.612768553354
1107D111_7,"[{'start_time': '00:00:00', 'end_time': '01:10:18', 'location': 'depot', 'power': 22, 'energy_charged_kWh': 25.777745591508236}, {'start_time': '06:25:57', 'end_time': '06:26:17', 'location': 'terminal', 'stop_id': '0213MRY', 'power': 150, 'energy_charged_kWh': 0.8333333333333334}, {'start_time': '06:26:17', 'end_time': '06:26:37', 'location': 'terminal', 'stop_id': '0212RUS', 'power': 150, 'energy_charged_kWh': 0.8333333333333334}, {'start_time': '07:27:14', 'end_time': '07:27:34', 'location': 'terminal', 'stop_id': '0213MRY', 'power': 150, 'energy_charged_kWh': 0.8333333333333334}, {'start_time': '07:27:34', 'end_time': '07:27:54', 'location': 'terminal', 'stop_id': '0212RUS', 'power': 150, 'energy_charged_kWh': 0.8333333333333334}, {'start_time': '15:25:57', 'end_time': '15:26:17', 'location': 'terminal', 'stop_id': '0213MRY', 'power': 150, 'energy_charged_kWh': 0.8333333333333334}, {'start_time': '15:26:17', 'end_time': '15:26:37', 'location': 'terminal', 'stop_id': '0212RUS', 'power': 150, 'energy_charged_kWh': 0.8333333333333334}, {'start_time': '16:27:14', 'end_time': '16:27:34', 'location': 'terminal', 'stop_id': '0213MRY', 'power': 150, 'energy_charged_kWh': 0.8333333333333334}, {'start_time': '16:27:34', 'end_time': '16:27:54', 'location': 'terminal', 'stop_id': '0212RUS', 'power': 150, 'energy_charged_kWh': 0.8333333333333334}, {'start_time': '17:28:51', 'end_time': '17:29:11', 'location': 'terminal', 'stop_id': '0212RUS', 'power': 150, 'energy_charged_kWh': 0.8333333333333334}, {'start_time': '19:31:05', 'end_time': '19:31:25', 'location': 'terminal', 'stop_id': '0213MRY', 'power': 150, 'energy_charged_kWh': 0.8333333333333334}, {'start_time': '19:31:25', 'end_time': '19:31:45', 'location': 'terminal', 'stop_id': '0212RUS', 'power': 150, 'energy_charged_kWh': 0.8333333333333334}, {'start_time': '20:32:22', 'end_time': '20:32:42', 'location': 'terminal', 'stop_id': '0213MRY', 'power': 150, 'energy_charged_kWh': 0.8333333333333334}, {'start_time': '21:33:00', 'end_time': '23:59:59', 'location': 'depot', 'power': 22, 'energy_charged_kWh': 53.893888888888895}]",True,89.67163448039713,0.0,79.67163448039713,79.67163448039712
1107D111_8,"[{'start_time': '00:00:00', 'end_time': '04:40:23', 'location': 'depot', 'power': 11, 'energy_charged_kWh': 51.40553768816508}, {'start_time': '06:20:57', 'end_time': '06:21:17', 'location': 'terminal', 'stop_id': '0213MRY', 'power': 150, 'energy_charged_kWh': 0.8333333333333334}, {'start_time': '06:21:17', 'end_time': '06:21:37', 'location': 'terminal', 'stop_id': '0212RUS', 'power': 150, 'energy_charged_kWh': 0.8333333333333334}, {'start_time': '07:22:14', 'end_time': '07:22:34', 'location': 'terminal', 'stop_id': '0213MRY', 'power': 150, 'energy_charged_kWh': 0.8333333333333334}, {'start_time': '07:22:34', 'end_time': '07:22:54', 'location': 'terminal', 'stop_id': '0212RUS', 'power': 150, 'energy_charged_kWh': 0.8333333333333334}, {'start_time': '08:23:51', 'end_time': '08:24:11', 'location': 'terminal', 'stop_id': '0212RUS', 'power': 150, 'energy_charged_kWh': 0.8333333333333334}, {'start_time': '15:20:57', 'end_time': '15:21:17', 'location': 'terminal', 'stop_id': '0213MRY', 'power': 150, 'energy_charged_kWh': 0.8333333333333334}, {'start_time': '15:21:17', 'end_time': '15:21:37', 'location': 'terminal', 'stop_id': '0212RUS', 'power': 150, 'energy_charged_kWh': 0.8333333333333334}, {'start_time': '16:22:14', 'end_time': '16:22:34', 'location': 'terminal', 'stop_id': '0213MRY', 'power': 150, 'energy_charged_kWh': 0.8333333333333334}, {'start_time': '17:23:31', 'end_time': '17:23:51', 'location': 'terminal', 'stop_id': '0213MRY', 'power': 150, 'energy_charged_kWh': 0.8333333333333334}, {'start_time': '17:23:51', 'end_time': '17:24:11', 'location': 'terminal', 'stop_id': '0212RUS', 'power': 150, 'energy_charged_kWh': 0.8333333333333334}, {'start_time': '20:27:22', 'end_time': '20:27:42', 'location': 'terminal', 'stop_id': '0213MRY', 'power': 150, 'energy_charged_kWh': 0.8333333333333334}, {'start_time': '20:27:42', 'end_time': '20:28:02', 'location': 'terminal', 'stop_id': '0212RUS', 'power': 150, 'energy_charged_kWh': 0.8333333333333334}, {'start_time': '21:24:00', 'end_time': '23:59:59', 'location': 'depot', 'power': 11, 'energy_charged_kWh': 28.596944444444446}]",True,90.00248213260953,0.0,80.00248213260953,80.00248213260947
1107D111_9,"[{'start_time': '00:00:00', 'end_time': '05:08:00', 'location': 'depot', 'power': 11, 'energy_charged_kWh': 56.46666666666667}, {'start_time': '06:15:57', 'end_time': '06:16:17', 'location': 'terminal', 'stop_id': '0213MRY', 'power': 150, 'energy_charged_kWh': 0.8333333333333334}, {'start_time': '06:16:17', 'end_time': '06:16:37', 'location': 'terminal', 'stop_id': '0212RUS', 'power': 150, 'energy_charged_kWh': 0.8333333333333334}, {'start_time': '07:17:14', 'end_time': '07:17:34', 'location': 'terminal', 'stop_id': '0213MRY', 'power': 150, 'energy_charged_kWh': 0.8333333333333334}, {'start_time': '08:18:31', 'end_time': '08:18:51', 'location': 'terminal', 'stop_id': '0213MRY', 'power': 150, 'energy_charged_kWh': 0.8333333333333334}, {'start_time': '17:18:51', 'end_time': '17:19:11', 'location': 'terminal', 'stop_id': '0212RUS', 'power': 150, 'energy_charged_kWh': 0.8333333333333334}, {'start_time': '18:19:48', 'end_time': '18:20:08', 'location': 'terminal', 'stop_id': '0213MRY', 'power': 150, 'energy_charged_kWh': 0.8333333333333334}, {'start_time': '18:20:08', 'end_time': '18:20:28', 'location': 'terminal', 'stop_id': '0212RUS', 'power': 150, 'energy_charged_kWh': 0.8333333333333334}, {'start_time': '19:21:05', 'end_time': '19:21:25', 'location': 'terminal', 'stop_id': '0213MRY', 'power': 150, 'energy_charged_kWh': 0.8333333333333334}, {'start_time': '19:21:25', 'end_time': '19:21:45', 'location': 'terminal', 'stop_id': '0212RUS', 'power': 150, 'energy_charged_kWh': 0.8333333333333334}, {'start_time': '20:22:22', 'end_time': '20:22:42', 'location': 'terminal', 'stop_id': '0213MRY', 'power': 150, 'energy_charged_kWh': 0.8333333333333334}, {'start_time': '20:22:42', 'end_time': '20:23:02', 'location': 'terminal', 'stop_id': '0212RUS', 'power': 150, 'energy_charged_kWh': 0.8333333333333334}, {'start_time': '21:52:00', 'end_time': '23:59:59', 'location': 'depot', 'power': 11, 'energy_charged_kWh': 23.46361111111111}]",False,89.73592673335223,0.6389822889077834,80.56926006668554,80.56926006668554
1107D111_10,"[{'start_time': '00:00:00', 'end_time': '01:06:42', 'location': 'depot', 'power': 22, 'energy_charged_kWh': 24.457073009385354}, {'start_time': '06:10:57', 'end_time': '06:11:17', 'location': 'terminal', 'stop_id': '0213MRY', 'power': 150, 'energy_charged_kWh': 0.8333333333333334}, {'start_time': '07:12:14', 'end_time': '07:12:34', 'location': 'terminal', 'stop_id': '0213MRY', 'power': 150, 'energy_charged_kWh': 0.8333333333333334}, {'start_time': '08:13:51', 'end_time': '08:14:11', 'location': 'terminal', 'stop_id': '0212RUS', 'power': 150, 'energy_charged_kWh': 0.8333333333333334}, {'start_time': '15:10:57', 'end_time': '15:11:17', 'location': 'terminal', 'stop_id': '0213MRY', 'power': 150, 'energy_charged_kWh': 0.8333333333333334}, {'start_time': '15:11:17', 'end_time': '15:11:37', 'location': 'terminal', 'stop_id': '0212RUS', 'power': 150, 'energy_charged_kWh': 0.8333333333333334}, {'start_time': '16:12:14', 'end_time': '16:12:34', 'location': 'terminal', 'stop_id': '0213MRY', 'power': 150, 'energy_charged_kWh': 0.8333333333333334}, {'start_time': '17:13:31', 'end_time': '17:13:51', 'location': 'terminal', 'stop_id': '0213MRY', 'power': 150, 'energy_charged_kWh': 0.8333333333333334}, {'start_time': '17:13:51', 'end_time': '17:14:11', 'location': 'terminal', 'stop_id': '0212RUS', 'power': 150, 'energy_charged_kWh': 0.8333333333333334}, {'start_time': '18:14:48', 'end_time': '18:15:08', 'location': 'terminal', 'stop_id': '0213MRY', 'power': 150, 'energy_charged_kWh': 0.8333333333333334}, {'start_time': '18:15:08', 'end_time': '18:15:28', 'location': 'terminal', 'stop_id': '0212RUS', 'power': 150, 'energy_charged_kWh': 0.8333333333333334}, {'start_time': '19:16:25', 'end_time': '19:16:45', 'location': 'terminal', 'stop_id': '0212RUS', 'power': 150, 'energy_charged_kWh': 0.8333333333333334}, {'start_time': '20:17:22', 'end_time': '20:17:42', 'location': 'terminal', 'stop_id': '0213MRY', 'power': 150, 'energy_charged_kWh': 0.8333333333333334}, {'start_time': '21:29:00', 'end_time': '23:59:59', 'location': 'depot', 'power': 22, 'energy_charged_kWh': 55.36055555555555}]",True,89.8176285649409,0.0,79.8176285649409,79.81762856494085
1107D111_11,"[{'start_time': '00:00:00', 'end_time': '04:50:17', 'location': 'depot', 'power': 11, 'energy_charged_kWh': 53.220058646811964}, {'start_time': '07:07:14', 'end_time': '07:07:34', 'location': 'terminal', 'stop_id': '0213MRY', 'power': 150, 'energy_charged_kWh': 0.8333333333333334}, {'start_time': '08:08:31', 'end_time': '08:08:51', 'location': 'terminal', 'stop_id': '0213MRY', 'power': 150, 'energy_charged_kWh': 0.8333333333333334}, {'start_time': '08:08:51', 'end_time': '08:09:11', 'location': 'terminal', 'stop_id': '0212RUS', 'power': 150, 'energy_charged_kWh': 0.8333333333333334}, {'start_time': '16:07:34', 'end_time': '16:07:54', 'location': 'terminal', 'stop_id': '0212RUS', 'power': 150, 'energy_charged_kWh': 0.8333333333333334}, {'start_time': '17:08:51', 'end_time': '17:09:11', 'location': 'terminal', 'stop_id': '0212RUS', 'power': 150, 'energy_charged_kWh': 0.8333333333333334}, {'start_time': '18:09:48', 'end_time': '18:10:08', 'location': 'terminal', 'stop_id': '0213MRY', 'power': 150, 'energy_charged_kWh': 0.8333333333333334}, {'start_time': '18:10:08', 'end_time': '18:10:28', 'location': 'terminal', 'stop_id': '0212RUS', 'power': 150, 'energy_charged_kWh': 0.8333333333333334}, {'start_time': '19:11:25', 'end_time': '19:11:45', 'location': 'terminal', 'stop_id': '0212RUS', 'power': 150, 'energy_charged_kWh': 0.8333333333333334}, {'start_time': '21:17:00', 'end_time': '23:59:59', 'location': 'depot', 'power': 11, 'energy_charged_kWh': 29.880277777777778}]",True,89.76700309125641,0.0,83.10033642458974,83.1003364245897
10114110_0,"[{'start_time': '00:00:00', 'end_time': '03:07:34', 'location': 'depot', 'power': 22, 'energy_charged_kWh': 68.77885538348964}, {'start_time': '06:00:00', 'end_time': '06:00:20', 'location': 'terminal', 'stop_id': '0113LMD', 'power': 150, 'energy_charged_kWh': 0.8333333333333334}, {'start_time': '08:57:10', 'end_time': '08:57:30', 'location': 'terminal', 'stop_id': '0113LMD', 'power': 150, 'energy_charged_kWh': 0.8333333333333334}, {'start_time': '10:28:35', 'end_time': '10:28:55', 'location': 'terminal', 'stop_id': '0113LMD', 'power': 150, 'energy_charged_kWh': 0.8333333333333334}, {'start_time': '11:56:50', 'end_time': '11:57:10', 'location': 'terminal', 'stop_id': '0110IRT', 'power': 150, 'energy_charged_kWh': 0.8333333333333334}, {'start_time': '11:57:10', 'end_time': '11:57:30', 'location': 'terminal', 'stop_id': '0113LMD', 'power': 150, 'energy_charged_kWh': 0.8333333333333334}, {'start_time': '14:54:00', 'end_time': '14:54:20', 'location': 'terminal', 'stop_id': '0110IRT', 'power': 150, 'energy_charged_kWh': 0.8333333333333334}, {'start_time': '15:00:00', 'end_time': '15:00:20', 'location': 'terminal', 'stop_id': '0113LMD', 'power': 150, 'energy_charged_kWh': 0.8333333333333334}, {'start_time': '16:28:15', 'end_time': '16:28:35', 'location': 'terminal', 'stop_id': '0110IRT', 'power': 150, 'energy_charged_kWh': 0.8333333333333334}, {'start_time': '16:28:35', 'end_time': '16:28:55', 'location': 'terminal', 'stop_id': '0113LMD', 'power': 150, 'energy_charged_kWh': 0.8333333333333334}, {'start_time': '17:57:10', 'end_time': '17:57:30', 'location': 'terminal', 'stop_id': '0113LMD', 'power': 150, 'energy_charged_kWh': 0.8333333333333334}, {'start_time': '19:25:45', 'end_time': '19:26:05', 'location': 'terminal', 'stop_id': '0113LMD', 'power': 150, 'energy_charged_kWh': 0.8333333333333334}, {'start_time': '20:54:00', 'end_time': '20:54:20', 'location': 'terminal', 'stop_id': '0110IRT', 'power': 150, 'energy_charged_kWh': 0.8333333333333334}, {'start_time': '21:38:00', 'end_time': '23:59:59', 'location': 'depot', 'power': 22, 'energy_charged_kWh': 52.06055555555555}]",True,130.8394109390452,0.0,121.67274427237852,121.67274427237838
10114110_1,"[{'start_time': '00:00:00', 'end_time': '02:47:49', 'location': 'depot', 'power': 22, 'energy_charged_kWh': 61.53692904827847}, {'start_time': '07:23:15', 'end_time': '07:23:35', 'location': 'terminal', 'stop_id': '0110IRT', 'power': 150, 'energy_charged_kWh': 0.8333333333333334}, {'start_time': '07:23:35', 'end_time': '07:23:55', 'location': 'terminal', 'stop_id': '0113LMD', 'power': 150, 'energy_charged_kWh': 0.8333333333333334}, {'start_time': '08:52:10', 'end_time': '08:52:30', 'location': 'terminal', 'stop_id': '0113LMD', 'power': 150, 'energy_charged_kWh': 0.8333333333333334}, {'start_time': '10:13:15', 'end_time': '10:13:35', 'location': 'terminal', 'stop_id': '0110IRT', 'power': 150, 'energy_charged_kWh': 0.8333333333333334}, {'start_time': '11:42:10', 'end_time': '11:42:30', 'location': 'terminal', 'stop_id': '0113LMD', 'power': 150, 'energy_charged_kWh': 0.8333333333333334}, {'start_time': '13:10:25', 'end_time': '13:10:45', 'location': 'terminal', 'stop_id': '0110IRT', 'power': 150, 'energy_charged_kWh': 0.8333333333333334}, {'start_time': '13:10:45', 'end_time': '13:11:05', 'location': 'terminal', 'stop_id': '0113LMD', 'power': 150, 'energy_charged_kWh': 0.8333333333333334}, {'start_time': '14:39:00', 'end_time': '14:39:20', 'location': 'terminal', 'stop_id': '0110IRT', 'power': 150, 'energy_charged_kWh': 0.8333333333333334}, {'start_time': '14:39:20', 'end_time': '14:39:40', 'location': 'terminal', 'stop_id': '0113LMD', 'power': 150, 'energy_charged_kWh': 0.8333333333333334}, {'start_time': '16:23:15', 'end_time': '16:23:35', 'location': 'terminal', 'stop_id': '0110IRT', 'power': 150, 'energy_charged_kWh': 0.8333333333333334}, {'start_time': '16:23:35', 'end_time': '16:23:55', 'location': 'terminal', 'stop_id': '0113LMD', 'power': 150, 'energy_charged_kWh': 0.8333333333333334}, {'start_time': '17:52:10', 'end_time': '17:52:30', 'location': 'terminal', 'stop_id': '0113LMD', 'power': 150, 'energy_charged_kWh': 0.8333333333333334}, {'start_time': '21:19:00', 'end_time': '23:59:59', 'location': 'depot', 'power': 22, 'energy_charged_kWh': 59.02722222222223}]",True,130.5641512705007,0.0,120.5641512705007,120.56415127050057
10114110_2,"[{'start_time': '00:00:00', 'end_time': '02:47:10', 'location': 'depot', 'power': 22, 'energy_charged_kWh': 61.30010497670022}, {'start_time': '07:18:15', 'end_time': '07:18:35', 'location': 'terminal', 'stop_id': '0110IRT', 'power': 150, 'energy_charged_kWh': 0.8333333333333334}, {'start_time': '07:18:35', 'end_time': '07:18:55', 'location': 'terminal', 'stop_id': '0113LMD', 'power': 150, 'energy_charged_kWh': 0.8333333333333334}, {'start_time': '08:46:50', 'end_time': '08:47:10', 'location': 'terminal', 'stop_id': '0110IRT', 'power': 150, 'energy_charged_kWh': 0.8333333333333334}, {'start_time': '08:47:10', 'end_time': '08:47:30', 'location': 'terminal', 'stop_id': '0113LMD', 'power': 150, 'energy_charged_kWh': 0.8333333333333334}, {'start_time': '09:58:15', 'end_time': '09:58:35', 'location': 'terminal', 'stop_id': '0110IRT', 'power': 150, 'energy_charged_kWh': 0.8333333333333334}, {'start_time': '09:58:35', 'end_time': '09:58:55', 'location': 'terminal', 'stop_id': '0113LMD', 'power': 150, 'energy_charged_kWh': 0.8333333333333334}, {'start_time': '12:55:25', 'end_time': '12:55:45', 'location': 'terminal', 'stop_id': '0110IRT', 'power': 150, 'energy_charged_kWh': 0.8333333333333334}, {'start_time': '14:24:20', 'end_time': '14:24:40', 'location': 'terminal', 'stop_id': '0113LMD', 'power': 150, 'energy_charged_kWh': 0.8333333333333334}, {'start_time': '16:18:35', 'end_time': '16:18:55', 'location': 'terminal', 'stop_id': '0113LMD', 'power': 150, 'energy_charged_kWh': 0.8333333333333334}, {'start_time': '17:47:10', 'end_time': '17:47:30', 'location': 'terminal', 'stop_id': '0113LMD', 'power': 150, 'energy_charged_kWh': 0.8333333333333334}, {'start_time': '19:15:45', 'end_time': '19:16:05', 'location': 'terminal', 'stop_id': '0113LMD', 'power': 150, 'energy_charged_kWh': 0.8333333333333334}, {'start_time': '20:44:00', 'end_time': '20:44:20', 'location': 'terminal', 'stop_id': '0110IRT', 'power': 150, 'energy_charged_kWh': 0.8333333333333334}, {'start_time': '21:22:00', 'end_time': '23:59:59', 'location': 'depot', 'power': 22, 'energy_charged_kWh': 57.92722222222222}]",True,129.22732719892244,0.0,119.22732719892244,119.22732719892232
10114110_3,"[{'start_time': '00:00:00', 'end_time': '05:39:00', 'location': 'depot', 'power': 11, 'energy_charged_kWh': 62.150000000000006}, {'start_time': '07:13:35', 'end_time': '07:13:55', 'location': 'terminal', 'stop_id': '0113LMD', 'power': 150, 'energy_charged_kWh': 0.8333333333333334}, {'start_time': '08:41:50', 'end_time': '08:42:10', 'location': 'terminal', 'stop_id': '0110IRT', 'power': 150, 'energy_charged_kWh': 0.8333333333333334}, {'start_time': '09:43:35', 'end_time': '09:43:55', 'location': 'terminal', 'stop_id': '0113LMD', 'power': 150, 'energy_charged_kWh': 0.8333333333333334}, {'start_time': '11:12:10', 'end_time': '11:12:30', 'location': 'terminal', 'stop_id': '0113LMD', 'power': 150, 'energy_charged_kWh': 0.8333333333333334}, {'start_time': '12:40:45', 'end_time': '12:41:05', 'location': 'terminal', 'stop_id': '0113LMD', 'power': 150, 'energy_charged_kWh': 0.8333333333333334}, {'start_time': '14:09:00', 'end_time': '14:09:20', 'location': 'terminal', 'stop_id': '0110IRT', 'power': 150, 'energy_charged_kWh': 0.8333333333333334}, {'start_time': '17:42:10', 'end_time': '17:42:30', 'location': 'terminal', 'stop_id': '0113LMD', 'power': 150, 'energy_charged_kWh': 0.8333333333333334}, {'start_time': '19:10:45', 'end_time': '19:11:05', 'location': 'terminal', 'stop_id': '0113LMD', 'power': 150, 'energy_charged_kWh': 0.8333333333333334}, {'start_time': '20:39:00', 'end_time': '20:39:20', 'location': 'terminal', 'stop_id': '0110IRT', 'power': 150, 'energy_charged_kWh': 0.8333333333333334}, {'start_time': '20:39:20', 'end_time': '20:39:40', 'location': 'terminal', 'stop_id': '0113LMD', 'power': 150, 'energy_charged_kWh': 0.8333333333333334}, {'start_time': '21:21:00', 'end_time': '23:59:59', 'location': 'depot', 'power': 11, 'energy_charged_kWh': 29.146944444444443}]",False,129.65314613421754,30.02286835643976,121.31981280088404,121.31981280088404
10114110_4,"[{'start_time': '00:00:00', 'end_time': '05:14:00', 'location': 'depot', 'power': 11, 'energy_charged_kWh': 57.56666666666667}, {'start_time': '07:08:35', 'end_time': '07:08:55', 'location': 'terminal', 'stop_id': '0113LMD', 'power': 150, 'energy_charged_kWh': 0.8333333333333334}, {'start_time': '08:37:10', 'end_time': '08:37:30', 'location': 'terminal', 'stop_id': '0113LMD', 'power': 150, 'energy_charged_kWh': 0.8333333333333334}, {'start_time': '09:28:15', 'end_time': '09:28:35', 'location': 'terminal', 'stop_id': '0110IRT', 'power': 150, 'energy_charged_kWh': 0.8333333333333334}, {'start_time': '09:28:35', 'end_time': '09:28:55', 'location': 'terminal', 'stop_id': '0113LMD', 'power': 150, 'energy_charged_kWh': 0.8333333333333334}, {'start_time': '10:56:50', 'end_time': '10:57:10', 'location': 'terminal', 'stop_id': '0110IRT', 'power': 150, 'energy_charged_kWh': 0.8333333333333334}, {'start_time': '10:57:10', 'end_time': '10:57:30', 'location': 'terminal', 'stop_id': '0113LMD', 'power': 150, 'energy_charged_kWh': 0.8333333333333334}, {'start_time': '12:25:25', 'end_time': '12:25:45', 'location': 'terminal', 'stop_id': '0110IRT', 'power': 150, 'energy_charged_kWh': 0.8333333333333334}, {'start_time': '12:25:45', 'end_time': '12:26:05', 'location': 'terminal', 'stop_id': '0113LMD', 'power': 150, 'energy_charged_kWh': 0.8333333333333334}, {'start_time': '13:54:20', 'end_time': '13:54:40', 'location': 'terminal', 'stop_id': '0113LMD', 'power': 150, 'energy_charged_kWh': 0.8333333333333334}, {'start_time': '16:08:15', 'end_time': '16:08:35', 'location': 'terminal', 'stop_id': '0110IRT', 'power': 150, 'energy_charged_kWh': 0.8333333333333334}, {'start_time': '19:05:25', 'end_time': '19:05:45', 'location': 'terminal', 'stop_id': '0110IRT', 'power': 150, 'energy_charged_kWh': 0.8333333333333334}, {'start_time': '19:05:45', 'end_time': '19:06:05', 'location': 'terminal', 'stop_id': '0113LMD', 'power': 150, 'energy_charged_kWh': 0.8333333333333334}, {'start_time': '21:46:00', 'end_time': '23:59:59', 'location': 'depot', 'power': 11, 'energy_charged_kWh': 24.56361111111111}]",False,129.17410525152678,37.043827473749005,119.17410525152663,119.17410525152663
10114110_5,"[{'start_time': '00:00:00', 'end_time': '03:02:50', 'location': 'depot', 'power': 22, 'energy_charged_kWh': 67.0408758117738}, {'start_time': '09:13:35', 'end_time': '09:13:55', 'location': 'terminal', 'stop_id': '0113LMD', 'power': 150, 'energy_charged_kWh': 0.8333333333333334}, {'start_time': '10:41:50', 'end_time': '10:42:10', 'location': 'terminal', 'stop_id': '0110IRT', 'power': 150, 'energy_charged_kWh': 0.8333333333333334}, {'start_time': '10:42:10', 'end_time': '10:42:30', 'location': 'terminal', 'stop_id': '0113LMD', 'power': 150, 'energy_charged_kWh': 0.8333333333333334}, {'start_time': '12:10:25', 'end_time': '12:10:45', 'location': 'terminal', 'stop_id': '0110IRT', 'power': 150, 'energy_charged_kWh': 0.8333333333333334}, {'start_time': '12:10:45', 'end_time': '12:11:05', 'location': 'terminal', 'stop_id': '0113LMD', 'power': 150, 'energy_charged_kWh': 0.8333333333333334}, {'start_time': '13:39:00', 'end_time': '13:39:20', 'location': 'terminal', 'stop_id': '0110IRT', 'power': 150, 'energy_charged_kWh': 0.8333333333333334}, {'start_time': '13:39:20', 'end_time': '13:39:40', 'location': 'terminal', 'stop_id': '0113LMD', 'power': 150, 'energy_charged_kWh': 0.8333333333333334}, {'start_time': '16:03:15', 'end_time': '16:03:35', 'location': 'terminal', 'stop_id': '0110IRT', 'power': 150, 'energy_charged_kWh': 0.8333333333333334}, {'start_time': '16:03:35', 'end_time': '16:03:55', 'location': 'terminal', 'stop_id': '0113LMD', 'power': 150, 'energy_charged_kWh': 0.8333333333333334}, {'start_time': '17:31:50', 'end_time': '17:32:10', 'location': 'terminal', 'stop_id': '0110IRT', 'power': 150, 'energy_charged_kWh': 0.8333333333333334}, {'start_time': '19:00:25', 'end_time': '19:00:45', 'location': 'terminal', 'stop_id': '0110IRT', 'power': 150, 'energy_charged_kWh': 0.8333333333333334}, {'start_time': '19:00:45', 'end_time': '19:01:05', 'location': 'terminal', 'stop_id': '0113LMD', 'power': 150, 'energy_charged_kWh': 0.8333333333333334}, {'start_time': '20:29:00', 'end_time': '20:29:20', 'location': 'terminal', 'stop_id': '0110IRT', 'power': 150, 'energy_charged_kWh': 0.8333333333333334}, {'start_time': '21:39:00', 'end_time': '23:59:59', 'location': 'depot', 'power': 22, 'energy_charged_kWh': 51.69388888888889}]",True,129.56809803399602,0.0,118.7347647006627,118.73476470066252
10114110_6,"[{'start_time': '00:00:00', 'end_time': '00:29:15', 'location': 'depot', 'power': 22, 'energy_charged_kWh': 10.728214615732085}, {'start_time': '06:58:35', 'end_time': '06:58:55', 'location': 'terminal', 'stop_id': '0113LMD', 'power': 150, 'energy_charged_kWh': 0.8333333333333334}, {'start_time': '08:26:50', 'end_time': '08:27:10', 'location': 'terminal', 'stop_id': '0110IRT', 'power': 150, 'energy_charged_kWh': 0.8333333333333334}, {'start_time': '08:27:10', 'end_time': '08:27:30', 'location': 'terminal', 'stop_id': '0113LMD', 'power': 150, 'energy_charged_kWh': 0.8333333333333334}, {'start_time': '15:58:15', 'end_time': '15:58:35', 'location': 'terminal', 'stop_id': '0110IRT', 'power': 150, 'energy_charged_kWh': 0.8333333333333334}, {'start_time': '17:26:50', 'end_time': '17:27:10', 'location': 'terminal', 'stop_id': '0110IRT', 'power': 150, 'energy_charged_kWh': 0.8333333333333334}, {'start_time': '17:27:10', 'end_time': '17:27:30', 'location': 'terminal', 'stop_id': '0113LMD', 'power': 150, 'energy_charged_kWh': 0.8333333333333334}, {'start_time': '18:55:25', 'end_time': '18:55:45', 'location': 'terminal', 'stop_id': '0110IRT', 'power': 150, 'energy_charged_kWh': 0.8333333333333334}, {'start_time': '20:24:20', 'end_time': '20:24:40', 'location': 'terminal', 'stop_id': '0113LMD', 'power': 150, 'energy_charged_kWh': 0.8333333333333334}, {'start_time': '21:17:00', 'end_time': '23:59:59', 'location': 'depot', 'power': 22, 'energy_charged_kWh': 59.760555555555555}]",True,77.15543683795431,0.0,70.48877017128778,70.48877017128778
10114110_7,"[{'start_time': '00:00:00', 'end_time': '01:03:39', 'location': 'depot', 'power': 22, 'energy_charged_kWh': 23.34083659051464}, {'start_time': '08:21:50', 'end_time': '08:22:10', 'location': 'terminal', 'stop_id': '0110IRT', 'power': 150, 'energy_charged_kWh': 0.8333333333333334}, {'start_time': '08:22:10', 'end_time': '08:22:30', 'location': 'terminal', 'stop_id': '0113LMD', 'power': 150, 'energy_charged_kWh': 0.8333333333333334}, {'start_time': '15:53:15', 'end_time': '15:53:35', 'location': 'terminal', 'stop_id': '0110IRT', 'power': 150, 'energy_charged_kWh': 0.8333333333333334}, {'start_time': '17:21:50', 'end_time': '17:22:10', 'location': 'terminal', 'stop_id': '0110IRT', 'power': 150, 'energy_charged_kWh': 0.8333333333333334}, {'start_time': '18:50:25', 'end_time': '18:50:45', 'location': 'terminal', 'stop_id': '0110IRT', 'power': 150, 'energy_charged_kWh': 0.8333333333333334}, {'start_time': '21:44:00', 'end_time': '23:59:59', 'location': 'depot', 'power': 22, 'energy_charged_kWh': 49.86055555555555}]",True,77.36805881273686,0.0,73.20139214607033,73.20139214607033
10114110_8,"[{'start_time': '00:00:00', 'end_time': '04:22:21', 'location': 'depot', 'power': 11, 'energy_charged_kWh': 48.099585926318184}, {'start_time': '06:48:15', 'end_time': '06:48:35', 'location': 'terminal', 'stop_id': '0110IRT', 'power': 150, 'energy_charged_kWh': 0.8333333333333334}, {'start_time': '08:16:50', 'end_time': '08:17:10', 'location': 'terminal', 'stop_id': '0110IRT', 'power': 150, 'energy_charged_kWh': 0.8333333333333334}, {'start_time': '15:48:15', 'end_time': '15:48:35', 'location': 'terminal', 'stop_id': '0110IRT', 'power': 150, 'energy_charged_kWh': 0.8333333333333334}, {'start_time': '20:14:20', 'end_time': '20:14:40', 'location': 'terminal', 'stop_id': '0113LMD', 'power': 150, 'energy_charged_kWh': 0.8333333333333334}, {'start_time': '21:39:00', 'end_time': '23:59:59', 'location': 'depot', 'power': 11, 'energy_charged_kWh': 25.846944444444446}]",True,77.27986370409596,0.0,73.94653037076274,73.94653037076274
10114110_9,"[{'start_time': '00:00:00', 'end_time': '04:02:20', 'location': 'depot', 'power': 11, 'energy_charged_kWh': 44.42906122210724}, {'start_time': '06:43:35', 'end_time': '06:43:55', 'location': 'terminal', 'stop_id': '0113LMD', 'power': 150, 'energy_charged_kWh': 0.8333333333333334}, {'start_time': '15:43:15', 'end_time': '15:43:35', 'location': 'terminal', 'stop_id': '0110IRT', 'power': 150, 'energy_charged_kWh': 0.8333333333333334}, {'start_time': '17:12:10', 'end_time': '17:12:30', 'location': 'terminal', 'stop_id': '0113LMD', 'power': 150, 'energy_charged_kWh': 0.8333333333333334}, {'start_time': '20:09:20', 'end_time': '20:09:40', 'location': 'terminal', 'stop_id': '0113LMD', 'power': 150, 'energy_charged_kWh': 0.8333333333333334}, {'start_time': '21:19:00', 'end_time': '23:59:59', 'location': 'depot', 'power': 11, 'energy_charged_kWh': 29.513611111111114}]",True,77.27600566655168,0.0,73.94267233321845,73.94267233321845
10114110_10,"[{'start_time': '00:00:00', 'end_time': '04:07:58', 'location': 'depot', 'power': 11, 'energy_charged_kWh': 45.46239910004726}, {'start_time': '17:06:50', 'end_time': '17:07:10', 'location': 'terminal', 'stop_id': '0110IRT', 'power': 150, 'energy_charged_kWh': 0.8333333333333334}, {'start_time': '17:07:10', 'end_time': '17:07:30', 'location': 'terminal', 'stop_id': '0113LMD', 'power': 150, 'energy_charged_kWh': 0.8333333333333334}, {'start_time': '18:35:25', 'end_time': '18:35:45', 'location': 'terminal', 'stop_id': '0110IRT', 'power': 150, 'energy_charged_kWh': 0.8333333333333334}, {'start_time': '18:35:45', 'end_time': '18:36:05', 'location': 'terminal', 'stop_id': '0113LMD', 'power': 150, 'energy_charged_kWh': 0.8333333333333334}, {'start_time': '20:04:00', 'end_time': '20:04:20', 'location': 'terminal', 'stop_id': '0110IRT', 'power': 150, 'energy_charged_kWh': 0.8333333333333334}, {'start_time': '21:30:00', 'end_time': '23:59:59', 'location': 'depot', 'power': 11, 'energy_charged_kWh': 27.496944444444445}]",True,77.12601021115837,0.0,72.9593435444918,72.9593435444918
10114110_11,"[{'start_time': '00:00:00', 'end_time': '00:40:11', 'location': 'depot', 'power': 22, 'energy_charged_kWh': 14.737453074801536}, {'start_time': '15:33:15', 'end_time': '15:33:35', 'location': 'terminal', 'stop_id': '0110IRT', 'power': 150, 'energy_charged_kWh': 0.8333333333333334}, {'start_time': '15:33:35', 'end_time': '15:33:55', 'location': 'terminal', 'stop_id': '0113LMD', 'power': 150, 'energy_charged_kWh': 0.8333333333333334}, {'start_time': '17:01:50', 'end_time': '17:02:10', 'location': 'terminal', 'stop_id': '0110IRT', 'power': 150, 'energy_charged_kWh': 0.8333333333333334}, {'start_time': '17:02:10', 'end_time': '17:02:30', 'location': 'terminal', 'stop_id': '0113LMD', 'power': 150, 'energy_charged_kWh': 0.8333333333333334}, {'start_time': '18:30:25', 'end_time': '18:30:45', 'location': 'terminal', 'stop_id': '0110IRT', 'power': 150, 'energy_charged_kWh': 0.8333333333333334}, {'start_time': '18:30:45', 'end_time': '18:31:05', 'location': 'terminal', 'stop_id': '0113LMD', 'power': 150, 'energy_charged_kWh': 0.8333333333333334}, {'start_time': '19:59:00', 'end_time': '19:59:20', 'location': 'terminal', 'stop_id': '0110IRT', 'power': 150, 'energy_charged_kWh': 0.8333333333333334}, {'start_time': '21:26:00', 'end_time': '23:59:59', 'location': 'depot', 'power': 22, 'energy_charged_kWh': 56.46055555555556}]",True,77.03134196369042,0.0,71.19800863035722,71.19800863035722
10114110_12,"[{'start_time': '00:00:00', 'end_time': '03:42:36', 'location': 'depot', 'power': 11, 'energy_charged_kWh': 40.81234654181269}, {'start_time': '06:28:15', 'end_time': '06:28:35', 'location': 'terminal', 'stop_id': '0110IRT', 'power': 150, 'energy_charged_kWh': 0.8333333333333334}, {'start_time': '06:28:35', 'end_time': '06:28:55', 'location': 'terminal', 'stop_id': '0113LMD', 'power': 150, 'energy_charged_kWh': 0.8333333333333334}, {'start_time': '15:28:15', 'end_time': '15:28:35', 'location': 'terminal', 'stop_id': '0110IRT', 'power': 150, 'energy_charged_kWh': 0.8333333333333334}, {'start_time': '15:28:35', 'end_time': '15:28:55', 'location': 'terminal', 'stop_id': '0113LMD', 'power': 150, 'energy_charged_kWh': 0.8333333333333334}, {'start_time': '16:56:50', 'end_time': '16:57:10', 'location': 'terminal', 'stop_id': '0110IRT', 'power': 150, 'energy_charged_kWh': 0.8333333333333334}, {'start_time': '18:25:25', 'end_time': '18:25:45', 'location': 'terminal', 'stop_id': '0110IRT', 'power': 150, 'energy_charged_kWh': 0.8333333333333334}, {'start_time': '18:25:45', 'end_time': '18:26:05', 'location': 'terminal', 'stop_id': '0113LMD', 'power': 150, 'energy_charged_kWh': 0.8333333333333334}, {'start_time': '19:54:20', 'end_time': '19:54:40', 'location': 'terminal', 'stop_id': '0113LMD', 'power': 150, 'energy_charged_kWh': 0.8333333333333334}, {'start_time': '21:17:00', 'end_time': '23:59:59', 'location': 'depot', 'power': 11, 'energy_charged_kWh': 29.880277777777778}]",True,77.35929098625714,0.0,70.69262431959059,70.69262431959059
10114110_13,"[{'start_time': '00:00:00', 'end_time': '00:59:34', 'location': 'depot', 'power': 22, 'energy_charged_kWh': 21.844751815677526}, {'start_time': '06:23:15', 'end_time': '06:23:35', 'location': 'terminal', 'stop_id': '0110IRT', 'power': 150, 'energy_charged_kWh': 0.8333333333333334}, {'start_time': '06:23:35', 'end_time': '06:23:55', 'location': 'terminal', 'stop_id': '0113LMD', 'power': 150, 'energy_charged_kWh': 0.8333333333333334}, {'start_time': '07:51:50', 'end_time': '07:52:10', 'location': 'terminal', 'stop_id': '0110IRT', 'power': 150, 'energy_charged_kWh': 0.8333333333333334}, {'start_time': '07:52:10', 'end_time': '07:52:30', 'location': 'terminal', 'stop_id': '0113LMD', 'power': 150, 'energy_charged_kWh': 0.8333333333333334}, {'start_time': '18:20:25', 'end_time': '18:20:45', 'location': 'terminal', 'stop_id': '0110IRT', 'power': 150, 'energy_charged_kWh': 0.8333333333333334}, {'start_time': '18:20:45', 'end_time': '18:21:05', 'location': 'terminal', 'stop_id': '0113LMD', 'power': 150, 'energy_charged_kWh': 0.8333333333333334}, {'start_time': '21:42:00', 'end_time': '23:59:59', 'location': 'depot', 'power': 22, 'energy_charged_kWh': 50.593888888888884}]",True,77.43864070456641,0.0,72.43864070456652,72.43864070456652
10114110_14,"[{'start_time': '00:00:00', 'end_time': '00:44:17', 'location': 'depot', 'power': 22, 'energy_charged_kWh': 16.243303455732317}, {'start_time': '06:18:15', 'end_time': '06:18:35', 'location': 'terminal', 'stop_id': '0110IRT', 'power': 150, 'energy_charged_kWh': 0.8333333333333334}, {'start_time': '06:18:35', 'end_time': '06:18:55', 'location': 'terminal', 'stop_id': '0113LMD', 'power': 150, 'energy_charged_kWh': 0.8333333333333334}, {'start_time': '07:46:50', 'end_time': '07:47:10', 'location': 'terminal', 'stop_id': '0110IRT', 'power': 150, 'energy_charged_kWh': 0.8333333333333334}, {'start_time': '15:18:15', 'end_time': '15:18:35', 'location': 'terminal', 'stop_id': '0110IRT', 'power': 150, 'energy_charged_kWh': 0.8333333333333334}, {'start_time': '16:46:50', 'end_time': '16:47:10', 'location': 'terminal', 'stop_id': '0110IRT', 'power': 150, 'energy_charged_kWh': 0.8333333333333334}, {'start_time': '18:15:25', 'end_time': '18:15:45', 'location': 'terminal', 'stop_id': '0110IRT', 'power': 150, 'energy_charged_kWh': 0.8333333333333334}, {'start_time': '18:15:45', 'end_time': '18:16:05', 'location': 'terminal', 'stop_id': '0113LMD', 'power': 150, 'energy_charged_kWh': 0.8333333333333334}, {'start_time': '19:44:00', 'end_time': '19:44:20', 'location': 'terminal', 'stop_id': '0110IRT', 'power': 150, 'energy_charged_kWh': 0.8333333333333334}, {'start_time': '21:30:00', 'end_time': '23:59:59', 'location': 'depot', 'power': 22, 'energy_charged_kWh': 54.99388888888889}]",True,77.90385901128788,0.0,71.23719234462132,71.23719234462132
10114110_15,"[{'start_time': '00:00:00', 'end_time': '00:59:10', 'location': 'depot', 'power': 22, 'energy_charged_kWh': 21.696984165716984}, {'start_time': '16:42:10', 'end_time': '16:42:30', 'location': 'terminal', 'stop_id': '0113LMD', 'power': 150, 'energy_charged_kWh': 0.8333333333333334}, {'start_time': '18:10:45', 'end_time': '18:11:05', 'location': 'terminal', 'stop_id': '0113LMD', 'power': 150, 'energy_charged_kWh': 0.8333333333333334}, {'start_time': '19:39:00', 'end_time': '19:39:20', 'location': 'terminal', 'stop_id': '0110IRT', 'power': 150, 'energy_charged_kWh': 0.8333333333333334}, {'start_time': '21:33:00', 'end_time': '23:59:59', 'location': 'depot', 'power': 22, 'energy_charged_kWh': 53.893888888888895}]",True,78.09087305460588,0.0,75.59087305460598,75.59087305460598
10114110_16,"[{'start_time': '00:00:00', 'end_time': '01:16:07', 'location': 'depot', 'power': 22, 'energy_charged_kWh': 27.913930889887794}, {'start_time': '06:08:35', 'end_time': '06:08:55', 'location': 'terminal', 'stop_id': '0113LMD', 'power': 150, 'energy_charged_kWh': 0.8333333333333334}, {'start_time': '07:37:10', 'end_time': '07:37:30', 'location': 'terminal', 'stop_id': '0113LMD', 'power': 150, 'energy_charged_kWh': 0.8333333333333334}, {'start_time': '15:08:35', 'end_time': '15:08:55', 'location': 'terminal', 'stop_id': '0113LMD', 'power': 150, 'energy_charged_kWh': 0.8333333333333334}, {'start_time': '16:36:50', 'end_time': '16:37:10', 'location': 'terminal', 'stop_id': '0110IRT', 'power': 150, 'energy_charged_kWh': 0.8333333333333334}, {'start_time': '16:37:10', 'end_time': '16:37:30', 'location': 'terminal', 'stop_id': '0113LMD', 'power': 150, 'energy_charged_kWh': 0.8333333333333334}, {'start_time': '18:05:25', 'end_time': '18:05:45', 'location': 'terminal', 'stop_id': '0110IRT', 'power': 150, 'energy_charged_kWh': 0.8333333333333334}, {'start_time': '18:05:45', 'end_time': '18:06:05', 'location': 'terminal', 'stop_id': '0113LMD', 'power': 150, 'energy_charged_kWh': 0.8333333333333334}, {'start_time': '19:34:20', 'end_time': '19:34:40', 'location': 'terminal', 'stop_id': '0113LMD', 'power': 150, 'energy_charged_kWh': 0.8333333333333334}, {'start_time': '22:02:00', 'end_time': '23:59:59', 'location': 'depot', 'power': 22, 'energy_charged_kWh': 43.260555555555555}]",True,77.84115311211002,0.0,71.17448644544348,71.17448644544348
10114110_17,"[{'start_time': '00:00:00', 'end_time': '01:06:05', 'location': 'depot', 'power': 22, 'energy_charged_kWh': 24.232105856774425}, {'start_time': '06:03:35', 'end_time': '06:03:55', 'location': 'terminal', 'stop_id': '0113LMD', 'power': 150, 'energy_charged_kWh': 0.8333333333333334}, {'start_time': '15:03:35', 'end_time': '15:03:55', 'location': 'terminal', 'stop_id': '0113LMD', 'power': 150, 'energy_charged_kWh': 0.8333333333333334}, {'start_time': '16:31:50', 'end_time': '16:32:10', 'location': 'terminal', 'stop_id': '0110IRT', 'power': 150, 'energy_charged_kWh': 0.8333333333333334}, {'start_time': '18:00:25', 'end_time': '18:00:45', 'location': 'terminal', 'stop_id': '0110IRT', 'power': 150, 'energy_charged_kWh': 0.8333333333333334}, {'start_time': '19:29:00', 'end_time': '19:29:20', 'location': 'terminal', 'stop_id': '0110IRT', 'power': 150, 'energy_charged_kWh': 0.8333333333333334}, {'start_time': '21:45:00', 'end_time': '23:59:59', 'location': 'depot', 'power': 22, 'energy_charged_kWh': 49.49388888888889}]",True,77.89266141232999,0.0,74.02082787964638,73.72599474566343
