vehicle_id,charging_sequence,success,charging_need_kWh,remaining_need_kWh,min_capacity_kWh,start_soc_with_min_capacity_kWh
10114111_0,"[{'start_time': '00:00:00', 'end_time': '02:48:28', 'location': 'depot', 'power': 22, 'energy_charged_kWh': 61.776022637411835}, {'start_time': '06:00:00', 'end_time': '06:00:20', 'location': 'terminal', 'stop_id': '0110IRT', 'power': 150, 'energy_charged_kWh': 0.8333333333333334}, {'start_time': '07:35:52', 'end_time': '07:36:12', 'location': 'terminal', 'stop_id': '0110IRT', 'power': 150, 'energy_charged_kWh': 0.8333333333333334}, {'start_time': '09:00:00', 'end_time': '09:00:20', 'location': 'terminal', 'stop_id': '0110IRT', 'power': 150, 'energy_charged_kWh': 0.8333333333333334}, {'start_time': '12:11:44', 'end_time': '12:12:04', 'location': 'terminal', 'stop_id': '0110IRT', 'power': 150, 'energy_charged_kWh': 0.8333333333333334}, {'start_time': '16:35:32', 'end_time': '16:35:52', 'location': 'terminal', 'stop_id': '0113LMD', 'power': 150, 'energy_charged_kWh': 0.8333333333333334}, {'start_time': '18:11:24', 'end_time': '18:11:44', 'location': 'terminal', 'stop_id': '0113LMD', 'power': 150, 'energy_charged_kWh': 0.8333333333333334}, {'start_time': '18:11:44', 'end_time': '18:12:04', 'location': 'terminal', 'stop_id': '0110IRT', 'power': 150, 'energy_charged_kWh': 0.8333333333333334}, {'start_time': '19:47:16', 'end_time': '19:47:36', 'location': 'terminal', 'stop_id': '0113LMD', 'power': 150, 'energy_charged_kWh': 0.8333333333333334}, {'start_time': '21:49:00', 'end_time': '23:59:59', 'location': 'depot', 'power': 22, 'energy_charged_kWh': 48.02722222222223}]",False,116.46991152630073,0.0,110.63657819296739,110.63657819296732
10114111_1,"[{'start_time': '00:00:00', 'end_time': '05:06:00', 'location': 'depot', 'power': 11, 'energy_charged_kWh': 56.099999999999994}, {'start_time': '07:30:32', 'end_time': '07:30:52', 'location': 'terminal', 'stop_id': '0113LMD', 'power': 150, 'energy_charged_kWh': 0.8333333333333334}, {'start_time': '07:30:52', 'end_time': '07:31:12', 'location': 'terminal', 'stop_id': '0110IRT', 'power': 150, 'energy_charged_kWh': 0.8333333333333334}, {'start_time': '10:20:32', 'end_time': '10:20:52', 'location': 'terminal', 'stop_id': '0113LMD', 'power': 150, 'energy_charged_kWh': 0.8333333333333334}, {'start_time': '10:20:52', 'end_time': '10:21:12', 'location': 'terminal', 'stop_id': '0110IRT', 'power': 150, 'energy_charged_kWh': 0.8333333333333334}, {'start_time': '13:32:16', 'end_time': '13:32:36', 'location': 'terminal', 'stop_id': '0113LMD', 'power': 150, 'energy_charged_kWh': 0.8333333333333334}, {'start_time': '16:30:32', 'end_time': '16:30:52', 'location': 'terminal', 'stop_id': '0113LMD', 'power': 150, 'energy_charged_kWh': 0.8333333333333334}, {'start_time': '18:06:44', 'end_time': '18:07:04', 'location': 'terminal', 'stop_id': '0110IRT', 'power': 150, 'energy_charged_kWh': 0.8333333333333334}, {'start_time': '21:54:00', 'end_time': '23:59:59', 'location': 'depot', 'power': 11, 'energy_charged_kWh': 23.096944444444446}]",False,117.73439794408353,32.704120166305756,111.90106461075011,111.90106461075011
10114111_2,"[{'start_time': '00:00:00', 'end_time': '05:22:00', 'location': 'depot', 'power': 11, 'energy_charged_kWh': 59.03333333333333}, {'start_time': '07:25:52', 'end_time': '07:26:12', 'location': 'terminal', 'stop_id': '0110IRT', 'power': 150, 'energy_charged_kWh': 0.8333333333333334}, {'start_time': '10:05:32', 'end_time': '10:05:52', 'location': 'terminal', 'stop_id': '0113LMD', 'power': 150, 'energy_charged_kWh': 0.8333333333333334}, {'start_time': '10:05:52', 'end_time': '10:06:12', 'location': 'terminal', 'stop_id': '0110IRT', 'power': 150, 'energy_charged_kWh': 0.8333333333333334}, {'start_time': '11:41:44', 'end_time': '11:42:04', 'location': 'terminal', 'stop_id': '0110IRT', 'power': 150, 'energy_charged_kWh': 0.8333333333333334}, {'start_time': '13:17:36', 'end_time': '13:17:56', 'location': 'terminal', 'stop_id': '0110IRT', 'power': 150, 'energy_charged_kWh': 0.8333333333333334}, {'start_time': '14:53:08', 'end_time': '14:53:28', 'location': 'terminal', 'stop_id': '0113LMD', 'power': 150, 'energy_charged_kWh': 0.8333333333333334}, {'start_time': '14:53:28', 'end_time': '14:53:48', 'location': 'terminal', 'stop_id': '0110IRT', 'power': 150, 'energy_charged_kWh': 0.8333333333333334}, {'start_time': '16:25:32', 'end_time': '16:25:52', 'location': 'terminal', 'stop_id': '0113LMD', 'power': 150, 'energy_charged_kWh': 0.8333333333333334}, {'start_time': '19:37:16', 'end_time': '19:37:36', 'location': 'terminal', 'stop_id': '0113LMD', 'power': 150, 'energy_charged_kWh': 0.8333333333333334}, {'start_time': '19:37:36', 'end_time': '19:37:56', 'location': 'terminal', 'stop_id': '0110IRT', 'power': 150, 'energy_charged_kWh': 0.8333333333333334}, {'start_time': '21:38:00', 'end_time': '23:59:59', 'location': 'depot', 'power': 11, 'energy_charged_kWh': 26.030277777777776}]",False,118.52155866076012,25.124614216315678,110.18822532742672,110.18822532742672
10114111_3,"[{'start_time': '00:00:00', 'end_time': '05:04:00', 'location': 'depot', 'power': 11, 'energy_charged_kWh': 55.733333333333334}, {'start_time': '07:20:32', 'end_time': '07:20:52', 'location': 'terminal', 'stop_id': '0113LMD', 'power': 150, 'energy_charged_kWh': 0.8333333333333334}, {'start_time': '07:20:52', 'end_time': '07:21:12', 'location': 'terminal', 'stop_id': '0110IRT', 'power': 150, 'energy_charged_kWh': 0.8333333333333334}, {'start_time': '08:56:44', 'end_time': '08:57:04', 'location': 'terminal', 'stop_id': '0110IRT', 'power': 150, 'energy_charged_kWh': 0.8333333333333334}, {'start_time': '09:50:32', 'end_time': '09:50:52', 'location': 'terminal', 'stop_id': '0113LMD', 'power': 150, 'energy_charged_kWh': 0.8333333333333334}, {'start_time': '11:26:24', 'end_time': '11:26:44', 'location': 'terminal', 'stop_id': '0113LMD', 'power': 150, 'energy_charged_kWh': 0.8333333333333334}, {'start_time': '11:26:44', 'end_time': '11:27:04', 'location': 'terminal', 'stop_id': '0110IRT', 'power': 150, 'energy_charged_kWh': 0.8333333333333334}, {'start_time': '13:02:16', 'end_time': '13:02:36', 'location': 'terminal', 'stop_id': '0113LMD', 'power': 150, 'energy_charged_kWh': 0.8333333333333334}, {'start_time': '14:38:28', 'end_time': '14:38:48', 'location': 'terminal', 'stop_id': '0110IRT', 'power': 150, 'energy_charged_kWh': 0.8333333333333334}, {'start_time': '16:20:32', 'end_time': '16:20:52', 'location': 'terminal', 'stop_id': '0113LMD', 'power': 150, 'energy_charged_kWh': 0.8333333333333334}, {'start_time': '16:20:52', 'end_time': '16:21:12', 'location': 'terminal', 'stop_id': '0110IRT', 'power': 150, 'energy_charged_kWh': 0.8333333333333334}, {'start_time': '17:56:24', 'end_time': '17:56:44', 'location': 'terminal', 'stop_id': '0113LMD', 'power': 150, 'energy_charged_kWh': 0.8333333333333334}, {'start_time': '19:32:36', 'end_time': '19:32:56', 'location': 'terminal', 'stop_id': '0110IRT', 'power': 150, 'energy_charged_kWh': 0.8333333333333334}, {'start_time': '21:56:00', 'end_time': '23:59:59', 'location': 'depot', 'power': 11, 'energy_charged_kWh': 22.73027777777778}]",False,119.2087172312983,30.745106120187174,109.2087172312982,109.2087172312982
10114111_4,"[{'start_time': '00:00:00', 'end_time': '05:07:00', 'location': 'depot', 'power': 11, 'energy_charged_kWh': 56.28333333333333}, {'start_time': '07:15:32', 'end_time': '07:15:52', 'location': 'terminal', 'stop_id': '0113LMD', 'power': 150, 'energy_charged_kWh': 0.8333333333333334}, {'start_time': '08:51:24', 'end_time': '08:51:44', 'location': 'terminal', 'stop_id': '0113LMD', 'power': 150, 'energy_charged_kWh': 0.8333333333333334}, {'start_time': '08:51:44', 'end_time': '08:52:04', 'location': 'terminal', 'stop_id': '0110IRT', 'power': 150, 'energy_charged_kWh': 0.8333333333333334}, {'start_time': '09:35:32', 'end_time': '09:35:52', 'location': 'terminal', 'stop_id': '0113LMD', 'power': 150, 'energy_charged_kWh': 0.8333333333333334}, {'start_time': '11:11:24', 'end_time': '11:11:44', 'location': 'terminal', 'stop_id': '0113LMD', 'power': 150, 'energy_charged_kWh': 0.8333333333333334}, {'start_time': '11:11:44', 'end_time': '11:12:04', 'location': 'terminal', 'stop_id': '0110IRT', 'power': 150, 'energy_charged_kWh': 0.8333333333333334}, {'start_time': '12:47:16', 'end_time': '12:47:36', 'location': 'terminal', 'stop_id': '0113LMD', 'power': 150, 'energy_charged_kWh': 0.8333333333333334}, {'start_time': '12:47:36', 'end_time': '12:47:56', 'location': 'terminal', 'stop_id': '0110IRT', 'power': 150, 'energy_charged_kWh': 0.8333333333333334}, {'start_time': '14:23:28', 'end_time': '14:23:48', 'location': 'terminal', 'stop_id': '0110IRT', 'power': 150, 'energy_charged_kWh': 0.8333333333333334}, {'start_time': '16:15:32', 'end_time': '16:15:52', 'location': 'terminal', 'stop_id': '0113LMD', 'power': 150, 'energy_charged_kWh': 0.8333333333333334}, {'start_time': '16:15:52', 'end_time': '16:16:12', 'location': 'terminal', 'stop_id': '0110IRT', 'power': 150, 'energy_charged_kWh': 0.8333333333333334}, {'start_time': '17:51:24', 'end_time': '17:51:44', 'location': 'terminal', 'stop_id': '0113LMD', 'power': 150, 'energy_charged_kWh': 0.8333333333333334}, {'start_time': '21:53:00', 'end_time': '23:59:59', 'location': 'depot', 'power': 11, 'energy_charged_kWh': 23.280277777777776}]",False,119.16398596295397,29.600374851842858,109.16398596295384,109.16398596295384
10114111_5,"[{'start_time': '00:00:00', 'end_time': '05:33:00', 'location': 'depot', 'power': 11, 'energy_charged_kWh': 61.05}, {'start_time': '07:10:52', 'end_time': '07:11:12', 'location': 'terminal', 'stop_id': '0110IRT', 'power': 150, 'energy_charged_kWh': 0.8333333333333334}, {'start_time': '08:46:24', 'end_time': '08:46:44', 'location': 'terminal', 'stop_id': '0113LMD', 'power': 150, 'energy_charged_kWh': 0.8333333333333334}, {'start_time': '09:20:32', 'end_time': '09:20:52', 'location': 'terminal', 'stop_id': '0113LMD', 'power': 150, 'energy_charged_kWh': 0.8333333333333334}, {'start_time': '12:32:16', 'end_time': '12:32:36', 'location': 'terminal', 'stop_id': '0113LMD', 'power': 150, 'energy_charged_kWh': 0.8333333333333334}, {'start_time': '16:10:32', 'end_time': '16:10:52', 'location': 'terminal', 'stop_id': '0113LMD', 'power': 150, 'energy_charged_kWh': 0.8333333333333334}, {'start_time': '17:46:24', 'end_time': '17:46:44', 'location': 'terminal', 'stop_id': '0113LMD', 'power': 150, 'energy_charged_kWh': 0.8333333333333334}, {'start_time': '21:27:00', 'end_time': '23:59:59', 'location': 'depot', 'power': 11, 'energy_charged_kWh': 28.046944444444442}]",False,119.22292072450784,25.125976280063398,114.22292072450776,114.22292072450776
10114111_6,"[{'start_time': '00:00:00', 'end_time': '00:34:14', 'location': 'depot', 'power': 22, 'energy_charged_kWh': 12.553919259172893}, {'start_time': '08:41:24', 'end_time': '08:41:44', 'location': 'terminal', 'stop_id': '0113LMD', 'power': 150, 'energy_charged_kWh': 0.8333333333333334}, {'start_time': '08:41:44', 'end_time': '08:42:04', 'location': 'terminal', 'stop_id': '0110IRT', 'power': 150, 'energy_charged_kWh': 0.8333333333333334}, {'start_time': '17:41:24', 'end_time': '17:41:44', 'location': 'terminal', 'stop_id': '0113LMD', 'power': 150, 'energy_charged_kWh': 0.8333333333333334}, {'start_time': '17:41:44', 'end_time': '17:42:04', 'location': 'terminal', 'stop_id': '0110IRT', 'power': 150, 'energy_charged_kWh': 0.8333333333333334}, {'start_time': '19:17:36', 'end_time': '19:17:56', 'location': 'terminal', 'stop_id': '0110IRT', 'power': 150, 'energy_charged_kWh': 0.8333333333333334}, {'start_time': '20:53:28', 'end_time': '20:53:48', 'location': 'terminal', 'stop_id': '0110IRT', 'power': 150, 'energy_charged_kWh': 0.8333333333333334}, {'start_time': '21:34:00', 'end_time': '23:59:59', 'location': 'depot', 'power': 22, 'energy_charged_kWh': 53.52722222222223}]",False,71.08114148139512,0.0,66.25078533287552,66.25078533287552
10114111_7,"[{'start_time': '00:00:00', 'end_time': '00:32:30', 'location': 'depot', 'power': 22, 'energy_charged_kWh': 11.921005833120603}, {'start_time': '07:00:32', 'end_time': '07:00:52', 'location': 'terminal', 'stop_id': '0113LMD', 'power': 150, 'energy_charged_kWh': 0.8333333333333334}, {'start_time': '08:36:24', 'end_time': '08:36:44', 'location': 'terminal', 'stop_id': '0113LMD', 'power': 150, 'energy_charged_kWh': 0.8333333333333334}, {'start_time': '08:36:44', 'end_time': '08:37:04', 'location': 'terminal', 'stop_id': '0110IRT', 'power': 150, 'energy_charged_kWh': 0.8333333333333334}, {'start_time': '21:23:00', 'end_time': '23:59:59', 'location': 'depot', 'power': 22, 'energy_charged_kWh': 57.56055555555555}]",False,71.98156138867616,0.0,69.48156138867616,69.48156138867616
10114111_8,"[{'start_time': '00:00:00', 'end_time': '00:51:23', 'location': 'depot', 'power': 22, 'energy_charged_kWh': 18.84151430100468}, {'start_time': '06:55:32', 'end_time': '06:55:52', 'location': 'terminal', 'stop_id': '0113LMD', 'power': 150, 'energy_charged_kWh': 0.8333333333333334}, {'start_time': '15:55:32', 'end_time': '15:55:52', 'location': 'terminal', 'stop_id': '0113LMD', 'power': 150, 'energy_charged_kWh': 0.8333333333333334}, {'start_time': '17:31:24', 'end_time': '17:31:44', 'location': 'terminal', 'stop_id': '0113LMD', 'power': 150, 'energy_charged_kWh': 0.8333333333333334}, {'start_time': '20:43:28', 'end_time': '20:43:48', 'location': 'terminal', 'stop_id': '0110IRT', 'power': 150, 'energy_charged_kWh': 0.8333333333333334}, {'start_time': '21:42:00', 'end_time': '23:59:59', 'location': 'depot', 'power': 22, 'energy_charged_kWh': 50.593888888888884}]",False,72.76873652322689,0.0,69.43540318989356,69.43540318989356
10114111_9,"[{'start_time': '00:00:00', 'end_time': '00:51:56', 'location': 'depot', 'power': 22, 'energy_charged_kWh': 19.042977518727767}, {'start_time': '06:50:32', 'end_time': '06:50:52', 'location': 'terminal', 'stop_id': '0113LMD', 'power': 150, 'energy_charged_kWh': 0.8333333333333334}, {'start_time': '06:50:52', 'end_time': '06:51:12', 'location': 'terminal', 'stop_id': '0110IRT', 'power': 150, 'energy_charged_kWh': 0.8333333333333334}, {'start_time': '08:26:24', 'end_time': '08:26:44', 'location': 'terminal', 'stop_id': '0113LMD', 'power': 150, 'energy_charged_kWh': 0.8333333333333334}, {'start_time': '08:26:44', 'end_time': '08:27:04', 'location': 'terminal', 'stop_id': '0110IRT', 'power': 150, 'energy_charged_kWh': 0.8333333333333334}, {'start_time': '15:50:32', 'end_time': '15:50:52', 'location': 'terminal', 'stop_id': '0113LMD', 'power': 150, 'energy_charged_kWh': 0.8333333333333334}, {'start_time': '15:50:52', 'end_time': '15:51:12', 'location': 'terminal', 'stop_id': '0110IRT', 'power': 150, 'energy_charged_kWh': 0.8333333333333334}, {'start_time': '17:26:24', 'end_time': '17:26:44', 'location': 'terminal', 'stop_id': '0113LMD', 'power': 150, 'energy_charged_kWh': 0.8333333333333334}, {'start_time': '17:26:44', 'end_time': '17:27:04', 'location': 'terminal', 'stop_id': '0110IRT', 'power': 150, 'energy_charged_kWh': 0.8333333333333334}, {'start_time': '21:51:00', 'end_time': '23:59:59', 'location': 'depot', 'power': 22, 'energy_charged_kWh': 47.29388888888889}]",False,73.00353307428333,0.0,66.33686640761667,66.33686640761667
10114111_10,"[{'start_time': '00:00:00', 'end_time': '01:08:04', 'location': 'depot', 'power': 22, 'energy_charged_kWh': 24.962233948530383}, {'start_time': '06:45:32', 'end_time': '06:45:52', 'location': 'terminal', 'stop_id': '0113LMD', 'power': 150, 'energy_charged_kWh': 0.8333333333333334}, {'start_time': '15:45:52', 'end_time': '15:46:12', 'location': 'terminal', 'stop_id': '0110IRT', 'power': 150, 'energy_charged_kWh': 0.8333333333333334}, {'start_time': '17:21:24', 'end_time': '17:21:44', 'location': 'terminal', 'stop_id': '0113LMD', 'power': 150, 'energy_charged_kWh': 0.8333333333333334}, {'start_time': '20:33:08', 'end_time': '20:33:28', 'location': 'terminal', 'stop_id': '0113LMD', 'power': 150, 'energy_charged_kWh': 0.8333333333333334}, {'start_time': '20:33:28', 'end_time': '20:33:48', 'location': 'terminal', 'stop_id': '0110IRT', 'power': 150, 'energy_charged_kWh': 0.8333333333333334}, {'start_time': '22:00:00', 'end_time': '23:59:59', 'location': 'depot', 'power': 22, 'energy_charged_kWh': 43.99388888888889}]",False,73.12278950408594,0.0,68.9561228374193,68.9561228374193
10114111_11,"[{'start_time': '00:00:00', 'end_time': '00:19:23', 'location': 'depot', 'power': 22, 'energy_charged_kWh': 7.11036517248921}, {'start_time': '06:40:32', 'end_time': '06:40:52', 'location': 'terminal', 'stop_id': '0113LMD', 'power': 150, 'energy_charged_kWh': 0.8333333333333334}, {'start_time': '06:40:52', 'end_time': '06:41:12', 'location': 'terminal', 'stop_id': '0110IRT', 'power': 150, 'energy_charged_kWh': 0.8333333333333334}, {'start_time': '15:40:32', 'end_time': '15:40:52', 'location': 'terminal', 'stop_id': '0113LMD', 'power': 150, 'energy_charged_kWh': 0.8333333333333334}, {'start_time': '15:40:52', 'end_time': '15:41:12', 'location': 'terminal', 'stop_id': '0110IRT', 'power': 150, 'energy_charged_kWh': 0.8333333333333334}, {'start_time': '17:16:24', 'end_time': '17:16:44', 'location': 'terminal', 'stop_id': '0113LMD', 'power': 150, 'energy_charged_kWh': 0.8333333333333334}, {'start_time': '17:16:44', 'end_time': '17:17:04', 'location': 'terminal', 'stop_id': '0110IRT', 'power': 150, 'energy_charged_kWh': 0.8333333333333334}, {'start_time': '18:52:16', 'end_time': '18:52:36', 'location': 'terminal', 'stop_id': '0113LMD', 'power': 150, 'energy_charged_kWh': 0.8333333333333334}, {'start_time': '20:28:28', 'end_time': '20:28:48', 'location': 'terminal', 'stop_id': '0110IRT', 'power': 150, 'energy_charged_kWh': 0.8333333333333334}, {'start_time': '21:18:00', 'end_time': '23:59:59', 'location': 'depot', 'power': 22, 'energy_charged_kWh': 59.393888888888895}]",False,73.17092072804478,0.0,66.5042540613781,66.50425406137808
10114111_12,"[{'start_time': '00:00:00', 'end_time': '03:31:45', 'location': 'depot', 'power': 11, 'energy_charged_kWh': 38.822593328032866}, {'start_time': '08:11:24', 'end_time': '08:11:44', 'location': 'terminal', 'stop_id': '0113LMD', 'power': 150, 'energy_charged_kWh': 0.8333333333333334}, {'start_time': '08:11:44', 'end_time': '08:12:04', 'location': 'terminal', 'stop_id': '0110IRT', 'power': 150, 'energy_charged_kWh': 0.8333333333333334}, {'start_time': '17:11:24', 'end_time': '17:11:44', 'location': 'terminal', 'stop_id': '0113LMD', 'power': 150, 'energy_charged_kWh': 0.8333333333333334}, {'start_time': '17:11:44', 'end_time': '17:12:04', 'location': 'terminal', 'stop_id': '0110IRT', 'power': 150, 'energy_charged_kWh': 0.8333333333333334}, {'start_time': '18:47:36', 'end_time': '18:47:56', 'location': 'terminal', 'stop_id': '0110IRT', 'power': 150, 'energy_charged_kWh': 0.8333333333333334}, {'start_time': '21:17:00', 'end_time': '23:59:59', 'location': 'depot', 'power': 11, 'energy_charged_kWh': 29.880277777777778}]",False,72.86953777247732,0.0,68.70287110581064,68.70287110581062
10114111_13,"[{'start_time': '00:00:00', 'end_time': '03:42:31', 'location': 'depot', 'power': 11, 'energy_charged_kWh': 40.7973451874015}, {'start_time': '06:30:52', 'end_time': '06:31:12', 'location': 'terminal', 'stop_id': '0110IRT', 'power': 150, 'energy_charged_kWh': 0.8333333333333334}, {'start_time': '15:30:32', 'end_time': '15:30:52', 'location': 'terminal', 'stop_id': '0113LMD', 'power': 150, 'energy_charged_kWh': 0.8333333333333334}, {'start_time': '17:06:24', 'end_time': '17:06:44', 'location': 'terminal', 'stop_id': '0113LMD', 'power': 150, 'energy_charged_kWh': 0.8333333333333334}, {'start_time': '17:06:44', 'end_time': '17:07:04', 'location': 'terminal', 'stop_id': '0110IRT', 'power': 150, 'energy_charged_kWh': 0.8333333333333334}, {'start_time': '18:42:16', 'end_time': '18:42:36', 'location': 'terminal', 'stop_id': '0113LMD', 'power': 150, 'energy_charged_kWh': 0.8333333333333334}, {'start_time': '20:18:28', 'end_time': '20:18:48', 'location': 'terminal', 'stop_id': '0110IRT', 'power': 150, 'energy_charged_kWh': 0.8333333333333334}, {'start_time': '21:33:00', 'end_time': '23:59:59', 'location': 'depot', 'power': 11, 'energy_charged_kWh': 26.946944444444448}]",False,72.74428963184594,0.0,67.74428963184594,67.74428963184592
10114111_14,"[{'start_time': '00:00:00', 'end_time': '00:01:44', 'location': 'depot', 'power': 22, 'energy_charged_kWh': 0.6388386009027158}, {'start_time': '06:25:52', 'end_time': '06:26:12', 'location': 'terminal', 'stop_id': '0110IRT', 'power': 150, 'energy_charged_kWh': 0.8333333333333334}, {'start_time': '08:01:44', 'end_time': '08:02:04', 'location': 'terminal', 'stop_id': '0110IRT', 'power': 150, 'energy_charged_kWh': 0.8333333333333334}, {'start_time': '15:25:52', 'end_time': '15:26:12', 'location': 'terminal', 'stop_id': '0110IRT', 'power': 150, 'energy_charged_kWh': 0.8333333333333334}, {'start_time': '17:01:24', 'end_time': '17:01:44', 'location': 'terminal', 'stop_id': '0113LMD', 'power': 150, 'energy_charged_kWh': 0.8333333333333334}, {'start_time': '17:01:44', 'end_time': '17:02:04', 'location': 'terminal', 'stop_id': '0110IRT', 'power': 150, 'energy_charged_kWh': 0.8333333333333334}, {'start_time': '18:37:36', 'end_time': '18:37:56', 'location': 'terminal', 'stop_id': '0110IRT', 'power': 150, 'energy_charged_kWh': 0.8333333333333334}, {'start_time': '20:13:28', 'end_time': '20:13:48', 'location': 'terminal', 'stop_id': '0110IRT', 'power': 150, 'energy_charged_kWh': 0.8333333333333334}, {'start_time': '21:00:00', 'end_time': '23:59:59', 'location': 'depot', 'power': 22, 'energy_charged_kWh': 65.99388888888889}]",False,72.46606082312493,0.0,66.6327274897916,66.63272748979156
10114111_15,"[{'start_time': '00:00:00', 'end_time': '03:29:02', 'location': 'depot', 'power': 11, 'energy_charged_kWh': 38.32424004625313}, {'start_time': '07:56:24', 'end_time': '07:56:44', 'location': 'terminal', 'stop_id': '0113LMD', 'power': 150, 'energy_charged_kWh': 0.8333333333333334}, {'start_time': '15:20:32', 'end_time': '15:20:52', 'location': 'terminal', 'stop_id': '0113LMD', 'power': 150, 'energy_charged_kWh': 0.8333333333333334}, {'start_time': '15:20:52', 'end_time': '15:21:12', 'location': 'terminal', 'stop_id': '0110IRT', 'power': 150, 'energy_charged_kWh': 0.8333333333333334}, {'start_time': '18:32:16', 'end_time': '18:32:36', 'location': 'terminal', 'stop_id': '0113LMD', 'power': 150, 'energy_charged_kWh': 0.8333333333333334}, {'start_time': '18:32:36', 'end_time': '18:32:56', 'location': 'terminal', 'stop_id': '0110IRT', 'power': 150, 'energy_charged_kWh': 0.8333333333333334}, {'start_time': '20:08:08', 'end_time': '20:08:28', 'location': 'terminal', 'stop_id': '0113LMD', 'power': 150, 'energy_charged_kWh': 0.8333333333333334}, {'start_time': '20:08:28', 'end_time': '20:08:48', 'location': 'terminal', 'stop_id': '0110IRT', 'power': 150, 'energy_charged_kWh': 0.8333333333333334}, {'start_time': '21:27:00', 'end_time': '23:59:59', 'location': 'depot', 'power': 11, 'energy_charged_kWh': 28.046944444444442}]",False,72.2045178240309,0.0,66.37118449069757,66.37118449069756
10114111_16,"[{'start_time': '00:00:00', 'end_time': '03:18:57', 'location': 'depot', 'power': 11, 'energy_charged_kWh': 36.475714703748416}, {'start_time': '06:15:32', 'end_time': '06:15:52', 'location': 'terminal', 'stop_id': '0113LMD', 'power': 150, 'energy_charged_kWh': 0.8333333333333334}, {'start_time': '07:51:44', 'end_time': '07:52:04', 'location': 'terminal', 'stop_id': '0110IRT', 'power': 150, 'energy_charged_kWh': 0.8333333333333334}, {'start_time': '15:15:32', 'end_time': '15:15:52', 'location': 'terminal', 'stop_id': '0113LMD', 'power': 150, 'energy_charged_kWh': 0.8333333333333334}, {'start_time': '16:51:44', 'end_time': '16:52:04', 'location': 'terminal', 'stop_id': '0110IRT', 'power': 150, 'energy_charged_kWh': 0.8333333333333334}, {'start_time': '18:27:36', 'end_time': '18:27:56', 'location': 'terminal', 'stop_id': '0110IRT', 'power': 150, 'energy_charged_kWh': 0.8333333333333334}, {'start_time': '20:03:28', 'end_time': '20:03:48', 'location': 'terminal', 'stop_id': '0110IRT', 'power': 150, 'energy_charged_kWh': 0.8333333333333334}, {'start_time': '21:15:00', 'end_time': '23:59:59', 'location': 'depot', 'power': 11, 'energy_charged_kWh': 30.246944444444445}]",False,71.72265914819286,0.0,66.72265914819288,66.72265914819288
10114111_17,"[{'start_time': '00:00:00', 'end_time': '03:39:11', 'location': 'depot', 'power': 11, 'energy_charged_kWh': 40.18536735658276}, {'start_time': '07:46:44', 'end_time': '07:47:04', 'location': 'terminal', 'stop_id': '0110IRT', 'power': 150, 'energy_charged_kWh': 0.8333333333333334}, {'start_time': '15:10:52', 'end_time': '15:11:12', 'location': 'terminal', 'stop_id': '0110IRT', 'power': 150, 'energy_charged_kWh': 0.8333333333333334}, {'start_time': '18:22:16', 'end_time': '18:22:36', 'location': 'terminal', 'stop_id': '0113LMD', 'power': 150, 'energy_charged_kWh': 0.8333333333333334}, {'start_time': '18:22:36', 'end_time': '18:22:56', 'location': 'terminal', 'stop_id': '0110IRT', 'power': 150, 'energy_charged_kWh': 0.8333333333333334}, {'start_time': '19:58:28', 'end_time': '19:58:48', 'location': 'terminal', 'stop_id': '0110IRT', 'power': 150, 'energy_charged_kWh': 0.8333333333333334}, {'start_time': '21:34:00', 'end_time': '23:59:59', 'location': 'depot', 'power': 11, 'energy_charged_kWh': 26.763611111111114}]",False,71.11564513436055,1.4210854715202004e-14,66.94897846769389,66.94897846769389
10114111_18,"[{'start_time': '00:00:00', 'end_time': '00:30:44', 'location': 'depot', 'power': 22, 'energy_charged_kWh': 11.272985805329213}, {'start_time': '06:05:52', 'end_time': '06:06:12', 'location': 'terminal', 'stop_id': '0110IRT', 'power': 150, 'energy_charged_kWh': 0.8333333333333334}, {'start_time': '07:41:24', 'end_time': '07:41:44', 'location': 'terminal', 'stop_id': '0113LMD', 'power': 150, 'energy_charged_kWh': 0.8333333333333334}, {'start_time': '07:41:44', 'end_time': '07:42:04', 'location': 'terminal', 'stop_id': '0110IRT', 'power': 150, 'energy_charged_kWh': 0.8333333333333334}, {'start_time': '15:05:52', 'end_time': '15:06:12', 'location': 'terminal', 'stop_id': '0110IRT', 'power': 150, 'energy_charged_kWh': 0.8333333333333334}, {'start_time': '16:41:24', 'end_time': '16:41:44', 'location': 'terminal', 'stop_id': '0113LMD', 'power': 150, 'energy_charged_kWh': 0.8333333333333334}, {'start_time': '18:17:36', 'end_time': '18:17:56', 'location': 'terminal', 'stop_id': '0110IRT', 'power': 150, 'energy_charged_kWh': 0.8333333333333334}, {'start_time': '19:53:08', 'end_time': '19:53:28', 'location': 'terminal', 'stop_id': '0113LMD', 'power': 150, 'energy_charged_kWh': 0.8333333333333334}, {'start_time': '19:53:28', 'end_time': '19:53:48', 'location': 'terminal', 'stop_id': '0110IRT', 'power': 150, 'energy_charged_kWh': 0.8333333333333334}, {'start_time': '21:37:00', 'end_time': '23:59:59', 'location': 'depot', 'power': 22, 'energy_charged_kWh': 52.42722222222222}]",False,70.3668746942181,0.0,63.70020802755143,63.70020802755142
1107D110_0,"[{'start_time': '00:00:00', 'end_time': '05:20:00', 'location': 'depot', 'power': 11, 'energy_charged_kWh': 58.666666666666664}, {'start_time': '06:00:00', 'end_time': '06:00:20', 'location': 'terminal', 'stop_id': '0213MRY', 'power': 150, 'energy_charged_kWh': 0.8333333333333334}, {'start_time': '07:04:05', 'end_time': '07:04:25', 'location': 'terminal', 'stop_id': '0212RUS', 'power': 150, 'energy_charged_kWh': 0.8333333333333334}, {'start_time': '07:04:25', 'end_time': '07:04:45', 'location': 'terminal', 'stop_id': '0213MRY', 'power': 150, 'energy_charged_kWh': 0.8333333333333334}, {'start_time': '08:08:30', 'end_time': '08:08:50', 'location': 'terminal', 'stop_id': '0212RUS', 'power': 150, 'energy_charged_kWh': 0.8333333333333334}, {'start_time': '08:08:50', 'end_time': '08:09:10', 'location': 'terminal', 'stop_id': '0213MRY', 'power': 150, 'energy_charged_kWh': 0.8333333333333334}, {'start_time': '09:00:00', 'end_time': '09:00:20', 'location': 'terminal', 'stop_id': '0213MRY', 'power': 150, 'energy_charged_kWh': 0.8333333333333334}, {'start_time': '10:04:05', 'end_time': '10:04:25', 'location': 'terminal', 'stop_id': '0212RUS', 'power': 150, 'energy_charged_kWh': 0.8333333333333334}, {'start_time': '11:08:30', 'end_time': '11:08:50', 'location': 'terminal', 'stop_id': '0212RUS', 'power': 150, 'energy_charged_kWh': 0.8333333333333334}, {'start_time': '12:13:15', 'end_time': '12:13:35', 'location': 'terminal', 'stop_id': '0213MRY', 'power': 150, 'energy_charged_kWh': 0.8333333333333334}, {'start_time': '13:17:20', 'end_time': '13:17:40', 'location': 'terminal', 'stop_id': '0212RUS', 'power': 150, 'energy_charged_kWh': 0.8333333333333334}, {'start_time': '14:21:45', 'end_time': '14:22:05', 'location': 'terminal', 'stop_id': '0212RUS', 'power': 150, 'energy_charged_kWh': 0.8333333333333334}, {'start_time': '16:04:25', 'end_time': '16:04:45', 'location': 'terminal', 'stop_id': '0213MRY', 'power': 150, 'energy_charged_kWh': 0.8333333333333334}, {'start_time': '17:08:30', 'end_time': '17:08:50', 'location': 'terminal', 'stop_id': '0212RUS', 'power': 150, 'energy_charged_kWh': 0.8333333333333334}, {'start_time': '17:08:50', 'end_time': '17:09:10', 'location': 'terminal', 'stop_id': '0213MRY', 'power': 150, 'energy_charged_kWh': 0.8333333333333334}, {'start_time': '21:40:00', 'end_time': '23:59:59', 'location': 'depot', 'power': 11, 'energy_charged_kWh': 25.663611111111113}]",False,143.79524452954837,47.79830008510393,132.96191119621534,132.96191119621534
1107D110_1,"[{'start_time': '00:00:00', 'end_time': '03:26:27', 'location': 'depot', 'power': 22, 'energy_charged_kWh': 75.70101267091657}, {'start_time': '06:59:25', 'end_time': '06:59:45', 'location': 'terminal', 'stop_id': '0213MRY', 'power': 150, 'energy_charged_kWh': 0.8333333333333334}, {'start_time': '08:03:50', 'end_time': '08:04:10', 'location': 'terminal', 'stop_id': '0213MRY', 'power': 150, 'energy_charged_kWh': 0.8333333333333334}, {'start_time': '09:49:05', 'end_time': '09:49:25', 'location': 'terminal', 'stop_id': '0212RUS', 'power': 150, 'energy_charged_kWh': 0.8333333333333334}, {'start_time': '10:53:30', 'end_time': '10:53:50', 'location': 'terminal', 'stop_id': '0212RUS', 'power': 150, 'energy_charged_kWh': 0.8333333333333334}, {'start_time': '10:53:50', 'end_time': '10:54:10', 'location': 'terminal', 'stop_id': '0213MRY', 'power': 150, 'energy_charged_kWh': 0.8333333333333334}, {'start_time': '11:57:55', 'end_time': '11:58:15', 'location': 'terminal', 'stop_id': '0212RUS', 'power': 150, 'energy_charged_kWh': 0.8333333333333334}, {'start_time': '13:02:40', 'end_time': '13:03:00', 'location': 'terminal', 'stop_id': '0213MRY', 'power': 150, 'energy_charged_kWh': 0.8333333333333334}, {'start_time': '14:06:45', 'end_time': '14:07:05', 'location': 'terminal', 'stop_id': '0212RUS', 'power': 150, 'energy_charged_kWh': 0.8333333333333334}, {'start_time': '15:59:05', 'end_time': '15:59:25', 'location': 'terminal', 'stop_id': '0212RUS', 'power': 150, 'energy_charged_kWh': 0.8333333333333334}, {'start_time': '15:59:25', 'end_time': '15:59:45', 'location': 'terminal', 'stop_id': '0213MRY', 'power': 150, 'energy_charged_kWh': 0.8333333333333334}, {'start_time': '18:07:55', 'end_time': '18:08:15', 'location': 'terminal', 'stop_id': '0212RUS', 'power': 150, 'energy_charged_kWh': 0.8333333333333334}, {'start_time': '19:12:20', 'end_time': '19:12:40', 'location': 'terminal', 'stop_id': '0212RUS', 'power': 150, 'energy_charged_kWh': 0.8333333333333334}, {'start_time': '19:12:40', 'end_time': '19:13:00', 'location': 'terminal', 'stop_id': '0213MRY', 'power': 150, 'energy_charged_kWh': 0.8333333333333334}, {'start_time': '20:17:05', 'end_time': '20:17:25', 'location': 'terminal', 'stop_id': '0213MRY', 'power': 150, 'energy_charged_kWh': 0.8333333333333334}, {'start_time': '21:26:00', 'end_time': '23:59:59', 'location': 'depot', 'power': 22, 'energy_charged_kWh': 56.46055555555556}]",False,143.82823489313878,0.0,132.1615682264724,132.1615682264724
1107D110_2,"[{'start_time': '00:00:00', 'end_time': '04:50:00', 'location': 'depot', 'power': 11, 'energy_charged_kWh': 53.166666666666664}, {'start_time': '07:58:50', 'end_time': '07:59:10', 'location': 'terminal', 'stop_id': '0213MRY', 'power': 150, 'energy_charged_kWh': 0.8333333333333334}, {'start_time': '09:34:05', 'end_time': '09:34:25', 'location': 'terminal', 'stop_id': '0212RUS', 'power': 150, 'energy_charged_kWh': 0.8333333333333334}, {'start_time': '09:34:25', 'end_time': '09:34:45', 'location': 'terminal', 'stop_id': '0213MRY', 'power': 150, 'energy_charged_kWh': 0.8333333333333334}, {'start_time': '10:38:30', 'end_time': '10:38:50', 'location': 'terminal', 'stop_id': '0212RUS', 'power': 150, 'energy_charged_kWh': 0.8333333333333334}, {'start_time': '12:47:20', 'end_time': '12:47:40', 'location': 'terminal', 'stop_id': '0212RUS', 'power': 150, 'energy_charged_kWh': 0.8333333333333334}, {'start_time': '12:47:40', 'end_time': '12:48:00', 'location': 'terminal', 'stop_id': '0213MRY', 'power': 150, 'energy_charged_kWh': 0.8333333333333334}, {'start_time': '16:58:30', 'end_time': '16:58:50', 'location': 'terminal', 'stop_id': '0212RUS', 'power': 150, 'energy_charged_kWh': 0.8333333333333334}, {'start_time': '18:02:55', 'end_time': '18:03:15', 'location': 'terminal', 'stop_id': '0212RUS', 'power': 150, 'energy_charged_kWh': 0.8333333333333334}, {'start_time': '18:03:15', 'end_time': '18:03:35', 'location': 'terminal', 'stop_id': '0213MRY', 'power': 150, 'energy_charged_kWh': 0.8333333333333334}, {'start_time': '19:07:20', 'end_time': '19:07:40', 'location': 'terminal', 'stop_id': '0212RUS', 'power': 150, 'energy_charged_kWh': 0.8333333333333334}, {'start_time': '22:10:00', 'end_time': '23:59:59', 'location': 'depot', 'power': 11, 'energy_charged_kWh': 20.163611111111113}]",False,144.29358177349687,62.62997066238576,135.9602484401639,135.9602484401639
1107D110_3,"[{'start_time': '00:00:00', 'end_time': '03:48:06', 'location': 'depot', 'power': 22, 'energy_charged_kWh': 83.64008587721933}, {'start_time': '06:49:05', 'end_time': '06:49:25', 'location': 'terminal', 'stop_id': '0212RUS', 'power': 150, 'energy_charged_kWh': 0.8333333333333334}, {'start_time': '06:49:25', 'end_time': '06:49:45', 'location': 'terminal', 'stop_id': '0213MRY', 'power': 150, 'energy_charged_kWh': 0.8333333333333334}, {'start_time': '07:53:30', 'end_time': '07:53:50', 'location': 'terminal', 'stop_id': '0212RUS', 'power': 150, 'energy_charged_kWh': 0.8333333333333334}, {'start_time': '08:57:55', 'end_time': '08:58:15', 'location': 'terminal', 'stop_id': '0212RUS', 'power': 150, 'energy_charged_kWh': 0.8333333333333334}, {'start_time': '09:19:25', 'end_time': '09:19:45', 'location': 'terminal', 'stop_id': '0213MRY', 'power': 150, 'energy_charged_kWh': 0.8333333333333334}, {'start_time': '10:23:50', 'end_time': '10:24:10', 'location': 'terminal', 'stop_id': '0213MRY', 'power': 150, 'energy_charged_kWh': 0.8333333333333334}, {'start_time': '11:28:15', 'end_time': '11:28:35', 'location': 'terminal', 'stop_id': '0213MRY', 'power': 150, 'energy_charged_kWh': 0.8333333333333334}, {'start_time': '13:36:45', 'end_time': '13:37:05', 'location': 'terminal', 'stop_id': '0212RUS', 'power': 150, 'energy_charged_kWh': 0.8333333333333334}, {'start_time': '14:41:10', 'end_time': '14:41:30', 'location': 'terminal', 'stop_id': '0212RUS', 'power': 150, 'energy_charged_kWh': 0.8333333333333334}, {'start_time': '14:41:30', 'end_time': '14:41:50', 'location': 'terminal', 'stop_id': '0213MRY', 'power': 150, 'energy_charged_kWh': 0.8333333333333334}, {'start_time': '19:02:40', 'end_time': '19:03:00', 'location': 'terminal', 'stop_id': '0213MRY', 'power': 150, 'energy_charged_kWh': 0.8333333333333334}, {'start_time': '20:06:45', 'end_time': '20:07:05', 'location': 'terminal', 'stop_id': '0212RUS', 'power': 150, 'energy_charged_kWh': 0.8333333333333334}, {'start_time': '20:07:05', 'end_time': '20:07:25', 'location': 'terminal', 'stop_id': '0213MRY', 'power': 150, 'energy_charged_kWh': 0.8333333333333334}, {'start_time': '21:45:00', 'end_time': '23:59:59', 'location': 'depot', 'power': 22, 'energy_charged_kWh': 49.49388888888889}]",False,143.96730809944157,0.0,133.13397476610854,133.13397476610854
1107D110_4,"[{'start_time': '00:00:00', 'end_time': '01:02:28', 'location': 'depot', 'power': 22, 'energy_charged_kWh': 22.910418560402782}, {'start_time': '07:48:30', 'end_time': '07:48:50', 'location': 'terminal', 'stop_id': '0212RUS', 'power': 150, 'energy_charged_kWh': 0.8333333333333334}, {'start_time': '07:48:50', 'end_time': '07:49:10', 'location': 'terminal', 'stop_id': '0213MRY', 'power': 150, 'energy_charged_kWh': 0.8333333333333334}, {'start_time': '08:52:55', 'end_time': '08:53:15', 'location': 'terminal', 'stop_id': '0212RUS', 'power': 150, 'energy_charged_kWh': 0.8333333333333334}, {'start_time': '08:53:15', 'end_time': '08:53:35', 'location': 'terminal', 'stop_id': '0213MRY', 'power': 150, 'energy_charged_kWh': 0.8333333333333334}, {'start_time': '15:44:05', 'end_time': '15:44:25', 'location': 'terminal', 'stop_id': '0212RUS', 'power': 150, 'energy_charged_kWh': 0.8333333333333334}, {'start_time': '15:44:25', 'end_time': '15:44:45', 'location': 'terminal', 'stop_id': '0213MRY', 'power': 150, 'energy_charged_kWh': 0.8333333333333334}, {'start_time': '16:48:30', 'end_time': '16:48:50', 'location': 'terminal', 'stop_id': '0212RUS', 'power': 150, 'energy_charged_kWh': 0.8333333333333334}, {'start_time': '16:48:50', 'end_time': '16:49:10', 'location': 'terminal', 'stop_id': '0213MRY', 'power': 150, 'energy_charged_kWh': 0.8333333333333334}, {'start_time': '17:53:15', 'end_time': '17:53:35', 'location': 'terminal', 'stop_id': '0213MRY', 'power': 150, 'energy_charged_kWh': 0.8333333333333334}, {'start_time': '18:57:20', 'end_time': '18:57:40', 'location': 'terminal', 'stop_id': '0212RUS', 'power': 150, 'energy_charged_kWh': 0.8333333333333334}, {'start_time': '18:57:40', 'end_time': '18:58:00', 'location': 'terminal', 'stop_id': '0213MRY', 'power': 150, 'energy_charged_kWh': 0.8333333333333334}, {'start_time': '20:01:45', 'end_time': '20:02:05', 'location': 'terminal', 'stop_id': '0212RUS', 'power': 150, 'energy_charged_kWh': 0.8333333333333334}, {'start_time': '21:34:00', 'end_time': '23:59:59', 'location': 'depot', 'power': 22, 'energy_charged_kWh': 53.52722222222223}]",False,86.43764078262501,0.0,76.43764078262508,76.43764078262508
1107D110_5,"[{'start_time': '00:00:00', 'end_time': '01:03:29', 'location': 'depot', 'power': 22, 'energy_charged_kWh': 23.281509606922697}, {'start_time': '06:39:05', 'end_time': '06:39:25', 'location': 'terminal', 'stop_id': '0212RUS', 'power': 150, 'energy_charged_kWh': 0.8333333333333334}, {'start_time': '08:47:55', 'end_time': '08:48:15', 'location': 'terminal', 'stop_id': '0212RUS', 'power': 150, 'energy_charged_kWh': 0.8333333333333334}, {'start_time': '15:39:25', 'end_time': '15:39:45', 'location': 'terminal', 'stop_id': '0213MRY', 'power': 150, 'energy_charged_kWh': 0.8333333333333334}, {'start_time': '16:43:50', 'end_time': '16:44:10', 'location': 'terminal', 'stop_id': '0213MRY', 'power': 150, 'energy_charged_kWh': 0.8333333333333334}, {'start_time': '18:52:40', 'end_time': '18:53:00', 'location': 'terminal', 'stop_id': '0213MRY', 'power': 150, 'energy_charged_kWh': 0.8333333333333334}, {'start_time': '19:56:45', 'end_time': '19:57:05', 'location': 'terminal', 'stop_id': '0212RUS', 'power': 150, 'energy_charged_kWh': 0.8333333333333334}, {'start_time': '21:21:00', 'end_time': '23:59:59', 'location': 'depot', 'power': 22, 'energy_charged_kWh': 58.29388888888889}]",False,86.57539849581158,0.0,81.57539849581168,81.57539849581168
1107D110_6,"[{'start_time': '00:00:00', 'end_time': '04:33:31', 'location': 'depot', 'power': 11, 'energy_charged_kWh': 50.14737031192014}, {'start_time': '06:34:25', 'end_time': '06:34:45', 'location': 'terminal', 'stop_id': '0213MRY', 'power': 150, 'energy_charged_kWh': 0.8333333333333334}, {'start_time': '08:42:55', 'end_time': '08:43:15', 'location': 'terminal', 'stop_id': '0212RUS', 'power': 150, 'energy_charged_kWh': 0.8333333333333334}, {'start_time': '16:38:50', 'end_time': '16:39:10', 'location': 'terminal', 'stop_id': '0213MRY', 'power': 150, 'energy_charged_kWh': 0.8333333333333334}, {'start_time': '17:43:15', 'end_time': '17:43:35', 'location': 'terminal', 'stop_id': '0213MRY', 'power': 150, 'energy_charged_kWh': 0.8333333333333334}, {'start_time': '18:47:20', 'end_time': '18:47:40', 'location': 'terminal', 'stop_id': '0212RUS', 'power': 150, 'energy_charged_kWh': 0.8333333333333334}, {'start_time': '18:47:40', 'end_time': '18:48:00', 'location': 'terminal', 'stop_id': '0213MRY', 'power': 150, 'energy_charged_kWh': 0.8333333333333334}, {'start_time': '19:52:05', 'end_time': '19:52:25', 'location': 'terminal', 'stop_id': '0213MRY', 'power': 150, 'energy_charged_kWh': 0.8333333333333334}, {'start_time': '20:56:30', 'end_time': '20:56:50', 'location': 'terminal', 'stop_id': '0213MRY', 'power': 150, 'energy_charged_kWh': 0.8333333333333334}, {'start_time': '21:17:00', 'end_time': '23:59:59', 'location': 'depot', 'power': 11, 'energy_charged_kWh': 29.880277777777778}]",False,86.69431475636459,0.0,80.16265246971848,80.16265246971848
1107D110_7,"[{'start_time': '00:00:00', 'end_time': '05:00:20', 'location': 'depot', 'power': 11, 'energy_charged_kWh': 55.06389403773407}, {'start_time': '08:38:15', 'end_time': '08:38:35', 'location': 'terminal', 'stop_id': '0213MRY', 'power': 150, 'energy_charged_kWh': 0.8333333333333334}, {'start_time': '15:29:05', 'end_time': '15:29:25', 'location': 'terminal', 'stop_id': '0212RUS', 'power': 150, 'energy_charged_kWh': 0.8333333333333334}, {'start_time': '16:33:50', 'end_time': '16:34:10', 'location': 'terminal', 'stop_id': '0213MRY', 'power': 150, 'energy_charged_kWh': 0.8333333333333334}, {'start_time': '17:38:15', 'end_time': '17:38:35', 'location': 'terminal', 'stop_id': '0213MRY', 'power': 150, 'energy_charged_kWh': 0.8333333333333334}, {'start_time': '18:42:20', 'end_time': '18:42:40', 'location': 'terminal', 'stop_id': '0212RUS', 'power': 150, 'energy_charged_kWh': 0.8333333333333334}, {'start_time': '18:42:40', 'end_time': '18:43:00', 'location': 'terminal', 'stop_id': '0213MRY', 'power': 150, 'energy_charged_kWh': 0.8333333333333334}, {'start_time': '19:46:45', 'end_time': '19:47:05', 'location': 'terminal', 'stop_id': '0212RUS', 'power': 150, 'energy_charged_kWh': 0.8333333333333334}, {'start_time': '20:51:10', 'end_time': '20:51:30', 'location': 'terminal', 'stop_id': '0212RUS', 'power': 150, 'energy_charged_kWh': 0.8333333333333334}, {'start_time': '21:46:00', 'end_time': '23:59:59', 'location': 'depot', 'power': 11, 'energy_charged_kWh': 24.56361111111111}]",False,86.29417181551186,1.4210854715202004e-14,79.62750514884527,79.62750514884527
1107D110_8,"[{'start_time': '00:00:00', 'end_time': '01:14:47', 'location': 'depot', 'power': 22, 'energy_charged_kWh': 27.423028791321755}, {'start_time': '06:24:05', 'end_time': '06:24:25', 'location': 'terminal', 'stop_id': '0212RUS', 'power': 150, 'energy_charged_kWh': 0.8333333333333334}, {'start_time': '07:28:30', 'end_time': '07:28:50', 'location': 'terminal', 'stop_id': '0212RUS', 'power': 150, 'energy_charged_kWh': 0.8333333333333334}, {'start_time': '07:28:50', 'end_time': '07:29:10', 'location': 'terminal', 'stop_id': '0213MRY', 'power': 150, 'energy_charged_kWh': 0.8333333333333334}, {'start_time': '15:24:05', 'end_time': '15:24:25', 'location': 'terminal', 'stop_id': '0212RUS', 'power': 150, 'energy_charged_kWh': 0.8333333333333334}, {'start_time': '17:32:55', 'end_time': '17:33:15', 'location': 'terminal', 'stop_id': '0212RUS', 'power': 150, 'energy_charged_kWh': 0.8333333333333334}, {'start_time': '17:33:15', 'end_time': '17:33:35', 'location': 'terminal', 'stop_id': '0213MRY', 'power': 150, 'energy_charged_kWh': 0.8333333333333334}, {'start_time': '18:37:20', 'end_time': '18:37:40', 'location': 'terminal', 'stop_id': '0212RUS', 'power': 150, 'energy_charged_kWh': 0.8333333333333334}, {'start_time': '19:41:45', 'end_time': '19:42:05', 'location': 'terminal', 'stop_id': '0212RUS', 'power': 150, 'energy_charged_kWh': 0.8333333333333334}, {'start_time': '21:38:00', 'end_time': '23:59:59', 'location': 'depot', 'power': 22, 'energy_charged_kWh': 52.06055555555555}]",False,86.15025101354398,0.0,79.4835843468774,79.4835843468774
1107D110_9,"[{'start_time': '00:00:00', 'end_time': '04:51:58', 'location': 'depot', 'power': 11, 'energy_charged_kWh': 53.5286706550205}, {'start_time': '06:19:05', 'end_time': '06:19:25', 'location': 'terminal', 'stop_id': '0212RUS', 'power': 150, 'energy_charged_kWh': 0.8333333333333334}, {'start_time': '07:23:30', 'end_time': '07:23:50', 'location': 'terminal', 'stop_id': '0212RUS', 'power': 150, 'energy_charged_kWh': 0.8333333333333334}, {'start_time': '15:19:25', 'end_time': '15:19:45', 'location': 'terminal', 'stop_id': '0213MRY', 'power': 150, 'energy_charged_kWh': 0.8333333333333334}, {'start_time': '16:23:30', 'end_time': '16:23:50', 'location': 'terminal', 'stop_id': '0212RUS', 'power': 150, 'energy_charged_kWh': 0.8333333333333334}, {'start_time': '17:27:55', 'end_time': '17:28:15', 'location': 'terminal', 'stop_id': '0212RUS', 'power': 150, 'energy_charged_kWh': 0.8333333333333334}, {'start_time': '17:28:15', 'end_time': '17:28:35', 'location': 'terminal', 'stop_id': '0213MRY', 'power': 150, 'energy_charged_kWh': 0.8333333333333334}, {'start_time': '18:32:20', 'end_time': '18:32:40', 'location': 'terminal', 'stop_id': '0212RUS', 'power': 150, 'energy_charged_kWh': 0.8333333333333334}, {'start_time': '18:32:40', 'end_time': '18:33:00', 'location': 'terminal', 'stop_id': '0213MRY', 'power': 150, 'energy_charged_kWh': 0.8333333333333334}, {'start_time': '19:36:45', 'end_time': '19:37:05', 'location': 'terminal', 'stop_id': '0212RUS', 'power': 150, 'energy_charged_kWh': 0.8333333333333334}, {'start_time': '19:37:05', 'end_time': '19:37:25', 'location': 'terminal', 'stop_id': '0213MRY', 'power': 150, 'energy_charged_kWh': 0.8333333333333334}, {'start_time': '21:48:00', 'end_time': '23:59:59', 'location': 'depot', 'power': 11, 'energy_charged_kWh': 24.196944444444448}]",False,86.05894843279827,0.0,77.72561509946505,77.72561509946505
1107D110_10,"[{'start_time': '00:00:00', 'end_time': '01:00:55', 'location': 'depot', 'power': 22, 'energy_charged_kWh': 22.337068874776946}, {'start_time': '06:14:05', 'end_time': '06:14:25', 'location': 'terminal', 'stop_id': '0212RUS', 'power': 150, 'energy_charged_kWh': 0.8333333333333334}, {'start_time': '06:14:25', 'end_time': '06:14:45', 'location': 'terminal', 'stop_id': '0213MRY', 'power': 150, 'energy_charged_kWh': 0.8333333333333334}, {'start_time': '07:18:30', 'end_time': '07:18:50', 'location': 'terminal', 'stop_id': '0212RUS', 'power': 150, 'energy_charged_kWh': 0.8333333333333334}, {'start_time': '08:23:15', 'end_time': '08:23:35', 'location': 'terminal', 'stop_id': '0213MRY', 'power': 150, 'energy_charged_kWh': 0.8333333333333334}, {'start_time': '15:14:05', 'end_time': '15:14:25', 'location': 'terminal', 'stop_id': '0212RUS', 'power': 150, 'energy_charged_kWh': 0.8333333333333334}, {'start_time': '16:18:30', 'end_time': '16:18:50', 'location': 'terminal', 'stop_id': '0212RUS', 'power': 150, 'energy_charged_kWh': 0.8333333333333334}, {'start_time': '16:18:50', 'end_time': '16:19:10', 'location': 'terminal', 'stop_id': '0213MRY', 'power': 150, 'energy_charged_kWh': 0.8333333333333334}, {'start_time': '17:23:15', 'end_time': '17:23:35', 'location': 'terminal', 'stop_id': '0213MRY', 'power': 150, 'energy_charged_kWh': 0.8333333333333334}, {'start_time': '18:27:40', 'end_time': '18:28:00', 'location': 'terminal', 'stop_id': '0213MRY', 'power': 150, 'energy_charged_kWh': 0.8333333333333334}, {'start_time': '19:31:45', 'end_time': '19:32:05', 'location': 'terminal', 'stop_id': '0212RUS', 'power': 150, 'energy_charged_kWh': 0.8333333333333334}, {'start_time': '21:29:00', 'end_time': '23:59:59', 'location': 'depot', 'power': 22, 'energy_charged_kWh': 55.36055555555555}]",False,86.03095776366582,0.0,77.69762443033254,77.69762443033254
1107D110_11,"[{'start_time': '00:00:00', 'end_time': '01:12:25', 'location': 'depot', 'power': 22, 'energy_charged_kWh': 26.55707327277942}, {'start_time': '06:09:05', 'end_time': '06:09:25', 'location': 'terminal', 'stop_id': '0212RUS', 'power': 150, 'energy_charged_kWh': 0.8333333333333334}, {'start_time': '15:09:25', 'end_time': '15:09:45', 'location': 'terminal', 'stop_id': '0213MRY', 'power': 150, 'energy_charged_kWh': 0.8333333333333334}, {'start_time': '16:13:30', 'end_time': '16:13:50', 'location': 'terminal', 'stop_id': '0212RUS', 'power': 150, 'energy_charged_kWh': 0.8333333333333334}, {'start_time': '18:22:20', 'end_time': '18:22:40', 'location': 'terminal', 'stop_id': '0212RUS', 'power': 150, 'energy_charged_kWh': 0.8333333333333334}, {'start_time': '19:26:45', 'end_time': '19:27:05', 'location': 'terminal', 'stop_id': '0212RUS', 'power': 150, 'energy_charged_kWh': 0.8333333333333334}, {'start_time': '19:27:05', 'end_time': '19:27:25', 'location': 'terminal', 'stop_id': '0213MRY', 'power': 150, 'energy_charged_kWh': 0.8333333333333334}, {'start_time': '21:32:00', 'end_time': '23:59:59', 'location': 'depot', 'power': 22, 'energy_charged_kWh': 54.260555555555555}]",False,85.81762882833497,0.0,80.81762882833509,80.81762882833509
1107D110_12,"[{'start_time': '00:00:00', 'end_time': '04:09:09', 'location': 'depot', 'power': 11, 'energy_charged_kWh': 45.679130290557985}, {'start_time': '06:04:05', 'end_time': '06:04:25', 'location': 'terminal', 'stop_id': '0212RUS', 'power': 150, 'energy_charged_kWh': 0.8333333333333334}, {'start_time': '07:08:50', 'end_time': '07:09:10', 'location': 'terminal', 'stop_id': '0213MRY', 'power': 150, 'energy_charged_kWh': 0.8333333333333334}, {'start_time': '15:04:05', 'end_time': '15:04:25', 'location': 'terminal', 'stop_id': '0212RUS', 'power': 150, 'energy_charged_kWh': 0.8333333333333334}, {'start_time': '15:04:25', 'end_time': '15:04:45', 'location': 'terminal', 'stop_id': '0213MRY', 'power': 150, 'energy_charged_kWh': 0.8333333333333334}, {'start_time': '16:08:50', 'end_time': '16:09:10', 'location': 'terminal', 'stop_id': '0213MRY', 'power': 150, 'energy_charged_kWh': 0.8333333333333334}, {'start_time': '17:12:55', 'end_time': '17:13:15', 'location': 'terminal', 'stop_id': '0212RUS', 'power': 150, 'energy_charged_kWh': 0.8333333333333334}, {'start_time': '19:21:45', 'end_time': '19:22:05', 'location': 'terminal', 'stop_id': '0212RUS', 'power': 150, 'energy_charged_kWh': 0.8333333333333334}, {'start_time': '20:26:10', 'end_time': '20:26:30', 'location': 'terminal', 'stop_id': '0212RUS', 'power': 150, 'energy_charged_kWh': 0.8333333333333334}, {'start_time': '20:26:30', 'end_time': '20:26:50', 'location': 'terminal', 'stop_id': '0213MRY', 'power': 150, 'energy_charged_kWh': 0.8333333333333334}, {'start_time': '21:00:00', 'end_time': '23:59:59', 'location': 'depot', 'power': 11, 'energy_charged_kWh': 32.996944444444445}]",False,86.17607473500243,0.0,78.80885819840036,78.67607473500253
10114110_0,"[{'start_time': '00:00:00', 'end_time': '05:38:00', 'location': 'depot', 'power': 11, 'energy_charged_kWh': 61.96666666666667}, {'start_time': '07:28:15', 'end_time': '07:28:35', 'location': 'terminal', 'stop_id': '0110IRT', 'power': 150, 'energy_charged_kWh': 0.8333333333333334}, {'start_time': '08:57:10', 'end_time': '08:57:30', 'location': 'terminal', 'stop_id': '0113LMD', 'power': 150, 'energy_charged_kWh': 0.8333333333333334}, {'start_time': '10:28:15', 'end_time': '10:28:35', 'location': 'terminal', 'stop_id': '0110IRT', 'power': 150, 'energy_charged_kWh': 0.8333333333333334}, {'start_time': '10:28:35', 'end_time': '10:28:55', 'location': 'terminal', 'stop_id': '0113LMD', 'power': 150, 'energy_charged_kWh': 0.8333333333333334}, {'start_time': '13:25:25', 'end_time': '13:25:45', 'location': 'terminal', 'stop_id': '0110IRT', 'power': 150, 'energy_charged_kWh': 0.8333333333333334}, {'start_time': '13:25:45', 'end_time': '13:26:05', 'location': 'terminal', 'stop_id': '0113LMD', 'power': 150, 'energy_charged_kWh': 0.8333333333333334}, {'start_time': '14:54:00', 'end_time': '14:54:20', 'location': 'terminal', 'stop_id': '0110IRT', 'power': 150, 'energy_charged_kWh': 0.8333333333333334}, {'start_time': '14:54:20', 'end_time': '14:54:40', 'location': 'terminal', 'stop_id': '0113LMD', 'power': 150, 'energy_charged_kWh': 0.8333333333333334}, {'start_time': '16:28:15', 'end_time': '16:28:35', 'location': 'terminal', 'stop_id': '0110IRT', 'power': 150, 'energy_charged_kWh': 0.8333333333333334}, {'start_time': '17:57:10', 'end_time': '17:57:30', 'location': 'terminal', 'stop_id': '0113LMD', 'power': 150, 'energy_charged_kWh': 0.8333333333333334}, {'start_time': '20:54:00', 'end_time': '20:54:20', 'location': 'terminal', 'stop_id': '0110IRT', 'power': 150, 'energy_charged_kWh': 0.8333333333333334}, {'start_time': '21:22:00', 'end_time': '23:59:59', 'location': 'depot', 'power': 11, 'energy_charged_kWh': 28.96361111111111}]",False,130.8394109390452,30.742466494600748,121.67274427237835,121.67274427237835
10114110_1,"[{'start_time': '00:00:00', 'end_time': '03:22:06', 'location': 'depot', 'power': 22, 'energy_charged_kWh': 74.10359571494514}, {'start_time': '07:23:35', 'end_time': '07:23:55', 'location': 'terminal', 'stop_id': '0113LMD', 'power': 150, 'energy_charged_kWh': 0.8333333333333334}, {'start_time': '08:51:50', 'end_time': '08:52:10', 'location': 'terminal', 'stop_id': '0110IRT', 'power': 150, 'energy_charged_kWh': 0.8333333333333334}, {'start_time': '11:42:10', 'end_time': '11:42:30', 'location': 'terminal', 'stop_id': '0113LMD', 'power': 150, 'energy_charged_kWh': 0.8333333333333334}, {'start_time': '13:10:25', 'end_time': '13:10:45', 'location': 'terminal', 'stop_id': '0110IRT', 'power': 150, 'energy_charged_kWh': 0.8333333333333334}, {'start_time': '14:39:00', 'end_time': '14:39:20', 'location': 'terminal', 'stop_id': '0110IRT', 'power': 150, 'energy_charged_kWh': 0.8333333333333334}, {'start_time': '14:39:20', 'end_time': '14:39:40', 'location': 'terminal', 'stop_id': '0113LMD', 'power': 150, 'energy_charged_kWh': 0.8333333333333334}, {'start_time': '16:23:15', 'end_time': '16:23:35', 'location': 'terminal', 'stop_id': '0110IRT', 'power': 150, 'energy_charged_kWh': 0.8333333333333334}, {'start_time': '17:52:10', 'end_time': '17:52:30', 'location': 'terminal', 'stop_id': '0113LMD', 'power': 150, 'energy_charged_kWh': 0.8333333333333334}, {'start_time': '19:20:25', 'end_time': '19:20:45', 'location': 'terminal', 'stop_id': '0110IRT', 'power': 150, 'energy_charged_kWh': 0.8333333333333334}, {'start_time': '19:20:45', 'end_time': '19:21:05', 'location': 'terminal', 'stop_id': '0113LMD', 'power': 150, 'energy_charged_kWh': 0.8333333333333334}, {'start_time': '20:49:00', 'end_time': '20:49:20', 'location': 'terminal', 'stop_id': '0110IRT', 'power': 150, 'energy_charged_kWh': 0.8333333333333334}, {'start_time': '21:51:00', 'end_time': '23:59:59', 'location': 'depot', 'power': 22, 'energy_charged_kWh': 47.29388888888889}]",False,130.5641512705007,0.0,121.39748460383403,121.39748460383389
10114110_2,"[{'start_time': '00:00:00', 'end_time': '03:17:00', 'location': 'depot', 'power': 22, 'energy_charged_kWh': 72.23343831003355}, {'start_time': '07:18:15', 'end_time': '07:18:35', 'location': 'terminal', 'stop_id': '0110IRT', 'power': 150, 'energy_charged_kWh': 0.8333333333333334}, {'start_time': '08:46:50', 'end_time': '08:47:10', 'location': 'terminal', 'stop_id': '0110IRT', 'power': 150, 'energy_charged_kWh': 0.8333333333333334}, {'start_time': '09:58:15', 'end_time': '09:58:35', 'location': 'terminal', 'stop_id': '0110IRT', 'power': 150, 'energy_charged_kWh': 0.8333333333333334}, {'start_time': '11:27:10', 'end_time': '11:27:30', 'location': 'terminal', 'stop_id': '0113LMD', 'power': 150, 'energy_charged_kWh': 0.8333333333333334}, {'start_time': '12:55:25', 'end_time': '12:55:45', 'location': 'terminal', 'stop_id': '0110IRT', 'power': 150, 'energy_charged_kWh': 0.8333333333333334}, {'start_time': '12:55:45', 'end_time': '12:56:05', 'location': 'terminal', 'stop_id': '0113LMD', 'power': 150, 'energy_charged_kWh': 0.8333333333333334}, {'start_time': '16:18:15', 'end_time': '16:18:35', 'location': 'terminal', 'stop_id': '0110IRT', 'power': 150, 'energy_charged_kWh': 0.8333333333333334}, {'start_time': '17:47:10', 'end_time': '17:47:30', 'location': 'terminal', 'stop_id': '0113LMD', 'power': 150, 'energy_charged_kWh': 0.8333333333333334}, {'start_time': '20:44:20', 'end_time': '20:44:40', 'location': 'terminal', 'stop_id': '0113LMD', 'power': 150, 'energy_charged_kWh': 0.8333333333333334}, {'start_time': '21:45:00', 'end_time': '23:59:59', 'location': 'depot', 'power': 22, 'energy_charged_kWh': 49.49388888888889}]",False,129.22732719892244,0.0,121.72732719892244,121.72732719892231
10114110_3,"[{'start_time': '00:00:00', 'end_time': '05:08:00', 'location': 'depot', 'power': 11, 'energy_charged_kWh': 56.46666666666667}, {'start_time': '07:13:15', 'end_time': '07:13:35', 'location': 'terminal', 'stop_id': '0110IRT', 'power': 150, 'energy_charged_kWh': 0.8333333333333334}, {'start_time': '08:41:50', 'end_time': '08:42:10', 'location': 'terminal', 'stop_id': '0110IRT', 'power': 150, 'energy_charged_kWh': 0.8333333333333334}, {'start_time': '08:42:10', 'end_time': '08:42:30', 'location': 'terminal', 'stop_id': '0113LMD', 'power': 150, 'energy_charged_kWh': 0.8333333333333334}, {'start_time': '11:11:50', 'end_time': '11:12:10', 'location': 'terminal', 'stop_id': '0110IRT', 'power': 150, 'energy_charged_kWh': 0.8333333333333334}, {'start_time': '12:40:25', 'end_time': '12:40:45', 'location': 'terminal', 'stop_id': '0110IRT', 'power': 150, 'energy_charged_kWh': 0.8333333333333334}, {'start_time': '14:09:20', 'end_time': '14:09:40', 'location': 'terminal', 'stop_id': '0113LMD', 'power': 150, 'energy_charged_kWh': 0.8333333333333334}, {'start_time': '16:13:35', 'end_time': '16:13:55', 'location': 'terminal', 'stop_id': '0113LMD', 'power': 150, 'energy_charged_kWh': 0.8333333333333334}, {'start_time': '19:10:45', 'end_time': '19:11:05', 'location': 'terminal', 'stop_id': '0113LMD', 'power': 150, 'energy_charged_kWh': 0.8333333333333334}, {'start_time': '21:52:00', 'end_time': '23:59:59', 'location': 'depot', 'power': 11, 'energy_charged_kWh': 23.46361111111111}]",False,129.65314613421754,43.05620168977309,122.9864794675507,122.9864794675507
10114110_4,"[{'start_time': '00:00:00', 'end_time': '02:56:02', 'location': 'depot', 'power': 22, 'energy_charged_kWh': 64.54688302930455}, {'start_time': '07:08:15', 'end_time': '07:08:35', 'location': 'terminal', 'stop_id': '0110IRT', 'power': 150, 'energy_charged_kWh': 0.8333333333333334}, {'start_time': '08:37:10', 'end_time': '08:37:30', 'location': 'terminal', 'stop_id': '0113LMD', 'power': 150, 'energy_charged_kWh': 0.8333333333333334}, {'start_time': '10:57:10', 'end_time': '10:57:30', 'location': 'terminal', 'stop_id': '0113LMD', 'power': 150, 'energy_charged_kWh': 0.8333333333333334}, {'start_time': '12:25:45', 'end_time': '12:26:05', 'location': 'terminal', 'stop_id': '0113LMD', 'power': 150, 'energy_charged_kWh': 0.8333333333333334}, {'start_time': '13:54:20', 'end_time': '13:54:40', 'location': 'terminal', 'stop_id': '0113LMD', 'power': 150, 'energy_charged_kWh': 0.8333333333333334}, {'start_time': '16:08:15', 'end_time': '16:08:35', 'location': 'terminal', 'stop_id': '0110IRT', 'power': 150, 'energy_charged_kWh': 0.8333333333333334}, {'start_time': '16:08:35', 'end_time': '16:08:55', 'location': 'terminal', 'stop_id': '0113LMD', 'power': 150, 'energy_charged_kWh': 0.8333333333333334}, {'start_time': '17:36:50', 'end_time': '17:37:10', 'location': 'terminal', 'stop_id': '0110IRT', 'power': 150, 'energy_charged_kWh': 0.8333333333333334}, {'start_time': '19:05:25', 'end_time': '19:05:45', 'location': 'terminal', 'stop_id': '0110IRT', 'power': 150, 'energy_charged_kWh': 0.8333333333333334}, {'start_time': '19:05:45', 'end_time': '19:06:05', 'location': 'terminal', 'stop_id': '0113LMD', 'power': 150, 'energy_charged_kWh': 0.8333333333333334}, {'start_time': '20:34:00', 'end_time': '20:34:20', 'location': 'terminal', 'stop_id': '0110IRT', 'power': 150, 'energy_charged_kWh': 0.8333333333333334}, {'start_time': '20:34:20', 'end_time': '20:34:40', 'location': 'terminal', 'stop_id': '0113LMD', 'power': 150, 'energy_charged_kWh': 0.8333333333333334}, {'start_time': '21:31:00', 'end_time': '23:59:59', 'location': 'depot', 'power': 22, 'energy_charged_kWh': 54.62722222222222}]",False,129.17410525152678,0.0,119.17410525152677,119.17410525152663
10114110_5,"[{'start_time': '00:00:00', 'end_time': '03:29:44', 'location': 'depot', 'power': 22, 'energy_charged_kWh': 76.90754247844046}, {'start_time': '08:32:10', 'end_time': '08:32:30', 'location': 'terminal', 'stop_id': '0113LMD', 'power': 150, 'energy_charged_kWh': 0.8333333333333334}, {'start_time': '10:42:10', 'end_time': '10:42:30', 'location': 'terminal', 'stop_id': '0113LMD', 'power': 150, 'energy_charged_kWh': 0.8333333333333334}, {'start_time': '13:39:00', 'end_time': '13:39:20', 'location': 'terminal', 'stop_id': '0110IRT', 'power': 150, 'energy_charged_kWh': 0.8333333333333334}, {'start_time': '16:03:35', 'end_time': '16:03:55', 'location': 'terminal', 'stop_id': '0113LMD', 'power': 150, 'energy_charged_kWh': 0.8333333333333334}, {'start_time': '17:31:50', 'end_time': '17:32:10', 'location': 'terminal', 'stop_id': '0110IRT', 'power': 150, 'energy_charged_kWh': 0.8333333333333334}, {'start_time': '17:32:10', 'end_time': '17:32:30', 'location': 'terminal', 'stop_id': '0113LMD', 'power': 150, 'energy_charged_kWh': 0.8333333333333334}, {'start_time': '21:50:00', 'end_time': '23:59:59', 'location': 'depot', 'power': 22, 'energy_charged_kWh': 47.660555555555554}]",False,129.56809803399602,0.0,124.56809803399601,124.56809803399584
10114110_6,"[{'start_time': '00:00:00', 'end_time': '03:58:30', 'location': 'depot', 'power': 11, 'energy_charged_kWh': 43.72515906017652}, {'start_time': '06:58:35', 'end_time': '06:58:55', 'location': 'terminal', 'stop_id': '0113LMD', 'power': 150, 'energy_charged_kWh': 0.8333333333333334}, {'start_time': '08:26:50', 'end_time': '08:27:10', 'location': 'terminal', 'stop_id': '0110IRT', 'power': 150, 'energy_charged_kWh': 0.8333333333333334}, {'start_time': '08:27:10', 'end_time': '08:27:30', 'location': 'terminal', 'stop_id': '0113LMD', 'power': 150, 'energy_charged_kWh': 0.8333333333333334}, {'start_time': '15:58:15', 'end_time': '15:58:35', 'location': 'terminal', 'stop_id': '0110IRT', 'power': 150, 'energy_charged_kWh': 0.8333333333333334}, {'start_time': '15:58:35', 'end_time': '15:58:55', 'location': 'terminal', 'stop_id': '0113LMD', 'power': 150, 'energy_charged_kWh': 0.8333333333333334}, {'start_time': '17:27:10', 'end_time': '17:27:30', 'location': 'terminal', 'stop_id': '0113LMD', 'power': 150, 'energy_charged_kWh': 0.8333333333333334}, {'start_time': '18:55:25', 'end_time': '18:55:45', 'location': 'terminal', 'stop_id': '0110IRT', 'power': 150, 'energy_charged_kWh': 0.8333333333333334}, {'start_time': '18:55:45', 'end_time': '18:56:05', 'location': 'terminal', 'stop_id': '0113LMD', 'power': 150, 'energy_charged_kWh': 0.8333333333333334}, {'start_time': '21:34:00', 'end_time': '23:59:59', 'location': 'depot', 'power': 11, 'energy_charged_kWh': 26.763611111111114}]",False,77.15543683795431,1.4210854715202004e-14,70.4887701712878,70.4887701712878
10114110_7,"[{'start_time': '00:00:00', 'end_time': '03:58:06', 'location': 'depot', 'power': 11, 'energy_charged_kWh': 43.654447701625756}, {'start_time': '06:53:15', 'end_time': '06:53:35', 'location': 'terminal', 'stop_id': '0110IRT', 'power': 150, 'energy_charged_kWh': 0.8333333333333334}, {'start_time': '08:21:50', 'end_time': '08:22:10', 'location': 'terminal', 'stop_id': '0110IRT', 'power': 150, 'energy_charged_kWh': 0.8333333333333334}, {'start_time': '08:22:10', 'end_time': '08:22:30', 'location': 'terminal', 'stop_id': '0113LMD', 'power': 150, 'energy_charged_kWh': 0.8333333333333334}, {'start_time': '15:53:35', 'end_time': '15:53:55', 'location': 'terminal', 'stop_id': '0113LMD', 'power': 150, 'energy_charged_kWh': 0.8333333333333334}, {'start_time': '17:21:50', 'end_time': '17:22:10', 'location': 'terminal', 'stop_id': '0110IRT', 'power': 150, 'energy_charged_kWh': 0.8333333333333334}, {'start_time': '17:22:10', 'end_time': '17:22:30', 'location': 'terminal', 'stop_id': '0113LMD', 'power': 150, 'energy_charged_kWh': 0.8333333333333334}, {'start_time': '18:50:25', 'end_time': '18:50:45', 'location': 'terminal', 'stop_id': '0110IRT', 'power': 150, 'energy_charged_kWh': 0.8333333333333334}, {'start_time': '20:19:00', 'end_time': '20:19:20', 'location': 'terminal', 'stop_id': '0110IRT', 'power': 150, 'energy_charged_kWh': 0.8333333333333334}, {'start_time': '20:19:20', 'end_time': '20:19:40', 'location': 'terminal', 'stop_id': '0113LMD', 'power': 150, 'energy_charged_kWh': 0.8333333333333334}, {'start_time': '21:37:00', 'end_time': '23:59:59', 'location': 'depot', 'power': 11, 'energy_charged_kWh': 26.21361111111111}]",False,77.36805881273686,0.0,69.86805881273699,69.86805881273699
10114110_8,"[{'start_time': '00:00:00', 'end_time': '04:16:48', 'location': 'depot', 'power': 11, 'energy_charged_kWh': 47.08291925965151}, {'start_time': '06:48:35', 'end_time': '06:48:55', 'location': 'terminal', 'stop_id': '0113LMD', 'power': 150, 'energy_charged_kWh': 0.8333333333333334}, {'start_time': '08:17:10', 'end_time': '08:17:30', 'location': 'terminal', 'stop_id': '0113LMD', 'power': 150, 'energy_charged_kWh': 0.8333333333333334}, {'start_time': '15:48:35', 'end_time': '15:48:55', 'location': 'terminal', 'stop_id': '0113LMD', 'power': 150, 'energy_charged_kWh': 0.8333333333333334}, {'start_time': '17:16:50', 'end_time': '17:17:10', 'location': 'terminal', 'stop_id': '0110IRT', 'power': 150, 'energy_charged_kWh': 0.8333333333333334}, {'start_time': '20:14:00', 'end_time': '20:14:20', 'location': 'terminal', 'stop_id': '0110IRT', 'power': 150, 'energy_charged_kWh': 0.8333333333333334}, {'start_time': '21:38:00', 'end_time': '23:59:59', 'location': 'depot', 'power': 11, 'energy_charged_kWh': 26.030277777777776}]",False,77.27986370409596,0.0,73.11319703742942,73.11319703742942
10114110_9,"[{'start_time': '00:00:00', 'end_time': '01:06:07', 'location': 'depot', 'power': 22, 'energy_charged_kWh': 24.248783444329455}, {'start_time': '08:11:50', 'end_time': '08:12:10', 'location': 'terminal', 'stop_id': '0110IRT', 'power': 150, 'energy_charged_kWh': 0.8333333333333334}, {'start_time': '08:12:10', 'end_time': '08:12:30', 'location': 'terminal', 'stop_id': '0113LMD', 'power': 150, 'energy_charged_kWh': 0.8333333333333334}, {'start_time': '15:43:35', 'end_time': '15:43:55', 'location': 'terminal', 'stop_id': '0113LMD', 'power': 150, 'energy_charged_kWh': 0.8333333333333334}, {'start_time': '17:11:50', 'end_time': '17:12:10', 'location': 'terminal', 'stop_id': '0110IRT', 'power': 150, 'energy_charged_kWh': 0.8333333333333334}, {'start_time': '18:40:25', 'end_time': '18:40:45', 'location': 'terminal', 'stop_id': '0110IRT', 'power': 150, 'energy_charged_kWh': 0.8333333333333334}, {'start_time': '20:09:00', 'end_time': '20:09:20', 'location': 'terminal', 'stop_id': '0110IRT', 'power': 150, 'energy_charged_kWh': 0.8333333333333334}, {'start_time': '21:49:00', 'end_time': '23:59:59', 'location': 'depot', 'power': 22, 'energy_charged_kWh': 48.02722222222223}]",False,77.27600566655168,0.0,72.2760056665518,72.2760056665518
10114110_10,"[{'start_time': '00:00:00', 'end_time': '00:43:32', 'location': 'depot', 'power': 22, 'energy_charged_kWh': 15.96545465560282}, {'start_time': '08:06:50', 'end_time': '08:07:10', 'location': 'terminal', 'stop_id': '0110IRT', 'power': 150, 'energy_charged_kWh': 0.8333333333333334}, {'start_time': '15:38:35', 'end_time': '15:38:55', 'location': 'terminal', 'stop_id': '0113LMD', 'power': 150, 'energy_charged_kWh': 0.8333333333333334}, {'start_time': '20:04:00', 'end_time': '20:04:20', 'location': 'terminal', 'stop_id': '0110IRT', 'power': 150, 'energy_charged_kWh': 0.8333333333333334}, {'start_time': '21:20:00', 'end_time': '23:59:59', 'location': 'depot', 'power': 22, 'energy_charged_kWh': 58.660555555555554}]",False,77.12601021115837,0.0,74.62601021115847,74.62601021115847
10114110_11,"[{'start_time': '00:00:00', 'end_time': '00:40:11', 'location': 'depot', 'power': 22, 'energy_charged_kWh': 14.737453074801536}, {'start_time': '06:33:15', 'end_time': '06:33:35', 'location': 'terminal', 'stop_id': '0110IRT', 'power': 150, 'energy_charged_kWh': 0.8333333333333334}, {'start_time': '06:33:35', 'end_time': '06:33:55', 'location': 'terminal', 'stop_id': '0113LMD', 'power': 150, 'energy_charged_kWh': 0.8333333333333334}, {'start_time': '08:02:10', 'end_time': '08:02:30', 'location': 'terminal', 'stop_id': '0113LMD', 'power': 150, 'energy_charged_kWh': 0.8333333333333334}, {'start_time': '15:33:35', 'end_time': '15:33:55', 'location': 'terminal', 'stop_id': '0113LMD', 'power': 150, 'energy_charged_kWh': 0.8333333333333334}, {'start_time': '17:01:50', 'end_time': '17:02:10', 'location': 'terminal', 'stop_id': '0110IRT', 'power': 150, 'energy_charged_kWh': 0.8333333333333334}, {'start_time': '18:30:25', 'end_time': '18:30:45', 'location': 'terminal', 'stop_id': '0110IRT', 'power': 150, 'energy_charged_kWh': 0.8333333333333334}, {'start_time': '19:59:00', 'end_time': '19:59:20', 'location': 'terminal', 'stop_id': '0110IRT', 'power': 150, 'energy_charged_kWh': 0.8333333333333334}, {'start_time': '21:26:00', 'end_time': '23:59:59', 'location': 'depot', 'power': 22, 'energy_charged_kWh': 56.46055555555556}]",False,77.03134196369042,0.0,71.19800863035722,71.19800863035722
10114110_12,"[{'start_time': '00:00:00', 'end_time': '04:25:47', 'location': 'depot', 'power': 11, 'energy_charged_kWh': 48.729013208479365}, {'start_time': '06:28:15', 'end_time': '06:28:35', 'location': 'terminal', 'stop_id': '0110IRT', 'power': 150, 'energy_charged_kWh': 0.8333333333333334}, {'start_time': '15:28:35', 'end_time': '15:28:55', 'location': 'terminal', 'stop_id': '0113LMD', 'power': 150, 'energy_charged_kWh': 0.8333333333333334}, {'start_time': '16:57:10', 'end_time': '16:57:30', 'location': 'terminal', 'stop_id': '0113LMD', 'power': 150, 'energy_charged_kWh': 0.8333333333333334}, {'start_time': '19:54:00', 'end_time': '19:54:20', 'location': 'terminal', 'stop_id': '0110IRT', 'power': 150, 'energy_charged_kWh': 0.8333333333333334}, {'start_time': '21:42:00', 'end_time': '23:59:59', 'location': 'depot', 'power': 11, 'energy_charged_kWh': 25.296944444444442}]",False,77.35929098625714,0.0,74.0259576529239,74.0259576529239
10114110_13,"[{'start_time': '00:00:00', 'end_time': '00:29:45', 'location': 'depot', 'power': 22, 'energy_charged_kWh': 10.911418482344182}, {'start_time': '06:23:15', 'end_time': '06:23:35', 'location': 'terminal', 'stop_id': '0110IRT', 'power': 150, 'energy_charged_kWh': 0.8333333333333334}, {'start_time': '06:23:35', 'end_time': '06:23:55', 'location': 'terminal', 'stop_id': '0113LMD', 'power': 150, 'energy_charged_kWh': 0.8333333333333334}, {'start_time': '07:52:10', 'end_time': '07:52:30', 'location': 'terminal', 'stop_id': '0113LMD', 'power': 150, 'energy_charged_kWh': 0.8333333333333334}, {'start_time': '15:23:15', 'end_time': '15:23:35', 'location': 'terminal', 'stop_id': '0110IRT', 'power': 150, 'energy_charged_kWh': 0.8333333333333334}, {'start_time': '15:23:35', 'end_time': '15:23:55', 'location': 'terminal', 'stop_id': '0113LMD', 'power': 150, 'energy_charged_kWh': 0.8333333333333334}, {'start_time': '16:51:50', 'end_time': '16:52:10', 'location': 'terminal', 'stop_id': '0110IRT', 'power': 150, 'energy_charged_kWh': 0.8333333333333334}, {'start_time': '16:52:10', 'end_time': '16:52:30', 'location': 'terminal', 'stop_id': '0113LMD', 'power': 150, 'energy_charged_kWh': 0.8333333333333334}, {'start_time': '18:20:25', 'end_time': '18:20:45', 'location': 'terminal', 'stop_id': '0110IRT', 'power': 150, 'energy_charged_kWh': 0.8333333333333334}, {'start_time': '18:20:45', 'end_time': '18:21:05', 'location': 'terminal', 'stop_id': '0113LMD', 'power': 150, 'energy_charged_kWh': 0.8333333333333334}, {'start_time': '21:19:00', 'end_time': '23:59:59', 'location': 'depot', 'power': 22, 'energy_charged_kWh': 59.02722222222223}]",False,77.43864070456641,0.0,69.93864070456654,69.93864070456654
10114110_14,"[{'start_time': '00:00:00', 'end_time': '00:42:34', 'location': 'depot', 'power': 22, 'energy_charged_kWh': 15.609970122398991}, {'start_time': '06:18:15', 'end_time': '06:18:35', 'location': 'terminal', 'stop_id': '0110IRT', 'power': 150, 'energy_charged_kWh': 0.8333333333333334}, {'start_time': '06:18:35', 'end_time': '06:18:55', 'location': 'terminal', 'stop_id': '0113LMD', 'power': 150, 'energy_charged_kWh': 0.8333333333333334}, {'start_time': '07:47:10', 'end_time': '07:47:30', 'location': 'terminal', 'stop_id': '0113LMD', 'power': 150, 'energy_charged_kWh': 0.8333333333333334}, {'start_time': '16:46:50', 'end_time': '16:47:10', 'location': 'terminal', 'stop_id': '0110IRT', 'power': 150, 'energy_charged_kWh': 0.8333333333333334}, {'start_time': '16:47:10', 'end_time': '16:47:30', 'location': 'terminal', 'stop_id': '0113LMD', 'power': 150, 'energy_charged_kWh': 0.8333333333333334}, {'start_time': '18:15:25', 'end_time': '18:15:45', 'location': 'terminal', 'stop_id': '0110IRT', 'power': 150, 'energy_charged_kWh': 0.8333333333333334}, {'start_time': '19:44:20', 'end_time': '19:44:40', 'location': 'terminal', 'stop_id': '0113LMD', 'power': 150, 'energy_charged_kWh': 0.8333333333333334}, {'start_time': '21:26:00', 'end_time': '23:59:59', 'location': 'depot', 'power': 22, 'energy_charged_kWh': 56.46055555555556}]",False,77.90385901128788,0.0,72.07052567795465,72.07052567795465
10114110_15,"[{'start_time': '00:00:00', 'end_time': '04:19:14', 'location': 'depot', 'power': 11, 'energy_charged_kWh': 47.527261943494764}, {'start_time': '07:42:10', 'end_time': '07:42:30', 'location': 'terminal', 'stop_id': '0113LMD', 'power': 150, 'energy_charged_kWh': 0.8333333333333334}, {'start_time': '15:13:15', 'end_time': '15:13:35', 'location': 'terminal', 'stop_id': '0110IRT', 'power': 150, 'energy_charged_kWh': 0.8333333333333334}, {'start_time': '16:41:50', 'end_time': '16:42:10', 'location': 'terminal', 'stop_id': '0110IRT', 'power': 150, 'energy_charged_kWh': 0.8333333333333334}, {'start_time': '18:10:25', 'end_time': '18:10:45', 'location': 'terminal', 'stop_id': '0110IRT', 'power': 150, 'energy_charged_kWh': 0.8333333333333334}, {'start_time': '19:39:00', 'end_time': '19:39:20', 'location': 'terminal', 'stop_id': '0110IRT', 'power': 150, 'energy_charged_kWh': 0.8333333333333334}, {'start_time': '21:36:00', 'end_time': '23:59:59', 'location': 'depot', 'power': 11, 'energy_charged_kWh': 26.396944444444443}]",False,78.09087305460588,0.0,73.92420638793932,73.92420638793932
10114110_16,"[{'start_time': '00:00:00', 'end_time': '03:59:14', 'location': 'depot', 'power': 11, 'energy_charged_kWh': 43.860875334332235}, {'start_time': '06:08:15', 'end_time': '06:08:35', 'location': 'terminal', 'stop_id': '0110IRT', 'power': 150, 'energy_charged_kWh': 0.8333333333333334}, {'start_time': '06:08:35', 'end_time': '06:08:55', 'location': 'terminal', 'stop_id': '0113LMD', 'power': 150, 'energy_charged_kWh': 0.8333333333333334}, {'start_time': '07:36:50', 'end_time': '07:37:10', 'location': 'terminal', 'stop_id': '0110IRT', 'power': 150, 'energy_charged_kWh': 0.8333333333333334}, {'start_time': '07:37:10', 'end_time': '07:37:30', 'location': 'terminal', 'stop_id': '0113LMD', 'power': 150, 'energy_charged_kWh': 0.8333333333333334}, {'start_time': '15:08:35', 'end_time': '15:08:55', 'location': 'terminal', 'stop_id': '0113LMD', 'power': 150, 'energy_charged_kWh': 0.8333333333333334}, {'start_time': '16:36:50', 'end_time': '16:37:10', 'location': 'terminal', 'stop_id': '0110IRT', 'power': 150, 'energy_charged_kWh': 0.8333333333333334}, {'start_time': '18:05:25', 'end_time': '18:05:45', 'location': 'terminal', 'stop_id': '0110IRT', 'power': 150, 'energy_charged_kWh': 0.8333333333333334}, {'start_time': '19:34:20', 'end_time': '19:34:40', 'location': 'terminal', 'stop_id': '0113LMD', 'power': 150, 'energy_charged_kWh': 0.8333333333333334}, {'start_time': '21:31:00', 'end_time': '23:59:59', 'location': 'depot', 'power': 11, 'energy_charged_kWh': 27.31361111111111}]",False,77.84115311211002,1.4210854715202004e-14,71.51075559141293,71.17448644544346
10114110_17,"[{'start_time': '00:00:00', 'end_time': '00:36:16', 'location': 'depot', 'power': 22, 'energy_charged_kWh': 13.298772523441095}, {'start_time': '06:03:15', 'end_time': '06:03:35', 'location': 'terminal', 'stop_id': '0110IRT', 'power': 150, 'energy_charged_kWh': 0.8333333333333334}, {'start_time': '07:31:50', 'end_time': '07:32:10', 'location': 'terminal', 'stop_id': '0110IRT', 'power': 150, 'energy_charged_kWh': 0.8333333333333334}, {'start_time': '07:32:10', 'end_time': '07:32:30', 'location': 'terminal', 'stop_id': '0113LMD', 'power': 150, 'energy_charged_kWh': 0.8333333333333334}, {'start_time': '15:03:35', 'end_time': '15:03:55', 'location': 'terminal', 'stop_id': '0113LMD', 'power': 150, 'energy_charged_kWh': 0.8333333333333334}, {'start_time': '16:32:10', 'end_time': '16:32:30', 'location': 'terminal', 'stop_id': '0113LMD', 'power': 150, 'energy_charged_kWh': 0.8333333333333334}, {'start_time': '18:00:25', 'end_time': '18:00:45', 'location': 'terminal', 'stop_id': '0110IRT', 'power': 150, 'energy_charged_kWh': 0.8333333333333334}, {'start_time': '19:29:20', 'end_time': '19:29:40', 'location': 'terminal', 'stop_id': '0113LMD', 'power': 150, 'energy_charged_kWh': 0.8333333333333334}, {'start_time': '20:57:55', 'end_time': '20:58:15', 'location': 'terminal', 'stop_id': '0113LMD', 'power': 150, 'energy_charged_kWh': 0.8333333333333334}, {'start_time': '21:22:00', 'end_time': '23:59:59', 'location': 'depot', 'power': 22, 'energy_charged_kWh': 57.92722222222222}]",False,77.89266141232999,0.0,71.8898730213413,71.59503988735835
1107D111_0,"[{'start_time': '00:00:00', 'end_time': '05:36:00', 'location': 'depot', 'power': 11, 'energy_charged_kWh': 61.599999999999994}, {'start_time': '08:02:14', 'end_time': '08:02:34', 'location': 'terminal', 'stop_id': '0213MRY', 'power': 150, 'energy_charged_kWh': 0.8333333333333334}, {'start_time': '09:00:00', 'end_time': '09:00:20', 'location': 'terminal', 'stop_id': '0212RUS', 'power': 150, 'energy_charged_kWh': 0.8333333333333334}, {'start_time': '10:00:57', 'end_time': '10:01:17', 'location': 'terminal', 'stop_id': '0213MRY', 'power': 150, 'energy_charged_kWh': 0.8333333333333334}, {'start_time': '10:01:17', 'end_time': '10:01:37', 'location': 'terminal', 'stop_id': '0212RUS', 'power': 150, 'energy_charged_kWh': 0.8333333333333334}, {'start_time': '12:03:51', 'end_time': '12:04:11', 'location': 'terminal', 'stop_id': '0212RUS', 'power': 150, 'energy_charged_kWh': 0.8333333333333334}, {'start_time': '13:04:48', 'end_time': '13:05:08', 'location': 'terminal', 'stop_id': '0213MRY', 'power': 150, 'energy_charged_kWh': 0.8333333333333334}, {'start_time': '13:05:08', 'end_time': '13:05:28', 'location': 'terminal', 'stop_id': '0212RUS', 'power': 150, 'energy_charged_kWh': 0.8333333333333334}, {'start_time': '14:06:25', 'end_time': '14:06:45', 'location': 'terminal', 'stop_id': '0212RUS', 'power': 150, 'energy_charged_kWh': 0.8333333333333334}, {'start_time': '15:00:00', 'end_time': '15:00:20', 'location': 'terminal', 'stop_id': '0212RUS', 'power': 150, 'energy_charged_kWh': 0.8333333333333334}, {'start_time': '17:02:14', 'end_time': '17:02:34', 'location': 'terminal', 'stop_id': '0213MRY', 'power': 150, 'energy_charged_kWh': 0.8333333333333334}, {'start_time': '17:02:34', 'end_time': '17:02:54', 'location': 'terminal', 'stop_id': '0212RUS', 'power': 150, 'energy_charged_kWh': 0.8333333333333334}, {'start_time': '18:03:31', 'end_time': '18:03:51', 'location': 'terminal', 'stop_id': '0213MRY', 'power': 150, 'energy_charged_kWh': 0.8333333333333334}, {'start_time': '19:04:48', 'end_time': '19:05:08', 'location': 'terminal', 'stop_id': '0213MRY', 'power': 150, 'energy_charged_kWh': 0.8333333333333334}, {'start_time': '20:06:05', 'end_time': '20:06:25', 'location': 'terminal', 'stop_id': '0213MRY', 'power': 150, 'energy_charged_kWh': 0.8333333333333334}, {'start_time': '21:24:00', 'end_time': '23:59:59', 'location': 'depot', 'power': 11, 'energy_charged_kWh': 28.596944444444446}]",False,149.09469233240972,47.23108122129861,137.42802566574304,137.42802566574304
1107D111_1,"[{'start_time': '00:00:00', 'end_time': '05:43:00', 'location': 'depot', 'power': 11, 'energy_charged_kWh': 62.88333333333333}, {'start_time': '06:55:57', 'end_time': '06:56:17', 'location': 'terminal', 'stop_id': '0213MRY', 'power': 150, 'energy_charged_kWh': 0.8333333333333334}, {'start_time': '06:56:17', 'end_time': '06:56:37', 'location': 'terminal', 'stop_id': '0212RUS', 'power': 150, 'energy_charged_kWh': 0.8333333333333334}, {'start_time': '08:58:51', 'end_time': '08:59:11', 'location': 'terminal', 'stop_id': '0212RUS', 'power': 150, 'energy_charged_kWh': 0.8333333333333334}, {'start_time': '09:45:57', 'end_time': '09:46:17', 'location': 'terminal', 'stop_id': '0213MRY', 'power': 150, 'energy_charged_kWh': 0.8333333333333334}, {'start_time': '10:47:14', 'end_time': '10:47:34', 'location': 'terminal', 'stop_id': '0213MRY', 'power': 150, 'energy_charged_kWh': 0.8333333333333334}, {'start_time': '10:47:34', 'end_time': '10:47:54', 'location': 'terminal', 'stop_id': '0212RUS', 'power': 150, 'energy_charged_kWh': 0.8333333333333334}, {'start_time': '11:48:31', 'end_time': '11:48:51', 'location': 'terminal', 'stop_id': '0213MRY', 'power': 150, 'energy_charged_kWh': 0.8333333333333334}, {'start_time': '11:48:51', 'end_time': '11:49:11', 'location': 'terminal', 'stop_id': '0212RUS', 'power': 150, 'energy_charged_kWh': 0.8333333333333334}, {'start_time': '12:49:48', 'end_time': '12:50:08', 'location': 'terminal', 'stop_id': '0213MRY', 'power': 150, 'energy_charged_kWh': 0.8333333333333334}, {'start_time': '12:50:08', 'end_time': '12:50:28', 'location': 'terminal', 'stop_id': '0212RUS', 'power': 150, 'energy_charged_kWh': 0.8333333333333334}, {'start_time': '13:51:25', 'end_time': '13:51:45', 'location': 'terminal', 'stop_id': '0212RUS', 'power': 150, 'energy_charged_kWh': 0.8333333333333334}, {'start_time': '14:52:42', 'end_time': '14:53:02', 'location': 'terminal', 'stop_id': '0212RUS', 'power': 150, 'energy_charged_kWh': 0.8333333333333334}, {'start_time': '17:58:31', 'end_time': '17:58:51', 'location': 'terminal', 'stop_id': '0213MRY', 'power': 150, 'energy_charged_kWh': 0.8333333333333334}, {'start_time': '17:58:51', 'end_time': '17:59:11', 'location': 'terminal', 'stop_id': '0212RUS', 'power': 150, 'energy_charged_kWh': 0.8333333333333334}, {'start_time': '19:00:08', 'end_time': '19:00:28', 'location': 'terminal', 'stop_id': '0212RUS', 'power': 150, 'energy_charged_kWh': 0.8333333333333334}, {'start_time': '21:17:00', 'end_time': '23:59:59', 'location': 'depot', 'power': 11, 'energy_charged_kWh': 29.880277777777778}]",False,149.17371085108746,43.910099739976346,136.67371085108746,136.67371085108746
1107D111_2,"[{'start_time': '00:00:00', 'end_time': '05:23:00', 'location': 'depot', 'power': 11, 'energy_charged_kWh': 59.21666666666667}, {'start_time': '06:50:57', 'end_time': '06:51:17', 'location': 'terminal', 'stop_id': '0213MRY', 'power': 150, 'energy_charged_kWh': 0.8333333333333334}, {'start_time': '06:51:17', 'end_time': '06:51:37', 'location': 'terminal', 'stop_id': '0212RUS', 'power': 150, 'energy_charged_kWh': 0.8333333333333334}, {'start_time': '07:52:34', 'end_time': '07:52:54', 'location': 'terminal', 'stop_id': '0212RUS', 'power': 150, 'energy_charged_kWh': 0.8333333333333334}, {'start_time': '09:31:17', 'end_time': '09:31:37', 'location': 'terminal', 'stop_id': '0212RUS', 'power': 150, 'energy_charged_kWh': 0.8333333333333334}, {'start_time': '10:32:14', 'end_time': '10:32:34', 'location': 'terminal', 'stop_id': '0213MRY', 'power': 150, 'energy_charged_kWh': 0.8333333333333334}, {'start_time': '10:32:34', 'end_time': '10:32:54', 'location': 'terminal', 'stop_id': '0212RUS', 'power': 150, 'energy_charged_kWh': 0.8333333333333334}, {'start_time': '13:36:05', 'end_time': '13:36:25', 'location': 'terminal', 'stop_id': '0213MRY', 'power': 150, 'energy_charged_kWh': 0.8333333333333334}, {'start_time': '13:36:25', 'end_time': '13:36:45', 'location': 'terminal', 'stop_id': '0212RUS', 'power': 150, 'energy_charged_kWh': 0.8333333333333334}, {'start_time': '14:37:22', 'end_time': '14:37:42', 'location': 'terminal', 'stop_id': '0213MRY', 'power': 150, 'energy_charged_kWh': 0.8333333333333334}, {'start_time': '16:52:34', 'end_time': '16:52:54', 'location': 'terminal', 'stop_id': '0212RUS', 'power': 150, 'energy_charged_kWh': 0.8333333333333334}, {'start_time': '17:53:51', 'end_time': '17:54:11', 'location': 'terminal', 'stop_id': '0212RUS', 'power': 150, 'energy_charged_kWh': 0.8333333333333334}, {'start_time': '18:55:08', 'end_time': '18:55:28', 'location': 'terminal', 'stop_id': '0212RUS', 'power': 150, 'energy_charged_kWh': 0.8333333333333334}, {'start_time': '19:56:25', 'end_time': '19:56:45', 'location': 'terminal', 'stop_id': '0212RUS', 'power': 150, 'energy_charged_kWh': 0.8333333333333334}, {'start_time': '20:57:42', 'end_time': '20:58:02', 'location': 'terminal', 'stop_id': '0212RUS', 'power': 150, 'energy_charged_kWh': 0.8333333333333334}, {'start_time': '21:37:00', 'end_time': '23:59:59', 'location': 'depot', 'power': 11, 'energy_charged_kWh': 26.21361111111111}]",False,149.50496881711584,52.40802437267139,138.21506590526278,138.21506590526278
1107D111_3,"[{'start_time': '00:00:00', 'end_time': '05:35:00', 'location': 'depot', 'power': 11, 'energy_charged_kWh': 61.416666666666664}, {'start_time': '06:45:57', 'end_time': '06:46:17', 'location': 'terminal', 'stop_id': '0213MRY', 'power': 150, 'energy_charged_kWh': 0.8333333333333334}, {'start_time': '08:48:31', 'end_time': '08:48:51', 'location': 'terminal', 'stop_id': '0213MRY', 'power': 150, 'energy_charged_kWh': 0.8333333333333334}, {'start_time': '09:16:17', 'end_time': '09:16:37', 'location': 'terminal', 'stop_id': '0212RUS', 'power': 150, 'energy_charged_kWh': 0.8333333333333334}, {'start_time': '11:18:51', 'end_time': '11:19:11', 'location': 'terminal', 'stop_id': '0212RUS', 'power': 150, 'energy_charged_kWh': 0.8333333333333334}, {'start_time': '12:20:08', 'end_time': '12:20:28', 'location': 'terminal', 'stop_id': '0212RUS', 'power': 150, 'energy_charged_kWh': 0.8333333333333334}, {'start_time': '14:22:42', 'end_time': '14:23:02', 'location': 'terminal', 'stop_id': '0212RUS', 'power': 150, 'energy_charged_kWh': 0.8333333333333334}, {'start_time': '15:45:57', 'end_time': '15:46:17', 'location': 'terminal', 'stop_id': '0213MRY', 'power': 150, 'energy_charged_kWh': 0.8333333333333334}, {'start_time': '16:47:14', 'end_time': '16:47:34', 'location': 'terminal', 'stop_id': '0213MRY', 'power': 150, 'energy_charged_kWh': 0.8333333333333334}, {'start_time': '16:47:34', 'end_time': '16:47:54', 'location': 'terminal', 'stop_id': '0212RUS', 'power': 150, 'energy_charged_kWh': 0.8333333333333334}, {'start_time': '17:48:31', 'end_time': '17:48:51', 'location': 'terminal', 'stop_id': '0213MRY', 'power': 150, 'energy_charged_kWh': 0.8333333333333334}, {'start_time': '17:48:51', 'end_time': '17:49:11', 'location': 'terminal', 'stop_id': '0212RUS', 'power': 150, 'energy_charged_kWh': 0.8333333333333334}, {'start_time': '18:49:48', 'end_time': '18:50:08', 'location': 'terminal', 'stop_id': '0213MRY', 'power': 150, 'energy_charged_kWh': 0.8333333333333334}, {'start_time': '19:51:05', 'end_time': '19:51:25', 'location': 'terminal', 'stop_id': '0213MRY', 'power': 150, 'energy_charged_kWh': 0.8333333333333334}, {'start_time': '20:52:22', 'end_time': '20:52:42', 'location': 'terminal', 'stop_id': '0213MRY', 'power': 150, 'energy_charged_kWh': 0.8333333333333334}, {'start_time': '21:25:00', 'end_time': '23:59:59', 'location': 'depot', 'power': 11, 'energy_charged_kWh': 28.413611111111113}]",False,149.61965738613887,48.12271294169443,137.95299071947215,137.95299071947215
1107D111_4,"[{'start_time': '00:00:00', 'end_time': '00:58:58', 'location': 'depot', 'power': 22, 'energy_charged_kWh': 21.62426140770979}, {'start_time': '16:42:14', 'end_time': '16:42:34', 'location': 'terminal', 'stop_id': '0213MRY', 'power': 150, 'energy_charged_kWh': 0.8333333333333334}, {'start_time': '16:42:34', 'end_time': '16:42:54', 'location': 'terminal', 'stop_id': '0212RUS', 'power': 150, 'energy_charged_kWh': 0.8333333333333334}, {'start_time': '17:43:31', 'end_time': '17:43:51', 'location': 'terminal', 'stop_id': '0213MRY', 'power': 150, 'energy_charged_kWh': 0.8333333333333334}, {'start_time': '17:43:51', 'end_time': '17:44:11', 'location': 'terminal', 'stop_id': '0212RUS', 'power': 150, 'energy_charged_kWh': 0.8333333333333334}, {'start_time': '18:44:48', 'end_time': '18:45:08', 'location': 'terminal', 'stop_id': '0213MRY', 'power': 150, 'energy_charged_kWh': 0.8333333333333334}, {'start_time': '19:46:05', 'end_time': '19:46:25', 'location': 'terminal', 'stop_id': '0213MRY', 'power': 150, 'energy_charged_kWh': 0.8333333333333334}, {'start_time': '19:46:25', 'end_time': '19:46:45', 'location': 'terminal', 'stop_id': '0212RUS', 'power': 150, 'energy_charged_kWh': 0.8333333333333334}, {'start_time': '20:47:42', 'end_time': '20:48:02', 'location': 'terminal', 'stop_id': '0212RUS', 'power': 150, 'energy_charged_kWh': 0.8333333333333334}, {'start_time': '21:13:00', 'end_time': '23:59:59', 'location': 'depot', 'power': 22, 'energy_charged_kWh': 61.22722222222222}]",False,89.51815029659868,0.0,82.851483629932,82.85148362993198
1107D111_5,"[{'start_time': '00:00:00', 'end_time': '01:02:50', 'location': 'depot', 'power': 22, 'energy_charged_kWh': 23.041277802447595}, {'start_time': '06:36:17', 'end_time': '06:36:37', 'location': 'terminal', 'stop_id': '0212RUS', 'power': 150, 'energy_charged_kWh': 0.8333333333333334}, {'start_time': '08:38:31', 'end_time': '08:38:51', 'location': 'terminal', 'stop_id': '0213MRY', 'power': 150, 'energy_charged_kWh': 0.8333333333333334}, {'start_time': '08:38:51', 'end_time': '08:39:11', 'location': 'terminal', 'stop_id': '0212RUS', 'power': 150, 'energy_charged_kWh': 0.8333333333333334}, {'start_time': '15:35:57', 'end_time': '15:36:17', 'location': 'terminal', 'stop_id': '0213MRY', 'power': 150, 'energy_charged_kWh': 0.8333333333333334}, {'start_time': '15:36:17', 'end_time': '15:36:37', 'location': 'terminal', 'stop_id': '0212RUS', 'power': 150, 'energy_charged_kWh': 0.8333333333333334}, {'start_time': '16:37:34', 'end_time': '16:37:54', 'location': 'terminal', 'stop_id': '0212RUS', 'power': 150, 'energy_charged_kWh': 0.8333333333333334}, {'start_time': '17:38:31', 'end_time': '17:38:51', 'location': 'terminal', 'stop_id': '0213MRY', 'power': 150, 'energy_charged_kWh': 0.8333333333333334}, {'start_time': '18:40:08', 'end_time': '18:40:28', 'location': 'terminal', 'stop_id': '0212RUS', 'power': 150, 'energy_charged_kWh': 0.8333333333333334}, {'start_time': '19:41:05', 'end_time': '19:41:25', 'location': 'terminal', 'stop_id': '0213MRY', 'power': 150, 'energy_charged_kWh': 0.8333333333333334}, {'start_time': '19:41:25', 'end_time': '19:41:45', 'location': 'terminal', 'stop_id': '0212RUS', 'power': 150, 'energy_charged_kWh': 0.8333333333333334}, {'start_time': '20:42:22', 'end_time': '20:42:42', 'location': 'terminal', 'stop_id': '0213MRY', 'power': 150, 'energy_charged_kWh': 0.8333333333333334}, {'start_time': '21:24:00', 'end_time': '23:59:59', 'location': 'depot', 'power': 22, 'energy_charged_kWh': 57.19388888888889}]",False,89.40183335800316,0.0,80.23516669133649,80.23516669133649
1107D111_6,"[{'start_time': '00:00:00', 'end_time': '04:46:10', 'location': 'depot', 'power': 11, 'energy_charged_kWh': 52.46582410890957}, {'start_time': '07:32:14', 'end_time': '07:32:34', 'location': 'terminal', 'stop_id': '0213MRY', 'power': 150, 'energy_charged_kWh': 0.8333333333333334}, {'start_time': '07:32:34', 'end_time': '07:32:54', 'location': 'terminal', 'stop_id': '0212RUS', 'power': 150, 'energy_charged_kWh': 0.8333333333333334}, {'start_time': '08:33:31', 'end_time': '08:33:51', 'location': 'terminal', 'stop_id': '0213MRY', 'power': 150, 'energy_charged_kWh': 0.8333333333333334}, {'start_time': '08:33:51', 'end_time': '08:34:11', 'location': 'terminal', 'stop_id': '0212RUS', 'power': 150, 'energy_charged_kWh': 0.8333333333333334}, {'start_time': '15:30:57', 'end_time': '15:31:17', 'location': 'terminal', 'stop_id': '0213MRY', 'power': 150, 'energy_charged_kWh': 0.8333333333333334}, {'start_time': '15:31:17', 'end_time': '15:31:37', 'location': 'terminal', 'stop_id': '0212RUS', 'power': 150, 'energy_charged_kWh': 0.8333333333333334}, {'start_time': '16:32:34', 'end_time': '16:32:54', 'location': 'terminal', 'stop_id': '0212RUS', 'power': 150, 'energy_charged_kWh': 0.8333333333333334}, {'start_time': '17:33:31', 'end_time': '17:33:51', 'location': 'terminal', 'stop_id': '0213MRY', 'power': 150, 'energy_charged_kWh': 0.8333333333333334}, {'start_time': '18:34:48', 'end_time': '18:35:08', 'location': 'terminal', 'stop_id': '0213MRY', 'power': 150, 'energy_charged_kWh': 0.8333333333333334}, {'start_time': '19:36:05', 'end_time': '19:36:25', 'location': 'terminal', 'stop_id': '0213MRY', 'power': 150, 'energy_charged_kWh': 0.8333333333333334}, {'start_time': '19:36:25', 'end_time': '19:36:45', 'location': 'terminal', 'stop_id': '0212RUS', 'power': 150, 'energy_charged_kWh': 0.8333333333333334}, {'start_time': '20:37:42', 'end_time': '20:38:02', 'location': 'terminal', 'stop_id': '0212RUS', 'power': 150, 'energy_charged_kWh': 0.8333333333333334}, {'start_time': '21:31:00', 'end_time': '23:59:59', 'location': 'depot', 'power': 11, 'energy_charged_kWh': 27.31361111111111}]",False,89.77943522002069,0.0,79.77943522002072,79.77943522002072
1107D111_7,"[{'start_time': '00:00:00', 'end_time': '00:51:56', 'location': 'depot', 'power': 22, 'energy_charged_kWh': 19.0444122581749}, {'start_time': '06:25:57', 'end_time': '06:26:17', 'location': 'terminal', 'stop_id': '0213MRY', 'power': 150, 'energy_charged_kWh': 0.8333333333333334}, {'start_time': '08:28:31', 'end_time': '08:28:51', 'location': 'terminal', 'stop_id': '0213MRY', 'power': 150, 'energy_charged_kWh': 0.8333333333333334}, {'start_time': '16:27:34', 'end_time': '16:27:54', 'location': 'terminal', 'stop_id': '0212RUS', 'power': 150, 'energy_charged_kWh': 0.8333333333333334}, {'start_time': '19:31:05', 'end_time': '19:31:25', 'location': 'terminal', 'stop_id': '0213MRY', 'power': 150, 'energy_charged_kWh': 0.8333333333333334}, {'start_time': '20:32:22', 'end_time': '20:32:42', 'location': 'terminal', 'stop_id': '0213MRY', 'power': 150, 'energy_charged_kWh': 0.8333333333333334}, {'start_time': '20:32:42', 'end_time': '20:33:02', 'location': 'terminal', 'stop_id': '0212RUS', 'power': 150, 'energy_charged_kWh': 0.8333333333333334}, {'start_time': '21:01:00', 'end_time': '23:59:59', 'location': 'depot', 'power': 22, 'energy_charged_kWh': 65.62722222222223}]",False,89.67163448039713,0.0,84.67163448039713,84.67163448039712
1107D111_8,"[{'start_time': '00:00:00', 'end_time': '01:05:34', 'location': 'depot', 'power': 22, 'energy_charged_kWh': 24.041926577053978}, {'start_time': '07:22:14', 'end_time': '07:22:34', 'location': 'terminal', 'stop_id': '0213MRY', 'power': 150, 'energy_charged_kWh': 0.8333333333333334}, {'start_time': '07:22:34', 'end_time': '07:22:54', 'location': 'terminal', 'stop_id': '0212RUS', 'power': 150, 'energy_charged_kWh': 0.8333333333333334}, {'start_time': '08:23:31', 'end_time': '08:23:51', 'location': 'terminal', 'stop_id': '0213MRY', 'power': 150, 'energy_charged_kWh': 0.8333333333333334}, {'start_time': '08:23:51', 'end_time': '08:24:11', 'location': 'terminal', 'stop_id': '0212RUS', 'power': 150, 'energy_charged_kWh': 0.8333333333333334}, {'start_time': '16:22:34', 'end_time': '16:22:54', 'location': 'terminal', 'stop_id': '0212RUS', 'power': 150, 'energy_charged_kWh': 0.8333333333333334}, {'start_time': '18:24:48', 'end_time': '18:25:08', 'location': 'terminal', 'stop_id': '0213MRY', 'power': 150, 'energy_charged_kWh': 0.8333333333333334}, {'start_time': '19:26:05', 'end_time': '19:26:25', 'location': 'terminal', 'stop_id': '0213MRY', 'power': 150, 'energy_charged_kWh': 0.8333333333333334}, {'start_time': '21:16:00', 'end_time': '23:59:59', 'location': 'depot', 'power': 22, 'energy_charged_kWh': 60.12722222222222}]",False,90.00248213260953,0.0,84.1691487992762,84.16914879927616
1107D111_9,"[{'start_time': '00:00:00', 'end_time': '04:32:01', 'location': 'depot', 'power': 11, 'energy_charged_kWh': 49.872315622241125}, {'start_time': '06:15:57', 'end_time': '06:16:17', 'location': 'terminal', 'stop_id': '0213MRY', 'power': 150, 'energy_charged_kWh': 0.8333333333333334}, {'start_time': '07:17:14', 'end_time': '07:17:34', 'location': 'terminal', 'stop_id': '0213MRY', 'power': 150, 'energy_charged_kWh': 0.8333333333333334}, {'start_time': '07:17:34', 'end_time': '07:17:54', 'location': 'terminal', 'stop_id': '0212RUS', 'power': 150, 'energy_charged_kWh': 0.8333333333333334}, {'start_time': '08:18:51', 'end_time': '08:19:11', 'location': 'terminal', 'stop_id': '0212RUS', 'power': 150, 'energy_charged_kWh': 0.8333333333333334}, {'start_time': '15:15:57', 'end_time': '15:16:17', 'location': 'terminal', 'stop_id': '0213MRY', 'power': 150, 'energy_charged_kWh': 0.8333333333333334}, {'start_time': '15:16:17', 'end_time': '15:16:37', 'location': 'terminal', 'stop_id': '0212RUS', 'power': 150, 'energy_charged_kWh': 0.8333333333333334}, {'start_time': '16:17:34', 'end_time': '16:17:54', 'location': 'terminal', 'stop_id': '0212RUS', 'power': 150, 'energy_charged_kWh': 0.8333333333333334}, {'start_time': '17:18:31', 'end_time': '17:18:51', 'location': 'terminal', 'stop_id': '0213MRY', 'power': 150, 'energy_charged_kWh': 0.8333333333333334}, {'start_time': '17:18:51', 'end_time': '17:19:11', 'location': 'terminal', 'stop_id': '0212RUS', 'power': 150, 'energy_charged_kWh': 0.8333333333333334}, {'start_time': '19:21:25', 'end_time': '19:21:45', 'location': 'terminal', 'stop_id': '0212RUS', 'power': 150, 'energy_charged_kWh': 0.8333333333333334}, {'start_time': '21:08:00', 'end_time': '23:59:59', 'location': 'depot', 'power': 11, 'energy_charged_kWh': 31.530277777777776}]",False,89.73592673335223,0.0,81.4025934000189,81.40259340001883
1107D111_10,"[{'start_time': '00:00:00', 'end_time': '01:10:42', 'location': 'depot', 'power': 22, 'energy_charged_kWh': 25.92373967605201}, {'start_time': '06:10:57', 'end_time': '06:11:17', 'location': 'terminal', 'stop_id': '0213MRY', 'power': 150, 'energy_charged_kWh': 0.8333333333333334}, {'start_time': '06:11:17', 'end_time': '06:11:37', 'location': 'terminal', 'stop_id': '0212RUS', 'power': 150, 'energy_charged_kWh': 0.8333333333333334}, {'start_time': '07:12:14', 'end_time': '07:12:34', 'location': 'terminal', 'stop_id': '0213MRY', 'power': 150, 'energy_charged_kWh': 0.8333333333333334}, {'start_time': '07:12:34', 'end_time': '07:12:54', 'location': 'terminal', 'stop_id': '0212RUS', 'power': 150, 'energy_charged_kWh': 0.8333333333333334}, {'start_time': '08:13:31', 'end_time': '08:13:51', 'location': 'terminal', 'stop_id': '0213MRY', 'power': 150, 'energy_charged_kWh': 0.8333333333333334}, {'start_time': '08:13:51', 'end_time': '08:14:11', 'location': 'terminal', 'stop_id': '0212RUS', 'power': 150, 'energy_charged_kWh': 0.8333333333333334}, {'start_time': '16:12:34', 'end_time': '16:12:54', 'location': 'terminal', 'stop_id': '0212RUS', 'power': 150, 'energy_charged_kWh': 0.8333333333333334}, {'start_time': '18:14:48', 'end_time': '18:15:08', 'location': 'terminal', 'stop_id': '0213MRY', 'power': 150, 'energy_charged_kWh': 0.8333333333333334}, {'start_time': '18:15:08', 'end_time': '18:15:28', 'location': 'terminal', 'stop_id': '0212RUS', 'power': 150, 'energy_charged_kWh': 0.8333333333333334}, {'start_time': '19:16:05', 'end_time': '19:16:25', 'location': 'terminal', 'stop_id': '0213MRY', 'power': 150, 'energy_charged_kWh': 0.8333333333333334}, {'start_time': '19:16:25', 'end_time': '19:16:45', 'location': 'terminal', 'stop_id': '0212RUS', 'power': 150, 'energy_charged_kWh': 0.8333333333333334}, {'start_time': '20:17:42', 'end_time': '20:18:02', 'location': 'terminal', 'stop_id': '0212RUS', 'power': 150, 'energy_charged_kWh': 0.8333333333333334}, {'start_time': '21:33:00', 'end_time': '23:59:59', 'location': 'depot', 'power': 22, 'energy_charged_kWh': 53.893888888888895}]",False,89.8176285649409,0.0,79.8176285649409,79.81762856494088
1107D111_11,"[{'start_time': '00:00:00', 'end_time': '01:08:50', 'location': 'depot', 'power': 22, 'energy_charged_kWh': 25.239780869034192}, {'start_time': '06:05:57', 'end_time': '06:06:17', 'location': 'terminal', 'stop_id': '0213MRY', 'power': 150, 'energy_charged_kWh': 0.8333333333333334}, {'start_time': '06:06:17', 'end_time': '06:06:37', 'location': 'terminal', 'stop_id': '0212RUS', 'power': 150, 'energy_charged_kWh': 0.8333333333333334}, {'start_time': '07:07:34', 'end_time': '07:07:54', 'location': 'terminal', 'stop_id': '0212RUS', 'power': 150, 'energy_charged_kWh': 0.8333333333333334}, {'start_time': '08:08:51', 'end_time': '08:09:11', 'location': 'terminal', 'stop_id': '0212RUS', 'power': 150, 'energy_charged_kWh': 0.8333333333333334}, {'start_time': '15:05:57', 'end_time': '15:06:17', 'location': 'terminal', 'stop_id': '0213MRY', 'power': 150, 'energy_charged_kWh': 0.8333333333333334}, {'start_time': '16:07:14', 'end_time': '16:07:34', 'location': 'terminal', 'stop_id': '0213MRY', 'power': 150, 'energy_charged_kWh': 0.8333333333333334}, {'start_time': '18:10:08', 'end_time': '18:10:28', 'location': 'terminal', 'stop_id': '0212RUS', 'power': 150, 'energy_charged_kWh': 0.8333333333333334}, {'start_time': '19:11:05', 'end_time': '19:11:25', 'location': 'terminal', 'stop_id': '0213MRY', 'power': 150, 'energy_charged_kWh': 0.8333333333333334}, {'start_time': '19:11:25', 'end_time': '19:11:45', 'location': 'terminal', 'stop_id': '0212RUS', 'power': 150, 'energy_charged_kWh': 0.8333333333333334}, {'start_time': '20:12:22', 'end_time': '20:12:42', 'location': 'terminal', 'stop_id': '0213MRY', 'power': 150, 'energy_charged_kWh': 0.8333333333333334}, {'start_time': '20:12:42', 'end_time': '20:13:02', 'location': 'terminal', 'stop_id': '0212RUS', 'power': 150, 'energy_charged_kWh': 0.8333333333333334}, {'start_time': '21:29:00', 'end_time': '23:59:59', 'location': 'depot', 'power': 22, 'energy_charged_kWh': 55.36055555555555}]",False,89.76700309125641,0.0,81.07489706877034,80.60033642458973
