time_h,depot,stop,terminal
0.0,429.0,0.0,0.0
0.001388888888888889,429.0,0.0,0.0
0.002777777777777778,429.0,0.0,0.0
0.004166666666666667,429.0,0.0,0.0
0.005555555555555556,429.0,0.0,0.0
0.006944444444444444,429.0,0.0,0.0
0.008333333333333333,429.0,0.0,0.0
0.009722222222222222,429.0,0.0,0.0
0.011111111111111112,429.0,0.0,0.0
0.0125,429.0,0.0,0.0
0.013888888888888888,429.0,0.0,0.0
0.015277777777777777,429.0,0.0,0.0
0.016666666666666666,429.0,0.0,0.0
0.018055555555555554,429.0,0.0,0.0
0.019444444444444445,429.0,0.0,0.0
0.020833333333333332,429.0,0.0,0.0
0.022222222222222223,429.0,0.0,0.0
0.02361111111111111,429.0,0.0,0.0
0.025,429.0,0.0,0.0
0.02638888888888889,429.0,0.0,0.0
0.027777777777777776,429.0,0.0,0.0
0.029166666666666667,429.0,0.0,0.0
0.030555555555555555,429.0,0.0,0.0
0.03194444444444444,429.0,0.0,0.0
0.03333333333333333,429.0,0.0,0.0
0.034722222222222224,429.0,0.0,0.0
0.03611111111111111,429.0,0.0,0.0
0.0375,429.0,0.0,0.0
0.03888888888888889,429.0,0.0,0.0
0.04027777777777778,429.0,0.0,0.0
0.041666666666666664,429.0,0.0,0.0
0.043055555555555555,429.0,0.0,0.0
0.044444444444444446,429.0,0.0,0.0
0.04583333333333333,429.0,0.0,0.0
0.04722222222222222,429.0,0.0,0.0
0.04861111111111111,429.0,0.0,0.0
0.05,429.0,0.0,0.0
0.05138888888888889,429.0,0.0,0.0
0.05277777777777778,429.0,0.0,0.0
0.05416666666666667,429.0,0.0,0.0
0.05555555555555555,429.0,0.0,0.0
0.05694444444444444,429.0,0.0,0.0
0.058333333333333334,429.0,0.0,0.0
0.059722222222222225,429.0,0.0,0.0
0.06111111111111111,429.0,0.0,0.0
0.0625,429.0,0.0,0.0
0.06388888888888888,429.0,0.0,0.0
0.06527777777777778,429.0,0.0,0.0
0.06666666666666667,429.0,0.0,0.0
0.06805555555555555,429.0,0.0,0.0
0.06944444444444445,429.0,0.0,0.0
0.07083333333333333,429.0,0.0,0.0
0.07222222222222222,429.0,0.0,0.0
0.07361111111111111,429.0,0.0,0.0
0.075,429.0,0.0,0.0
0.0763888888888889,429.0,0.0,0.0
0.07777777777777778,429.0,0.0,0.0
0.07916666666666666,429.0,0.0,0.0
0.08055555555555556,429.0,0.0,0.0
0.08194444444444444,429.0,0.0,0.0
0.08333333333333333,429.0,0.0,0.0
0.08472222222222223,429.0,0.0,0.0
0.08611111111111111,429.0,0.0,0.0
0.0875,429.0,0.0,0.0
0.08888888888888889,429.0,0.0,0.0
0.09027777777777778,429.0,0.0,0.0
0.09166666666666666,429.0,0.0,0.0
0.09305555555555556,429.0,0.0,0.0
0.09444444444444444,429.0,0.0,0.0
0.09583333333333334,429.0,0.0,0.0
0.09722222222222222,429.0,0.0,0.0
0.09861111111111111,429.0,0.0,0.0
0.1,429.0,0.0,0.0
0.10138888888888889,429.0,0.0,0.0
0.10277777777777777,429.0,0.0,0.0
0.10416666666666667,429.0,0.0,0.0
0.10555555555555556,429.0,0.0,0.0
0.10694444444444444,429.0,0.0,0.0
0.10833333333333334,429.0,0.0,0.0
0.10972222222222222,429.0,0.0,0.0
0.1111111111111111,429.0,0.0,0.0
0.1125,429.0,0.0,0.0
0.11388888888888889,429.0,0.0,0.0
0.11527777777777778,429.0,0.0,0.0
0.11666666666666667,429.0,0.0,0.0
0.11805555555555555,429.0,0.0,0.0
0.11944444444444445,429.0,0.0,0.0
0.12083333333333333,429.0,0.0,0.0
0.12222222222222222,429.0,0.0,0.0
0.12361111111111112,429.0,0.0,0.0
0.125,429.0,0.0,0.0
0.12638888888888888,429.0,0.0,0.0
0.12777777777777777,429.0,0.0,0.0
0.12916666666666668,429.0,0.0,0.0
0.13055555555555556,429.0,0.0,0.0
0.13194444444444445,429.0,0.0,0.0
0.13333333333333333,429.0,0.0,0.0
0.13472222222222222,429.0,0.0,0.0
0.1361111111111111,429.0,0.0,0.0
0.1375,429.0,0.0,0.0
0.1388888888888889,429.0,0.0,0.0
0.14027777777777778,429.0,0.0,0.0
0.14166666666666666,429.0,0.0,0.0
0.14305555555555555,429.0,0.0,0.0
0.14444444444444443,429.0,0.0,0.0
0.14583333333333334,429.0,0.0,0.0
0.14722222222222223,429.0,0.0,0.0
0.1486111111111111,429.0,0.0,0.0
0.15,429.0,0.0,0.0
0.15138888888888888,429.0,0.0,0.0
0.1527777777777778,429.0,0.0,0.0
0.15416666666666667,429.0,0.0,0.0
0.15555555555555556,429.0,0.0,0.0
0.15694444444444444,429.0,0.0,0.0
0.15833333333333333,429.0,0.0,0.0
0.1597222222222222,429.0,0.0,0.0
0.16111111111111112,429.0,0.0,0.0
0.1625,429.0,0.0,0.0
0.1638888888888889,429.0,0.0,0.0
0.16527777777777777,429.0,0.0,0.0
0.16666666666666666,429.0,0.0,0.0
0.16805555555555557,429.0,0.0,0.0
0.16944444444444445,429.0,0.0,0.0
0.17083333333333334,429.0,0.0,0.0
0.17222222222222222,429.0,0.0,0.0
0.1736111111111111,429.0,0.0,0.0
0.175,429.0,0.0,0.0
0.1763888888888889,429.0,0.0,0.0
0.17777777777777778,429.0,0.0,0.0
0.17916666666666667,429.0,0.0,0.0
0.18055555555555555,429.0,0.0,0.0
0.18194444444444444,429.0,0.0,0.0
0.18333333333333332,429.0,0.0,0.0
0.18472222222222223,429.0,0.0,0.0
0.18611111111111112,429.0,0.0,0.0
0.1875,429.0,0.0,0.0
0.18888888888888888,429.0,0.0,0.0
0.19027777777777777,429.0,0.0,0.0
0.19166666666666668,429.0,0.0,0.0
0.19305555555555556,429.0,0.0,0.0
0.19444444444444445,429.0,0.0,0.0
0.19583333333333333,429.0,0.0,0.0
0.19722222222222222,429.0,0.0,0.0
0.1986111111111111,429.0,0.0,0.0
0.2,429.0,0.0,0.0
0.2013888888888889,429.0,0.0,0.0
0.20277777777777778,429.0,0.0,0.0
0.20416666666666666,429.0,0.0,0.0
0.20555555555555555,429.0,0.0,0.0
0.20694444444444443,429.0,0.0,0.0
0.20833333333333334,429.0,0.0,0.0
0.20972222222222223,429.0,0.0,0.0
0.2111111111111111,429.0,0.0,0.0
0.2125,429.0,0.0,0.0
0.21388888888888888,429.0,0.0,0.0
0.2152777777777778,429.0,0.0,0.0
0.21666666666666667,429.0,0.0,0.0
0.21805555555555556,429.0,0.0,0.0
0.21944444444444444,429.0,0.0,0.0
0.22083333333333333,429.0,0.0,0.0
0.2222222222222222,429.0,0.0,0.0
0.22361111111111112,429.0,0.0,0.0
0.225,429.0,0.0,0.0
0.2263888888888889,429.0,0.0,0.0
0.22777777777777777,429.0,0.0,0.0
0.22916666666666666,429.0,0.0,0.0
0.23055555555555557,429.0,0.0,0.0
0.23194444444444445,429.0,0.0,0.0
0.23333333333333334,429.0,0.0,0.0
0.23472222222222222,429.0,0.0,0.0
0.2361111111111111,429.0,0.0,0.0
0.2375,429.0,0.0,0.0
0.2388888888888889,429.0,0.0,0.0
0.24027777777777778,429.0,0.0,0.0
0.24166666666666667,429.0,0.0,0.0
0.24305555555555555,429.0,0.0,0.0
0.24444444444444444,429.0,0.0,0.0
0.24583333333333332,429.0,0.0,0.0
0.24722222222222223,429.0,0.0,0.0
0.24861111111111112,429.0,0.0,0.0
0.25,429.0,0.0,0.0
0.2513888888888889,429.0,0.0,0.0
0.25277777777777777,429.0,0.0,0.0
0.25416666666666665,429.0,0.0,0.0
0.25555555555555554,429.0,0.0,0.0
0.2569444444444444,429.0,0.0,0.0
0.25833333333333336,429.0,0.0,0.0
0.25972222222222224,429.0,0.0,0.0
0.2611111111111111,429.0,0.0,0.0
0.2625,429.0,0.0,0.0
0.2638888888888889,429.0,0.0,0.0
0.2652777777777778,429.0,0.0,0.0
0.26666666666666666,429.0,0.0,0.0
0.26805555555555555,429.0,0.0,0.0
0.26944444444444443,429.0,0.0,0.0
0.2708333333333333,429.0,0.0,0.0
0.2722222222222222,429.0,0.0,0.0
0.27361111111111114,429.0,0.0,0.0
0.275,429.0,0.0,0.0
0.2763888888888889,429.0,0.0,0.0
0.2777777777777778,429.0,0.0,0.0
0.2791666666666667,429.0,0.0,0.0
0.28055555555555556,429.0,0.0,0.0
0.28194444444444444,429.0,0.0,0.0
0.2833333333333333,429.0,0.0,0.0
0.2847222222222222,429.0,0.0,0.0
0.2861111111111111,429.0,0.0,0.0
0.2875,429.0,0.0,0.0
0.28888888888888886,429.0,0.0,0.0
0.2902777777777778,429.0,0.0,0.0
0.2916666666666667,429.0,0.0,0.0
0.29305555555555557,429.0,0.0,0.0
0.29444444444444445,429.0,0.0,0.0
0.29583333333333334,429.0,0.0,0.0
0.2972222222222222,429.0,0.0,0.0
0.2986111111111111,429.0,0.0,0.0
0.3,429.0,0.0,0.0
0.3013888888888889,429.0,0.0,0.0
0.30277777777777776,429.0,0.0,0.0
0.30416666666666664,429.0,0.0,0.0
0.3055555555555556,429.0,0.0,0.0
0.30694444444444446,429.0,0.0,0.0
0.30833333333333335,429.0,0.0,0.0
0.30972222222222223,429.0,0.0,0.0
0.3111111111111111,429.0,0.0,0.0
0.3125,429.0,0.0,0.0
0.3138888888888889,429.0,0.0,0.0
0.31527777777777777,429.0,0.0,0.0
0.31666666666666665,429.0,0.0,0.0
0.31805555555555554,429.0,0.0,0.0
0.3194444444444444,429.0,0.0,0.0
0.32083333333333336,429.0,0.0,0.0
0.32222222222222224,429.0,0.0,0.0
0.3236111111111111,429.0,0.0,0.0
0.325,429.0,0.0,0.0
0.3263888888888889,429.0,0.0,0.0
0.3277777777777778,429.0,0.0,0.0
0.32916666666666666,429.0,0.0,0.0
0.33055555555555555,429.0,0.0,0.0
0.33194444444444443,429.0,0.0,0.0
0.3333333333333333,429.0,0.0,0.0
0.3347222222222222,429.0,0.0,0.0
0.33611111111111114,429.0,0.0,0.0
0.3375,429.0,0.0,0.0
0.3388888888888889,429.0,0.0,0.0
0.3402777777777778,429.0,0.0,0.0
0.3416666666666667,429.0,0.0,0.0
0.34305555555555556,429.0,0.0,0.0
0.34444444444444444,429.0,0.0,0.0
0.3458333333333333,429.0,0.0,0.0
0.3472222222222222,429.0,0.0,0.0
0.3486111111111111,429.0,0.0,0.0
0.35,429.0,0.0,0.0
0.35138888888888886,429.0,0.0,0.0
0.3527777777777778,429.0,0.0,0.0
0.3541666666666667,429.0,0.0,0.0
0.35555555555555557,429.0,0.0,0.0
0.35694444444444445,429.0,0.0,0.0
0.35833333333333334,429.0,0.0,0.0
0.3597222222222222,429.0,0.0,0.0
0.3611111111111111,429.0,0.0,0.0
0.3625,429.0,0.0,0.0
0.3638888888888889,429.0,0.0,0.0
0.36527777777777776,429.0,0.0,0.0
0.36666666666666664,429.0,0.0,0.0
0.3680555555555556,429.0,0.0,0.0
0.36944444444444446,429.0,0.0,0.0
0.37083333333333335,429.0,0.0,0.0
0.37222222222222223,429.0,0.0,0.0
0.3736111111111111,429.0,0.0,0.0
0.375,429.0,0.0,0.0
0.3763888888888889,429.0,0.0,0.0
0.37777777777777777,429.0,0.0,0.0
0.37916666666666665,429.0,0.0,0.0
0.38055555555555554,429.0,0.0,0.0
0.3819444444444444,429.0,0.0,0.0
0.38333333333333336,429.0,0.0,0.0
0.38472222222222224,429.0,0.0,0.0
0.3861111111111111,429.0,0.0,0.0
0.3875,429.0,0.0,0.0
0.3888888888888889,429.0,0.0,0.0
0.3902777777777778,429.0,0.0,0.0
0.39166666666666666,429.0,0.0,0.0
0.39305555555555555,429.0,0.0,0.0
0.39444444444444443,429.0,0.0,0.0
0.3958333333333333,429.0,0.0,0.0
0.3972222222222222,429.0,0.0,0.0
0.39861111111111114,429.0,0.0,0.0
0.4,429.0,0.0,0.0
0.4013888888888889,429.0,0.0,0.0
0.4027777777777778,429.0,0.0,0.0
0.4041666666666667,429.0,0.0,0.0
0.40555555555555556,429.0,0.0,0.0
0.40694444444444444,429.0,0.0,0.0
0.4083333333333333,429.0,0.0,0.0
0.4097222222222222,429.0,0.0,0.0
0.4111111111111111,429.0,0.0,0.0
0.4125,429.0,0.0,0.0
0.41388888888888886,429.0,0.0,0.0
0.4152777777777778,429.0,0.0,0.0
0.4166666666666667,429.0,0.0,0.0
0.41805555555555557,429.0,0.0,0.0
0.41944444444444445,429.0,0.0,0.0
0.42083333333333334,429.0,0.0,0.0
0.4222222222222222,429.0,0.0,0.0
0.4236111111111111,429.0,0.0,0.0
0.425,429.0,0.0,0.0
0.4263888888888889,429.0,0.0,0.0
0.42777777777777776,429.0,0.0,0.0
0.42916666666666664,429.0,0.0,0.0
0.4305555555555556,429.0,0.0,0.0
0.43194444444444446,429.0,0.0,0.0
0.43333333333333335,429.0,0.0,0.0
0.43472222222222223,429.0,0.0,0.0
0.4361111111111111,429.0,0.0,0.0
0.4375,429.0,0.0,0.0
0.4388888888888889,429.0,0.0,0.0
0.44027777777777777,429.0,0.0,0.0
0.44166666666666665,429.0,0.0,0.0
0.44305555555555554,429.0,0.0,0.0
0.4444444444444444,429.0,0.0,0.0
0.44583333333333336,429.0,0.0,0.0
0.44722222222222224,429.0,0.0,0.0
0.4486111111111111,429.0,0.0,0.0
0.45,429.0,0.0,0.0
0.4513888888888889,429.0,0.0,0.0
0.4527777777777778,429.0,0.0,0.0
0.45416666666666666,429.0,0.0,0.0
0.45555555555555555,429.0,0.0,0.0
0.45694444444444443,429.0,0.0,0.0
0.4583333333333333,429.0,0.0,0.0
0.4597222222222222,429.0,0.0,0.0
0.46111111111111114,429.0,0.0,0.0
0.4625,429.0,0.0,0.0
0.4638888888888889,429.0,0.0,0.0
0.4652777777777778,429.0,0.0,0.0
0.4666666666666667,429.0,0.0,0.0
0.46805555555555556,429.0,0.0,0.0
0.46944444444444444,429.0,0.0,0.0
0.4708333333333333,429.0,0.0,0.0
0.4722222222222222,429.0,0.0,0.0
0.4736111111111111,429.0,0.0,0.0
0.475,429.0,0.0,0.0
0.47638888888888886,429.0,0.0,0.0
0.4777777777777778,429.0,0.0,0.0
0.4791666666666667,429.0,0.0,0.0
0.48055555555555557,429.0,0.0,0.0
0.48194444444444445,429.0,0.0,0.0
0.48333333333333334,429.0,0.0,0.0
0.4847222222222222,429.0,0.0,0.0
0.4861111111111111,429.0,0.0,0.0
0.4875,429.0,0.0,0.0
0.4888888888888889,429.0,0.0,0.0
0.49027777777777776,429.0,0.0,0.0
0.49166666666666664,429.0,0.0,0.0
0.4930555555555556,429.0,0.0,0.0
0.49444444444444446,429.0,0.0,0.0
0.49583333333333335,429.0,0.0,0.0
0.49722222222222223,429.0,0.0,0.0
0.4986111111111111,429.0,0.0,0.0
0.5,429.0,0.0,0.0
0.5013888888888889,429.0,0.0,0.0
0.5027777777777778,429.0,0.0,0.0
0.5041666666666667,429.0,0.0,0.0
0.5055555555555555,429.0,0.0,0.0
0.5069444444444444,429.0,0.0,0.0
0.5083333333333333,429.0,0.0,0.0
0.5097222222222222,429.0,0.0,0.0
0.5111111111111111,429.0,0.0,0.0
0.5125,429.0,0.0,0.0
0.5138888888888888,429.0,0.0,0.0
0.5152777777777777,429.0,0.0,0.0
0.5166666666666667,429.0,0.0,0.0
0.5180555555555556,429.0,0.0,0.0
0.5194444444444445,429.0,0.0,0.0
0.5208333333333334,429.0,0.0,0.0
0.5222222222222223,429.0,0.0,0.0
0.5236111111111111,429.0,0.0,0.0
0.525,429.0,0.0,0.0
0.5263888888888889,429.0,0.0,0.0
0.5277777777777778,429.0,0.0,0.0
0.5291666666666667,429.0,0.0,0.0
0.5305555555555556,429.0,0.0,0.0
0.5319444444444444,429.0,0.0,0.0
0.5333333333333333,429.0,0.0,0.0
0.5347222222222222,429.0,0.0,0.0
0.5361111111111111,429.0,0.0,0.0
0.5375,429.0,0.0,0.0
0.5388888888888889,429.0,0.0,0.0
0.5402777777777777,429.0,0.0,0.0
0.5416666666666666,429.0,0.0,0.0
0.5430555555555555,429.0,0.0,0.0
0.5444444444444444,429.0,0.0,0.0
0.5458333333333333,429.0,0.0,0.0
0.5472222222222223,429.0,0.0,0.0
0.5486111111111112,429.0,0.0,0.0
0.55,429.0,0.0,0.0
0.5513888888888889,429.0,0.0,0.0
0.5527777777777778,429.0,0.0,0.0
0.5541666666666667,429.0,0.0,0.0
0.5555555555555556,429.0,0.0,0.0
0.5569444444444445,429.0,0.0,0.0
0.5583333333333333,429.0,0.0,0.0
0.5597222222222222,429.0,0.0,0.0
0.5611111111111111,429.0,0.0,0.0
0.5625,429.0,0.0,0.0
0.5638888888888889,429.0,0.0,0.0
0.5652777777777778,429.0,0.0,0.0
0.5666666666666667,429.0,0.0,0.0
0.5680555555555555,429.0,0.0,0.0
0.5694444444444444,429.0,0.0,0.0
0.5708333333333333,429.0,0.0,0.0
0.5722222222222222,429.0,0.0,0.0
0.5736111111111111,429.0,0.0,0.0
0.575,429.0,0.0,0.0
0.5763888888888888,429.0,0.0,0.0
0.5777777777777777,429.0,0.0,0.0
0.5791666666666667,429.0,0.0,0.0
0.5805555555555556,429.0,0.0,0.0
0.5819444444444445,429.0,0.0,0.0
0.5833333333333334,429.0,0.0,0.0
0.5847222222222223,429.0,0.0,0.0
0.5861111111111111,429.0,0.0,0.0
0.5875,429.0,0.0,0.0
0.5888888888888889,429.0,0.0,0.0
0.5902777777777778,429.0,0.0,0.0
0.5916666666666667,429.0,0.0,0.0
0.5930555555555556,429.0,0.0,0.0
0.5944444444444444,429.0,0.0,0.0
0.5958333333333333,429.0,0.0,0.0
0.5972222222222222,429.0,0.0,0.0
0.5986111111111111,429.0,0.0,0.0
0.6,429.0,0.0,0.0
0.6013888888888889,429.0,0.0,0.0
0.6027777777777777,429.0,0.0,0.0
0.6041666666666666,429.0,0.0,0.0
0.6055555555555555,429.0,0.0,0.0
0.6069444444444444,429.0,0.0,0.0
0.6083333333333333,429.0,0.0,0.0
0.6097222222222223,429.0,0.0,0.0
0.6111111111111112,429.0,0.0,0.0
0.6125,429.0,0.0,0.0
0.6138888888888889,429.0,0.0,0.0
0.6152777777777778,429.0,0.0,0.0
0.6166666666666667,429.0,0.0,0.0
0.6180555555555556,429.0,0.0,0.0
0.6194444444444445,429.0,0.0,0.0
0.6208333333333333,429.0,0.0,0.0
0.6222222222222222,429.0,0.0,0.0
0.6236111111111111,429.0,0.0,0.0
0.625,429.0,0.0,0.0
0.6263888888888889,429.0,0.0,0.0
0.6277777777777778,429.0,0.0,0.0
0.6291666666666667,429.0,0.0,0.0
0.6305555555555555,429.0,0.0,0.0
0.6319444444444444,429.0,0.0,0.0
0.6333333333333333,429.0,0.0,0.0
0.6347222222222222,429.0,0.0,0.0
0.6361111111111111,429.0,0.0,0.0
0.6375,429.0,0.0,0.0
0.6388888888888888,429.0,0.0,0.0
0.6402777777777777,429.0,0.0,0.0
0.6416666666666667,429.0,0.0,0.0
0.6430555555555556,429.0,0.0,0.0
0.6444444444444445,429.0,0.0,0.0
0.6458333333333334,429.0,0.0,0.0
0.6472222222222223,429.0,0.0,0.0
0.6486111111111111,429.0,0.0,0.0
0.65,429.0,0.0,0.0
0.6513888888888889,429.0,0.0,0.0
0.6527777777777778,429.0,0.0,0.0
0.6541666666666667,429.0,0.0,0.0
0.6555555555555556,429.0,0.0,0.0
0.6569444444444444,429.0,0.0,0.0
0.6583333333333333,429.0,0.0,0.0
0.6597222222222222,429.0,0.0,0.0
0.6611111111111111,429.0,0.0,0.0
0.6625,429.0,0.0,0.0
0.6638888888888889,429.0,0.0,0.0
0.6652777777777777,429.0,0.0,0.0
0.6666666666666666,429.0,0.0,0.0
0.6680555555555555,429.0,0.0,0.0
0.6694444444444444,429.0,0.0,0.0
0.6708333333333333,429.0,0.0,0.0
0.6722222222222223,429.0,0.0,0.0
0.6736111111111112,429.0,0.0,0.0
0.675,429.0,0.0,0.0
0.6763888888888889,429.0,0.0,0.0
0.6777777777777778,429.0,0.0,0.0
0.6791666666666667,429.0,0.0,0.0
0.6805555555555556,429.0,0.0,0.0
0.6819444444444445,429.0,0.0,0.0
0.6833333333333333,429.0,0.0,0.0
0.6847222222222222,429.0,0.0,0.0
0.6861111111111111,429.0,0.0,0.0
0.6875,429.0,0.0,0.0
0.6888888888888889,429.0,0.0,0.0
0.6902777777777778,429.0,0.0,0.0
0.6916666666666667,429.0,0.0,0.0
0.6930555555555555,429.0,0.0,0.0
0.6944444444444444,429.0,0.0,0.0
0.6958333333333333,429.0,0.0,0.0
0.6972222222222222,429.0,0.0,0.0
0.6986111111111111,429.0,0.0,0.0
0.7,429.0,0.0,0.0
0.7013888888888888,429.0,0.0,0.0
0.7027777777777777,429.0,0.0,0.0
0.7041666666666667,429.0,0.0,0.0
0.7055555555555556,429.0,0.0,0.0
0.7069444444444445,429.0,0.0,0.0
0.7083333333333334,429.0,0.0,0.0
0.7097222222222223,429.0,0.0,0.0
0.7111111111111111,429.0,0.0,0.0
0.7125,429.0,0.0,0.0
0.7138888888888889,429.0,0.0,0.0
0.7152777777777778,429.0,0.0,0.0
0.7166666666666667,429.0,0.0,0.0
0.7180555555555556,429.0,0.0,0.0
0.7194444444444444,429.0,0.0,0.0
0.7208333333333333,429.0,0.0,0.0
0.7222222222222222,429.0,0.0,0.0
0.7236111111111111,429.0,0.0,0.0
0.725,429.0,0.0,0.0
0.7263888888888889,429.0,0.0,0.0
0.7277777777777777,429.0,0.0,0.0
0.7291666666666666,429.0,0.0,0.0
0.7305555555555555,429.0,0.0,0.0
0.7319444444444444,429.0,0.0,0.0
0.7333333333333333,429.0,0.0,0.0
0.7347222222222223,429.0,0.0,0.0
0.7361111111111112,429.0,0.0,0.0
0.7375,429.0,0.0,0.0
0.7388888888888889,429.0,0.0,0.0
0.7402777777777778,429.0,0.0,0.0
0.7416666666666667,429.0,0.0,0.0
0.7430555555555556,429.0,0.0,0.0
0.7444444444444445,429.0,0.0,0.0
0.7458333333333333,429.0,0.0,0.0
0.7472222222222222,429.0,0.0,0.0
0.7486111111111111,429.0,0.0,0.0
0.75,429.0,0.0,0.0
0.7513888888888889,429.0,0.0,0.0
0.7527777777777778,429.0,0.0,0.0
0.7541666666666667,429.0,0.0,0.0
0.7555555555555555,429.0,0.0,0.0
0.7569444444444444,429.0,0.0,0.0
0.7583333333333333,429.0,0.0,0.0
0.7597222222222222,429.0,0.0,0.0
0.7611111111111111,429.0,0.0,0.0
0.7625,429.0,0.0,0.0
0.7638888888888888,429.0,0.0,0.0
0.7652777777777777,429.0,0.0,0.0
0.7666666666666667,429.0,0.0,0.0
0.7680555555555556,429.0,0.0,0.0
0.7694444444444445,429.0,0.0,0.0
0.7708333333333334,429.0,0.0,0.0
0.7722222222222223,429.0,0.0,0.0
0.7736111111111111,429.0,0.0,0.0
0.775,429.0,0.0,0.0
0.7763888888888889,429.0,0.0,0.0
0.7777777777777778,429.0,0.0,0.0
0.7791666666666667,429.0,0.0,0.0
0.7805555555555556,429.0,0.0,0.0
0.7819444444444444,429.0,0.0,0.0
0.7833333333333333,429.0,0.0,0.0
0.7847222222222222,429.0,0.0,0.0
0.7861111111111111,429.0,0.0,0.0
0.7875,429.0,0.0,0.0
0.7888888888888889,429.0,0.0,0.0
0.7902777777777777,429.0,0.0,0.0
0.7916666666666666,429.0,0.0,0.0
0.7930555555555555,429.0,0.0,0.0
0.7944444444444444,429.0,0.0,0.0
0.7958333333333333,429.0,0.0,0.0
0.7972222222222223,429.0,0.0,0.0
0.7986111111111112,429.0,0.0,0.0
0.8,429.0,0.0,0.0
0.8013888888888889,429.0,0.0,0.0
0.8027777777777778,429.0,0.0,0.0
0.8041666666666667,429.0,0.0,0.0
0.8055555555555556,429.0,0.0,0.0
0.8069444444444445,429.0,0.0,0.0
0.8083333333333333,429.0,0.0,0.0
0.8097222222222222,429.0,0.0,0.0
0.8111111111111111,429.0,0.0,0.0
0.8125,429.0,0.0,0.0
0.8138888888888889,429.0,0.0,0.0
0.8152777777777778,429.0,0.0,0.0
0.8166666666666667,429.0,0.0,0.0
0.8180555555555555,429.0,0.0,0.0
0.8194444444444444,429.0,0.0,0.0
0.8208333333333333,429.0,0.0,0.0
0.8222222222222222,429.0,0.0,0.0
0.8236111111111111,429.0,0.0,0.0
0.825,429.0,0.0,0.0
0.8263888888888888,429.0,0.0,0.0
0.8277777777777777,429.0,0.0,0.0
0.8291666666666667,429.0,0.0,0.0
0.8305555555555556,429.0,0.0,0.0
0.8319444444444445,429.0,0.0,0.0
0.8333333333333334,429.0,0.0,0.0
0.8347222222222223,429.0,0.0,0.0
0.8361111111111111,429.0,0.0,0.0
0.8375,429.0,0.0,0.0
0.8388888888888889,429.0,0.0,0.0
0.8402777777777778,429.0,0.0,0.0
0.8416666666666667,429.0,0.0,0.0
0.8430555555555556,429.0,0.0,0.0
0.8444444444444444,429.0,0.0,0.0
0.8458333333333333,429.0,0.0,0.0
0.8472222222222222,429.0,0.0,0.0
0.8486111111111111,429.0,0.0,0.0
0.85,429.0,0.0,0.0
0.8513888888888889,429.0,0.0,0.0
0.8527777777777777,429.0,0.0,0.0
0.8541666666666666,429.0,0.0,0.0
0.8555555555555555,429.0,0.0,0.0
0.8569444444444444,429.0,0.0,0.0
0.8583333333333333,429.0,0.0,0.0
0.8597222222222223,429.0,0.0,0.0
0.8611111111111112,429.0,0.0,0.0
0.8625,429.0,0.0,0.0
0.8638888888888889,429.0,0.0,0.0
0.8652777777777778,429.0,0.0,0.0
0.8666666666666667,429.0,0.0,0.0
0.8680555555555556,429.0,0.0,0.0
0.8694444444444445,429.0,0.0,0.0
0.8708333333333333,429.0,0.0,0.0
0.8722222222222222,429.0,0.0,0.0
0.8736111111111111,429.0,0.0,0.0
0.875,429.0,0.0,0.0
0.8763888888888889,429.0,0.0,0.0
0.8777777777777778,429.0,0.0,0.0
0.8791666666666667,429.0,0.0,0.0
0.8805555555555555,429.0,0.0,0.0
0.8819444444444444,429.0,0.0,0.0
0.8833333333333333,429.0,0.0,0.0
0.8847222222222222,429.0,0.0,0.0
0.8861111111111111,429.0,0.0,0.0
0.8875,429.0,0.0,0.0
0.8888888888888888,429.0,0.0,0.0
0.8902777777777777,429.0,0.0,0.0
0.8916666666666667,429.0,0.0,0.0
0.8930555555555556,429.0,0.0,0.0
0.8944444444444445,429.0,0.0,0.0
0.8958333333333334,429.0,0.0,0.0
0.8972222222222223,429.0,0.0,0.0
0.8986111111111111,429.0,0.0,0.0
0.9,429.0,0.0,0.0
0.9013888888888889,429.0,0.0,0.0
0.9027777777777778,429.0,0.0,0.0
0.9041666666666667,429.0,0.0,0.0
0.9055555555555556,429.0,0.0,0.0
0.9069444444444444,429.0,0.0,0.0
0.9083333333333333,429.0,0.0,0.0
0.9097222222222222,429.0,0.0,0.0
0.9111111111111111,429.0,0.0,0.0
0.9125,429.0,0.0,0.0
0.9138888888888889,429.0,0.0,0.0
0.9152777777777777,429.0,0.0,0.0
0.9166666666666666,429.0,0.0,0.0
0.9180555555555555,429.0,0.0,0.0
0.9194444444444444,429.0,0.0,0.0
0.9208333333333333,429.0,0.0,0.0
0.9222222222222223,429.0,0.0,0.0
0.9236111111111112,429.0,0.0,0.0
0.925,429.0,0.0,0.0
0.9263888888888889,429.0,0.0,0.0
0.9277777777777778,429.0,0.0,0.0
0.9291666666666667,429.0,0.0,0.0
0.9305555555555556,429.0,0.0,0.0
0.9319444444444445,429.0,0.0,0.0
0.9333333333333333,429.0,0.0,0.0
0.9347222222222222,429.0,0.0,0.0
0.9361111111111111,429.0,0.0,0.0
0.9375,429.0,0.0,0.0
0.9388888888888889,429.0,0.0,0.0
0.9402777777777778,429.0,0.0,0.0
0.9416666666666667,429.0,0.0,0.0
0.9430555555555555,429.0,0.0,0.0
0.9444444444444444,429.0,0.0,0.0
0.9458333333333333,429.0,0.0,0.0
0.9472222222222222,429.0,0.0,0.0
0.9486111111111111,429.0,0.0,0.0
0.95,429.0,0.0,0.0
0.9513888888888888,429.0,0.0,0.0
0.9527777777777777,429.0,0.0,0.0
0.9541666666666667,429.0,0.0,0.0
0.9555555555555556,429.0,0.0,0.0
0.9569444444444445,429.0,0.0,0.0
0.9583333333333334,429.0,0.0,0.0
0.9597222222222223,429.0,0.0,0.0
0.9611111111111111,429.0,0.0,0.0
0.9625,429.0,0.0,0.0
0.9638888888888889,429.0,0.0,0.0
0.9652777777777778,429.0,0.0,0.0
0.9666666666666667,429.0,0.0,0.0
0.9680555555555556,429.0,0.0,0.0
0.9694444444444444,429.0,0.0,0.0
0.9708333333333333,429.0,0.0,0.0
0.9722222222222222,429.0,0.0,0.0
0.9736111111111111,429.0,0.0,0.0
0.975,429.0,0.0,0.0
0.9763888888888889,429.0,0.0,0.0
0.9777777777777777,429.0,0.0,0.0
0.9791666666666666,429.0,0.0,0.0
0.9805555555555555,429.0,0.0,0.0
0.9819444444444444,429.0,0.0,0.0
0.9833333333333333,429.0,0.0,0.0
0.9847222222222223,429.0,0.0,0.0
0.9861111111111112,429.0,0.0,0.0
0.9875,429.0,0.0,0.0
0.9888888888888889,429.0,0.0,0.0
0.9902777777777778,429.0,0.0,0.0
0.9916666666666667,429.0,0.0,0.0
0.9930555555555556,429.0,0.0,0.0
0.9944444444444445,429.0,0.0,0.0
0.9958333333333333,429.0,0.0,0.0
0.9972222222222222,429.0,0.0,0.0
0.9986111111111111,429.0,0.0,0.0
1.0,429.0,0.0,0.0
1.0013888888888889,429.0,0.0,0.0
1.0027777777777778,429.0,0.0,0.0
1.0041666666666667,429.0,0.0,0.0
1.0055555555555555,429.0,0.0,0.0
1.0069444444444444,429.0,0.0,0.0
1.0083333333333333,429.0,0.0,0.0
1.0097222222222222,429.0,0.0,0.0
1.011111111111111,429.0,0.0,0.0
1.0125,429.0,0.0,0.0
1.0138888888888888,429.0,0.0,0.0
1.0152777777777777,429.0,0.0,0.0
1.0166666666666666,429.0,0.0,0.0
1.0180555555555555,429.0,0.0,0.0
1.0194444444444444,429.0,0.0,0.0
1.0208333333333333,429.0,0.0,0.0
1.0222222222222221,429.0,0.0,0.0
1.023611111111111,429.0,0.0,0.0
1.025,429.0,0.0,0.0
1.0263888888888888,429.0,0.0,0.0
1.0277777777777777,429.0,0.0,0.0
1.0291666666666666,429.0,0.0,0.0
1.0305555555555554,429.0,0.0,0.0
1.0319444444444446,429.0,0.0,0.0
1.0333333333333334,429.0,0.0,0.0
1.0347222222222223,429.0,0.0,0.0
1.0361111111111112,429.0,0.0,0.0
1.0375,429.0,0.0,0.0
1.038888888888889,429.0,0.0,0.0
1.0402777777777779,429.0,0.0,0.0
1.0416666666666667,429.0,0.0,0.0
1.0430555555555556,429.0,0.0,0.0
1.0444444444444445,429.0,0.0,0.0
1.0458333333333334,429.0,0.0,0.0
1.0472222222222223,429.0,0.0,0.0
1.0486111111111112,429.0,0.0,0.0
1.05,429.0,0.0,0.0
1.051388888888889,429.0,0.0,0.0
1.0527777777777778,429.0,0.0,0.0
1.0541666666666667,429.0,0.0,0.0
1.0555555555555556,429.0,0.0,0.0
1.0569444444444445,429.0,0.0,0.0
1.0583333333333333,429.0,0.0,0.0
1.0597222222222222,429.0,0.0,0.0
1.0611111111111111,429.0,0.0,0.0
1.0625,429.0,0.0,0.0
1.0638888888888889,429.0,0.0,0.0
1.0652777777777778,429.0,0.0,0.0
1.0666666666666667,429.0,0.0,0.0
1.0680555555555555,429.0,0.0,0.0
1.0694444444444444,429.0,0.0,0.0
1.0708333333333333,429.0,0.0,0.0
1.0722222222222222,429.0,0.0,0.0
1.073611111111111,429.0,0.0,0.0
1.075,429.0,0.0,0.0
1.0763888888888888,429.0,0.0,0.0
1.0777777777777777,429.0,0.0,0.0
1.0791666666666666,429.0,0.0,0.0
1.0805555555555555,429.0,0.0,0.0
1.0819444444444444,429.0,0.0,0.0
1.0833333333333333,429.0,0.0,0.0
1.0847222222222221,429.0,0.0,0.0
1.086111111111111,429.0,0.0,0.0
1.0875,429.0,0.0,0.0
1.0888888888888888,429.0,0.0,0.0
1.0902777777777777,429.0,0.0,0.0
1.0916666666666666,429.0,0.0,0.0
1.0930555555555554,429.0,0.0,0.0
1.0944444444444446,429.0,0.0,0.0
1.0958333333333334,429.0,0.0,0.0
1.0972222222222223,429.0,0.0,0.0
1.0986111111111112,429.0,0.0,0.0
1.1,429.0,0.0,0.0
1.101388888888889,429.0,0.0,0.0
1.1027777777777779,429.0,0.0,0.0
1.1041666666666667,429.0,0.0,0.0
1.1055555555555556,429.0,0.0,0.0
1.1069444444444445,429.0,0.0,0.0
1.1083333333333334,429.0,0.0,0.0
1.1097222222222223,429.0,0.0,0.0
1.1111111111111112,429.0,0.0,0.0
1.1125,429.0,0.0,0.0
1.113888888888889,429.0,0.0,0.0
1.1152777777777778,429.0,0.0,0.0
1.1166666666666667,429.0,0.0,0.0
1.1180555555555556,429.0,0.0,0.0
1.1194444444444445,429.0,0.0,0.0
1.1208333333333333,429.0,0.0,0.0
1.1222222222222222,429.0,0.0,0.0
1.1236111111111111,429.0,0.0,0.0
1.125,429.0,0.0,0.0
1.1263888888888889,429.0,0.0,0.0
1.1277777777777778,429.0,0.0,0.0
1.1291666666666667,429.0,0.0,0.0
1.1305555555555555,429.0,0.0,0.0
1.1319444444444444,429.0,0.0,0.0
1.1333333333333333,429.0,0.0,0.0
1.1347222222222222,429.0,0.0,0.0
1.136111111111111,429.0,0.0,0.0
1.1375,429.0,0.0,0.0
1.1388888888888888,429.0,0.0,0.0
1.1402777777777777,429.0,0.0,0.0
1.1416666666666666,429.0,0.0,0.0
1.1430555555555555,429.0,0.0,0.0
1.1444444444444444,429.0,0.0,0.0
1.1458333333333333,429.0,0.0,0.0
1.1472222222222221,429.0,0.0,0.0
1.148611111111111,429.0,0.0,0.0
1.15,429.0,0.0,0.0
1.1513888888888888,429.0,0.0,0.0
1.1527777777777777,429.0,0.0,0.0
1.1541666666666666,429.0,0.0,0.0
1.1555555555555554,429.0,0.0,0.0
1.1569444444444446,429.0,0.0,0.0
1.1583333333333334,429.0,0.0,0.0
1.1597222222222223,429.0,0.0,0.0
1.1611111111111112,429.0,0.0,0.0
1.1625,429.0,0.0,0.0
1.163888888888889,429.0,0.0,0.0
1.1652777777777779,429.0,0.0,0.0
1.1666666666666667,429.0,0.0,0.0
1.1680555555555556,429.0,0.0,0.0
1.1694444444444445,429.0,0.0,0.0
1.1708333333333334,429.0,0.0,0.0
1.1722222222222223,429.0,0.0,0.0
1.1736111111111112,429.0,0.0,0.0
1.175,429.0,0.0,0.0
1.176388888888889,429.0,0.0,0.0
1.1777777777777778,429.0,0.0,0.0
1.1791666666666667,429.0,0.0,0.0
1.1805555555555556,429.0,0.0,0.0
1.1819444444444445,429.0,0.0,0.0
1.1833333333333333,429.0,0.0,0.0
1.1847222222222222,429.0,0.0,0.0
1.1861111111111111,429.0,0.0,0.0
1.1875,429.0,0.0,0.0
1.1888888888888889,429.0,0.0,0.0
1.1902777777777778,429.0,0.0,0.0
1.1916666666666667,429.0,0.0,0.0
1.1930555555555555,429.0,0.0,0.0
1.1944444444444444,429.0,0.0,0.0
1.1958333333333333,429.0,0.0,0.0
1.1972222222222222,429.0,0.0,0.0
1.198611111111111,429.0,0.0,0.0
1.2,429.0,0.0,0.0
1.2013888888888888,429.0,0.0,0.0
1.2027777777777777,429.0,0.0,0.0
1.2041666666666666,429.0,0.0,0.0
1.2055555555555555,429.0,0.0,0.0
1.2069444444444444,429.0,0.0,0.0
1.2083333333333333,429.0,0.0,0.0
1.2097222222222221,429.0,0.0,0.0
1.211111111111111,429.0,0.0,0.0
1.2125,429.0,0.0,0.0
1.2138888888888888,429.0,0.0,0.0
1.2152777777777777,429.0,0.0,0.0
1.2166666666666666,429.0,0.0,0.0
1.2180555555555554,429.0,0.0,0.0
1.2194444444444446,429.0,0.0,0.0
1.2208333333333334,429.0,0.0,0.0
1.2222222222222223,429.0,0.0,0.0
1.2236111111111112,429.0,0.0,0.0
1.225,429.0,0.0,0.0
1.226388888888889,429.0,0.0,0.0
1.2277777777777779,429.0,0.0,0.0
1.2291666666666667,429.0,0.0,0.0
1.2305555555555556,429.0,0.0,0.0
1.2319444444444445,429.0,0.0,0.0
1.2333333333333334,429.0,0.0,0.0
1.2347222222222223,429.0,0.0,0.0
1.2361111111111112,429.0,0.0,0.0
1.2375,429.0,0.0,0.0
1.238888888888889,429.0,0.0,0.0
1.2402777777777778,429.0,0.0,0.0
1.2416666666666667,429.0,0.0,0.0
1.2430555555555556,429.0,0.0,0.0
1.2444444444444445,429.0,0.0,0.0
1.2458333333333333,429.0,0.0,0.0
1.2472222222222222,429.0,0.0,0.0
1.2486111111111111,429.0,0.0,0.0
1.25,429.0,0.0,0.0
1.2513888888888889,429.0,0.0,0.0
1.2527777777777778,429.0,0.0,0.0
1.2541666666666667,429.0,0.0,0.0
1.2555555555555555,429.0,0.0,0.0
1.2569444444444444,429.0,0.0,0.0
1.2583333333333333,429.0,0.0,0.0
1.2597222222222222,429.0,0.0,0.0
1.261111111111111,429.0,0.0,0.0
1.2625,429.0,0.0,0.0
1.2638888888888888,429.0,0.0,0.0
1.2652777777777777,429.0,0.0,0.0
1.2666666666666666,429.0,0.0,0.0
1.2680555555555555,429.0,0.0,0.0
1.2694444444444444,429.0,0.0,0.0
1.2708333333333333,429.0,0.0,0.0
1.2722222222222221,429.0,0.0,0.0
1.273611111111111,429.0,0.0,0.0
1.275,429.0,0.0,0.0
1.2763888888888888,429.0,0.0,0.0
1.2777777777777777,429.0,0.0,0.0
1.2791666666666666,429.0,0.0,0.0
1.2805555555555554,429.0,0.0,0.0
1.2819444444444446,429.0,0.0,0.0
1.2833333333333334,429.0,0.0,0.0
1.2847222222222223,429.0,0.0,0.0
1.2861111111111112,429.0,0.0,0.0
1.2875,429.0,0.0,0.0
1.288888888888889,429.0,0.0,0.0
1.2902777777777779,429.0,0.0,0.0
1.2916666666666667,429.0,0.0,0.0
1.2930555555555556,429.0,0.0,0.0
1.2944444444444445,429.0,0.0,0.0
1.2958333333333334,429.0,0.0,0.0
1.2972222222222223,429.0,0.0,0.0
1.2986111111111112,429.0,0.0,0.0
1.3,429.0,0.0,0.0
1.301388888888889,429.0,0.0,0.0
1.3027777777777778,429.0,0.0,0.0
1.3041666666666667,429.0,0.0,0.0
1.3055555555555556,429.0,0.0,0.0
1.3069444444444445,429.0,0.0,0.0
1.3083333333333333,429.0,0.0,0.0
1.3097222222222222,429.0,0.0,0.0
1.3111111111111111,429.0,0.0,0.0
1.3125,429.0,0.0,0.0
1.3138888888888889,429.0,0.0,0.0
1.3152777777777778,429.0,0.0,0.0
1.3166666666666667,429.0,0.0,0.0
1.3180555555555555,429.0,0.0,0.0
1.3194444444444444,429.0,0.0,0.0
1.3208333333333333,429.0,0.0,0.0
1.3222222222222222,429.0,0.0,0.0
1.323611111111111,429.0,0.0,0.0
1.325,429.0,0.0,0.0
1.3263888888888888,429.0,0.0,0.0
1.3277777777777777,429.0,0.0,0.0
1.3291666666666666,429.0,0.0,0.0
1.3305555555555555,429.0,0.0,0.0
1.3319444444444444,429.0,0.0,0.0
1.3333333333333333,429.0,0.0,0.0
1.3347222222222221,429.0,0.0,0.0
1.336111111111111,429.0,0.0,0.0
1.3375,429.0,0.0,0.0
1.3388888888888888,429.0,0.0,0.0
1.3402777777777777,429.0,0.0,0.0
1.3416666666666666,429.0,0.0,0.0
1.3430555555555554,429.0,0.0,0.0
1.3444444444444446,429.0,0.0,0.0
1.3458333333333334,429.0,0.0,0.0
1.3472222222222223,429.0,0.0,0.0
1.3486111111111112,429.0,0.0,0.0
1.35,429.0,0.0,0.0
1.351388888888889,429.0,0.0,0.0
1.3527777777777779,429.0,0.0,0.0
1.3541666666666667,429.0,0.0,0.0
1.3555555555555556,429.0,0.0,0.0
1.3569444444444445,429.0,0.0,0.0
1.3583333333333334,429.0,0.0,0.0
1.3597222222222223,429.0,0.0,0.0
1.3611111111111112,429.0,0.0,0.0
1.3625,429.0,0.0,0.0
1.363888888888889,429.0,0.0,0.0
1.3652777777777778,429.0,0.0,0.0
1.3666666666666667,429.0,0.0,0.0
1.3680555555555556,429.0,0.0,0.0
1.3694444444444445,429.0,0.0,0.0
1.3708333333333333,429.0,0.0,0.0
1.3722222222222222,429.0,0.0,0.0
1.3736111111111111,429.0,0.0,0.0
1.375,429.0,0.0,0.0
1.3763888888888889,429.0,0.0,0.0
1.3777777777777778,429.0,0.0,0.0
1.3791666666666667,429.0,0.0,0.0
1.3805555555555555,429.0,0.0,0.0
1.3819444444444444,429.0,0.0,0.0
1.3833333333333333,429.0,0.0,0.0
1.3847222222222222,429.0,0.0,0.0
1.386111111111111,429.0,0.0,0.0
1.3875,429.0,0.0,0.0
1.3888888888888888,429.0,0.0,0.0
1.3902777777777777,429.0,0.0,0.0
1.3916666666666666,429.0,0.0,0.0
1.3930555555555555,429.0,0.0,0.0
1.3944444444444444,429.0,0.0,0.0
1.3958333333333333,429.0,0.0,0.0
1.3972222222222221,429.0,0.0,0.0
1.398611111111111,429.0,0.0,0.0
1.4,429.0,0.0,0.0
1.4013888888888888,429.0,0.0,0.0
1.4027777777777777,429.0,0.0,0.0
1.4041666666666666,429.0,0.0,0.0
1.4055555555555554,429.0,0.0,0.0
1.4069444444444446,429.0,0.0,0.0
1.4083333333333334,429.0,0.0,0.0
1.4097222222222223,429.0,0.0,0.0
1.4111111111111112,429.0,0.0,0.0
1.4125,429.0,0.0,0.0
1.413888888888889,429.0,0.0,0.0
1.4152777777777779,429.0,0.0,0.0
1.4166666666666667,429.0,0.0,0.0
1.4180555555555556,429.0,0.0,0.0
1.4194444444444445,429.0,0.0,0.0
1.4208333333333334,429.0,0.0,0.0
1.4222222222222223,429.0,0.0,0.0
1.4236111111111112,429.0,0.0,0.0
1.425,429.0,0.0,0.0
1.426388888888889,429.0,0.0,0.0
1.4277777777777778,429.0,0.0,0.0
1.4291666666666667,429.0,0.0,0.0
1.4305555555555556,429.0,0.0,0.0
1.4319444444444445,429.0,0.0,0.0
1.4333333333333333,429.0,0.0,0.0
1.4347222222222222,429.0,0.0,0.0
1.4361111111111111,429.0,0.0,0.0
1.4375,429.0,0.0,0.0
1.4388888888888889,429.0,0.0,0.0
1.4402777777777778,429.0,0.0,0.0
1.4416666666666667,429.0,0.0,0.0
1.4430555555555555,429.0,0.0,0.0
1.4444444444444444,429.0,0.0,0.0
1.4458333333333333,429.0,0.0,0.0
1.4472222222222222,429.0,0.0,0.0
1.448611111111111,429.0,0.0,0.0
1.45,429.0,0.0,0.0
1.4513888888888888,429.0,0.0,0.0
1.4527777777777777,429.0,0.0,0.0
1.4541666666666666,429.0,0.0,0.0
1.4555555555555555,429.0,0.0,0.0
1.4569444444444444,429.0,0.0,0.0
1.4583333333333333,429.0,0.0,0.0
1.4597222222222221,429.0,0.0,0.0
1.461111111111111,429.0,0.0,0.0
1.4625,429.0,0.0,0.0
1.4638888888888888,429.0,0.0,0.0
1.4652777777777777,429.0,0.0,0.0
1.4666666666666666,429.0,0.0,0.0
1.4680555555555554,429.0,0.0,0.0
1.4694444444444446,429.0,0.0,0.0
1.4708333333333334,429.0,0.0,0.0
1.4722222222222223,429.0,0.0,0.0
1.4736111111111112,429.0,0.0,0.0
1.475,429.0,0.0,0.0
1.476388888888889,429.0,0.0,0.0
1.4777777777777779,429.0,0.0,0.0
1.4791666666666667,429.0,0.0,0.0
1.4805555555555556,429.0,0.0,0.0
1.4819444444444445,429.0,0.0,0.0
1.4833333333333334,429.0,0.0,0.0
1.4847222222222223,429.0,0.0,0.0
1.4861111111111112,429.0,0.0,0.0
1.4875,429.0,0.0,0.0
1.488888888888889,429.0,0.0,0.0
1.4902777777777778,429.0,0.0,0.0
1.4916666666666667,429.0,0.0,0.0
1.4930555555555556,429.0,0.0,0.0
1.4944444444444445,429.0,0.0,0.0
1.4958333333333333,429.0,0.0,0.0
1.4972222222222222,429.0,0.0,0.0
1.4986111111111111,429.0,0.0,0.0
1.5,429.0,0.0,0.0
1.5013888888888889,429.0,0.0,0.0
1.5027777777777778,429.0,0.0,0.0
1.5041666666666667,429.0,0.0,0.0
1.5055555555555555,429.0,0.0,0.0
1.5069444444444444,429.0,0.0,0.0
1.5083333333333333,429.0,0.0,0.0
1.5097222222222222,429.0,0.0,0.0
1.511111111111111,429.0,0.0,0.0
1.5125,429.0,0.0,0.0
1.5138888888888888,429.0,0.0,0.0
1.5152777777777777,429.0,0.0,0.0
1.5166666666666666,429.0,0.0,0.0
1.5180555555555555,429.0,0.0,0.0
1.5194444444444444,429.0,0.0,0.0
1.5208333333333333,429.0,0.0,0.0
1.5222222222222221,429.0,0.0,0.0
1.523611111111111,429.0,0.0,0.0
1.525,429.0,0.0,0.0
1.5263888888888888,429.0,0.0,0.0
1.5277777777777777,429.0,0.0,0.0
1.5291666666666666,429.0,0.0,0.0
1.5305555555555554,429.0,0.0,0.0
1.5319444444444446,429.0,0.0,0.0
1.5333333333333334,429.0,0.0,0.0
1.5347222222222223,429.0,0.0,0.0
1.5361111111111112,429.0,0.0,0.0
1.5375,429.0,0.0,0.0
1.538888888888889,429.0,0.0,0.0
1.5402777777777779,429.0,0.0,0.0
1.5416666666666667,429.0,0.0,0.0
1.5430555555555556,429.0,0.0,0.0
1.5444444444444445,429.0,0.0,0.0
1.5458333333333334,429.0,0.0,0.0
1.5472222222222223,429.0,0.0,0.0
1.5486111111111112,429.0,0.0,0.0
1.55,429.0,0.0,0.0
1.551388888888889,429.0,0.0,0.0
1.5527777777777778,429.0,0.0,0.0
1.5541666666666667,429.0,0.0,0.0
1.5555555555555556,429.0,0.0,0.0
1.5569444444444445,429.0,0.0,0.0
1.5583333333333333,429.0,0.0,0.0
1.5597222222222222,429.0,0.0,0.0
1.5611111111111111,429.0,0.0,0.0
1.5625,429.0,0.0,0.0
1.5638888888888889,429.0,0.0,0.0
1.5652777777777778,429.0,0.0,0.0
1.5666666666666667,429.0,0.0,0.0
1.5680555555555555,429.0,0.0,0.0
1.5694444444444444,429.0,0.0,0.0
1.5708333333333333,429.0,0.0,0.0
1.5722222222222222,429.0,0.0,0.0
1.573611111111111,429.0,0.0,0.0
1.575,429.0,0.0,0.0
1.5763888888888888,429.0,0.0,0.0
1.5777777777777777,429.0,0.0,0.0
1.5791666666666666,429.0,0.0,0.0
1.5805555555555555,429.0,0.0,0.0
1.5819444444444444,429.0,0.0,0.0
1.5833333333333333,429.0,0.0,0.0
1.5847222222222221,429.0,0.0,0.0
1.586111111111111,429.0,0.0,0.0
1.5875,429.0,0.0,0.0
1.5888888888888888,429.0,0.0,0.0
1.5902777777777777,429.0,0.0,0.0
1.5916666666666666,429.0,0.0,0.0
1.5930555555555554,429.0,0.0,0.0
1.5944444444444446,429.0,0.0,0.0
1.5958333333333334,429.0,0.0,0.0
1.5972222222222223,429.0,0.0,0.0
1.5986111111111112,429.0,0.0,0.0
1.6,429.0,0.0,0.0
1.601388888888889,429.0,0.0,0.0
1.6027777777777779,429.0,0.0,0.0
1.6041666666666667,429.0,0.0,0.0
1.6055555555555556,429.0,0.0,0.0
1.6069444444444445,429.0,0.0,0.0
1.6083333333333334,429.0,0.0,0.0
1.6097222222222223,429.0,0.0,0.0
1.6111111111111112,429.0,0.0,0.0
1.6125,429.0,0.0,0.0
1.613888888888889,429.0,0.0,0.0
1.6152777777777778,429.0,0.0,0.0
1.6166666666666667,429.0,0.0,0.0
1.6180555555555556,429.0,0.0,0.0
1.6194444444444445,429.0,0.0,0.0
1.6208333333333333,429.0,0.0,0.0
1.6222222222222222,429.0,0.0,0.0
1.6236111111111111,429.0,0.0,0.0
1.625,429.0,0.0,0.0
1.6263888888888889,429.0,0.0,0.0
1.6277777777777778,429.0,0.0,0.0
1.6291666666666667,429.0,0.0,0.0
1.6305555555555555,429.0,0.0,0.0
1.6319444444444444,429.0,0.0,0.0
1.6333333333333333,429.0,0.0,0.0
1.6347222222222222,429.0,0.0,0.0
1.636111111111111,429.0,0.0,0.0
1.6375,429.0,0.0,0.0
1.6388888888888888,429.0,0.0,0.0
1.6402777777777777,429.0,0.0,0.0
1.6416666666666666,429.0,0.0,0.0
1.6430555555555555,429.0,0.0,0.0
1.6444444444444444,429.0,0.0,0.0
1.6458333333333333,429.0,0.0,0.0
1.6472222222222221,429.0,0.0,0.0
1.648611111111111,429.0,0.0,0.0
1.65,429.0,0.0,0.0
1.6513888888888888,429.0,0.0,0.0
1.6527777777777777,429.0,0.0,0.0
1.6541666666666666,429.0,0.0,0.0
1.6555555555555554,429.0,0.0,0.0
1.6569444444444446,429.0,0.0,0.0
1.6583333333333334,429.0,0.0,0.0
1.6597222222222223,429.0,0.0,0.0
1.6611111111111112,429.0,0.0,0.0
1.6625,429.0,0.0,0.0
1.663888888888889,429.0,0.0,0.0
1.6652777777777779,429.0,0.0,0.0
1.6666666666666667,429.0,0.0,0.0
1.6680555555555556,429.0,0.0,0.0
1.6694444444444445,429.0,0.0,0.0
1.6708333333333334,429.0,0.0,0.0
1.6722222222222223,429.0,0.0,0.0
1.6736111111111112,429.0,0.0,0.0
1.675,429.0,0.0,0.0
1.676388888888889,429.0,0.0,0.0
1.6777777777777778,429.0,0.0,0.0
1.6791666666666667,429.0,0.0,0.0
1.6805555555555556,429.0,0.0,0.0
1.6819444444444445,429.0,0.0,0.0
1.6833333333333333,429.0,0.0,0.0
1.6847222222222222,429.0,0.0,0.0
1.6861111111111111,429.0,0.0,0.0
1.6875,429.0,0.0,0.0
1.6888888888888889,429.0,0.0,0.0
1.6902777777777778,429.0,0.0,0.0
1.6916666666666667,429.0,0.0,0.0
1.6930555555555555,429.0,0.0,0.0
1.6944444444444444,429.0,0.0,0.0
1.6958333333333333,429.0,0.0,0.0
1.6972222222222222,429.0,0.0,0.0
1.698611111111111,429.0,0.0,0.0
1.7,429.0,0.0,0.0
1.7013888888888888,429.0,0.0,0.0
1.7027777777777777,429.0,0.0,0.0
1.7041666666666666,429.0,0.0,0.0
1.7055555555555555,429.0,0.0,0.0
1.7069444444444444,429.0,0.0,0.0
1.7083333333333333,429.0,0.0,0.0
1.7097222222222221,429.0,0.0,0.0
1.711111111111111,429.0,0.0,0.0
1.7125,429.0,0.0,0.0
1.7138888888888888,429.0,0.0,0.0
1.7152777777777777,429.0,0.0,0.0
1.7166666666666666,429.0,0.0,0.0
1.7180555555555554,429.0,0.0,0.0
1.7194444444444446,429.0,0.0,0.0
1.7208333333333334,429.0,0.0,0.0
1.7222222222222223,429.0,0.0,0.0
1.7236111111111112,429.0,0.0,0.0
1.725,429.0,0.0,0.0
1.726388888888889,429.0,0.0,0.0
1.7277777777777779,429.0,0.0,0.0
1.7291666666666667,429.0,0.0,0.0
1.7305555555555556,429.0,0.0,0.0
1.7319444444444445,429.0,0.0,0.0
1.7333333333333334,429.0,0.0,0.0
1.7347222222222223,429.0,0.0,0.0
1.7361111111111112,429.0,0.0,0.0
1.7375,429.0,0.0,0.0
1.738888888888889,429.0,0.0,0.0
1.7402777777777778,429.0,0.0,0.0
1.7416666666666667,429.0,0.0,0.0
1.7430555555555556,429.0,0.0,0.0
1.7444444444444445,429.0,0.0,0.0
1.7458333333333333,429.0,0.0,0.0
1.7472222222222222,429.0,0.0,0.0
1.7486111111111111,429.0,0.0,0.0
1.75,429.0,0.0,0.0
1.7513888888888889,429.0,0.0,0.0
1.7527777777777778,429.0,0.0,0.0
1.7541666666666667,429.0,0.0,0.0
1.7555555555555555,429.0,0.0,0.0
1.7569444444444444,429.0,0.0,0.0
1.7583333333333333,429.0,0.0,0.0
1.7597222222222222,429.0,0.0,0.0
1.761111111111111,429.0,0.0,0.0
1.7625,429.0,0.0,0.0
1.7638888888888888,429.0,0.0,0.0
1.7652777777777777,429.0,0.0,0.0
1.7666666666666666,429.0,0.0,0.0
1.7680555555555555,429.0,0.0,0.0
1.7694444444444444,429.0,0.0,0.0
1.7708333333333333,429.0,0.0,0.0
1.7722222222222221,429.0,0.0,0.0
1.773611111111111,429.0,0.0,0.0
1.775,429.0,0.0,0.0
1.7763888888888888,429.0,0.0,0.0
1.7777777777777777,429.0,0.0,0.0
1.7791666666666666,429.0,0.0,0.0
1.7805555555555554,429.0,0.0,0.0
1.7819444444444446,429.0,0.0,0.0
1.7833333333333334,429.0,0.0,0.0
1.7847222222222223,429.0,0.0,0.0
1.7861111111111112,429.0,0.0,0.0
1.7875,429.0,0.0,0.0
1.788888888888889,429.0,0.0,0.0
1.7902777777777779,429.0,0.0,0.0
1.7916666666666667,429.0,0.0,0.0
1.7930555555555556,429.0,0.0,0.0
1.7944444444444445,429.0,0.0,0.0
1.7958333333333334,429.0,0.0,0.0
1.7972222222222223,429.0,0.0,0.0
1.7986111111111112,429.0,0.0,0.0
1.8,429.0,0.0,0.0
1.801388888888889,429.0,0.0,0.0
1.8027777777777778,429.0,0.0,0.0
1.8041666666666667,429.0,0.0,0.0
1.8055555555555556,429.0,0.0,0.0
1.8069444444444445,429.0,0.0,0.0
1.8083333333333333,429.0,0.0,0.0
1.8097222222222222,429.0,0.0,0.0
1.8111111111111111,429.0,0.0,0.0
1.8125,429.0,0.0,0.0
1.8138888888888889,429.0,0.0,0.0
1.8152777777777778,429.0,0.0,0.0
1.8166666666666667,429.0,0.0,0.0
1.8180555555555555,429.0,0.0,0.0
1.8194444444444444,429.0,0.0,0.0
1.8208333333333333,429.0,0.0,0.0
1.8222222222222222,429.0,0.0,0.0
1.823611111111111,429.0,0.0,0.0
1.825,429.0,0.0,0.0
1.8263888888888888,429.0,0.0,0.0
1.8277777777777777,429.0,0.0,0.0
1.8291666666666666,429.0,0.0,0.0
1.8305555555555555,429.0,0.0,0.0
1.8319444444444444,429.0,0.0,0.0
1.8333333333333333,429.0,0.0,0.0
1.8347222222222221,429.0,0.0,0.0
1.836111111111111,429.0,0.0,0.0
1.8375,429.0,0.0,0.0
1.8388888888888888,429.0,0.0,0.0
1.8402777777777777,429.0,0.0,0.0
1.8416666666666666,429.0,0.0,0.0
1.8430555555555554,429.0,0.0,0.0
1.8444444444444446,429.0,0.0,0.0
1.8458333333333334,429.0,0.0,0.0
1.8472222222222223,429.0,0.0,0.0
1.8486111111111112,429.0,0.0,0.0
1.85,429.0,0.0,0.0
1.851388888888889,429.0,0.0,0.0
1.8527777777777779,429.0,0.0,0.0
1.8541666666666667,429.0,0.0,0.0
1.8555555555555556,429.0,0.0,0.0
1.8569444444444445,429.0,0.0,0.0
1.8583333333333334,429.0,0.0,0.0
1.8597222222222223,429.0,0.0,0.0
1.8611111111111112,429.0,0.0,0.0
1.8625,429.0,0.0,0.0
1.863888888888889,429.0,0.0,0.0
1.8652777777777778,429.0,0.0,0.0
1.8666666666666667,429.0,0.0,0.0
1.8680555555555556,429.0,0.0,0.0
1.8694444444444445,429.0,0.0,0.0
1.8708333333333333,429.0,0.0,0.0
1.8722222222222222,429.0,0.0,0.0
1.8736111111111111,429.0,0.0,0.0
1.875,429.0,0.0,0.0
1.8763888888888889,429.0,0.0,0.0
1.8777777777777778,429.0,0.0,0.0
1.8791666666666667,429.0,0.0,0.0
1.8805555555555555,429.0,0.0,0.0
1.8819444444444444,429.0,0.0,0.0
1.8833333333333333,429.0,0.0,0.0
1.8847222222222222,429.0,0.0,0.0
1.886111111111111,429.0,0.0,0.0
1.8875,429.0,0.0,0.0
1.8888888888888888,429.0,0.0,0.0
1.8902777777777777,429.0,0.0,0.0
1.8916666666666666,429.0,0.0,0.0
1.8930555555555555,429.0,0.0,0.0
1.8944444444444444,429.0,0.0,0.0
1.8958333333333333,429.0,0.0,0.0
1.8972222222222221,429.0,0.0,0.0
1.898611111111111,429.0,0.0,0.0
1.9,429.0,0.0,0.0
1.9013888888888888,429.0,0.0,0.0
1.9027777777777777,429.0,0.0,0.0
1.9041666666666666,429.0,0.0,0.0
1.9055555555555554,429.0,0.0,0.0
1.9069444444444446,429.0,0.0,0.0
1.9083333333333334,429.0,0.0,0.0
1.9097222222222223,429.0,0.0,0.0
1.9111111111111112,429.0,0.0,0.0
1.9125,429.0,0.0,0.0
1.913888888888889,429.0,0.0,0.0
1.9152777777777779,429.0,0.0,0.0
1.9166666666666667,429.0,0.0,0.0
1.9180555555555556,429.0,0.0,0.0
1.9194444444444445,429.0,0.0,0.0
1.9208333333333334,429.0,0.0,0.0
1.9222222222222223,429.0,0.0,0.0
1.9236111111111112,429.0,0.0,0.0
1.925,429.0,0.0,0.0
1.926388888888889,429.0,0.0,0.0
1.9277777777777778,429.0,0.0,0.0
1.9291666666666667,429.0,0.0,0.0
1.9305555555555556,429.0,0.0,0.0
1.9319444444444445,429.0,0.0,0.0
1.9333333333333333,429.0,0.0,0.0
1.9347222222222222,429.0,0.0,0.0
1.9361111111111111,429.0,0.0,0.0
1.9375,429.0,0.0,0.0
1.9388888888888889,429.0,0.0,0.0
1.9402777777777778,429.0,0.0,0.0
1.9416666666666667,429.0,0.0,0.0
1.9430555555555555,429.0,0.0,0.0
1.9444444444444444,429.0,0.0,0.0
1.9458333333333333,429.0,0.0,0.0
1.9472222222222222,429.0,0.0,0.0
1.948611111111111,429.0,0.0,0.0
1.95,429.0,0.0,0.0
1.9513888888888888,429.0,0.0,0.0
1.9527777777777777,429.0,0.0,0.0
1.9541666666666666,429.0,0.0,0.0
1.9555555555555555,429.0,0.0,0.0
1.9569444444444444,429.0,0.0,0.0
1.9583333333333333,429.0,0.0,0.0
1.9597222222222221,429.0,0.0,0.0
1.961111111111111,429.0,0.0,0.0
1.9625,429.0,0.0,0.0
1.9638888888888888,429.0,0.0,0.0
1.9652777777777777,429.0,0.0,0.0
1.9666666666666666,429.0,0.0,0.0
1.9680555555555554,429.0,0.0,0.0
1.9694444444444446,429.0,0.0,0.0
1.9708333333333334,429.0,0.0,0.0
1.9722222222222223,429.0,0.0,0.0
1.9736111111111112,429.0,0.0,0.0
1.975,429.0,0.0,0.0
1.976388888888889,429.0,0.0,0.0
1.9777777777777779,429.0,0.0,0.0
1.9791666666666667,429.0,0.0,0.0
1.9805555555555556,429.0,0.0,0.0
1.9819444444444445,429.0,0.0,0.0
1.9833333333333334,429.0,0.0,0.0
1.9847222222222223,429.0,0.0,0.0
1.9861111111111112,429.0,0.0,0.0
1.9875,429.0,0.0,0.0
1.988888888888889,429.0,0.0,0.0
1.9902777777777778,429.0,0.0,0.0
1.9916666666666667,429.0,0.0,0.0
1.9930555555555556,429.0,0.0,0.0
1.9944444444444445,429.0,0.0,0.0
1.9958333333333333,429.0,0.0,0.0
1.9972222222222222,429.0,0.0,0.0
1.9986111111111111,429.0,0.0,0.0
2.0,429.0,0.0,0.0
2.001388888888889,429.0,0.0,0.0
2.0027777777777778,429.0,0.0,0.0
2.004166666666667,429.0,0.0,0.0
2.0055555555555555,429.0,0.0,0.0
2.0069444444444446,429.0,0.0,0.0
2.0083333333333333,429.0,0.0,0.0
2.0097222222222224,429.0,0.0,0.0
2.011111111111111,429.0,0.0,0.0
2.0125,429.0,0.0,0.0
2.013888888888889,429.0,0.0,0.0
2.015277777777778,429.0,0.0,0.0
2.0166666666666666,429.0,0.0,0.0
2.0180555555555557,429.0,0.0,0.0
2.0194444444444444,429.0,0.0,0.0
2.0208333333333335,429.0,0.0,0.0
2.022222222222222,429.0,0.0,0.0
2.0236111111111112,429.0,0.0,0.0
2.025,429.0,0.0,0.0
2.026388888888889,429.0,0.0,0.0
2.0277777777777777,429.0,0.0,0.0
2.029166666666667,429.0,0.0,0.0
2.0305555555555554,429.0,0.0,0.0
2.0319444444444446,429.0,0.0,0.0
2.033333333333333,429.0,0.0,0.0
2.0347222222222223,429.0,0.0,0.0
2.036111111111111,429.0,0.0,0.0
2.0375,429.0,0.0,0.0
2.0388888888888888,429.0,0.0,0.0
2.040277777777778,429.0,0.0,0.0
2.0416666666666665,429.0,0.0,0.0
2.0430555555555556,429.0,0.0,0.0
2.0444444444444443,429.0,0.0,0.0
2.0458333333333334,429.0,0.0,0.0
2.047222222222222,429.0,0.0,0.0
2.048611111111111,429.0,0.0,0.0
2.05,429.0,0.0,0.0
2.051388888888889,429.0,0.0,0.0
2.0527777777777776,429.0,0.0,0.0
2.0541666666666667,429.0,0.0,0.0
2.0555555555555554,429.0,0.0,0.0
2.0569444444444445,429.0,0.0,0.0
2.058333333333333,429.0,0.0,0.0
2.0597222222222222,429.0,0.0,0.0
2.061111111111111,429.0,0.0,0.0
2.0625,429.0,0.0,0.0
2.063888888888889,429.0,0.0,0.0
2.0652777777777778,429.0,0.0,0.0
2.066666666666667,429.0,0.0,0.0
2.0680555555555555,429.0,0.0,0.0
2.0694444444444446,429.0,0.0,0.0
2.0708333333333333,429.0,0.0,0.0
2.0722222222222224,429.0,0.0,0.0
2.073611111111111,429.0,0.0,0.0
2.075,429.0,0.0,0.0
2.076388888888889,429.0,0.0,0.0
2.077777777777778,429.0,0.0,0.0
2.0791666666666666,429.0,0.0,0.0
2.0805555555555557,429.0,0.0,0.0
2.0819444444444444,429.0,0.0,0.0
2.0833333333333335,429.0,0.0,0.0
2.084722222222222,429.0,0.0,0.0
2.0861111111111112,429.0,0.0,0.0
2.0875,429.0,0.0,0.0
2.088888888888889,429.0,0.0,0.0
2.0902777777777777,429.0,0.0,0.0
2.091666666666667,429.0,0.0,0.0
2.0930555555555554,429.0,0.0,0.0
2.0944444444444446,429.0,0.0,0.0
2.095833333333333,429.0,0.0,0.0
2.0972222222222223,429.0,0.0,0.0
2.098611111111111,429.0,0.0,0.0
2.1,429.0,0.0,0.0
2.1013888888888888,429.0,0.0,0.0
2.102777777777778,429.0,0.0,0.0
2.1041666666666665,429.0,0.0,0.0
2.1055555555555556,429.0,0.0,0.0
2.1069444444444443,429.0,0.0,0.0
2.1083333333333334,429.0,0.0,0.0
2.109722222222222,429.0,0.0,0.0
2.111111111111111,429.0,0.0,0.0
2.1125,429.0,0.0,0.0
2.113888888888889,429.0,0.0,0.0
2.1152777777777776,429.0,0.0,0.0
2.1166666666666667,429.0,0.0,0.0
2.1180555555555554,429.0,0.0,0.0
2.1194444444444445,429.0,0.0,0.0
2.120833333333333,429.0,0.0,0.0
2.1222222222222222,429.0,0.0,0.0
2.123611111111111,429.0,0.0,0.0
2.125,429.0,0.0,0.0
2.126388888888889,429.0,0.0,0.0
2.1277777777777778,429.0,0.0,0.0
2.129166666666667,429.0,0.0,0.0
2.1305555555555555,429.0,0.0,0.0
2.1319444444444446,429.0,0.0,0.0
2.1333333333333333,429.0,0.0,0.0
2.1347222222222224,429.0,0.0,0.0
2.136111111111111,429.0,0.0,0.0
2.1375,429.0,0.0,0.0
2.138888888888889,429.0,0.0,0.0
2.140277777777778,429.0,0.0,0.0
2.1416666666666666,429.0,0.0,0.0
2.1430555555555557,429.0,0.0,0.0
2.1444444444444444,429.0,0.0,0.0
2.1458333333333335,429.0,0.0,0.0
2.147222222222222,429.0,0.0,0.0
2.1486111111111112,429.0,0.0,0.0
2.15,429.0,0.0,0.0
2.151388888888889,429.0,0.0,0.0
2.1527777777777777,429.0,0.0,0.0
2.154166666666667,429.0,0.0,0.0
2.1555555555555554,429.0,0.0,0.0
2.1569444444444446,429.0,0.0,0.0
2.158333333333333,429.0,0.0,0.0
2.1597222222222223,429.0,0.0,0.0
2.161111111111111,429.0,0.0,0.0
2.1625,429.0,0.0,0.0
2.1638888888888888,429.0,0.0,0.0
2.165277777777778,429.0,0.0,0.0
2.1666666666666665,429.0,0.0,0.0
2.1680555555555556,429.0,0.0,0.0
2.1694444444444443,429.0,0.0,0.0
2.1708333333333334,429.0,0.0,0.0
2.172222222222222,429.0,0.0,0.0
2.173611111111111,429.0,0.0,0.0
2.175,429.0,0.0,0.0
2.176388888888889,429.0,0.0,0.0
2.1777777777777776,429.0,0.0,0.0
2.1791666666666667,429.0,0.0,0.0
2.1805555555555554,429.0,0.0,0.0
2.1819444444444445,429.0,0.0,0.0
2.183333333333333,429.0,0.0,0.0
2.1847222222222222,429.0,0.0,0.0
2.186111111111111,429.0,0.0,0.0
2.1875,429.0,0.0,0.0
2.188888888888889,429.0,0.0,0.0
2.1902777777777778,429.0,0.0,0.0
2.191666666666667,429.0,0.0,0.0
2.1930555555555555,429.0,0.0,0.0
2.1944444444444446,429.0,0.0,0.0
2.1958333333333333,429.0,0.0,0.0
2.1972222222222224,429.0,0.0,0.0
2.198611111111111,429.0,0.0,0.0
2.2,429.0,0.0,0.0
2.201388888888889,429.0,0.0,0.0
2.202777777777778,429.0,0.0,0.0
2.2041666666666666,429.0,0.0,0.0
2.2055555555555557,429.0,0.0,0.0
2.2069444444444444,429.0,0.0,0.0
2.2083333333333335,429.0,0.0,0.0
2.209722222222222,429.0,0.0,0.0
2.2111111111111112,429.0,0.0,0.0
2.2125,429.0,0.0,0.0
2.213888888888889,429.0,0.0,0.0
2.2152777777777777,429.0,0.0,0.0
2.216666666666667,429.0,0.0,0.0
2.2180555555555554,429.0,0.0,0.0
2.2194444444444446,429.0,0.0,0.0
2.220833333333333,429.0,0.0,0.0
2.2222222222222223,429.0,0.0,0.0
2.223611111111111,429.0,0.0,0.0
2.225,429.0,0.0,0.0
2.2263888888888888,429.0,0.0,0.0
2.227777777777778,429.0,0.0,0.0
2.2291666666666665,429.0,0.0,0.0
2.2305555555555556,429.0,0.0,0.0
2.2319444444444443,429.0,0.0,0.0
2.2333333333333334,429.0,0.0,0.0
2.234722222222222,429.0,0.0,0.0
2.236111111111111,429.0,0.0,0.0
2.2375,429.0,0.0,0.0
2.238888888888889,429.0,0.0,0.0
2.2402777777777776,429.0,0.0,0.0
2.2416666666666667,429.0,0.0,0.0
2.2430555555555554,429.0,0.0,0.0
2.2444444444444445,429.0,0.0,0.0
2.245833333333333,429.0,0.0,0.0
2.2472222222222222,429.0,0.0,0.0
2.248611111111111,429.0,0.0,0.0
2.25,429.0,0.0,0.0
2.251388888888889,429.0,0.0,0.0
2.2527777777777778,429.0,0.0,0.0
2.254166666666667,429.0,0.0,0.0
2.2555555555555555,429.0,0.0,0.0
2.2569444444444446,429.0,0.0,0.0
2.2583333333333333,429.0,0.0,0.0
2.2597222222222224,429.0,0.0,0.0
2.261111111111111,429.0,0.0,0.0
2.2625,429.0,0.0,0.0
2.263888888888889,429.0,0.0,0.0
2.265277777777778,429.0,0.0,0.0
2.2666666666666666,429.0,0.0,0.0
2.2680555555555557,429.0,0.0,0.0
2.2694444444444444,429.0,0.0,0.0
2.2708333333333335,429.0,0.0,0.0
2.272222222222222,429.0,0.0,0.0
2.2736111111111112,429.0,0.0,0.0
2.275,429.0,0.0,0.0
2.276388888888889,429.0,0.0,0.0
2.2777777777777777,429.0,0.0,0.0
2.279166666666667,429.0,0.0,0.0
2.2805555555555554,429.0,0.0,0.0
2.2819444444444446,429.0,0.0,0.0
2.283333333333333,429.0,0.0,0.0
2.2847222222222223,429.0,0.0,0.0
2.286111111111111,429.0,0.0,0.0
2.2875,429.0,0.0,0.0
2.2888888888888888,429.0,0.0,0.0
2.290277777777778,429.0,0.0,0.0
2.2916666666666665,429.0,0.0,0.0
2.2930555555555556,429.0,0.0,0.0
2.2944444444444443,429.0,0.0,0.0
2.2958333333333334,429.0,0.0,0.0
2.297222222222222,429.0,0.0,0.0
2.298611111111111,429.0,0.0,0.0
2.3,429.0,0.0,0.0
2.301388888888889,429.0,0.0,0.0
2.3027777777777776,429.0,0.0,0.0
2.3041666666666667,429.0,0.0,0.0
2.3055555555555554,429.0,0.0,0.0
2.3069444444444445,429.0,0.0,0.0
2.308333333333333,429.0,0.0,0.0
2.3097222222222222,429.0,0.0,0.0
2.311111111111111,429.0,0.0,0.0
2.3125,429.0,0.0,0.0
2.313888888888889,429.0,0.0,0.0
2.3152777777777778,429.0,0.0,0.0
2.316666666666667,429.0,0.0,0.0
2.3180555555555555,429.0,0.0,0.0
2.3194444444444446,429.0,0.0,0.0
2.3208333333333333,429.0,0.0,0.0
2.3222222222222224,429.0,0.0,0.0
2.323611111111111,429.0,0.0,0.0
2.325,429.0,0.0,0.0
2.326388888888889,429.0,0.0,0.0
2.327777777777778,429.0,0.0,0.0
2.3291666666666666,429.0,0.0,0.0
2.3305555555555557,429.0,0.0,0.0
2.3319444444444444,429.0,0.0,0.0
2.3333333333333335,429.0,0.0,0.0
2.334722222222222,429.0,0.0,0.0
2.3361111111111112,429.0,0.0,0.0
2.3375,429.0,0.0,0.0
2.338888888888889,429.0,0.0,0.0
2.3402777777777777,429.0,0.0,0.0
2.341666666666667,429.0,0.0,0.0
2.3430555555555554,429.0,0.0,0.0
2.3444444444444446,429.0,0.0,0.0
2.345833333333333,429.0,0.0,0.0
2.3472222222222223,429.0,0.0,0.0
2.348611111111111,429.0,0.0,0.0
2.35,429.0,0.0,0.0
2.3513888888888888,429.0,0.0,0.0
2.352777777777778,429.0,0.0,0.0
2.3541666666666665,429.0,0.0,0.0
2.3555555555555556,429.0,0.0,0.0
2.3569444444444443,429.0,0.0,0.0
2.3583333333333334,429.0,0.0,0.0
2.359722222222222,429.0,0.0,0.0
2.361111111111111,429.0,0.0,0.0
2.3625,429.0,0.0,0.0
2.363888888888889,429.0,0.0,0.0
2.3652777777777776,429.0,0.0,0.0
2.3666666666666667,429.0,0.0,0.0
2.3680555555555554,429.0,0.0,0.0
2.3694444444444445,429.0,0.0,0.0
2.370833333333333,429.0,0.0,0.0
2.3722222222222222,429.0,0.0,0.0
2.373611111111111,429.0,0.0,0.0
2.375,429.0,0.0,0.0
2.376388888888889,429.0,0.0,0.0
2.3777777777777778,429.0,0.0,0.0
2.379166666666667,429.0,0.0,0.0
2.3805555555555555,429.0,0.0,0.0
2.3819444444444446,429.0,0.0,0.0
2.3833333333333333,429.0,0.0,0.0
2.3847222222222224,429.0,0.0,0.0
2.386111111111111,429.0,0.0,0.0
2.3875,429.0,0.0,0.0
2.388888888888889,429.0,0.0,0.0
2.390277777777778,429.0,0.0,0.0
2.3916666666666666,429.0,0.0,0.0
2.3930555555555557,429.0,0.0,0.0
2.3944444444444444,429.0,0.0,0.0
2.3958333333333335,429.0,0.0,0.0
2.397222222222222,429.0,0.0,0.0
2.3986111111111112,429.0,0.0,0.0
2.4,429.0,0.0,0.0
2.401388888888889,429.0,0.0,0.0
2.4027777777777777,429.0,0.0,0.0
2.404166666666667,429.0,0.0,0.0
2.4055555555555554,429.0,0.0,0.0
2.4069444444444446,429.0,0.0,0.0
2.408333333333333,429.0,0.0,0.0
2.4097222222222223,429.0,0.0,0.0
2.411111111111111,429.0,0.0,0.0
2.4125,429.0,0.0,0.0
2.4138888888888888,429.0,0.0,0.0
2.415277777777778,429.0,0.0,0.0
2.4166666666666665,429.0,0.0,0.0
2.4180555555555556,429.0,0.0,0.0
2.4194444444444443,429.0,0.0,0.0
2.4208333333333334,429.0,0.0,0.0
2.422222222222222,429.0,0.0,0.0
2.423611111111111,429.0,0.0,0.0
2.425,429.0,0.0,0.0
2.426388888888889,429.0,0.0,0.0
2.4277777777777776,429.0,0.0,0.0
2.4291666666666667,429.0,0.0,0.0
2.4305555555555554,429.0,0.0,0.0
2.4319444444444445,429.0,0.0,0.0
2.433333333333333,429.0,0.0,0.0
2.4347222222222222,429.0,0.0,0.0
2.436111111111111,429.0,0.0,0.0
2.4375,429.0,0.0,0.0
2.438888888888889,429.0,0.0,0.0
2.4402777777777778,429.0,0.0,0.0
2.441666666666667,429.0,0.0,0.0
2.4430555555555555,429.0,0.0,0.0
2.4444444444444446,429.0,0.0,0.0
2.4458333333333333,429.0,0.0,0.0
2.4472222222222224,429.0,0.0,0.0
2.448611111111111,429.0,0.0,0.0
2.45,429.0,0.0,0.0
2.451388888888889,429.0,0.0,0.0
2.452777777777778,429.0,0.0,0.0
2.4541666666666666,429.0,0.0,0.0
2.4555555555555557,429.0,0.0,0.0
2.4569444444444444,429.0,0.0,0.0
2.4583333333333335,429.0,0.0,0.0
2.459722222222222,429.0,0.0,0.0
2.4611111111111112,429.0,0.0,0.0
2.4625,429.0,0.0,0.0
2.463888888888889,429.0,0.0,0.0
2.4652777777777777,429.0,0.0,0.0
2.466666666666667,429.0,0.0,0.0
2.4680555555555554,429.0,0.0,0.0
2.4694444444444446,429.0,0.0,0.0
2.470833333333333,429.0,0.0,0.0
2.4722222222222223,429.0,0.0,0.0
2.473611111111111,429.0,0.0,0.0
2.475,429.0,0.0,0.0
2.4763888888888888,429.0,0.0,0.0
2.477777777777778,429.0,0.0,0.0
2.4791666666666665,429.0,0.0,0.0
2.4805555555555556,429.0,0.0,0.0
2.4819444444444443,429.0,0.0,0.0
2.4833333333333334,429.0,0.0,0.0
2.484722222222222,429.0,0.0,0.0
2.486111111111111,429.0,0.0,0.0
2.4875,429.0,0.0,0.0
2.488888888888889,429.0,0.0,0.0
2.4902777777777776,429.0,0.0,0.0
2.4916666666666667,429.0,0.0,0.0
2.4930555555555554,429.0,0.0,0.0
2.4944444444444445,429.0,0.0,0.0
2.495833333333333,429.0,0.0,0.0
2.4972222222222222,429.0,0.0,0.0
2.498611111111111,429.0,0.0,0.0
2.5,429.0,0.0,0.0
2.501388888888889,429.0,0.0,0.0
2.5027777777777778,429.0,0.0,0.0
2.504166666666667,429.0,0.0,0.0
2.5055555555555555,429.0,0.0,0.0
2.5069444444444446,429.0,0.0,0.0
2.5083333333333333,429.0,0.0,0.0
2.5097222222222224,429.0,0.0,0.0
2.511111111111111,429.0,0.0,0.0
2.5125,429.0,0.0,0.0
2.513888888888889,429.0,0.0,0.0
2.515277777777778,429.0,0.0,0.0
2.5166666666666666,429.0,0.0,0.0
2.5180555555555557,429.0,0.0,0.0
2.5194444444444444,429.0,0.0,0.0
2.5208333333333335,429.0,0.0,0.0
2.522222222222222,429.0,0.0,0.0
2.5236111111111112,429.0,0.0,0.0
2.525,429.0,0.0,0.0
2.526388888888889,429.0,0.0,0.0
2.5277777777777777,429.0,0.0,0.0
2.529166666666667,429.0,0.0,0.0
2.5305555555555554,429.0,0.0,0.0
2.5319444444444446,429.0,0.0,0.0
2.533333333333333,429.0,0.0,0.0
2.5347222222222223,429.0,0.0,0.0
2.536111111111111,429.0,0.0,0.0
2.5375,429.0,0.0,0.0
2.5388888888888888,429.0,0.0,0.0
2.540277777777778,429.0,0.0,0.0
2.5416666666666665,429.0,0.0,0.0
2.5430555555555556,429.0,0.0,0.0
2.5444444444444443,429.0,0.0,0.0
2.5458333333333334,429.0,0.0,0.0
2.547222222222222,429.0,0.0,0.0
2.548611111111111,429.0,0.0,0.0
2.55,429.0,0.0,0.0
2.551388888888889,429.0,0.0,0.0
2.5527777777777776,429.0,0.0,0.0
2.5541666666666667,429.0,0.0,0.0
2.5555555555555554,429.0,0.0,0.0
2.5569444444444445,429.0,0.0,0.0
2.558333333333333,429.0,0.0,0.0
2.5597222222222222,429.0,0.0,0.0
2.561111111111111,429.0,0.0,0.0
2.5625,429.0,0.0,0.0
2.563888888888889,429.0,0.0,0.0
2.5652777777777778,429.0,0.0,0.0
2.566666666666667,429.0,0.0,0.0
2.5680555555555555,429.0,0.0,0.0
2.5694444444444446,429.0,0.0,0.0
2.5708333333333333,429.0,0.0,0.0
2.5722222222222224,429.0,0.0,0.0
2.573611111111111,429.0,0.0,0.0
2.575,429.0,0.0,0.0
2.576388888888889,429.0,0.0,0.0
2.577777777777778,429.0,0.0,0.0
2.5791666666666666,429.0,0.0,0.0
2.5805555555555557,429.0,0.0,0.0
2.5819444444444444,429.0,0.0,0.0
2.5833333333333335,429.0,0.0,0.0
2.584722222222222,429.0,0.0,0.0
2.5861111111111112,429.0,0.0,0.0
2.5875,429.0,0.0,0.0
2.588888888888889,429.0,0.0,0.0
2.5902777777777777,429.0,0.0,0.0
2.591666666666667,429.0,0.0,0.0
2.5930555555555554,429.0,0.0,0.0
2.5944444444444446,429.0,0.0,0.0
2.595833333333333,429.0,0.0,0.0
2.5972222222222223,429.0,0.0,0.0
2.598611111111111,429.0,0.0,0.0
2.6,429.0,0.0,0.0
2.6013888888888888,429.0,0.0,0.0
2.602777777777778,429.0,0.0,0.0
2.6041666666666665,429.0,0.0,0.0
2.6055555555555556,429.0,0.0,0.0
2.6069444444444443,429.0,0.0,0.0
2.6083333333333334,429.0,0.0,0.0
2.609722222222222,429.0,0.0,0.0
2.611111111111111,429.0,0.0,0.0
2.6125,429.0,0.0,0.0
2.613888888888889,429.0,0.0,0.0
2.6152777777777776,429.0,0.0,0.0
2.6166666666666667,429.0,0.0,0.0
2.6180555555555554,429.0,0.0,0.0
2.6194444444444445,429.0,0.0,0.0
2.620833333333333,429.0,0.0,0.0
2.6222222222222222,429.0,0.0,0.0
2.623611111111111,429.0,0.0,0.0
2.625,429.0,0.0,0.0
2.626388888888889,429.0,0.0,0.0
2.6277777777777778,429.0,0.0,0.0
2.629166666666667,429.0,0.0,0.0
2.6305555555555555,429.0,0.0,0.0
2.6319444444444446,429.0,0.0,0.0
2.6333333333333333,429.0,0.0,0.0
2.6347222222222224,429.0,0.0,0.0
2.636111111111111,429.0,0.0,0.0
2.6375,429.0,0.0,0.0
2.638888888888889,429.0,0.0,0.0
2.640277777777778,429.0,0.0,0.0
2.6416666666666666,429.0,0.0,0.0
2.6430555555555557,429.0,0.0,0.0
2.6444444444444444,429.0,0.0,0.0
2.6458333333333335,429.0,0.0,0.0
2.647222222222222,429.0,0.0,0.0
2.6486111111111112,429.0,0.0,0.0
2.65,429.0,0.0,0.0
2.651388888888889,429.0,0.0,0.0
2.6527777777777777,429.0,0.0,0.0
2.654166666666667,429.0,0.0,0.0
2.6555555555555554,429.0,0.0,0.0
2.6569444444444446,429.0,0.0,0.0
2.658333333333333,429.0,0.0,0.0
2.6597222222222223,429.0,0.0,0.0
2.661111111111111,429.0,0.0,0.0
2.6625,429.0,0.0,0.0
2.6638888888888888,429.0,0.0,0.0
2.665277777777778,429.0,0.0,0.0
2.6666666666666665,429.0,0.0,0.0
2.6680555555555556,429.0,0.0,0.0
2.6694444444444443,429.0,0.0,0.0
2.6708333333333334,429.0,0.0,0.0
2.672222222222222,429.0,0.0,0.0
2.673611111111111,429.0,0.0,0.0
2.675,429.0,0.0,0.0
2.676388888888889,429.0,0.0,0.0
2.6777777777777776,429.0,0.0,0.0
2.6791666666666667,429.0,0.0,0.0
2.6805555555555554,429.0,0.0,0.0
2.6819444444444445,429.0,0.0,0.0
2.683333333333333,429.0,0.0,0.0
2.6847222222222222,429.0,0.0,0.0
2.686111111111111,429.0,0.0,0.0
2.6875,429.0,0.0,0.0
2.688888888888889,429.0,0.0,0.0
2.6902777777777778,429.0,0.0,0.0
2.691666666666667,429.0,0.0,0.0
2.6930555555555555,429.0,0.0,0.0
2.6944444444444446,429.0,0.0,0.0
2.6958333333333333,429.0,0.0,0.0
2.6972222222222224,429.0,0.0,0.0
2.698611111111111,429.0,0.0,0.0
2.7,429.0,0.0,0.0
2.701388888888889,429.0,0.0,0.0
2.702777777777778,429.0,0.0,0.0
2.7041666666666666,429.0,0.0,0.0
2.7055555555555557,429.0,0.0,0.0
2.7069444444444444,429.0,0.0,0.0
2.7083333333333335,429.0,0.0,0.0
2.709722222222222,429.0,0.0,0.0
2.7111111111111112,429.0,0.0,0.0
2.7125,429.0,0.0,0.0
2.713888888888889,429.0,0.0,0.0
2.7152777777777777,429.0,0.0,0.0
2.716666666666667,429.0,0.0,0.0
2.7180555555555554,429.0,0.0,0.0
2.7194444444444446,429.0,0.0,0.0
2.720833333333333,429.0,0.0,0.0
2.7222222222222223,429.0,0.0,0.0
2.723611111111111,429.0,0.0,0.0
2.725,429.0,0.0,0.0
2.7263888888888888,429.0,0.0,0.0
2.727777777777778,429.0,0.0,0.0
2.7291666666666665,429.0,0.0,0.0
2.7305555555555556,429.0,0.0,0.0
2.7319444444444443,429.0,0.0,0.0
2.7333333333333334,429.0,0.0,0.0
2.734722222222222,429.0,0.0,0.0
2.736111111111111,429.0,0.0,0.0
2.7375,429.0,0.0,0.0
2.738888888888889,429.0,0.0,0.0
2.7402777777777776,429.0,0.0,0.0
2.7416666666666667,429.0,0.0,0.0
2.7430555555555554,429.0,0.0,0.0
2.7444444444444445,429.0,0.0,0.0
2.745833333333333,429.0,0.0,0.0
2.7472222222222222,429.0,0.0,0.0
2.748611111111111,429.0,0.0,0.0
2.75,429.0,0.0,0.0
2.751388888888889,429.0,0.0,0.0
2.7527777777777778,429.0,0.0,0.0
2.754166666666667,429.0,0.0,0.0
2.7555555555555555,429.0,0.0,0.0
2.7569444444444446,429.0,0.0,0.0
2.7583333333333333,429.0,0.0,0.0
2.7597222222222224,429.0,0.0,0.0
2.761111111111111,429.0,0.0,0.0
2.7625,429.0,0.0,0.0
2.763888888888889,429.0,0.0,0.0
2.765277777777778,429.0,0.0,0.0
2.7666666666666666,429.0,0.0,0.0
2.7680555555555557,429.0,0.0,0.0
2.7694444444444444,429.0,0.0,0.0
2.7708333333333335,429.0,0.0,0.0
2.772222222222222,429.0,0.0,0.0
2.7736111111111112,429.0,0.0,0.0
2.775,429.0,0.0,0.0
2.776388888888889,429.0,0.0,0.0
2.7777777777777777,429.0,0.0,0.0
2.779166666666667,429.0,0.0,0.0
2.7805555555555554,429.0,0.0,0.0
2.7819444444444446,429.0,0.0,0.0
2.783333333333333,429.0,0.0,0.0
2.7847222222222223,429.0,0.0,0.0
2.786111111111111,429.0,0.0,0.0
2.7875,429.0,0.0,0.0
2.7888888888888888,429.0,0.0,0.0
2.790277777777778,429.0,0.0,0.0
2.7916666666666665,429.0,0.0,0.0
2.7930555555555556,429.0,0.0,0.0
2.7944444444444443,429.0,0.0,0.0
2.7958333333333334,429.0,0.0,0.0
2.797222222222222,429.0,0.0,0.0
2.798611111111111,429.0,0.0,0.0
2.8,429.0,0.0,0.0
2.801388888888889,429.0,0.0,0.0
2.8027777777777776,429.0,0.0,0.0
2.8041666666666667,429.0,0.0,0.0
2.8055555555555554,429.0,0.0,0.0
2.8069444444444445,429.0,0.0,0.0
2.808333333333333,429.0,0.0,0.0
2.8097222222222222,429.0,0.0,0.0
2.811111111111111,429.0,0.0,0.0
2.8125,429.0,0.0,0.0
2.813888888888889,429.0,0.0,0.0
2.8152777777777778,429.0,0.0,0.0
2.816666666666667,429.0,0.0,0.0
2.8180555555555555,429.0,0.0,0.0
2.8194444444444446,429.0,0.0,0.0
2.8208333333333333,429.0,0.0,0.0
2.8222222222222224,429.0,0.0,0.0
2.823611111111111,429.0,0.0,0.0
2.825,429.0,0.0,0.0
2.826388888888889,429.0,0.0,0.0
2.827777777777778,429.0,0.0,0.0
2.8291666666666666,429.0,0.0,0.0
2.8305555555555557,429.0,0.0,0.0
2.8319444444444444,429.0,0.0,0.0
2.8333333333333335,429.0,0.0,0.0
2.834722222222222,429.0,0.0,0.0
2.8361111111111112,429.0,0.0,0.0
2.8375,429.0,0.0,0.0
2.838888888888889,429.0,0.0,0.0
2.8402777777777777,429.0,0.0,0.0
2.841666666666667,429.0,0.0,0.0
2.8430555555555554,429.0,0.0,0.0
2.8444444444444446,429.0,0.0,0.0
2.845833333333333,429.0,0.0,0.0
2.8472222222222223,429.0,0.0,0.0
2.848611111111111,429.0,0.0,0.0
2.85,429.0,0.0,0.0
2.8513888888888888,429.0,0.0,0.0
2.852777777777778,429.0,0.0,0.0
2.8541666666666665,429.0,0.0,0.0
2.8555555555555556,429.0,0.0,0.0
2.8569444444444443,429.0,0.0,0.0
2.8583333333333334,429.0,0.0,0.0
2.859722222222222,429.0,0.0,0.0
2.861111111111111,429.0,0.0,0.0
2.8625,429.0,0.0,0.0
2.863888888888889,429.0,0.0,0.0
2.8652777777777776,429.0,0.0,0.0
2.8666666666666667,429.0,0.0,0.0
2.8680555555555554,429.0,0.0,0.0
2.8694444444444445,429.0,0.0,0.0
2.870833333333333,429.0,0.0,0.0
2.8722222222222222,429.0,0.0,0.0
2.873611111111111,429.0,0.0,0.0
2.875,429.0,0.0,0.0
2.876388888888889,429.0,0.0,0.0
2.8777777777777778,429.0,0.0,0.0
2.879166666666667,429.0,0.0,0.0
2.8805555555555555,429.0,0.0,0.0
2.8819444444444446,429.0,0.0,0.0
2.8833333333333333,429.0,0.0,0.0
2.8847222222222224,429.0,0.0,0.0
2.886111111111111,429.0,0.0,0.0
2.8875,429.0,0.0,0.0
2.888888888888889,429.0,0.0,0.0
2.890277777777778,429.0,0.0,0.0
2.8916666666666666,429.0,0.0,0.0
2.8930555555555557,429.0,0.0,0.0
2.8944444444444444,429.0,0.0,0.0
2.8958333333333335,429.0,0.0,0.0
2.897222222222222,429.0,0.0,0.0
2.8986111111111112,429.0,0.0,0.0
2.9,429.0,0.0,0.0
2.901388888888889,429.0,0.0,0.0
2.9027777777777777,429.0,0.0,0.0
2.904166666666667,429.0,0.0,0.0
2.9055555555555554,429.0,0.0,0.0
2.9069444444444446,429.0,0.0,0.0
2.908333333333333,429.0,0.0,0.0
2.9097222222222223,429.0,0.0,0.0
2.911111111111111,429.0,0.0,0.0
2.9125,429.0,0.0,0.0
2.9138888888888888,429.0,0.0,0.0
2.915277777777778,429.0,0.0,0.0
2.9166666666666665,429.0,0.0,0.0
2.9180555555555556,429.0,0.0,0.0
2.9194444444444443,429.0,0.0,0.0
2.9208333333333334,429.0,0.0,0.0
2.922222222222222,429.0,0.0,0.0
2.923611111111111,429.0,0.0,0.0
2.925,429.0,0.0,0.0
2.926388888888889,429.0,0.0,0.0
2.9277777777777776,429.0,0.0,0.0
2.9291666666666667,429.0,0.0,0.0
2.9305555555555554,429.0,0.0,0.0
2.9319444444444445,429.0,0.0,0.0
2.933333333333333,429.0,0.0,0.0
2.9347222222222222,429.0,0.0,0.0
2.936111111111111,429.0,0.0,0.0
2.9375,429.0,0.0,0.0
2.938888888888889,429.0,0.0,0.0
2.9402777777777778,429.0,0.0,0.0
2.941666666666667,429.0,0.0,0.0
2.9430555555555555,429.0,0.0,0.0
2.9444444444444446,429.0,0.0,0.0
2.9458333333333333,429.0,0.0,0.0
2.9472222222222224,429.0,0.0,0.0
2.948611111111111,429.0,0.0,0.0
2.95,429.0,0.0,0.0
2.951388888888889,429.0,0.0,0.0
2.952777777777778,429.0,0.0,0.0
2.9541666666666666,429.0,0.0,0.0
2.9555555555555557,429.0,0.0,0.0
2.9569444444444444,429.0,0.0,0.0
2.9583333333333335,429.0,0.0,0.0
2.959722222222222,429.0,0.0,0.0
2.9611111111111112,429.0,0.0,0.0
2.9625,429.0,0.0,0.0
2.963888888888889,429.0,0.0,0.0
2.9652777777777777,429.0,0.0,0.0
2.966666666666667,429.0,0.0,0.0
2.9680555555555554,429.0,0.0,0.0
2.9694444444444446,429.0,0.0,0.0
2.970833333333333,429.0,0.0,0.0
2.9722222222222223,429.0,0.0,0.0
2.973611111111111,429.0,0.0,0.0
2.975,429.0,0.0,0.0
2.9763888888888888,429.0,0.0,0.0
2.977777777777778,429.0,0.0,0.0
2.9791666666666665,429.0,0.0,0.0
2.9805555555555556,429.0,0.0,0.0
2.9819444444444443,429.0,0.0,0.0
2.9833333333333334,429.0,0.0,0.0
2.984722222222222,429.0,0.0,0.0
2.986111111111111,429.0,0.0,0.0
2.9875,429.0,0.0,0.0
2.988888888888889,429.0,0.0,0.0
2.9902777777777776,429.0,0.0,0.0
2.9916666666666667,429.0,0.0,0.0
2.9930555555555554,429.0,0.0,0.0
2.9944444444444445,429.0,0.0,0.0
2.995833333333333,429.0,0.0,0.0
2.9972222222222222,429.0,0.0,0.0
2.998611111111111,429.0,0.0,0.0
3.0,429.0,0.0,0.0
3.001388888888889,429.0,0.0,0.0
3.0027777777777778,429.0,0.0,0.0
3.004166666666667,429.0,0.0,0.0
3.0055555555555555,429.0,0.0,0.0
3.0069444444444446,429.0,0.0,0.0
3.0083333333333333,429.0,0.0,0.0
3.0097222222222224,429.0,0.0,0.0
3.011111111111111,429.0,0.0,0.0
3.0125,429.0,0.0,0.0
3.013888888888889,429.0,0.0,0.0
3.015277777777778,429.0,0.0,0.0
3.0166666666666666,429.0,0.0,0.0
3.0180555555555557,429.0,0.0,0.0
3.0194444444444444,429.0,0.0,0.0
3.0208333333333335,429.0,0.0,0.0
3.022222222222222,429.0,0.0,0.0
3.0236111111111112,429.0,0.0,0.0
3.025,429.0,0.0,0.0
3.026388888888889,429.0,0.0,0.0
3.0277777777777777,429.0,0.0,0.0
3.029166666666667,429.0,0.0,0.0
3.0305555555555554,429.0,0.0,0.0
3.0319444444444446,429.0,0.0,0.0
3.033333333333333,429.0,0.0,0.0
3.0347222222222223,429.0,0.0,0.0
3.036111111111111,429.0,0.0,0.0
3.0375,429.0,0.0,0.0
3.0388888888888888,429.0,0.0,0.0
3.040277777777778,429.0,0.0,0.0
3.0416666666666665,429.0,0.0,0.0
3.0430555555555556,429.0,0.0,0.0
3.0444444444444443,429.0,0.0,0.0
3.0458333333333334,429.0,0.0,0.0
3.047222222222222,429.0,0.0,0.0
3.048611111111111,429.0,0.0,0.0
3.05,429.0,0.0,0.0
3.051388888888889,429.0,0.0,0.0
3.0527777777777776,429.0,0.0,0.0
3.0541666666666667,429.0,0.0,0.0
3.0555555555555554,429.0,0.0,0.0
3.0569444444444445,429.0,0.0,0.0
3.058333333333333,429.0,0.0,0.0
3.0597222222222222,429.0,0.0,0.0
3.061111111111111,429.0,0.0,0.0
3.0625,429.0,0.0,0.0
3.063888888888889,429.0,0.0,0.0
3.0652777777777778,429.0,0.0,0.0
3.066666666666667,429.0,0.0,0.0
3.0680555555555555,429.0,0.0,0.0
3.0694444444444446,429.0,0.0,0.0
3.0708333333333333,429.0,0.0,0.0
3.0722222222222224,429.0,0.0,0.0
3.073611111111111,429.0,0.0,0.0
3.075,429.0,0.0,0.0
3.076388888888889,429.0,0.0,0.0
3.077777777777778,429.0,0.0,0.0
3.0791666666666666,429.0,0.0,0.0
3.0805555555555557,429.0,0.0,0.0
3.0819444444444444,429.0,0.0,0.0
3.0833333333333335,429.0,0.0,0.0
3.084722222222222,429.0,0.0,0.0
3.0861111111111112,429.0,0.0,0.0
3.0875,429.0,0.0,0.0
3.088888888888889,429.0,0.0,0.0
3.0902777777777777,429.0,0.0,0.0
3.091666666666667,429.0,0.0,0.0
3.0930555555555554,429.0,0.0,0.0
3.0944444444444446,429.0,0.0,0.0
3.095833333333333,429.0,0.0,0.0
3.0972222222222223,429.0,0.0,0.0
3.098611111111111,429.0,0.0,0.0
3.1,429.0,0.0,0.0
3.1013888888888888,429.0,0.0,0.0
3.102777777777778,429.0,0.0,0.0
3.1041666666666665,429.0,0.0,0.0
3.1055555555555556,429.0,0.0,0.0
3.1069444444444443,429.0,0.0,0.0
3.1083333333333334,429.0,0.0,0.0
3.109722222222222,429.0,0.0,0.0
3.111111111111111,429.0,0.0,0.0
3.1125,429.0,0.0,0.0
3.113888888888889,429.0,0.0,0.0
3.1152777777777776,429.0,0.0,0.0
3.1166666666666667,429.0,0.0,0.0
3.1180555555555554,429.0,0.0,0.0
3.1194444444444445,429.0,0.0,0.0
3.120833333333333,429.0,0.0,0.0
3.1222222222222222,429.0,0.0,0.0
3.123611111111111,429.0,0.0,0.0
3.125,429.0,0.0,0.0
3.126388888888889,429.0,0.0,0.0
3.1277777777777778,429.0,0.0,0.0
3.129166666666667,429.0,0.0,0.0
3.1305555555555555,429.0,0.0,0.0
3.1319444444444446,429.0,0.0,0.0
3.1333333333333333,429.0,0.0,0.0
3.1347222222222224,429.0,0.0,0.0
3.136111111111111,429.0,0.0,0.0
3.1375,429.0,0.0,0.0
3.138888888888889,429.0,0.0,0.0
3.140277777777778,429.0,0.0,0.0
3.1416666666666666,429.0,0.0,0.0
3.1430555555555557,429.0,0.0,0.0
3.1444444444444444,429.0,0.0,0.0
3.1458333333333335,429.0,0.0,0.0
3.147222222222222,429.0,0.0,0.0
3.1486111111111112,429.0,0.0,0.0
3.15,429.0,0.0,0.0
3.151388888888889,429.0,0.0,0.0
3.1527777777777777,429.0,0.0,0.0
3.154166666666667,429.0,0.0,0.0
3.1555555555555554,429.0,0.0,0.0
3.1569444444444446,429.0,0.0,0.0
3.158333333333333,429.0,0.0,0.0
3.1597222222222223,429.0,0.0,0.0
3.161111111111111,429.0,0.0,0.0
3.1625,429.0,0.0,0.0
3.1638888888888888,429.0,0.0,0.0
3.165277777777778,429.0,0.0,0.0
3.1666666666666665,429.0,0.0,0.0
3.1680555555555556,429.0,0.0,0.0
3.1694444444444443,429.0,0.0,0.0
3.1708333333333334,429.0,0.0,0.0
3.172222222222222,429.0,0.0,0.0
3.173611111111111,429.0,0.0,0.0
3.175,429.0,0.0,0.0
3.176388888888889,429.0,0.0,0.0
3.1777777777777776,429.0,0.0,0.0
3.1791666666666667,429.0,0.0,0.0
3.1805555555555554,429.0,0.0,0.0
3.1819444444444445,429.0,0.0,0.0
3.183333333333333,429.0,0.0,0.0
3.1847222222222222,429.0,0.0,0.0
3.186111111111111,429.0,0.0,0.0
3.1875,429.0,0.0,0.0
3.188888888888889,429.0,0.0,0.0
3.1902777777777778,429.0,0.0,0.0
3.191666666666667,429.0,0.0,0.0
3.1930555555555555,429.0,0.0,0.0
3.1944444444444446,429.0,0.0,0.0
3.1958333333333333,429.0,0.0,0.0
3.1972222222222224,429.0,0.0,0.0
3.198611111111111,429.0,0.0,0.0
3.2,429.0,0.0,0.0
3.201388888888889,429.0,0.0,0.0
3.202777777777778,429.0,0.0,0.0
3.2041666666666666,429.0,0.0,0.0
3.2055555555555557,429.0,0.0,0.0
3.2069444444444444,429.0,0.0,0.0
3.2083333333333335,429.0,0.0,0.0
3.209722222222222,429.0,0.0,0.0
3.2111111111111112,429.0,0.0,0.0
3.2125,429.0,0.0,0.0
3.213888888888889,429.0,0.0,0.0
3.2152777777777777,429.0,0.0,0.0
3.216666666666667,429.0,0.0,0.0
3.2180555555555554,429.0,0.0,0.0
3.2194444444444446,429.0,0.0,0.0
3.220833333333333,429.0,0.0,0.0
3.2222222222222223,429.0,0.0,0.0
3.223611111111111,429.0,0.0,0.0
3.225,429.0,0.0,0.0
3.2263888888888888,429.0,0.0,0.0
3.227777777777778,429.0,0.0,0.0
3.2291666666666665,429.0,0.0,0.0
3.2305555555555556,429.0,0.0,0.0
3.2319444444444443,429.0,0.0,0.0
3.2333333333333334,429.0,0.0,0.0
3.234722222222222,429.0,0.0,0.0
3.236111111111111,429.0,0.0,0.0
3.2375,429.0,0.0,0.0
3.238888888888889,429.0,0.0,0.0
3.2402777777777776,429.0,0.0,0.0
3.2416666666666667,429.0,0.0,0.0
3.2430555555555554,429.0,0.0,0.0
3.2444444444444445,429.0,0.0,0.0
3.245833333333333,429.0,0.0,0.0
3.2472222222222222,429.0,0.0,0.0
3.248611111111111,429.0,0.0,0.0
3.25,429.0,0.0,0.0
3.251388888888889,429.0,0.0,0.0
3.2527777777777778,429.0,0.0,0.0
3.254166666666667,429.0,0.0,0.0
3.2555555555555555,429.0,0.0,0.0
3.2569444444444446,429.0,0.0,0.0
3.2583333333333333,429.0,0.0,0.0
3.2597222222222224,429.0,0.0,0.0
3.261111111111111,429.0,0.0,0.0
3.2625,429.0,0.0,0.0
3.263888888888889,429.0,0.0,0.0
3.265277777777778,429.0,0.0,0.0
3.2666666666666666,429.0,0.0,0.0
3.2680555555555557,429.0,0.0,0.0
3.2694444444444444,429.0,0.0,0.0
3.2708333333333335,429.0,0.0,0.0
3.272222222222222,429.0,0.0,0.0
3.2736111111111112,429.0,0.0,0.0
3.275,429.0,0.0,0.0
3.276388888888889,429.0,0.0,0.0
3.2777777777777777,429.0,0.0,0.0
3.279166666666667,429.0,0.0,0.0
3.2805555555555554,429.0,0.0,0.0
3.2819444444444446,429.0,0.0,0.0
3.283333333333333,429.0,0.0,0.0
3.2847222222222223,429.0,0.0,0.0
3.286111111111111,429.0,0.0,0.0
3.2875,429.0,0.0,0.0
3.2888888888888888,429.0,0.0,0.0
3.290277777777778,429.0,0.0,0.0
3.2916666666666665,429.0,0.0,0.0
3.2930555555555556,429.0,0.0,0.0
3.2944444444444443,429.0,0.0,0.0
3.2958333333333334,429.0,0.0,0.0
3.297222222222222,429.0,0.0,0.0
3.298611111111111,429.0,0.0,0.0
3.3,429.0,0.0,0.0
3.301388888888889,429.0,0.0,0.0
3.3027777777777776,429.0,0.0,0.0
3.3041666666666667,429.0,0.0,0.0
3.3055555555555554,429.0,0.0,0.0
3.3069444444444445,429.0,0.0,0.0
3.308333333333333,429.0,0.0,0.0
3.3097222222222222,429.0,0.0,0.0
3.311111111111111,429.0,0.0,0.0
3.3125,429.0,0.0,0.0
3.313888888888889,429.0,0.0,0.0
3.3152777777777778,429.0,0.0,0.0
3.316666666666667,429.0,0.0,0.0
3.3180555555555555,429.0,0.0,0.0
3.3194444444444446,429.0,0.0,0.0
3.3208333333333333,429.0,0.0,0.0
3.3222222222222224,429.0,0.0,0.0
3.323611111111111,429.0,0.0,0.0
3.325,429.0,0.0,0.0
3.326388888888889,429.0,0.0,0.0
3.327777777777778,429.0,0.0,0.0
3.3291666666666666,429.0,0.0,0.0
3.3305555555555557,429.0,0.0,0.0
3.3319444444444444,429.0,0.0,0.0
3.3333333333333335,429.0,0.0,0.0
3.334722222222222,429.0,0.0,0.0
3.3361111111111112,429.0,0.0,0.0
3.3375,429.0,0.0,0.0
3.338888888888889,429.0,0.0,0.0
3.3402777777777777,429.0,0.0,0.0
3.341666666666667,429.0,0.0,0.0
3.3430555555555554,429.0,0.0,0.0
3.3444444444444446,429.0,0.0,0.0
3.345833333333333,429.0,0.0,0.0
3.3472222222222223,429.0,0.0,0.0
3.348611111111111,429.0,0.0,0.0
3.35,429.0,0.0,0.0
3.3513888888888888,429.0,0.0,0.0
3.352777777777778,429.0,0.0,0.0
3.3541666666666665,429.0,0.0,0.0
3.3555555555555556,429.0,0.0,0.0
3.3569444444444443,429.0,0.0,0.0
3.3583333333333334,429.0,0.0,0.0
3.359722222222222,429.0,0.0,0.0
3.361111111111111,429.0,0.0,0.0
3.3625,429.0,0.0,0.0
3.363888888888889,429.0,0.0,0.0
3.3652777777777776,429.0,0.0,0.0
3.3666666666666667,429.0,0.0,0.0
3.3680555555555554,429.0,0.0,0.0
3.3694444444444445,429.0,0.0,0.0
3.370833333333333,429.0,0.0,0.0
3.3722222222222222,429.0,0.0,0.0
3.373611111111111,429.0,0.0,0.0
3.375,429.0,0.0,0.0
3.376388888888889,429.0,0.0,0.0
3.3777777777777778,429.0,0.0,0.0
3.379166666666667,429.0,0.0,0.0
3.3805555555555555,429.0,0.0,0.0
3.3819444444444446,429.0,0.0,0.0
3.3833333333333333,429.0,0.0,0.0
3.3847222222222224,429.0,0.0,0.0
3.386111111111111,429.0,0.0,0.0
3.3875,429.0,0.0,0.0
3.388888888888889,429.0,0.0,0.0
3.390277777777778,429.0,0.0,0.0
3.3916666666666666,429.0,0.0,0.0
3.3930555555555557,429.0,0.0,0.0
3.3944444444444444,429.0,0.0,0.0
3.3958333333333335,429.0,0.0,0.0
3.397222222222222,429.0,0.0,0.0
3.3986111111111112,429.0,0.0,0.0
3.4,429.0,0.0,0.0
3.401388888888889,429.0,0.0,0.0
3.4027777777777777,429.0,0.0,0.0
3.404166666666667,429.0,0.0,0.0
3.4055555555555554,429.0,0.0,0.0
3.4069444444444446,429.0,0.0,0.0
3.408333333333333,429.0,0.0,0.0
3.4097222222222223,429.0,0.0,0.0
3.411111111111111,429.0,0.0,0.0
3.4125,429.0,0.0,0.0
3.4138888888888888,429.0,0.0,0.0
3.415277777777778,429.0,0.0,0.0
3.4166666666666665,429.0,0.0,0.0
3.4180555555555556,429.0,0.0,0.0
3.4194444444444443,418.0,0.0,0.0
3.4208333333333334,418.0,0.0,0.0
3.422222222222222,418.0,0.0,0.0
3.423611111111111,418.0,0.0,0.0
3.425,418.0,0.0,0.0
3.426388888888889,418.0,0.0,0.0
3.4277777777777776,418.0,0.0,0.0
3.4291666666666667,418.0,0.0,0.0
3.4305555555555554,418.0,0.0,0.0
3.4319444444444445,418.0,0.0,0.0
3.433333333333333,418.0,0.0,0.0
3.4347222222222222,418.0,0.0,0.0
3.436111111111111,418.0,0.0,0.0
3.4375,418.0,0.0,0.0
3.438888888888889,418.0,0.0,0.0
3.4402777777777778,418.0,0.0,0.0
3.441666666666667,418.0,0.0,0.0
3.4430555555555555,418.0,0.0,0.0
3.4444444444444446,418.0,0.0,0.0
3.4458333333333333,418.0,0.0,0.0
3.4472222222222224,418.0,0.0,0.0
3.448611111111111,418.0,0.0,0.0
3.45,418.0,0.0,0.0
3.451388888888889,418.0,0.0,0.0
3.452777777777778,418.0,0.0,0.0
3.4541666666666666,418.0,0.0,0.0
3.4555555555555557,418.0,0.0,0.0
3.4569444444444444,418.0,0.0,0.0
3.4583333333333335,418.0,0.0,0.0
3.459722222222222,418.0,0.0,0.0
3.4611111111111112,418.0,0.0,0.0
3.4625,418.0,0.0,0.0
3.463888888888889,418.0,0.0,0.0
3.4652777777777777,418.0,0.0,0.0
3.466666666666667,418.0,0.0,0.0
3.4680555555555554,418.0,0.0,0.0
3.4694444444444446,418.0,0.0,0.0
3.470833333333333,418.0,0.0,0.0
3.4722222222222223,418.0,0.0,0.0
3.473611111111111,418.0,0.0,0.0
3.475,418.0,0.0,0.0
3.4763888888888888,418.0,0.0,0.0
3.477777777777778,418.0,0.0,0.0
3.4791666666666665,418.0,0.0,0.0
3.4805555555555556,418.0,0.0,0.0
3.4819444444444443,418.0,0.0,0.0
3.4833333333333334,418.0,0.0,0.0
3.484722222222222,418.0,0.0,0.0
3.486111111111111,418.0,0.0,0.0
3.4875,418.0,0.0,0.0
3.488888888888889,418.0,0.0,0.0
3.4902777777777776,418.0,0.0,0.0
3.4916666666666667,418.0,0.0,0.0
3.4930555555555554,418.0,0.0,0.0
3.4944444444444445,418.0,0.0,0.0
3.495833333333333,418.0,0.0,0.0
3.4972222222222222,418.0,0.0,0.0
3.498611111111111,418.0,0.0,0.0
3.5,418.0,0.0,0.0
3.501388888888889,418.0,0.0,0.0
3.5027777777777778,418.0,0.0,0.0
3.504166666666667,418.0,0.0,0.0
3.5055555555555555,418.0,0.0,0.0
3.5069444444444446,418.0,0.0,0.0
3.5083333333333333,418.0,0.0,0.0
3.5097222222222224,418.0,0.0,0.0
3.511111111111111,418.0,0.0,0.0
3.5125,418.0,0.0,0.0
3.513888888888889,418.0,0.0,0.0
3.515277777777778,418.0,0.0,0.0
3.5166666666666666,418.0,0.0,0.0
3.5180555555555557,418.0,0.0,0.0
3.5194444444444444,418.0,0.0,0.0
3.5208333333333335,418.0,0.0,0.0
3.522222222222222,418.0,0.0,0.0
3.5236111111111112,418.0,0.0,0.0
3.525,418.0,0.0,0.0
3.526388888888889,418.0,0.0,0.0
3.5277777777777777,418.0,0.0,0.0
3.529166666666667,418.0,0.0,0.0
3.5305555555555554,418.0,0.0,0.0
3.5319444444444446,418.0,0.0,0.0
3.533333333333333,418.0,0.0,0.0
3.5347222222222223,418.0,0.0,0.0
3.536111111111111,418.0,0.0,0.0
3.5375,418.0,0.0,0.0
3.5388888888888888,418.0,0.0,0.0
3.540277777777778,418.0,0.0,0.0
3.5416666666666665,418.0,0.0,0.0
3.5430555555555556,418.0,0.0,0.0
3.5444444444444443,418.0,0.0,0.0
3.5458333333333334,418.0,0.0,0.0
3.547222222222222,418.0,0.0,0.0
3.548611111111111,418.0,0.0,0.0
3.55,418.0,0.0,0.0
3.551388888888889,418.0,0.0,0.0
3.5527777777777776,418.0,0.0,0.0
3.5541666666666667,418.0,0.0,0.0
3.5555555555555554,418.0,0.0,0.0
3.5569444444444445,418.0,0.0,0.0
3.558333333333333,418.0,0.0,0.0
3.5597222222222222,418.0,0.0,0.0
3.561111111111111,418.0,0.0,0.0
3.5625,418.0,0.0,0.0
3.563888888888889,418.0,0.0,0.0
3.5652777777777778,418.0,0.0,0.0
3.566666666666667,418.0,0.0,0.0
3.5680555555555555,418.0,0.0,0.0
3.5694444444444446,418.0,0.0,0.0
3.5708333333333333,418.0,0.0,0.0
3.5722222222222224,418.0,0.0,0.0
3.573611111111111,418.0,0.0,0.0
3.575,418.0,0.0,0.0
3.576388888888889,418.0,0.0,0.0
3.577777777777778,418.0,0.0,0.0
3.5791666666666666,418.0,0.0,0.0
3.5805555555555557,418.0,0.0,0.0
3.5819444444444444,418.0,0.0,0.0
3.5833333333333335,418.0,0.0,0.0
3.584722222222222,418.0,0.0,0.0
3.5861111111111112,418.0,0.0,0.0
3.5875,418.0,0.0,0.0
3.588888888888889,418.0,0.0,0.0
3.5902777777777777,418.0,0.0,0.0
3.591666666666667,418.0,0.0,0.0
3.5930555555555554,418.0,0.0,0.0
3.5944444444444446,418.0,0.0,0.0
3.595833333333333,418.0,0.0,0.0
3.5972222222222223,418.0,0.0,0.0
3.598611111111111,418.0,0.0,0.0
3.6,418.0,0.0,0.0
3.6013888888888888,418.0,0.0,0.0
3.602777777777778,418.0,0.0,0.0
3.6041666666666665,418.0,0.0,0.0
3.6055555555555556,418.0,0.0,0.0
3.6069444444444443,418.0,0.0,0.0
3.6083333333333334,418.0,0.0,0.0
3.609722222222222,418.0,0.0,0.0
3.611111111111111,418.0,0.0,0.0
3.6125,418.0,0.0,0.0
3.613888888888889,418.0,0.0,0.0
3.6152777777777776,418.0,0.0,0.0
3.6166666666666667,418.0,0.0,0.0
3.6180555555555554,418.0,0.0,0.0
3.6194444444444445,418.0,0.0,0.0
3.620833333333333,418.0,0.0,0.0
3.6222222222222222,418.0,0.0,0.0
3.623611111111111,418.0,0.0,0.0
3.625,418.0,0.0,0.0
3.626388888888889,407.0,0.0,0.0
3.6277777777777778,407.0,0.0,0.0
3.629166666666667,407.0,0.0,0.0
3.6305555555555555,407.0,0.0,0.0
3.6319444444444446,407.0,0.0,0.0
3.6333333333333333,407.0,0.0,0.0
3.6347222222222224,407.0,0.0,0.0
3.636111111111111,407.0,0.0,0.0
3.6375,407.0,0.0,0.0
3.638888888888889,407.0,0.0,0.0
3.640277777777778,407.0,0.0,0.0
3.6416666666666666,407.0,0.0,0.0
3.6430555555555557,407.0,0.0,0.0
3.6444444444444444,407.0,0.0,0.0
3.6458333333333335,407.0,0.0,0.0
3.647222222222222,407.0,0.0,0.0
3.6486111111111112,407.0,0.0,0.0
3.65,407.0,0.0,0.0
3.651388888888889,407.0,0.0,0.0
3.6527777777777777,407.0,0.0,0.0
3.654166666666667,407.0,0.0,0.0
3.6555555555555554,407.0,0.0,0.0
3.6569444444444446,407.0,0.0,0.0
3.658333333333333,407.0,0.0,0.0
3.6597222222222223,407.0,0.0,0.0
3.661111111111111,407.0,0.0,0.0
3.6625,407.0,0.0,0.0
3.6638888888888888,407.0,0.0,0.0
3.665277777777778,407.0,0.0,0.0
3.6666666666666665,407.0,0.0,0.0
3.6680555555555556,407.0,0.0,0.0
3.6694444444444443,407.0,0.0,0.0
3.6708333333333334,407.0,0.0,0.0
3.672222222222222,407.0,0.0,0.0
3.673611111111111,407.0,0.0,0.0
3.675,407.0,0.0,0.0
3.676388888888889,407.0,0.0,0.0
3.6777777777777776,407.0,0.0,0.0
3.6791666666666667,407.0,0.0,0.0
3.6805555555555554,407.0,0.0,0.0
3.6819444444444445,407.0,0.0,0.0
3.683333333333333,407.0,0.0,0.0
3.6847222222222222,407.0,0.0,0.0
3.686111111111111,407.0,0.0,0.0
3.6875,407.0,0.0,0.0
3.688888888888889,407.0,0.0,0.0
3.6902777777777778,407.0,0.0,0.0
3.691666666666667,407.0,0.0,0.0
3.6930555555555555,407.0,0.0,0.0
3.6944444444444446,407.0,0.0,0.0
3.6958333333333333,407.0,0.0,0.0
3.6972222222222224,407.0,0.0,0.0
3.698611111111111,407.0,0.0,0.0
3.7,407.0,0.0,0.0
3.701388888888889,407.0,0.0,0.0
3.702777777777778,407.0,0.0,0.0
3.7041666666666666,407.0,0.0,0.0
3.7055555555555557,407.0,0.0,0.0
3.7069444444444444,407.0,0.0,0.0
3.7083333333333335,407.0,0.0,0.0
3.709722222222222,407.0,0.0,0.0
3.7111111111111112,407.0,0.0,0.0
3.7125,407.0,0.0,0.0
3.713888888888889,407.0,0.0,0.0
3.7152777777777777,407.0,0.0,0.0
3.716666666666667,407.0,0.0,0.0
3.7180555555555554,407.0,0.0,0.0
3.7194444444444446,407.0,0.0,0.0
3.720833333333333,407.0,0.0,0.0
3.7222222222222223,407.0,0.0,0.0
3.723611111111111,407.0,0.0,0.0
3.725,407.0,0.0,0.0
3.7263888888888888,407.0,0.0,0.0
3.727777777777778,407.0,0.0,0.0
3.7291666666666665,407.0,0.0,0.0
3.7305555555555556,407.0,0.0,0.0
3.7319444444444443,407.0,0.0,0.0
3.7333333333333334,407.0,0.0,0.0
3.734722222222222,407.0,0.0,0.0
3.736111111111111,407.0,0.0,0.0
3.7375,407.0,0.0,0.0
3.738888888888889,407.0,0.0,0.0
3.7402777777777776,396.0,0.0,0.0
3.7416666666666667,396.0,0.0,0.0
3.7430555555555554,385.0,0.0,0.0
3.7444444444444445,385.0,0.0,0.0
3.745833333333333,385.0,0.0,0.0
3.7472222222222222,385.0,0.0,0.0
3.748611111111111,385.0,0.0,0.0
3.75,385.0,0.0,0.0
3.751388888888889,385.0,0.0,0.0
3.7527777777777778,385.0,0.0,0.0
3.754166666666667,385.0,0.0,0.0
3.7555555555555555,385.0,0.0,0.0
3.7569444444444446,385.0,0.0,0.0
3.7583333333333333,385.0,0.0,0.0
3.7597222222222224,385.0,0.0,0.0
3.761111111111111,385.0,0.0,0.0
3.7625,385.0,0.0,0.0
3.763888888888889,385.0,0.0,0.0
3.765277777777778,385.0,0.0,0.0
3.7666666666666666,385.0,0.0,0.0
3.7680555555555557,385.0,0.0,0.0
3.7694444444444444,385.0,0.0,0.0
3.7708333333333335,385.0,0.0,0.0
3.772222222222222,385.0,0.0,0.0
3.7736111111111112,385.0,0.0,0.0
3.775,385.0,0.0,0.0
3.776388888888889,385.0,0.0,0.0
3.7777777777777777,385.0,0.0,0.0
3.779166666666667,385.0,0.0,0.0
3.7805555555555554,385.0,0.0,0.0
3.7819444444444446,385.0,0.0,0.0
3.783333333333333,385.0,0.0,0.0
3.7847222222222223,385.0,0.0,0.0
3.786111111111111,385.0,0.0,0.0
3.7875,385.0,0.0,0.0
3.7888888888888888,385.0,0.0,0.0
3.790277777777778,385.0,0.0,0.0
3.7916666666666665,385.0,0.0,0.0
3.7930555555555556,385.0,0.0,0.0
3.7944444444444443,385.0,0.0,0.0
3.7958333333333334,385.0,0.0,0.0
3.797222222222222,385.0,0.0,0.0
3.798611111111111,385.0,0.0,0.0
3.8,385.0,0.0,0.0
3.801388888888889,385.0,0.0,0.0
3.8027777777777776,385.0,0.0,0.0
3.8041666666666667,385.0,0.0,0.0
3.8055555555555554,385.0,0.0,0.0
3.8069444444444445,385.0,0.0,0.0
3.808333333333333,385.0,0.0,0.0
3.8097222222222222,385.0,0.0,0.0
3.811111111111111,385.0,0.0,0.0
3.8125,385.0,0.0,0.0
3.813888888888889,385.0,0.0,0.0
3.8152777777777778,385.0,0.0,0.0
3.816666666666667,385.0,0.0,0.0
3.8180555555555555,385.0,0.0,0.0
3.8194444444444446,385.0,0.0,0.0
3.8208333333333333,385.0,0.0,0.0
3.8222222222222224,385.0,0.0,0.0
3.823611111111111,385.0,0.0,0.0
3.825,385.0,0.0,0.0
3.826388888888889,385.0,0.0,0.0
3.827777777777778,385.0,0.0,0.0
3.8291666666666666,385.0,0.0,0.0
3.8305555555555557,385.0,0.0,0.0
3.8319444444444444,385.0,0.0,0.0
3.8333333333333335,385.0,0.0,0.0
3.834722222222222,385.0,0.0,0.0
3.8361111111111112,385.0,0.0,0.0
3.8375,385.0,0.0,0.0
3.838888888888889,385.0,0.0,0.0
3.8402777777777777,385.0,0.0,0.0
3.841666666666667,385.0,0.0,0.0
3.8430555555555554,385.0,0.0,0.0
3.8444444444444446,385.0,0.0,0.0
3.845833333333333,385.0,0.0,0.0
3.8472222222222223,385.0,0.0,0.0
3.848611111111111,385.0,0.0,0.0
3.85,385.0,0.0,0.0
3.8513888888888888,385.0,0.0,0.0
3.852777777777778,385.0,0.0,0.0
3.8541666666666665,385.0,0.0,0.0
3.8555555555555556,385.0,0.0,0.0
3.8569444444444443,385.0,0.0,0.0
3.8583333333333334,385.0,0.0,0.0
3.859722222222222,385.0,0.0,0.0
3.861111111111111,385.0,0.0,0.0
3.8625,385.0,0.0,0.0
3.863888888888889,385.0,0.0,0.0
3.8652777777777776,385.0,0.0,0.0
3.8666666666666667,385.0,0.0,0.0
3.8680555555555554,385.0,0.0,0.0
3.8694444444444445,385.0,0.0,0.0
3.870833333333333,385.0,0.0,0.0
3.8722222222222222,385.0,0.0,0.0
3.873611111111111,385.0,0.0,0.0
3.875,385.0,0.0,0.0
3.876388888888889,385.0,0.0,0.0
3.8777777777777778,385.0,0.0,0.0
3.879166666666667,385.0,0.0,0.0
3.8805555555555555,385.0,0.0,0.0
3.8819444444444446,385.0,0.0,0.0
3.8833333333333333,385.0,0.0,0.0
3.8847222222222224,385.0,0.0,0.0
3.886111111111111,385.0,0.0,0.0
3.8875,385.0,0.0,0.0
3.888888888888889,385.0,0.0,0.0
3.890277777777778,385.0,0.0,0.0
3.8916666666666666,385.0,0.0,0.0
3.8930555555555557,385.0,0.0,0.0
3.8944444444444444,385.0,0.0,0.0
3.8958333333333335,385.0,0.0,0.0
3.897222222222222,385.0,0.0,0.0
3.8986111111111112,385.0,0.0,0.0
3.9,385.0,0.0,0.0
3.901388888888889,385.0,0.0,0.0
3.9027777777777777,385.0,0.0,0.0
3.904166666666667,385.0,0.0,0.0
3.9055555555555554,385.0,0.0,0.0
3.9069444444444446,385.0,0.0,0.0
3.908333333333333,385.0,0.0,0.0
3.9097222222222223,385.0,0.0,0.0
3.911111111111111,385.0,0.0,0.0
3.9125,385.0,0.0,0.0
3.9138888888888888,385.0,0.0,0.0
3.915277777777778,385.0,0.0,0.0
3.9166666666666665,385.0,0.0,0.0
3.9180555555555556,385.0,0.0,0.0
3.9194444444444443,385.0,0.0,0.0
3.9208333333333334,385.0,0.0,0.0
3.922222222222222,385.0,0.0,0.0
3.923611111111111,385.0,0.0,0.0
3.925,385.0,0.0,0.0
3.926388888888889,385.0,0.0,0.0
3.9277777777777776,385.0,0.0,0.0
3.9291666666666667,385.0,0.0,0.0
3.9305555555555554,385.0,0.0,0.0
3.9319444444444445,385.0,0.0,0.0
3.933333333333333,385.0,0.0,0.0
3.9347222222222222,385.0,0.0,0.0
3.936111111111111,385.0,0.0,0.0
3.9375,385.0,0.0,0.0
3.938888888888889,385.0,0.0,0.0
3.9402777777777778,385.0,0.0,0.0
3.941666666666667,385.0,0.0,0.0
3.9430555555555555,385.0,0.0,0.0
3.9444444444444446,385.0,0.0,0.0
3.9458333333333333,385.0,0.0,0.0
3.9472222222222224,385.0,0.0,0.0
3.948611111111111,385.0,0.0,0.0
3.95,385.0,0.0,0.0
3.951388888888889,385.0,0.0,0.0
3.952777777777778,385.0,0.0,0.0
3.9541666666666666,385.0,0.0,0.0
3.9555555555555557,385.0,0.0,0.0
3.9569444444444444,385.0,0.0,0.0
3.9583333333333335,385.0,0.0,0.0
3.959722222222222,385.0,0.0,0.0
3.9611111111111112,385.0,0.0,0.0
3.9625,385.0,0.0,0.0
3.963888888888889,385.0,0.0,0.0
3.9652777777777777,385.0,0.0,0.0
3.966666666666667,385.0,0.0,0.0
3.9680555555555554,385.0,0.0,0.0
3.9694444444444446,385.0,0.0,0.0
3.970833333333333,385.0,0.0,0.0
3.9722222222222223,374.0,0.0,0.0
3.973611111111111,374.0,0.0,0.0
3.975,374.0,0.0,0.0
3.9763888888888888,374.0,0.0,0.0
3.977777777777778,374.0,0.0,0.0
3.9791666666666665,374.0,0.0,0.0
3.9805555555555556,374.0,0.0,0.0
3.9819444444444443,374.0,0.0,0.0
3.9833333333333334,374.0,0.0,0.0
3.984722222222222,374.0,0.0,0.0
3.986111111111111,374.0,0.0,0.0
3.9875,374.0,0.0,0.0
3.988888888888889,374.0,0.0,0.0
3.9902777777777776,363.0,0.0,0.0
3.9916666666666667,363.0,0.0,0.0
3.9930555555555554,363.0,0.0,0.0
3.9944444444444445,363.0,0.0,0.0
3.995833333333333,363.0,0.0,0.0
3.9972222222222222,352.0,0.0,0.0
3.998611111111111,352.0,0.0,0.0
4.0,352.0,0.0,0.0
4.001388888888889,352.0,0.0,0.0
4.002777777777778,352.0,0.0,0.0
4.004166666666666,352.0,0.0,0.0
4.0055555555555555,352.0,0.0,0.0
4.006944444444445,352.0,0.0,0.0
4.008333333333334,352.0,0.0,0.0
4.009722222222222,352.0,0.0,0.0
4.011111111111111,352.0,0.0,0.0
4.0125,352.0,0.0,0.0
4.013888888888889,352.0,0.0,0.0
4.0152777777777775,352.0,0.0,0.0
4.016666666666667,352.0,0.0,0.0
4.018055555555556,352.0,0.0,0.0
4.019444444444445,352.0,0.0,0.0
4.020833333333333,352.0,0.0,0.0
4.022222222222222,352.0,0.0,0.0
4.023611111111111,352.0,0.0,0.0
4.025,352.0,0.0,0.0
4.026388888888889,352.0,0.0,0.0
4.027777777777778,352.0,0.0,0.0
4.029166666666667,352.0,0.0,0.0
4.030555555555556,352.0,0.0,0.0
4.031944444444444,352.0,0.0,0.0
4.033333333333333,352.0,0.0,0.0
4.034722222222222,352.0,0.0,0.0
4.036111111111111,352.0,0.0,0.0
4.0375,352.0,0.0,0.0
4.038888888888889,352.0,0.0,0.0
4.040277777777778,352.0,0.0,0.0
4.041666666666667,352.0,0.0,0.0
4.043055555555555,352.0,0.0,0.0
4.044444444444444,352.0,0.0,0.0
4.045833333333333,352.0,0.0,0.0
4.0472222222222225,352.0,0.0,0.0
4.048611111111111,352.0,0.0,0.0
4.05,352.0,0.0,0.0
4.051388888888889,352.0,0.0,0.0
4.052777777777778,352.0,0.0,0.0
4.054166666666666,352.0,0.0,0.0
4.055555555555555,352.0,0.0,0.0
4.0569444444444445,352.0,0.0,0.0
4.058333333333334,352.0,0.0,0.0
4.059722222222222,352.0,0.0,0.0
4.061111111111111,352.0,0.0,0.0
4.0625,352.0,0.0,0.0
4.063888888888889,352.0,0.0,0.0
4.065277777777778,352.0,0.0,0.0
4.066666666666666,352.0,0.0,0.0
4.0680555555555555,352.0,0.0,0.0
4.069444444444445,352.0,0.0,0.0
4.070833333333334,352.0,0.0,0.0
4.072222222222222,352.0,0.0,0.0
4.073611111111111,352.0,0.0,0.0
4.075,352.0,0.0,0.0
4.076388888888889,352.0,0.0,0.0
4.0777777777777775,352.0,0.0,0.0
4.079166666666667,352.0,0.0,0.0
4.080555555555556,352.0,0.0,0.0
4.081944444444445,352.0,0.0,0.0
4.083333333333333,352.0,0.0,0.0
4.084722222222222,352.0,0.0,0.0
4.086111111111111,352.0,0.0,0.0
4.0875,352.0,0.0,0.0
4.088888888888889,352.0,0.0,0.0
4.090277777777778,352.0,0.0,0.0
4.091666666666667,352.0,0.0,0.0
4.093055555555556,352.0,0.0,0.0
4.094444444444444,352.0,0.0,0.0
4.095833333333333,352.0,0.0,0.0
4.097222222222222,352.0,0.0,0.0
4.098611111111111,352.0,0.0,0.0
4.1,352.0,0.0,0.0
4.101388888888889,352.0,0.0,0.0
4.102777777777778,352.0,0.0,0.0
4.104166666666667,352.0,0.0,0.0
4.105555555555555,352.0,0.0,0.0
4.106944444444444,352.0,0.0,0.0
4.108333333333333,352.0,0.0,0.0
4.1097222222222225,352.0,0.0,0.0
4.111111111111111,352.0,0.0,0.0
4.1125,352.0,0.0,0.0
4.113888888888889,352.0,0.0,0.0
4.115277777777778,352.0,0.0,0.0
4.116666666666666,352.0,0.0,0.0
4.118055555555555,352.0,0.0,0.0
4.1194444444444445,352.0,0.0,0.0
4.120833333333334,352.0,0.0,0.0
4.122222222222222,352.0,0.0,0.0
4.123611111111111,341.0,0.0,0.0
4.125,341.0,0.0,0.0
4.126388888888889,341.0,0.0,0.0
4.127777777777778,341.0,0.0,0.0
4.129166666666666,341.0,0.0,0.0
4.1305555555555555,341.0,0.0,0.0
4.131944444444445,341.0,0.0,0.0
4.133333333333334,341.0,0.0,0.0
4.134722222222222,341.0,0.0,0.0
4.136111111111111,341.0,0.0,0.0
4.1375,341.0,0.0,0.0
4.138888888888889,341.0,0.0,0.0
4.1402777777777775,341.0,0.0,0.0
4.141666666666667,341.0,0.0,0.0
4.143055555555556,341.0,0.0,0.0
4.144444444444445,330.0,0.0,0.0
4.145833333333333,330.0,0.0,0.0
4.147222222222222,330.0,0.0,0.0
4.148611111111111,319.0,0.0,0.0
4.15,319.0,0.0,0.0
4.151388888888889,319.0,0.0,0.0
4.152777777777778,319.0,0.0,0.0
4.154166666666667,319.0,0.0,0.0
4.155555555555556,319.0,0.0,0.0
4.156944444444444,319.0,0.0,0.0
4.158333333333333,319.0,0.0,0.0
4.159722222222222,319.0,0.0,0.0
4.161111111111111,319.0,0.0,0.0
4.1625,319.0,0.0,0.0
4.163888888888889,319.0,0.0,0.0
4.165277777777778,319.0,0.0,0.0
4.166666666666667,319.0,0.0,0.0
4.168055555555555,319.0,0.0,0.0
4.169444444444444,319.0,0.0,0.0
4.170833333333333,319.0,0.0,0.0
4.1722222222222225,319.0,0.0,0.0
4.173611111111111,319.0,0.0,0.0
4.175,319.0,0.0,0.0
4.176388888888889,319.0,0.0,0.0
4.177777777777778,319.0,0.0,0.0
4.179166666666666,319.0,0.0,0.0
4.180555555555555,319.0,0.0,0.0
4.1819444444444445,319.0,0.0,0.0
4.183333333333334,319.0,0.0,0.0
4.184722222222222,319.0,0.0,0.0
4.186111111111111,319.0,0.0,0.0
4.1875,319.0,0.0,0.0
4.188888888888889,319.0,0.0,0.0
4.190277777777778,319.0,0.0,0.0
4.191666666666666,319.0,0.0,0.0
4.1930555555555555,319.0,0.0,0.0
4.194444444444445,319.0,0.0,0.0
4.195833333333334,319.0,0.0,0.0
4.197222222222222,319.0,0.0,0.0
4.198611111111111,319.0,0.0,0.0
4.2,319.0,0.0,0.0
4.201388888888889,319.0,0.0,0.0
4.2027777777777775,319.0,0.0,0.0
4.204166666666667,319.0,0.0,0.0
4.205555555555556,319.0,0.0,0.0
4.206944444444445,319.0,0.0,0.0
4.208333333333333,319.0,0.0,0.0
4.209722222222222,319.0,0.0,0.0
4.211111111111111,319.0,0.0,0.0
4.2125,319.0,0.0,0.0
4.213888888888889,308.0,0.0,0.0
4.215277777777778,308.0,0.0,0.0
4.216666666666667,308.0,0.0,0.0
4.218055555555556,308.0,0.0,0.0
4.219444444444444,308.0,0.0,0.0
4.220833333333333,308.0,0.0,0.0
4.222222222222222,308.0,0.0,0.0
4.223611111111111,308.0,0.0,0.0
4.225,308.0,0.0,0.0
4.226388888888889,308.0,0.0,0.0
4.227777777777778,308.0,0.0,0.0
4.229166666666667,308.0,0.0,0.0
4.230555555555555,308.0,0.0,0.0
4.231944444444444,308.0,0.0,0.0
4.233333333333333,308.0,0.0,0.0
4.2347222222222225,308.0,0.0,0.0
4.236111111111111,308.0,0.0,0.0
4.2375,308.0,0.0,0.0
4.238888888888889,308.0,0.0,0.0
4.240277777777778,308.0,0.0,0.0
4.241666666666666,308.0,0.0,0.0
4.243055555555555,308.0,0.0,0.0
4.2444444444444445,308.0,0.0,0.0
4.245833333333334,308.0,0.0,0.0
4.247222222222222,308.0,0.0,0.0
4.248611111111111,308.0,0.0,0.0
4.25,308.0,0.0,0.0
4.251388888888889,308.0,0.0,0.0
4.252777777777778,308.0,0.0,0.0
4.254166666666666,308.0,0.0,0.0
4.2555555555555555,308.0,0.0,0.0
4.256944444444445,308.0,0.0,0.0
4.258333333333334,308.0,0.0,0.0
4.259722222222222,308.0,0.0,0.0
4.261111111111111,308.0,0.0,0.0
4.2625,308.0,0.0,0.0
4.263888888888889,308.0,0.0,0.0
4.2652777777777775,308.0,0.0,0.0
4.266666666666667,308.0,0.0,0.0
4.268055555555556,308.0,0.0,0.0
4.269444444444445,308.0,0.0,0.0
4.270833333333333,308.0,0.0,0.0
4.272222222222222,308.0,0.0,0.0
4.273611111111111,308.0,0.0,0.0
4.275,308.0,0.0,0.0
4.276388888888889,308.0,0.0,0.0
4.277777777777778,308.0,0.0,0.0
4.279166666666667,308.0,0.0,0.0
4.280555555555556,308.0,0.0,0.0
4.281944444444444,308.0,0.0,0.0
4.283333333333333,308.0,0.0,0.0
4.284722222222222,308.0,0.0,0.0
4.286111111111111,308.0,0.0,0.0
4.2875,308.0,0.0,0.0
4.288888888888889,308.0,0.0,0.0
4.290277777777778,308.0,0.0,0.0
4.291666666666667,308.0,0.0,0.0
4.293055555555555,308.0,0.0,0.0
4.294444444444444,308.0,0.0,0.0
4.295833333333333,308.0,0.0,0.0
4.2972222222222225,308.0,0.0,0.0
4.298611111111111,308.0,0.0,0.0
4.3,308.0,0.0,0.0
4.301388888888889,308.0,0.0,0.0
4.302777777777778,308.0,0.0,0.0
4.304166666666666,308.0,0.0,0.0
4.305555555555555,308.0,0.0,0.0
4.3069444444444445,308.0,0.0,0.0
4.308333333333334,308.0,0.0,0.0
4.309722222222222,308.0,0.0,0.0
4.311111111111111,308.0,0.0,0.0
4.3125,308.0,0.0,0.0
4.313888888888889,308.0,0.0,0.0
4.315277777777778,308.0,0.0,0.0
4.316666666666666,308.0,0.0,0.0
4.3180555555555555,308.0,0.0,0.0
4.319444444444445,308.0,0.0,0.0
4.320833333333334,308.0,0.0,0.0
4.322222222222222,308.0,0.0,0.0
4.323611111111111,308.0,0.0,0.0
4.325,308.0,0.0,0.0
4.326388888888889,308.0,0.0,0.0
4.3277777777777775,308.0,0.0,0.0
4.329166666666667,308.0,0.0,0.0
4.330555555555556,308.0,0.0,0.0
4.331944444444445,308.0,0.0,0.0
4.333333333333333,308.0,0.0,0.0
4.334722222222222,308.0,0.0,0.0
4.336111111111111,308.0,0.0,0.0
4.3375,308.0,0.0,0.0
4.338888888888889,308.0,0.0,0.0
4.340277777777778,308.0,0.0,0.0
4.341666666666667,308.0,0.0,0.0
4.343055555555556,308.0,0.0,0.0
4.344444444444444,308.0,0.0,0.0
4.345833333333333,308.0,0.0,0.0
4.347222222222222,308.0,0.0,0.0
4.348611111111111,308.0,0.0,0.0
4.35,308.0,0.0,0.0
4.351388888888889,308.0,0.0,0.0
4.352777777777778,308.0,0.0,0.0
4.354166666666667,308.0,0.0,0.0
4.355555555555555,308.0,0.0,0.0
4.356944444444444,308.0,0.0,0.0
4.358333333333333,308.0,0.0,0.0
4.3597222222222225,308.0,0.0,0.0
4.361111111111111,308.0,0.0,0.0
4.3625,308.0,0.0,0.0
4.363888888888889,308.0,0.0,0.0
4.365277777777778,308.0,0.0,0.0
4.366666666666666,308.0,0.0,0.0
4.368055555555555,308.0,0.0,0.0
4.3694444444444445,308.0,0.0,0.0
4.370833333333334,308.0,0.0,0.0
4.372222222222222,308.0,0.0,0.0
4.373611111111111,308.0,0.0,0.0
4.375,308.0,0.0,0.0
4.376388888888889,308.0,0.0,0.0
4.377777777777778,308.0,0.0,0.0
4.379166666666666,308.0,0.0,0.0
4.3805555555555555,308.0,0.0,0.0
4.381944444444445,308.0,0.0,0.0
4.383333333333334,308.0,0.0,0.0
4.384722222222222,308.0,0.0,0.0
4.386111111111111,308.0,0.0,0.0
4.3875,308.0,0.0,0.0
4.388888888888889,308.0,0.0,0.0
4.3902777777777775,308.0,0.0,0.0
4.391666666666667,308.0,0.0,0.0
4.393055555555556,308.0,0.0,0.0
4.394444444444445,308.0,0.0,0.0
4.395833333333333,308.0,0.0,0.0
4.397222222222222,308.0,0.0,0.0
4.398611111111111,308.0,0.0,0.0
4.4,308.0,0.0,0.0
4.401388888888889,308.0,0.0,0.0
4.402777777777778,308.0,0.0,0.0
4.404166666666667,308.0,0.0,0.0
4.405555555555556,308.0,0.0,0.0
4.406944444444444,308.0,0.0,0.0
4.408333333333333,308.0,0.0,0.0
4.409722222222222,308.0,0.0,0.0
4.411111111111111,308.0,0.0,0.0
4.4125,308.0,0.0,0.0
4.413888888888889,308.0,0.0,0.0
4.415277777777778,308.0,0.0,0.0
4.416666666666667,308.0,0.0,0.0
4.418055555555555,308.0,0.0,0.0
4.419444444444444,308.0,0.0,0.0
4.420833333333333,308.0,0.0,0.0
4.4222222222222225,308.0,0.0,0.0
4.423611111111111,308.0,0.0,0.0
4.425,308.0,0.0,0.0
4.426388888888889,308.0,0.0,0.0
4.427777777777778,308.0,0.0,0.0
4.429166666666666,308.0,0.0,0.0
4.430555555555555,308.0,0.0,0.0
4.4319444444444445,308.0,0.0,0.0
4.433333333333334,308.0,0.0,0.0
4.434722222222222,308.0,0.0,0.0
4.436111111111111,308.0,0.0,0.0
4.4375,308.0,0.0,0.0
4.438888888888889,308.0,0.0,0.0
4.440277777777778,308.0,0.0,0.0
4.441666666666666,308.0,0.0,0.0
4.4430555555555555,308.0,0.0,0.0
4.444444444444445,308.0,0.0,0.0
4.445833333333334,308.0,0.0,0.0
4.447222222222222,308.0,0.0,0.0
4.448611111111111,308.0,0.0,0.0
4.45,308.0,0.0,0.0
4.451388888888889,308.0,0.0,0.0
4.4527777777777775,308.0,0.0,0.0
4.454166666666667,308.0,0.0,0.0
4.455555555555556,308.0,0.0,0.0
4.456944444444445,308.0,0.0,0.0
4.458333333333333,308.0,0.0,0.0
4.459722222222222,308.0,0.0,0.0
4.461111111111111,308.0,0.0,0.0
4.4625,308.0,0.0,0.0
4.463888888888889,308.0,0.0,0.0
4.465277777777778,308.0,0.0,0.0
4.466666666666667,308.0,0.0,0.0
4.468055555555556,308.0,0.0,0.0
4.469444444444444,308.0,0.0,0.0
4.470833333333333,308.0,0.0,0.0
4.472222222222222,308.0,0.0,0.0
4.473611111111111,308.0,0.0,0.0
4.475,308.0,0.0,0.0
4.476388888888889,308.0,0.0,0.0
4.477777777777778,308.0,0.0,0.0
4.479166666666667,308.0,0.0,0.0
4.480555555555555,308.0,0.0,0.0
4.481944444444444,308.0,0.0,0.0
4.483333333333333,308.0,0.0,0.0
4.4847222222222225,308.0,0.0,0.0
4.486111111111111,308.0,0.0,0.0
4.4875,308.0,0.0,0.0
4.488888888888889,308.0,0.0,0.0
4.490277777777778,308.0,0.0,0.0
4.491666666666666,308.0,0.0,0.0
4.493055555555555,308.0,0.0,0.0
4.4944444444444445,286.0,0.0,0.0
4.495833333333334,286.0,0.0,0.0
4.497222222222222,286.0,0.0,0.0
4.498611111111111,286.0,0.0,0.0
4.5,286.0,0.0,0.0
4.501388888888889,286.0,0.0,0.0
4.502777777777778,286.0,0.0,0.0
4.504166666666666,286.0,0.0,0.0
4.5055555555555555,286.0,0.0,0.0
4.506944444444445,286.0,0.0,0.0
4.508333333333334,286.0,0.0,0.0
4.509722222222222,286.0,0.0,0.0
4.511111111111111,286.0,0.0,0.0
4.5125,286.0,0.0,0.0
4.513888888888889,286.0,0.0,0.0
4.5152777777777775,286.0,0.0,0.0
4.516666666666667,286.0,0.0,0.0
4.518055555555556,286.0,0.0,0.0
4.519444444444445,286.0,0.0,0.0
4.520833333333333,286.0,0.0,0.0
4.522222222222222,286.0,0.0,0.0
4.523611111111111,286.0,0.0,0.0
4.525,286.0,0.0,0.0
4.526388888888889,286.0,0.0,0.0
4.527777777777778,286.0,0.0,0.0
4.529166666666667,286.0,0.0,0.0
4.530555555555556,286.0,0.0,0.0
4.531944444444444,286.0,0.0,0.0
4.533333333333333,286.0,0.0,0.0
4.534722222222222,286.0,0.0,0.0
4.536111111111111,286.0,0.0,0.0
4.5375,286.0,0.0,0.0
4.538888888888889,286.0,0.0,0.0
4.540277777777778,286.0,0.0,0.0
4.541666666666667,286.0,0.0,0.0
4.543055555555555,286.0,0.0,0.0
4.544444444444444,286.0,0.0,0.0
4.545833333333333,286.0,0.0,0.0
4.5472222222222225,286.0,0.0,0.0
4.548611111111111,286.0,0.0,0.0
4.55,286.0,0.0,0.0
4.551388888888889,286.0,0.0,0.0
4.552777777777778,286.0,0.0,0.0
4.554166666666666,286.0,0.0,0.0
4.555555555555555,286.0,0.0,0.0
4.5569444444444445,286.0,0.0,0.0
4.558333333333334,286.0,0.0,0.0
4.559722222222222,286.0,0.0,0.0
4.561111111111111,286.0,0.0,0.0
4.5625,286.0,0.0,0.0
4.563888888888889,286.0,0.0,0.0
4.565277777777778,286.0,0.0,0.0
4.566666666666666,286.0,0.0,0.0
4.5680555555555555,286.0,0.0,0.0
4.569444444444445,286.0,0.0,0.0
4.570833333333334,286.0,0.0,0.0
4.572222222222222,286.0,0.0,0.0
4.573611111111111,286.0,0.0,0.0
4.575,286.0,0.0,0.0
4.576388888888889,286.0,0.0,0.0
4.5777777777777775,286.0,0.0,0.0
4.579166666666667,286.0,0.0,0.0
4.580555555555556,286.0,0.0,0.0
4.581944444444445,286.0,0.0,0.0
4.583333333333333,286.0,0.0,0.0
4.584722222222222,286.0,0.0,0.0
4.586111111111111,286.0,0.0,0.0
4.5875,286.0,0.0,0.0
4.588888888888889,286.0,0.0,0.0
4.590277777777778,286.0,0.0,0.0
4.591666666666667,286.0,0.0,0.0
4.593055555555556,286.0,0.0,0.0
4.594444444444444,286.0,0.0,0.0
4.595833333333333,286.0,0.0,0.0
4.597222222222222,286.0,0.0,0.0
4.598611111111111,286.0,0.0,0.0
4.6,286.0,0.0,0.0
4.601388888888889,286.0,0.0,0.0
4.602777777777778,286.0,0.0,0.0
4.604166666666667,286.0,0.0,0.0
4.605555555555555,286.0,0.0,0.0
4.606944444444444,286.0,0.0,0.0
4.608333333333333,286.0,0.0,0.0
4.6097222222222225,286.0,0.0,0.0
4.611111111111111,286.0,0.0,0.0
4.6125,286.0,0.0,0.0
4.613888888888889,286.0,0.0,0.0
4.615277777777778,286.0,0.0,0.0
4.616666666666666,286.0,0.0,0.0
4.618055555555555,286.0,0.0,0.0
4.6194444444444445,286.0,0.0,0.0
4.620833333333334,286.0,0.0,0.0
4.622222222222222,286.0,0.0,0.0
4.623611111111111,286.0,0.0,0.0
4.625,286.0,0.0,0.0
4.626388888888889,286.0,0.0,0.0
4.627777777777778,286.0,0.0,0.0
4.629166666666666,286.0,0.0,0.0
4.6305555555555555,286.0,0.0,0.0
4.631944444444445,286.0,0.0,0.0
4.633333333333334,286.0,0.0,0.0
4.634722222222222,286.0,0.0,0.0
4.636111111111111,286.0,0.0,0.0
4.6375,286.0,0.0,0.0
4.638888888888889,286.0,0.0,0.0
4.6402777777777775,286.0,0.0,0.0
4.641666666666667,286.0,0.0,0.0
4.643055555555556,286.0,0.0,0.0
4.644444444444445,286.0,0.0,0.0
4.645833333333333,286.0,0.0,0.0
4.647222222222222,286.0,0.0,0.0
4.648611111111111,286.0,0.0,0.0
4.65,286.0,0.0,0.0
4.651388888888889,286.0,0.0,0.0
4.652777777777778,286.0,0.0,0.0
4.654166666666667,286.0,0.0,0.0
4.655555555555556,286.0,0.0,0.0
4.656944444444444,286.0,0.0,0.0
4.658333333333333,286.0,0.0,0.0
4.659722222222222,286.0,0.0,0.0
4.661111111111111,286.0,0.0,0.0
4.6625,286.0,0.0,0.0
4.663888888888889,286.0,0.0,0.0
4.665277777777778,286.0,0.0,0.0
4.666666666666667,286.0,0.0,0.0
4.668055555555555,286.0,0.0,0.0
4.669444444444444,286.0,0.0,0.0
4.670833333333333,286.0,0.0,0.0
4.6722222222222225,286.0,0.0,0.0
4.673611111111111,286.0,0.0,0.0
4.675,286.0,0.0,0.0
4.676388888888889,286.0,0.0,0.0
4.677777777777778,286.0,0.0,0.0
4.679166666666666,286.0,0.0,0.0
4.680555555555555,286.0,0.0,0.0
4.6819444444444445,286.0,0.0,0.0
4.683333333333334,286.0,0.0,0.0
4.684722222222222,286.0,0.0,0.0
4.686111111111111,286.0,0.0,0.0
4.6875,286.0,0.0,0.0
4.688888888888889,286.0,0.0,0.0
4.690277777777778,286.0,0.0,0.0
4.691666666666666,286.0,0.0,0.0
4.6930555555555555,286.0,0.0,0.0
4.694444444444445,275.0,0.0,0.0
4.695833333333334,275.0,0.0,0.0
4.697222222222222,275.0,0.0,0.0
4.698611111111111,275.0,0.0,0.0
4.7,275.0,0.0,0.0
4.701388888888889,275.0,0.0,0.0
4.7027777777777775,275.0,0.0,0.0
4.704166666666667,275.0,0.0,0.0
4.705555555555556,275.0,0.0,0.0
4.706944444444445,275.0,0.0,0.0
4.708333333333333,275.0,0.0,0.0
4.709722222222222,275.0,0.0,0.0
4.711111111111111,275.0,0.0,0.0
4.7125,275.0,0.0,0.0
4.713888888888889,275.0,0.0,0.0
4.715277777777778,275.0,0.0,0.0
4.716666666666667,264.0,0.0,0.0
4.718055555555556,264.0,0.0,0.0
4.719444444444444,264.0,0.0,0.0
4.720833333333333,264.0,0.0,0.0
4.722222222222222,264.0,0.0,0.0
4.723611111111111,264.0,0.0,0.0
4.725,264.0,0.0,0.0
4.726388888888889,264.0,0.0,0.0
4.727777777777778,264.0,0.0,0.0
4.729166666666667,264.0,0.0,0.0
4.730555555555555,264.0,0.0,0.0
4.731944444444444,264.0,0.0,0.0
4.733333333333333,264.0,0.0,0.0
4.7347222222222225,264.0,0.0,0.0
4.736111111111111,264.0,0.0,0.0
4.7375,264.0,0.0,0.0
4.738888888888889,264.0,0.0,0.0
4.740277777777778,264.0,0.0,0.0
4.741666666666666,264.0,0.0,0.0
4.743055555555555,264.0,0.0,0.0
4.7444444444444445,264.0,0.0,0.0
4.745833333333334,264.0,0.0,0.0
4.747222222222222,264.0,0.0,0.0
4.748611111111111,264.0,0.0,0.0
4.75,264.0,0.0,0.0
4.751388888888889,264.0,0.0,0.0
4.752777777777778,264.0,0.0,0.0
4.754166666666666,264.0,0.0,0.0
4.7555555555555555,264.0,0.0,0.0
4.756944444444445,264.0,0.0,0.0
4.758333333333334,264.0,0.0,0.0
4.759722222222222,264.0,0.0,0.0
4.761111111111111,264.0,0.0,0.0
4.7625,264.0,0.0,0.0
4.763888888888889,264.0,0.0,0.0
4.7652777777777775,264.0,0.0,0.0
4.766666666666667,264.0,0.0,0.0
4.768055555555556,264.0,0.0,0.0
4.769444444444445,264.0,0.0,0.0
4.770833333333333,264.0,0.0,0.0
4.772222222222222,264.0,0.0,0.0
4.773611111111111,264.0,0.0,0.0
4.775,264.0,0.0,0.0
4.776388888888889,264.0,0.0,0.0
4.777777777777778,264.0,0.0,0.0
4.779166666666667,264.0,0.0,0.0
4.780555555555556,264.0,0.0,0.0
4.781944444444444,264.0,0.0,0.0
4.783333333333333,264.0,0.0,0.0
4.784722222222222,264.0,0.0,0.0
4.786111111111111,264.0,0.0,0.0
4.7875,253.0,0.0,0.0
4.788888888888889,253.0,0.0,0.0
4.790277777777778,253.0,0.0,0.0
4.791666666666667,253.0,0.0,0.0
4.793055555555555,253.0,0.0,0.0
4.794444444444444,253.0,0.0,0.0
4.795833333333333,253.0,0.0,0.0
4.7972222222222225,253.0,0.0,0.0
4.798611111111111,253.0,0.0,0.0
4.8,253.0,0.0,0.0
4.801388888888889,253.0,0.0,0.0
4.802777777777778,253.0,0.0,0.0
4.804166666666666,253.0,0.0,0.0
4.805555555555555,253.0,0.0,0.0
4.8069444444444445,253.0,0.0,0.0
4.808333333333334,253.0,0.0,0.0
4.809722222222222,253.0,0.0,0.0
4.811111111111111,253.0,0.0,0.0
4.8125,253.0,0.0,0.0
4.813888888888889,253.0,0.0,0.0
4.815277777777778,253.0,0.0,0.0
4.816666666666666,253.0,0.0,0.0
4.8180555555555555,253.0,0.0,0.0
4.819444444444445,253.0,0.0,0.0
4.820833333333334,253.0,0.0,0.0
4.822222222222222,253.0,0.0,0.0
4.823611111111111,253.0,0.0,0.0
4.825,253.0,0.0,0.0
4.826388888888889,253.0,0.0,0.0
4.8277777777777775,253.0,0.0,0.0
4.829166666666667,253.0,0.0,0.0
4.830555555555556,253.0,0.0,0.0
4.831944444444445,253.0,0.0,0.0
4.833333333333333,242.0,0.0,0.0
4.834722222222222,242.0,0.0,0.0
4.836111111111111,242.0,0.0,0.0
4.8375,242.0,0.0,0.0
4.838888888888889,242.0,0.0,0.0
4.840277777777778,242.0,0.0,0.0
4.841666666666667,242.0,0.0,0.0
4.843055555555556,242.0,0.0,0.0
4.844444444444444,242.0,0.0,0.0
4.845833333333333,242.0,0.0,0.0
4.847222222222222,242.0,0.0,0.0
4.848611111111111,242.0,0.0,0.0
4.85,242.0,0.0,0.0
4.851388888888889,242.0,0.0,0.0
4.852777777777778,242.0,0.0,0.0
4.854166666666667,242.0,0.0,0.0
4.855555555555555,242.0,0.0,0.0
4.856944444444444,242.0,0.0,0.0
4.858333333333333,242.0,0.0,0.0
4.8597222222222225,242.0,0.0,0.0
4.861111111111111,242.0,0.0,0.0
4.8625,242.0,0.0,0.0
4.863888888888889,242.0,0.0,0.0
4.865277777777778,231.0,0.0,0.0
4.866666666666666,231.0,0.0,0.0
4.868055555555555,231.0,0.0,0.0
4.8694444444444445,231.0,0.0,0.0
4.870833333333334,231.0,0.0,0.0
4.872222222222222,231.0,0.0,0.0
4.873611111111111,231.0,0.0,0.0
4.875,231.0,0.0,0.0
4.876388888888889,231.0,0.0,0.0
4.877777777777778,231.0,0.0,0.0
4.879166666666666,231.0,0.0,0.0
4.8805555555555555,231.0,0.0,0.0
4.881944444444445,231.0,0.0,0.0
4.883333333333334,231.0,0.0,0.0
4.884722222222222,231.0,0.0,0.0
4.886111111111111,231.0,0.0,0.0
4.8875,231.0,0.0,0.0
4.888888888888889,231.0,0.0,0.0
4.8902777777777775,231.0,0.0,0.0
4.891666666666667,231.0,0.0,0.0
4.893055555555556,231.0,0.0,0.0
4.894444444444445,231.0,0.0,0.0
4.895833333333333,231.0,0.0,0.0
4.897222222222222,231.0,0.0,0.0
4.898611111111111,231.0,0.0,0.0
4.9,231.0,0.0,0.0
4.901388888888889,231.0,0.0,0.0
4.902777777777778,231.0,0.0,0.0
4.904166666666667,231.0,0.0,0.0
4.905555555555556,231.0,0.0,0.0
4.906944444444444,231.0,0.0,0.0
4.908333333333333,231.0,0.0,0.0
4.909722222222222,231.0,0.0,0.0
4.911111111111111,231.0,0.0,0.0
4.9125,231.0,0.0,0.0
4.913888888888889,231.0,0.0,0.0
4.915277777777778,231.0,0.0,0.0
4.916666666666667,231.0,0.0,0.0
4.918055555555555,231.0,0.0,0.0
4.919444444444444,231.0,0.0,0.0
4.920833333333333,231.0,0.0,0.0
4.9222222222222225,231.0,0.0,0.0
4.923611111111111,231.0,0.0,0.0
4.925,231.0,0.0,0.0
4.926388888888889,231.0,0.0,0.0
4.927777777777778,231.0,0.0,0.0
4.929166666666666,231.0,0.0,0.0
4.930555555555555,231.0,0.0,0.0
4.9319444444444445,231.0,0.0,0.0
4.933333333333334,231.0,0.0,0.0
4.934722222222222,231.0,0.0,0.0
4.936111111111111,231.0,0.0,0.0
4.9375,231.0,0.0,0.0
4.938888888888889,231.0,0.0,0.0
4.940277777777778,231.0,0.0,0.0
4.941666666666666,231.0,0.0,0.0
4.9430555555555555,231.0,0.0,0.0
4.944444444444445,231.0,0.0,0.0
4.945833333333334,231.0,0.0,0.0
4.947222222222222,231.0,0.0,0.0
4.948611111111111,231.0,0.0,0.0
4.95,231.0,0.0,0.0
4.951388888888889,231.0,0.0,0.0
4.9527777777777775,231.0,0.0,0.0
4.954166666666667,231.0,0.0,0.0
4.955555555555556,231.0,0.0,0.0
4.956944444444445,231.0,0.0,0.0
4.958333333333333,231.0,0.0,0.0
4.959722222222222,231.0,0.0,0.0
4.961111111111111,231.0,0.0,0.0
4.9625,231.0,0.0,0.0
4.963888888888889,231.0,0.0,0.0
4.965277777777778,231.0,0.0,0.0
4.966666666666667,231.0,0.0,0.0
4.968055555555556,231.0,0.0,0.0
4.969444444444444,231.0,0.0,0.0
4.970833333333333,231.0,0.0,0.0
4.972222222222222,231.0,0.0,0.0
4.973611111111111,231.0,0.0,0.0
4.975,231.0,0.0,0.0
4.976388888888889,231.0,0.0,0.0
4.977777777777778,231.0,0.0,0.0
4.979166666666667,231.0,0.0,0.0
4.980555555555555,231.0,0.0,0.0
4.981944444444444,231.0,0.0,0.0
4.983333333333333,231.0,0.0,0.0
4.9847222222222225,231.0,0.0,0.0
4.986111111111111,231.0,0.0,0.0
4.9875,231.0,0.0,0.0
4.988888888888889,231.0,0.0,0.0
4.990277777777778,231.0,0.0,0.0
4.991666666666666,231.0,0.0,0.0
4.993055555555555,231.0,0.0,0.0
4.9944444444444445,231.0,0.0,0.0
4.995833333333334,231.0,0.0,0.0
4.997222222222222,231.0,0.0,0.0
4.998611111111111,231.0,0.0,0.0
5.0,231.0,0.0,0.0
5.001388888888889,231.0,0.0,0.0
5.002777777777778,231.0,0.0,0.0
5.004166666666666,231.0,0.0,0.0
5.0055555555555555,231.0,0.0,0.0
5.006944444444445,231.0,0.0,0.0
5.008333333333334,231.0,0.0,0.0
5.009722222222222,231.0,0.0,0.0
5.011111111111111,231.0,0.0,0.0
5.0125,231.0,0.0,0.0
5.013888888888889,220.0,0.0,0.0
5.0152777777777775,220.0,0.0,0.0
5.016666666666667,220.0,0.0,0.0
5.018055555555556,220.0,0.0,0.0
5.019444444444445,220.0,0.0,0.0
5.020833333333333,220.0,0.0,0.0
5.022222222222222,220.0,0.0,0.0
5.023611111111111,220.0,0.0,0.0
5.025,220.0,0.0,0.0
5.026388888888889,220.0,0.0,0.0
5.027777777777778,220.0,0.0,0.0
5.029166666666667,220.0,0.0,0.0
5.030555555555556,209.0,0.0,0.0
5.031944444444444,209.0,0.0,0.0
5.033333333333333,209.0,0.0,0.0
5.034722222222222,209.0,0.0,0.0
5.036111111111111,209.0,0.0,0.0
5.0375,209.0,0.0,0.0
5.038888888888889,209.0,0.0,0.0
5.040277777777778,209.0,0.0,0.0
5.041666666666667,209.0,0.0,0.0
5.043055555555555,209.0,0.0,0.0
5.044444444444444,209.0,0.0,0.0
5.045833333333333,209.0,0.0,0.0
5.0472222222222225,209.0,0.0,0.0
5.048611111111111,209.0,0.0,0.0
5.05,209.0,0.0,0.0
5.051388888888889,209.0,0.0,0.0
5.052777777777778,209.0,0.0,0.0
5.054166666666666,209.0,0.0,0.0
5.055555555555555,209.0,0.0,0.0
5.0569444444444445,209.0,0.0,0.0
5.058333333333334,209.0,0.0,0.0
5.059722222222222,209.0,0.0,0.0
5.061111111111111,209.0,0.0,0.0
5.0625,209.0,0.0,0.0
5.063888888888889,209.0,0.0,0.0
5.065277777777778,209.0,0.0,0.0
5.066666666666666,209.0,0.0,0.0
5.0680555555555555,209.0,0.0,0.0
5.069444444444445,209.0,0.0,0.0
5.070833333333334,209.0,0.0,0.0
5.072222222222222,209.0,0.0,0.0
5.073611111111111,209.0,0.0,0.0
5.075,209.0,0.0,0.0
5.076388888888889,209.0,0.0,0.0
5.0777777777777775,209.0,0.0,0.0
5.079166666666667,209.0,0.0,0.0
5.080555555555556,209.0,0.0,0.0
5.081944444444445,209.0,0.0,0.0
5.083333333333333,209.0,0.0,0.0
5.084722222222222,209.0,0.0,0.0
5.086111111111111,209.0,0.0,0.0
5.0875,209.0,0.0,0.0
5.088888888888889,209.0,0.0,0.0
5.090277777777778,209.0,0.0,0.0
5.091666666666667,209.0,0.0,0.0
5.093055555555556,209.0,0.0,0.0
5.094444444444444,209.0,0.0,0.0
5.095833333333333,209.0,0.0,0.0
5.097222222222222,209.0,0.0,0.0
5.098611111111111,209.0,0.0,0.0
5.1,209.0,0.0,0.0
5.101388888888889,209.0,0.0,0.0
5.102777777777778,209.0,0.0,0.0
5.104166666666667,209.0,0.0,0.0
5.105555555555555,209.0,0.0,0.0
5.106944444444444,209.0,0.0,0.0
5.108333333333333,209.0,0.0,0.0
5.1097222222222225,209.0,0.0,0.0
5.111111111111111,209.0,0.0,0.0
5.1125,209.0,0.0,0.0
5.113888888888889,209.0,0.0,0.0
5.115277777777778,209.0,0.0,0.0
5.116666666666666,209.0,0.0,0.0
5.118055555555555,209.0,0.0,0.0
5.1194444444444445,209.0,0.0,0.0
5.120833333333334,209.0,0.0,0.0
5.122222222222222,209.0,0.0,0.0
5.123611111111111,209.0,0.0,0.0
5.125,209.0,0.0,0.0
5.126388888888889,209.0,0.0,0.0
5.127777777777778,209.0,0.0,0.0
5.129166666666666,209.0,0.0,0.0
5.1305555555555555,209.0,0.0,0.0
5.131944444444445,209.0,0.0,0.0
5.133333333333334,209.0,0.0,0.0
5.134722222222222,209.0,0.0,0.0
5.136111111111111,209.0,0.0,0.0
5.1375,209.0,0.0,0.0
5.138888888888889,209.0,0.0,0.0
5.1402777777777775,209.0,0.0,0.0
5.141666666666667,209.0,0.0,0.0
5.143055555555556,209.0,0.0,0.0
5.144444444444445,209.0,0.0,0.0
5.145833333333333,209.0,0.0,0.0
5.147222222222222,209.0,0.0,0.0
5.148611111111111,209.0,0.0,0.0
5.15,198.0,0.0,0.0
5.151388888888889,198.0,0.0,0.0
5.152777777777778,198.0,0.0,0.0
5.154166666666667,198.0,0.0,0.0
5.155555555555556,198.0,0.0,0.0
5.156944444444444,198.0,0.0,0.0
5.158333333333333,198.0,0.0,0.0
5.159722222222222,198.0,0.0,0.0
5.161111111111111,198.0,0.0,0.0
5.1625,198.0,0.0,0.0
5.163888888888889,198.0,0.0,0.0
5.165277777777778,198.0,0.0,0.0
5.166666666666667,187.0,0.0,0.0
5.168055555555555,187.0,0.0,0.0
5.169444444444444,187.0,0.0,0.0
5.170833333333333,187.0,0.0,0.0
5.1722222222222225,187.0,0.0,0.0
5.173611111111111,187.0,0.0,0.0
5.175,187.0,0.0,0.0
5.176388888888889,187.0,0.0,0.0
5.177777777777778,187.0,0.0,0.0
5.179166666666666,187.0,0.0,0.0
5.180555555555555,187.0,0.0,0.0
5.1819444444444445,176.0,0.0,0.0
5.183333333333334,176.0,0.0,0.0
5.184722222222222,176.0,0.0,0.0
5.186111111111111,176.0,0.0,0.0
5.1875,176.0,0.0,0.0
5.188888888888889,176.0,0.0,0.0
5.190277777777778,176.0,0.0,0.0
5.191666666666666,176.0,0.0,0.0
5.1930555555555555,176.0,0.0,0.0
5.194444444444445,176.0,0.0,0.0
5.195833333333334,176.0,0.0,0.0
5.197222222222222,176.0,0.0,0.0
5.198611111111111,176.0,0.0,0.0
5.2,165.0,0.0,0.0
5.201388888888889,165.0,0.0,0.0
5.2027777777777775,154.0,0.0,0.0
5.204166666666667,154.0,0.0,0.0
5.205555555555556,154.0,0.0,0.0
5.206944444444445,154.0,0.0,0.0
5.208333333333333,143.0,0.0,0.0
5.209722222222222,143.0,0.0,0.0
5.211111111111111,143.0,0.0,0.0
5.2125,143.0,0.0,0.0
5.213888888888889,143.0,0.0,0.0
5.215277777777778,143.0,0.0,0.0
5.216666666666667,143.0,0.0,0.0
5.218055555555556,143.0,0.0,0.0
5.219444444444444,143.0,0.0,0.0
5.220833333333333,143.0,0.0,0.0
5.222222222222222,143.0,0.0,0.0
5.223611111111111,143.0,0.0,0.0
5.225,143.0,0.0,0.0
5.226388888888889,143.0,0.0,0.0
5.227777777777778,143.0,0.0,0.0
5.229166666666667,143.0,0.0,0.0
5.230555555555555,143.0,0.0,0.0
5.231944444444444,143.0,0.0,0.0
5.233333333333333,143.0,0.0,0.0
5.2347222222222225,143.0,0.0,0.0
5.236111111111111,143.0,0.0,0.0
5.2375,143.0,0.0,0.0
5.238888888888889,143.0,0.0,0.0
5.240277777777778,143.0,0.0,0.0
5.241666666666666,143.0,0.0,0.0
5.243055555555555,143.0,0.0,0.0
5.2444444444444445,143.0,0.0,0.0
5.245833333333334,143.0,0.0,0.0
5.247222222222222,143.0,0.0,0.0
5.248611111111111,143.0,0.0,0.0
5.25,143.0,0.0,0.0
5.251388888888889,143.0,0.0,0.0
5.252777777777778,143.0,0.0,0.0
5.254166666666666,143.0,0.0,0.0
5.2555555555555555,143.0,0.0,0.0
5.256944444444445,143.0,0.0,0.0
5.258333333333334,143.0,0.0,0.0
5.259722222222222,143.0,0.0,0.0
5.261111111111111,143.0,0.0,0.0
5.2625,143.0,0.0,0.0
5.263888888888889,143.0,0.0,0.0
5.2652777777777775,132.0,0.0,0.0
5.266666666666667,121.0,0.0,0.0
5.268055555555556,121.0,0.0,0.0
5.269444444444445,121.0,0.0,0.0
5.270833333333333,121.0,0.0,0.0
5.272222222222222,121.0,0.0,0.0
5.273611111111111,121.0,0.0,0.0
5.275,121.0,0.0,0.0
5.276388888888889,121.0,0.0,0.0
5.277777777777778,121.0,0.0,0.0
5.279166666666667,121.0,0.0,0.0
5.280555555555556,121.0,0.0,0.0
5.281944444444444,121.0,0.0,0.0
5.283333333333333,110.0,0.0,0.0
5.284722222222222,110.0,0.0,0.0
5.286111111111111,110.0,0.0,0.0
5.2875,110.0,0.0,0.0
5.288888888888889,110.0,0.0,0.0
5.290277777777778,110.0,0.0,0.0
5.291666666666667,110.0,0.0,0.0
5.293055555555555,110.0,0.0,0.0
5.294444444444444,110.0,0.0,0.0
5.295833333333333,110.0,0.0,0.0
5.2972222222222225,110.0,0.0,0.0
5.298611111111111,110.0,0.0,0.0
5.3,110.0,0.0,0.0
5.301388888888889,110.0,0.0,0.0
5.302777777777778,110.0,0.0,0.0
5.304166666666666,110.0,0.0,0.0
5.305555555555555,110.0,0.0,0.0
5.3069444444444445,110.0,0.0,0.0
5.308333333333334,110.0,0.0,0.0
5.309722222222222,110.0,0.0,0.0
5.311111111111111,110.0,0.0,0.0
5.3125,110.0,0.0,0.0
5.313888888888889,110.0,0.0,0.0
5.315277777777778,110.0,0.0,0.0
5.316666666666666,110.0,0.0,0.0
5.3180555555555555,110.0,0.0,0.0
5.319444444444445,110.0,0.0,0.0
5.320833333333334,110.0,0.0,0.0
5.322222222222222,110.0,0.0,0.0
5.323611111111111,110.0,0.0,0.0
5.325,110.0,0.0,0.0
5.326388888888889,110.0,0.0,0.0
5.3277777777777775,110.0,0.0,0.0
5.329166666666667,110.0,0.0,0.0
5.330555555555556,110.0,0.0,0.0
5.331944444444445,110.0,0.0,0.0
5.333333333333333,110.0,0.0,0.0
5.334722222222222,110.0,0.0,0.0
5.336111111111111,110.0,0.0,0.0
5.3375,110.0,0.0,0.0
5.338888888888889,110.0,0.0,0.0
5.340277777777778,110.0,0.0,0.0
5.341666666666667,110.0,0.0,0.0
5.343055555555556,110.0,0.0,0.0
5.344444444444444,99.0,0.0,0.0
5.345833333333333,99.0,0.0,0.0
5.347222222222222,99.0,0.0,0.0
5.348611111111111,99.0,0.0,0.0
5.35,99.0,0.0,0.0
5.351388888888889,99.0,0.0,0.0
5.352777777777778,99.0,0.0,0.0
5.354166666666667,99.0,0.0,0.0
5.355555555555555,99.0,0.0,0.0
5.356944444444444,99.0,0.0,0.0
5.358333333333333,99.0,0.0,0.0
5.3597222222222225,99.0,0.0,0.0
5.361111111111111,99.0,0.0,0.0
5.3625,99.0,0.0,0.0
5.363888888888889,99.0,0.0,0.0
5.365277777777778,99.0,0.0,0.0
5.366666666666666,99.0,0.0,0.0
5.368055555555555,99.0,0.0,0.0
5.3694444444444445,99.0,0.0,0.0
5.370833333333334,99.0,0.0,0.0
5.372222222222222,99.0,0.0,0.0
5.373611111111111,99.0,0.0,0.0
5.375,99.0,0.0,0.0
5.376388888888889,99.0,0.0,0.0
5.377777777777778,99.0,0.0,0.0
5.379166666666666,99.0,0.0,0.0
5.3805555555555555,99.0,0.0,0.0
5.381944444444445,99.0,0.0,0.0
5.383333333333334,99.0,0.0,0.0
5.384722222222222,99.0,0.0,0.0
5.386111111111111,99.0,0.0,0.0
5.3875,99.0,0.0,0.0
5.388888888888889,99.0,0.0,0.0
5.3902777777777775,99.0,0.0,0.0
5.391666666666667,99.0,0.0,0.0
5.393055555555556,99.0,0.0,0.0
5.394444444444445,99.0,0.0,0.0
5.395833333333333,99.0,0.0,0.0
5.397222222222222,99.0,0.0,0.0
5.398611111111111,99.0,0.0,0.0
5.4,99.0,0.0,0.0
5.401388888888889,99.0,0.0,0.0
5.402777777777778,99.0,0.0,0.0
5.404166666666667,99.0,0.0,0.0
5.405555555555556,99.0,0.0,0.0
5.406944444444444,99.0,0.0,0.0
5.408333333333333,99.0,0.0,0.0
5.409722222222222,99.0,0.0,0.0
5.411111111111111,99.0,0.0,0.0
5.4125,99.0,0.0,0.0
5.413888888888889,99.0,0.0,0.0
5.415277777777778,99.0,0.0,0.0
5.416666666666667,99.0,0.0,0.0
5.418055555555555,99.0,0.0,0.0
5.419444444444444,99.0,0.0,0.0
5.420833333333333,99.0,0.0,0.0
5.4222222222222225,99.0,0.0,0.0
5.423611111111111,99.0,0.0,0.0
5.425,99.0,0.0,0.0
5.426388888888889,99.0,0.0,0.0
5.427777777777778,99.0,0.0,0.0
5.429166666666666,99.0,0.0,0.0
5.430555555555555,99.0,0.0,0.0
5.4319444444444445,99.0,0.0,0.0
5.433333333333334,88.0,0.0,0.0
5.434722222222222,88.0,0.0,0.0
5.436111111111111,88.0,0.0,0.0
5.4375,88.0,0.0,0.0
5.438888888888889,88.0,0.0,0.0
5.440277777777778,88.0,0.0,0.0
5.441666666666666,88.0,0.0,0.0
5.4430555555555555,88.0,0.0,0.0
5.444444444444445,88.0,0.0,0.0
5.445833333333334,88.0,0.0,0.0
5.447222222222222,88.0,0.0,0.0
5.448611111111111,88.0,0.0,0.0
5.45,88.0,0.0,0.0
5.451388888888889,88.0,0.0,0.0
5.4527777777777775,88.0,0.0,0.0
5.454166666666667,88.0,0.0,0.0
5.455555555555556,88.0,0.0,0.0
5.456944444444445,88.0,0.0,0.0
5.458333333333333,88.0,0.0,0.0
5.459722222222222,88.0,0.0,0.0
5.461111111111111,88.0,0.0,0.0
5.4625,88.0,0.0,0.0
5.463888888888889,88.0,0.0,0.0
5.465277777777778,88.0,0.0,0.0
5.466666666666667,88.0,0.0,0.0
5.468055555555556,88.0,0.0,0.0
5.469444444444444,88.0,0.0,0.0
5.470833333333333,88.0,0.0,0.0
5.472222222222222,88.0,0.0,0.0
5.473611111111111,88.0,0.0,0.0
5.475,88.0,0.0,0.0
5.476388888888889,88.0,0.0,0.0
5.477777777777778,88.0,0.0,0.0
5.479166666666667,88.0,0.0,0.0
5.480555555555555,88.0,0.0,0.0
5.481944444444444,88.0,0.0,0.0
5.483333333333333,77.0,0.0,0.0
5.4847222222222225,77.0,0.0,0.0
5.486111111111111,77.0,0.0,0.0
5.4875,77.0,0.0,0.0
5.488888888888889,77.0,0.0,0.0
5.490277777777778,77.0,0.0,0.0
5.491666666666666,77.0,0.0,0.0
5.493055555555555,77.0,0.0,0.0
5.4944444444444445,77.0,0.0,0.0
5.495833333333334,77.0,0.0,0.0
5.497222222222222,77.0,0.0,0.0
5.498611111111111,77.0,0.0,0.0
5.5,77.0,0.0,0.0
5.501388888888889,77.0,0.0,0.0
5.502777777777778,77.0,0.0,0.0
5.504166666666666,77.0,0.0,0.0
5.5055555555555555,77.0,0.0,0.0
5.506944444444445,77.0,0.0,0.0
5.508333333333334,77.0,0.0,0.0
5.509722222222222,77.0,0.0,0.0
5.511111111111111,77.0,0.0,0.0
5.5125,77.0,0.0,0.0
5.513888888888889,77.0,0.0,0.0
5.5152777777777775,77.0,0.0,0.0
5.516666666666667,77.0,0.0,0.0
5.518055555555556,77.0,0.0,0.0
5.519444444444445,77.0,0.0,0.0
5.520833333333333,77.0,0.0,0.0
5.522222222222222,77.0,0.0,0.0
5.523611111111111,77.0,0.0,0.0
5.525,77.0,0.0,0.0
5.526388888888889,77.0,0.0,0.0
5.527777777777778,77.0,0.0,0.0
5.529166666666667,77.0,0.0,0.0
5.530555555555556,77.0,0.0,0.0
5.531944444444444,77.0,0.0,0.0
5.533333333333333,66.0,0.0,0.0
5.534722222222222,66.0,0.0,0.0
5.536111111111111,66.0,0.0,0.0
5.5375,66.0,0.0,0.0
5.538888888888889,66.0,0.0,0.0
5.540277777777778,66.0,0.0,0.0
5.541666666666667,66.0,0.0,0.0
5.543055555555555,66.0,0.0,0.0
5.544444444444444,66.0,0.0,0.0
5.545833333333333,66.0,0.0,0.0
5.5472222222222225,66.0,0.0,0.0
5.548611111111111,66.0,0.0,0.0
5.55,66.0,0.0,0.0
5.551388888888889,66.0,0.0,0.0
5.552777777777778,66.0,0.0,0.0
5.554166666666666,66.0,0.0,0.0
5.555555555555555,66.0,0.0,0.0
5.5569444444444445,66.0,0.0,0.0
5.558333333333334,66.0,0.0,0.0
5.559722222222222,66.0,0.0,0.0
5.561111111111111,66.0,0.0,0.0
5.5625,66.0,0.0,0.0
5.563888888888889,66.0,0.0,0.0
5.565277777777778,66.0,0.0,0.0
5.566666666666666,55.0,0.0,0.0
5.5680555555555555,55.0,0.0,0.0
5.569444444444445,55.0,0.0,0.0
5.570833333333334,55.0,0.0,0.0
5.572222222222222,55.0,0.0,0.0
5.573611111111111,55.0,0.0,0.0
5.575,55.0,0.0,0.0
5.576388888888889,55.0,0.0,0.0
5.5777777777777775,55.0,0.0,0.0
5.579166666666667,55.0,0.0,0.0
5.580555555555556,55.0,0.0,0.0
5.581944444444445,55.0,0.0,0.0
5.583333333333333,55.0,0.0,0.0
5.584722222222222,55.0,0.0,0.0
5.586111111111111,55.0,0.0,0.0
5.5875,55.0,0.0,0.0
5.588888888888889,55.0,0.0,0.0
5.590277777777778,55.0,0.0,0.0
5.591666666666667,55.0,0.0,0.0
5.593055555555556,55.0,0.0,0.0
5.594444444444444,55.0,0.0,0.0
5.595833333333333,55.0,0.0,0.0
5.597222222222222,55.0,0.0,0.0
5.598611111111111,55.0,0.0,0.0
5.6,55.0,0.0,0.0
5.601388888888889,55.0,0.0,0.0
5.602777777777778,55.0,0.0,0.0
5.604166666666667,55.0,0.0,0.0
5.605555555555555,55.0,0.0,0.0
5.606944444444444,55.0,0.0,0.0
5.608333333333333,55.0,0.0,0.0
5.6097222222222225,55.0,0.0,0.0
5.611111111111111,55.0,0.0,0.0
5.6125,55.0,0.0,0.0
5.613888888888889,55.0,0.0,0.0
5.615277777777778,55.0,0.0,0.0
5.616666666666666,55.0,0.0,0.0
5.618055555555555,55.0,0.0,0.0
5.6194444444444445,55.0,0.0,0.0
5.620833333333334,55.0,0.0,0.0
5.622222222222222,55.0,0.0,0.0
5.623611111111111,55.0,0.0,0.0
5.625,55.0,0.0,0.0
5.626388888888889,55.0,0.0,0.0
5.627777777777778,55.0,0.0,0.0
5.629166666666666,55.0,0.0,0.0
5.6305555555555555,55.0,0.0,0.0
5.631944444444445,55.0,0.0,0.0
5.633333333333334,55.0,0.0,0.0
5.634722222222222,55.0,0.0,0.0
5.636111111111111,55.0,0.0,0.0
5.6375,55.0,0.0,0.0
5.638888888888889,55.0,0.0,0.0
5.6402777777777775,55.0,0.0,0.0
5.641666666666667,55.0,0.0,0.0
5.643055555555556,55.0,0.0,0.0
5.644444444444445,55.0,0.0,0.0
5.645833333333333,55.0,0.0,0.0
5.647222222222222,55.0,0.0,0.0
5.648611111111111,55.0,0.0,0.0
5.65,44.0,0.0,0.0
5.651388888888889,44.0,0.0,0.0
5.652777777777778,44.0,0.0,0.0
5.654166666666667,44.0,0.0,0.0
5.655555555555556,44.0,0.0,0.0
5.656944444444444,44.0,0.0,0.0
5.658333333333333,44.0,0.0,0.0
5.659722222222222,44.0,0.0,0.0
5.661111111111111,44.0,0.0,0.0
5.6625,44.0,0.0,0.0
5.663888888888889,44.0,0.0,0.0
5.665277777777778,44.0,0.0,0.0
5.666666666666667,44.0,0.0,0.0
5.668055555555555,44.0,0.0,0.0
5.669444444444444,44.0,0.0,0.0
5.670833333333333,44.0,0.0,0.0
5.6722222222222225,44.0,0.0,0.0
5.673611111111111,44.0,0.0,0.0
5.675,44.0,0.0,0.0
5.676388888888889,44.0,0.0,0.0
5.677777777777778,44.0,0.0,0.0
5.679166666666666,44.0,0.0,0.0
5.680555555555555,44.0,0.0,0.0
5.6819444444444445,44.0,0.0,0.0
5.683333333333334,44.0,0.0,0.0
5.684722222222222,44.0,0.0,0.0
5.686111111111111,44.0,0.0,0.0
5.6875,44.0,0.0,0.0
5.688888888888889,44.0,0.0,0.0
5.690277777777778,44.0,0.0,0.0
5.691666666666666,44.0,0.0,0.0
5.6930555555555555,44.0,0.0,0.0
5.694444444444445,44.0,0.0,0.0
5.695833333333334,44.0,0.0,0.0
5.697222222222222,44.0,0.0,0.0
5.698611111111111,44.0,0.0,0.0
5.7,44.0,0.0,0.0
5.701388888888889,44.0,0.0,0.0
5.7027777777777775,44.0,0.0,0.0
5.704166666666667,44.0,0.0,0.0
5.705555555555556,44.0,0.0,0.0
5.706944444444445,44.0,0.0,0.0
5.708333333333333,44.0,0.0,0.0
5.709722222222222,44.0,0.0,0.0
5.711111111111111,44.0,0.0,0.0
5.7125,44.0,0.0,0.0
5.713888888888889,44.0,0.0,0.0
5.715277777777778,44.0,0.0,0.0
5.716666666666667,33.0,0.0,0.0
5.718055555555556,33.0,0.0,0.0
5.719444444444444,33.0,0.0,0.0
5.720833333333333,33.0,0.0,0.0
5.722222222222222,33.0,0.0,0.0
5.723611111111111,33.0,0.0,0.0
5.725,33.0,0.0,0.0
5.726388888888889,33.0,0.0,0.0
5.727777777777778,33.0,0.0,0.0
5.729166666666667,33.0,0.0,0.0
5.730555555555555,33.0,0.0,0.0
5.731944444444444,33.0,0.0,0.0
5.733333333333333,33.0,0.0,0.0
5.7347222222222225,33.0,0.0,0.0
5.736111111111111,33.0,0.0,0.0
5.7375,33.0,0.0,0.0
5.738888888888889,33.0,0.0,0.0
5.740277777777778,33.0,0.0,0.0
5.741666666666666,33.0,0.0,0.0
5.743055555555555,33.0,0.0,0.0
5.7444444444444445,33.0,0.0,0.0
5.745833333333334,33.0,0.0,0.0
5.747222222222222,33.0,0.0,0.0
5.748611111111111,33.0,0.0,0.0
5.75,33.0,0.0,0.0
5.751388888888889,33.0,0.0,0.0
5.752777777777778,33.0,0.0,0.0
5.754166666666666,33.0,0.0,0.0
5.7555555555555555,33.0,0.0,0.0
5.756944444444445,33.0,0.0,0.0
5.758333333333334,33.0,0.0,0.0
5.759722222222222,33.0,0.0,0.0
5.761111111111111,33.0,0.0,0.0
5.7625,33.0,0.0,0.0
5.763888888888889,33.0,0.0,0.0
5.7652777777777775,33.0,0.0,0.0
5.766666666666667,22.0,0.0,0.0
5.768055555555556,22.0,0.0,0.0
5.769444444444445,22.0,0.0,0.0
5.770833333333333,22.0,0.0,0.0
5.772222222222222,22.0,0.0,0.0
5.773611111111111,22.0,0.0,0.0
5.775,22.0,0.0,0.0
5.776388888888889,22.0,0.0,0.0
5.777777777777778,22.0,0.0,0.0
5.779166666666667,22.0,0.0,0.0
5.780555555555556,22.0,0.0,0.0
5.781944444444444,22.0,0.0,0.0
5.783333333333333,22.0,0.0,0.0
5.784722222222222,22.0,0.0,0.0
5.786111111111111,22.0,0.0,0.0
5.7875,22.0,0.0,0.0
5.788888888888889,22.0,0.0,0.0
5.790277777777778,22.0,0.0,0.0
5.791666666666667,22.0,0.0,0.0
5.793055555555555,22.0,0.0,0.0
5.794444444444444,22.0,0.0,0.0
5.795833333333333,22.0,0.0,0.0
5.7972222222222225,22.0,0.0,0.0
5.798611111111111,22.0,0.0,0.0
5.8,22.0,0.0,0.0
5.801388888888889,22.0,0.0,0.0
5.802777777777778,22.0,0.0,0.0
5.804166666666666,22.0,0.0,0.0
5.805555555555555,22.0,0.0,0.0
5.8069444444444445,22.0,0.0,0.0
5.808333333333334,22.0,0.0,0.0
5.809722222222222,22.0,0.0,0.0
5.811111111111111,22.0,0.0,0.0
5.8125,22.0,0.0,0.0
5.813888888888889,22.0,0.0,0.0
5.815277777777778,22.0,0.0,0.0
5.816666666666666,22.0,0.0,0.0
5.8180555555555555,22.0,0.0,0.0
5.819444444444445,22.0,0.0,0.0
5.820833333333334,22.0,0.0,0.0
5.822222222222222,22.0,0.0,0.0
5.823611111111111,22.0,0.0,0.0
5.825,22.0,0.0,0.0
5.826388888888889,22.0,0.0,0.0
5.8277777777777775,22.0,0.0,0.0
5.829166666666667,22.0,0.0,0.0
5.830555555555556,22.0,0.0,0.0
5.831944444444445,22.0,0.0,0.0
5.833333333333333,11.0,0.0,0.0
5.834722222222222,11.0,0.0,0.0
5.836111111111111,11.0,0.0,0.0
5.8375,11.0,0.0,0.0
5.838888888888889,11.0,0.0,0.0
5.840277777777778,11.0,0.0,0.0
5.841666666666667,11.0,0.0,0.0
5.843055555555556,11.0,0.0,0.0
5.844444444444444,11.0,0.0,0.0
5.845833333333333,11.0,0.0,0.0
5.847222222222222,11.0,0.0,0.0
5.848611111111111,11.0,0.0,0.0
5.85,11.0,0.0,0.0
5.851388888888889,11.0,0.0,0.0
5.852777777777778,11.0,0.0,0.0
5.854166666666667,11.0,0.0,0.0
5.855555555555555,11.0,0.0,0.0
5.856944444444444,11.0,0.0,0.0
5.858333333333333,11.0,0.0,0.0
5.8597222222222225,11.0,0.0,0.0
5.861111111111111,11.0,0.0,0.0
5.8625,11.0,0.0,0.0
5.863888888888889,11.0,0.0,0.0
5.865277777777778,11.0,0.0,0.0
5.866666666666666,11.0,0.0,0.0
5.868055555555555,11.0,0.0,0.0
5.8694444444444445,11.0,0.0,0.0
5.870833333333334,11.0,0.0,0.0
5.872222222222222,11.0,0.0,0.0
5.873611111111111,11.0,0.0,0.0
5.875,11.0,0.0,0.0
5.876388888888889,11.0,0.0,0.0
5.877777777777778,11.0,0.0,0.0
5.879166666666666,11.0,0.0,0.0
5.8805555555555555,11.0,0.0,0.0
5.881944444444445,11.0,0.0,0.0
5.883333333333334,0.0,0.0,0.0
5.884722222222222,0.0,0.0,0.0
5.886111111111111,0.0,0.0,0.0
5.8875,0.0,0.0,0.0
5.888888888888889,0.0,0.0,0.0
5.8902777777777775,0.0,0.0,0.0
5.891666666666667,0.0,0.0,0.0
5.893055555555556,0.0,0.0,0.0
5.894444444444445,0.0,0.0,0.0
5.895833333333333,0.0,0.0,0.0
5.897222222222222,0.0,0.0,0.0
5.898611111111111,0.0,0.0,0.0
5.9,0.0,0.0,0.0
5.901388888888889,0.0,0.0,0.0
5.902777777777778,0.0,0.0,0.0
5.904166666666667,0.0,0.0,0.0
5.905555555555556,0.0,0.0,0.0
5.906944444444444,0.0,0.0,0.0
5.908333333333333,0.0,0.0,0.0
5.909722222222222,0.0,0.0,0.0
5.911111111111111,0.0,0.0,0.0
5.9125,0.0,0.0,0.0
5.913888888888889,0.0,0.0,0.0
5.915277777777778,0.0,0.0,0.0
5.916666666666667,0.0,0.0,0.0
5.918055555555555,0.0,0.0,0.0
5.919444444444444,0.0,0.0,0.0
5.920833333333333,0.0,0.0,0.0
5.9222222222222225,0.0,0.0,0.0
5.923611111111111,0.0,0.0,0.0
5.925,0.0,0.0,0.0
5.926388888888889,0.0,0.0,0.0
5.927777777777778,0.0,0.0,0.0
5.929166666666666,0.0,0.0,0.0
5.930555555555555,0.0,0.0,0.0
5.9319444444444445,0.0,0.0,0.0
5.933333333333334,0.0,0.0,0.0
5.934722222222222,0.0,0.0,0.0
5.936111111111111,0.0,0.0,0.0
5.9375,0.0,0.0,0.0
5.938888888888889,0.0,0.0,0.0
5.940277777777778,0.0,0.0,0.0
5.941666666666666,0.0,0.0,0.0
5.9430555555555555,0.0,0.0,0.0
5.944444444444445,0.0,0.0,0.0
5.945833333333334,0.0,0.0,0.0
5.947222222222222,0.0,0.0,0.0
5.948611111111111,0.0,0.0,0.0
5.95,0.0,0.0,0.0
5.951388888888889,0.0,0.0,0.0
5.9527777777777775,0.0,0.0,0.0
5.954166666666667,0.0,0.0,0.0
5.955555555555556,0.0,0.0,0.0
5.956944444444445,0.0,0.0,0.0
5.958333333333333,0.0,0.0,0.0
5.959722222222222,0.0,0.0,0.0
5.961111111111111,0.0,0.0,0.0
5.9625,0.0,0.0,0.0
5.963888888888889,0.0,0.0,0.0
5.965277777777778,0.0,0.0,0.0
5.966666666666667,0.0,0.0,0.0
5.968055555555556,0.0,0.0,0.0
5.969444444444444,0.0,0.0,0.0
5.970833333333333,0.0,0.0,0.0
5.972222222222222,0.0,0.0,0.0
5.973611111111111,0.0,0.0,0.0
5.975,0.0,0.0,0.0
5.976388888888889,0.0,0.0,0.0
5.977777777777778,0.0,0.0,0.0
5.979166666666667,0.0,0.0,0.0
5.980555555555555,0.0,0.0,0.0
5.981944444444444,0.0,0.0,0.0
5.983333333333333,0.0,0.0,0.0
5.9847222222222225,0.0,0.0,0.0
5.986111111111111,0.0,0.0,0.0
5.9875,0.0,0.0,0.0
5.988888888888889,0.0,0.0,0.0
5.990277777777778,0.0,0.0,0.0
5.991666666666666,0.0,0.0,0.0
5.993055555555555,0.0,0.0,0.0
5.9944444444444445,0.0,0.0,0.0
5.995833333333334,0.0,0.0,0.0
5.997222222222222,0.0,0.0,0.0
5.998611111111111,0.0,0.0,0.0
6.0,0.0,0.0,0.0
6.001388888888889,0.0,0.0,0.0
6.002777777777778,0.0,0.0,0.0
6.004166666666666,0.0,0.0,0.0
6.0055555555555555,0.0,0.0,0.0
6.006944444444445,0.0,0.0,0.0
6.008333333333334,0.0,0.0,0.0
6.009722222222222,0.0,0.0,0.0
6.011111111111111,0.0,0.0,0.0
6.0125,0.0,0.0,0.0
6.013888888888889,0.0,0.0,0.0
6.0152777777777775,0.0,0.0,0.0
6.016666666666667,0.0,0.0,0.0
6.018055555555556,0.0,0.0,0.0
6.019444444444445,0.0,0.0,0.0
6.020833333333333,0.0,0.0,0.0
6.022222222222222,0.0,0.0,0.0
6.023611111111111,0.0,0.0,0.0
6.025,0.0,0.0,0.0
6.026388888888889,0.0,0.0,0.0
6.027777777777778,0.0,0.0,0.0
6.029166666666667,0.0,0.0,0.0
6.030555555555556,0.0,0.0,0.0
6.031944444444444,0.0,0.0,0.0
6.033333333333333,0.0,0.0,0.0
6.034722222222222,0.0,0.0,0.0
6.036111111111111,0.0,0.0,0.0
6.0375,0.0,0.0,0.0
6.038888888888889,0.0,0.0,0.0
6.040277777777778,0.0,0.0,0.0
6.041666666666667,0.0,0.0,0.0
6.043055555555555,0.0,0.0,0.0
6.044444444444444,0.0,0.0,0.0
6.045833333333333,0.0,0.0,0.0
6.0472222222222225,0.0,0.0,0.0
6.048611111111111,0.0,0.0,0.0
6.05,0.0,0.0,0.0
6.051388888888889,0.0,0.0,0.0
6.052777777777778,0.0,0.0,0.0
6.054166666666666,0.0,0.0,0.0
6.055555555555555,0.0,0.0,0.0
6.0569444444444445,0.0,0.0,0.0
6.058333333333334,0.0,0.0,0.0
6.059722222222222,0.0,0.0,0.0
6.061111111111111,0.0,0.0,0.0
6.0625,0.0,0.0,0.0
6.063888888888889,0.0,0.0,0.0
6.065277777777778,0.0,0.0,0.0
6.066666666666666,0.0,0.0,0.0
6.0680555555555555,0.0,0.0,0.0
6.069444444444445,0.0,0.0,0.0
6.070833333333334,0.0,0.0,0.0
6.072222222222222,0.0,0.0,0.0
6.073611111111111,0.0,0.0,0.0
6.075,0.0,0.0,0.0
6.076388888888889,0.0,0.0,0.0
6.0777777777777775,0.0,0.0,0.0
6.079166666666667,0.0,0.0,0.0
6.080555555555556,0.0,0.0,0.0
6.081944444444445,0.0,0.0,0.0
6.083333333333333,0.0,0.0,0.0
6.084722222222222,0.0,0.0,0.0
6.086111111111111,0.0,0.0,0.0
6.0875,0.0,0.0,0.0
6.088888888888889,0.0,0.0,0.0
6.090277777777778,0.0,0.0,0.0
6.091666666666667,0.0,0.0,0.0
6.093055555555556,0.0,0.0,0.0
6.094444444444444,0.0,0.0,0.0
6.095833333333333,0.0,0.0,0.0
6.097222222222222,0.0,0.0,0.0
6.098611111111111,0.0,0.0,0.0
6.1,0.0,0.0,0.0
6.101388888888889,0.0,0.0,0.0
6.102777777777778,0.0,0.0,0.0
6.104166666666667,0.0,0.0,0.0
6.105555555555555,0.0,0.0,0.0
6.106944444444444,0.0,0.0,0.0
6.108333333333333,0.0,0.0,0.0
6.1097222222222225,0.0,0.0,0.0
6.111111111111111,0.0,0.0,0.0
6.1125,0.0,0.0,0.0
6.113888888888889,0.0,0.0,0.0
6.115277777777778,0.0,0.0,0.0
6.116666666666666,0.0,0.0,0.0
6.118055555555555,0.0,0.0,0.0
6.1194444444444445,0.0,0.0,0.0
6.120833333333334,0.0,0.0,0.0
6.122222222222222,0.0,0.0,0.0
6.123611111111111,0.0,0.0,0.0
6.125,0.0,0.0,0.0
6.126388888888889,0.0,0.0,0.0
6.127777777777778,0.0,0.0,0.0
6.129166666666666,0.0,0.0,0.0
6.1305555555555555,0.0,0.0,0.0
6.131944444444445,0.0,0.0,0.0
6.133333333333334,0.0,0.0,0.0
6.134722222222222,0.0,0.0,0.0
6.136111111111111,0.0,0.0,0.0
6.1375,0.0,0.0,0.0
6.138888888888889,0.0,0.0,0.0
6.1402777777777775,0.0,0.0,0.0
6.141666666666667,0.0,0.0,0.0
6.143055555555556,0.0,0.0,0.0
6.144444444444445,0.0,0.0,0.0
6.145833333333333,0.0,0.0,0.0
6.147222222222222,0.0,0.0,0.0
6.148611111111111,0.0,0.0,0.0
6.15,0.0,0.0,0.0
6.151388888888889,0.0,0.0,0.0
6.152777777777778,0.0,0.0,0.0
6.154166666666667,0.0,0.0,0.0
6.155555555555556,0.0,0.0,0.0
6.156944444444444,0.0,0.0,0.0
6.158333333333333,0.0,0.0,0.0
6.159722222222222,0.0,0.0,0.0
6.161111111111111,0.0,0.0,0.0
6.1625,0.0,0.0,0.0
6.163888888888889,0.0,0.0,0.0
6.165277777777778,0.0,0.0,0.0
6.166666666666667,0.0,0.0,0.0
6.168055555555555,0.0,0.0,0.0
6.169444444444444,0.0,0.0,0.0
6.170833333333333,0.0,0.0,0.0
6.1722222222222225,0.0,0.0,0.0
6.173611111111111,0.0,0.0,0.0
6.175,0.0,0.0,0.0
6.176388888888889,0.0,0.0,0.0
6.177777777777778,0.0,0.0,0.0
6.179166666666666,0.0,0.0,0.0
6.180555555555555,0.0,0.0,0.0
6.1819444444444445,0.0,0.0,0.0
6.183333333333334,0.0,0.0,0.0
6.184722222222222,0.0,0.0,0.0
6.186111111111111,0.0,0.0,0.0
6.1875,0.0,0.0,0.0
6.188888888888889,0.0,0.0,0.0
6.190277777777778,0.0,0.0,0.0
6.191666666666666,0.0,0.0,0.0
6.1930555555555555,0.0,0.0,0.0
6.194444444444445,0.0,0.0,0.0
6.195833333333334,0.0,0.0,0.0
6.197222222222222,0.0,0.0,0.0
6.198611111111111,0.0,0.0,0.0
6.2,0.0,0.0,0.0
6.201388888888889,0.0,0.0,0.0
6.2027777777777775,0.0,0.0,0.0
6.204166666666667,0.0,0.0,0.0
6.205555555555556,0.0,0.0,0.0
6.206944444444445,0.0,0.0,0.0
6.208333333333333,0.0,0.0,0.0
6.209722222222222,0.0,0.0,0.0
6.211111111111111,0.0,0.0,0.0
6.2125,0.0,0.0,0.0
6.213888888888889,0.0,0.0,0.0
6.215277777777778,0.0,0.0,0.0
6.216666666666667,0.0,0.0,0.0
6.218055555555556,0.0,0.0,0.0
6.219444444444444,0.0,0.0,0.0
6.220833333333333,0.0,0.0,0.0
6.222222222222222,0.0,0.0,0.0
6.223611111111111,0.0,0.0,0.0
6.225,0.0,0.0,0.0
6.226388888888889,0.0,0.0,0.0
6.227777777777778,0.0,0.0,0.0
6.229166666666667,0.0,0.0,0.0
6.230555555555555,0.0,0.0,0.0
6.231944444444444,0.0,0.0,0.0
6.233333333333333,0.0,0.0,0.0
6.2347222222222225,0.0,0.0,0.0
6.236111111111111,0.0,0.0,0.0
6.2375,0.0,0.0,0.0
6.238888888888889,0.0,0.0,0.0
6.240277777777778,0.0,0.0,0.0
6.241666666666666,0.0,0.0,0.0
6.243055555555555,0.0,0.0,0.0
6.2444444444444445,0.0,0.0,0.0
6.245833333333334,0.0,0.0,0.0
6.247222222222222,0.0,0.0,0.0
6.248611111111111,0.0,0.0,0.0
6.25,0.0,0.0,0.0
6.251388888888889,0.0,0.0,0.0
6.252777777777778,0.0,0.0,0.0
6.254166666666666,0.0,0.0,0.0
6.2555555555555555,0.0,0.0,0.0
6.256944444444445,0.0,0.0,0.0
6.258333333333334,0.0,0.0,0.0
6.259722222222222,0.0,0.0,0.0
6.261111111111111,0.0,0.0,0.0
6.2625,0.0,0.0,0.0
6.263888888888889,0.0,0.0,0.0
6.2652777777777775,0.0,0.0,0.0
6.266666666666667,0.0,0.0,0.0
6.268055555555556,0.0,0.0,0.0
6.269444444444445,0.0,0.0,0.0
6.270833333333333,0.0,0.0,0.0
6.272222222222222,0.0,0.0,0.0
6.273611111111111,0.0,0.0,0.0
6.275,0.0,0.0,0.0
6.276388888888889,0.0,0.0,0.0
6.277777777777778,0.0,0.0,0.0
6.279166666666667,0.0,0.0,0.0
6.280555555555556,0.0,0.0,0.0
6.281944444444444,0.0,0.0,0.0
6.283333333333333,0.0,0.0,0.0
6.284722222222222,0.0,0.0,0.0
6.286111111111111,0.0,0.0,0.0
6.2875,0.0,0.0,0.0
6.288888888888889,0.0,0.0,0.0
6.290277777777778,0.0,0.0,0.0
6.291666666666667,0.0,0.0,0.0
6.293055555555555,0.0,0.0,0.0
6.294444444444444,0.0,0.0,0.0
6.295833333333333,0.0,0.0,0.0
6.2972222222222225,0.0,0.0,0.0
6.298611111111111,0.0,0.0,0.0
6.3,0.0,0.0,0.0
6.301388888888889,0.0,0.0,0.0
6.302777777777778,0.0,0.0,0.0
6.304166666666666,0.0,0.0,0.0
6.305555555555555,0.0,0.0,0.0
6.3069444444444445,0.0,0.0,0.0
6.308333333333334,0.0,0.0,0.0
6.309722222222222,0.0,0.0,0.0
6.311111111111111,0.0,0.0,0.0
6.3125,0.0,0.0,0.0
6.313888888888889,0.0,0.0,0.0
6.315277777777778,0.0,0.0,0.0
6.316666666666666,0.0,0.0,0.0
6.3180555555555555,0.0,0.0,0.0
6.319444444444445,0.0,0.0,0.0
6.320833333333334,0.0,0.0,0.0
6.322222222222222,0.0,0.0,0.0
6.323611111111111,0.0,0.0,0.0
6.325,0.0,0.0,0.0
6.326388888888889,0.0,0.0,0.0
6.3277777777777775,0.0,0.0,0.0
6.329166666666667,0.0,0.0,0.0
6.330555555555556,0.0,0.0,0.0
6.331944444444445,0.0,0.0,0.0
6.333333333333333,0.0,0.0,0.0
6.334722222222222,0.0,0.0,0.0
6.336111111111111,0.0,0.0,0.0
6.3375,0.0,0.0,0.0
6.338888888888889,0.0,0.0,0.0
6.340277777777778,0.0,0.0,0.0
6.341666666666667,0.0,0.0,0.0
6.343055555555556,0.0,0.0,0.0
6.344444444444444,0.0,0.0,0.0
6.345833333333333,0.0,0.0,0.0
6.347222222222222,0.0,0.0,0.0
6.348611111111111,0.0,0.0,0.0
6.35,0.0,0.0,0.0
6.351388888888889,0.0,0.0,0.0
6.352777777777778,0.0,0.0,0.0
6.354166666666667,0.0,0.0,0.0
6.355555555555555,0.0,0.0,0.0
6.356944444444444,0.0,0.0,0.0
6.358333333333333,0.0,0.0,0.0
6.3597222222222225,0.0,0.0,0.0
6.361111111111111,0.0,0.0,0.0
6.3625,0.0,0.0,0.0
6.363888888888889,0.0,0.0,0.0
6.365277777777778,0.0,0.0,0.0
6.366666666666666,0.0,0.0,0.0
6.368055555555555,0.0,0.0,0.0
6.3694444444444445,0.0,0.0,0.0
6.370833333333334,0.0,0.0,0.0
6.372222222222222,0.0,0.0,0.0
6.373611111111111,0.0,0.0,0.0
6.375,0.0,0.0,0.0
6.376388888888889,0.0,0.0,0.0
6.377777777777778,0.0,0.0,0.0
6.379166666666666,0.0,0.0,0.0
6.3805555555555555,0.0,0.0,0.0
6.381944444444445,0.0,0.0,0.0
6.383333333333334,0.0,0.0,0.0
6.384722222222222,0.0,0.0,0.0
6.386111111111111,0.0,0.0,0.0
6.3875,0.0,0.0,0.0
6.388888888888889,0.0,0.0,0.0
6.3902777777777775,0.0,0.0,0.0
6.391666666666667,0.0,0.0,0.0
6.393055555555556,0.0,0.0,0.0
6.394444444444445,0.0,0.0,0.0
6.395833333333333,0.0,0.0,0.0
6.397222222222222,0.0,0.0,0.0
6.398611111111111,0.0,0.0,0.0
6.4,0.0,0.0,0.0
6.401388888888889,0.0,0.0,0.0
6.402777777777778,0.0,0.0,0.0
6.404166666666667,0.0,0.0,0.0
6.405555555555556,0.0,0.0,0.0
6.406944444444444,0.0,0.0,0.0
6.408333333333333,0.0,0.0,0.0
6.409722222222222,0.0,0.0,0.0
6.411111111111111,0.0,0.0,0.0
6.4125,0.0,0.0,0.0
6.413888888888889,0.0,0.0,0.0
6.415277777777778,0.0,0.0,0.0
6.416666666666667,0.0,0.0,0.0
6.418055555555555,0.0,0.0,0.0
6.419444444444444,0.0,0.0,0.0
6.420833333333333,0.0,0.0,0.0
6.4222222222222225,0.0,0.0,0.0
6.423611111111111,0.0,0.0,0.0
6.425,0.0,0.0,0.0
6.426388888888889,0.0,0.0,0.0
6.427777777777778,0.0,0.0,0.0
6.429166666666666,0.0,0.0,0.0
6.430555555555555,0.0,0.0,0.0
6.4319444444444445,0.0,0.0,0.0
6.433333333333334,0.0,0.0,0.0
6.434722222222222,0.0,0.0,0.0
6.436111111111111,0.0,0.0,0.0
6.4375,0.0,0.0,0.0
6.438888888888889,0.0,0.0,0.0
6.440277777777778,0.0,0.0,0.0
6.441666666666666,0.0,0.0,0.0
6.4430555555555555,0.0,0.0,0.0
6.444444444444445,0.0,0.0,0.0
6.445833333333334,0.0,0.0,0.0
6.447222222222222,0.0,0.0,0.0
6.448611111111111,0.0,0.0,0.0
6.45,0.0,0.0,0.0
6.451388888888889,0.0,0.0,0.0
6.4527777777777775,0.0,0.0,0.0
6.454166666666667,0.0,0.0,0.0
6.455555555555556,0.0,0.0,0.0
6.456944444444445,0.0,0.0,0.0
6.458333333333333,0.0,0.0,0.0
6.459722222222222,0.0,0.0,0.0
6.461111111111111,0.0,0.0,0.0
6.4625,0.0,0.0,0.0
6.463888888888889,0.0,0.0,0.0
6.465277777777778,0.0,0.0,0.0
6.466666666666667,0.0,0.0,0.0
6.468055555555556,0.0,0.0,0.0
6.469444444444444,0.0,0.0,0.0
6.470833333333333,0.0,0.0,0.0
6.472222222222222,0.0,0.0,0.0
6.473611111111111,0.0,0.0,0.0
6.475,0.0,0.0,0.0
6.476388888888889,0.0,0.0,0.0
6.477777777777778,0.0,0.0,0.0
6.479166666666667,0.0,0.0,0.0
6.480555555555555,0.0,0.0,0.0
6.481944444444444,0.0,0.0,0.0
6.483333333333333,0.0,0.0,0.0
6.4847222222222225,0.0,0.0,0.0
6.486111111111111,0.0,0.0,0.0
6.4875,0.0,0.0,0.0
6.488888888888889,0.0,0.0,0.0
6.490277777777778,0.0,0.0,0.0
6.491666666666666,0.0,0.0,0.0
6.493055555555555,0.0,0.0,0.0
6.4944444444444445,0.0,0.0,0.0
6.495833333333334,0.0,0.0,0.0
6.497222222222222,0.0,0.0,0.0
6.498611111111111,0.0,0.0,0.0
6.5,0.0,0.0,0.0
6.501388888888889,0.0,0.0,0.0
6.502777777777778,0.0,0.0,0.0
6.504166666666666,0.0,0.0,0.0
6.5055555555555555,0.0,0.0,0.0
6.506944444444445,0.0,0.0,0.0
6.508333333333334,0.0,0.0,0.0
6.509722222222222,0.0,0.0,0.0
6.511111111111111,0.0,0.0,0.0
6.5125,0.0,0.0,0.0
6.513888888888889,0.0,0.0,0.0
6.5152777777777775,0.0,0.0,0.0
6.516666666666667,0.0,0.0,0.0
6.518055555555556,0.0,0.0,0.0
6.519444444444445,0.0,0.0,0.0
6.520833333333333,0.0,0.0,0.0
6.522222222222222,0.0,0.0,0.0
6.523611111111111,0.0,0.0,0.0
6.525,0.0,0.0,0.0
6.526388888888889,0.0,0.0,0.0
6.527777777777778,0.0,0.0,0.0
6.529166666666667,0.0,0.0,0.0
6.530555555555556,0.0,0.0,0.0
6.531944444444444,0.0,0.0,0.0
6.533333333333333,0.0,0.0,0.0
6.534722222222222,0.0,0.0,0.0
6.536111111111111,0.0,0.0,0.0
6.5375,0.0,0.0,0.0
6.538888888888889,0.0,0.0,0.0
6.540277777777778,0.0,0.0,0.0
6.541666666666667,0.0,0.0,0.0
6.543055555555555,0.0,0.0,0.0
6.544444444444444,0.0,0.0,0.0
6.545833333333333,0.0,0.0,0.0
6.5472222222222225,0.0,0.0,0.0
6.548611111111111,0.0,0.0,0.0
6.55,0.0,0.0,0.0
6.551388888888889,0.0,0.0,0.0
6.552777777777778,0.0,0.0,0.0
6.554166666666666,0.0,0.0,0.0
6.555555555555555,0.0,0.0,0.0
6.5569444444444445,0.0,0.0,0.0
6.558333333333334,0.0,0.0,0.0
6.559722222222222,0.0,0.0,0.0
6.561111111111111,0.0,0.0,0.0
6.5625,0.0,0.0,0.0
6.563888888888889,0.0,0.0,0.0
6.565277777777778,0.0,0.0,0.0
6.566666666666666,0.0,0.0,0.0
6.5680555555555555,0.0,0.0,0.0
6.569444444444445,0.0,0.0,0.0
6.570833333333334,0.0,0.0,0.0
6.572222222222222,0.0,0.0,0.0
6.573611111111111,0.0,0.0,0.0
6.575,0.0,0.0,0.0
6.576388888888889,0.0,0.0,0.0
6.5777777777777775,0.0,0.0,0.0
6.579166666666667,0.0,0.0,0.0
6.580555555555556,0.0,0.0,0.0
6.581944444444445,0.0,0.0,0.0
6.583333333333333,0.0,0.0,0.0
6.584722222222222,0.0,0.0,0.0
6.586111111111111,0.0,0.0,0.0
6.5875,0.0,0.0,0.0
6.588888888888889,0.0,0.0,0.0
6.590277777777778,0.0,0.0,0.0
6.591666666666667,0.0,0.0,0.0
6.593055555555556,0.0,0.0,0.0
6.594444444444444,0.0,0.0,0.0
6.595833333333333,0.0,0.0,0.0
6.597222222222222,0.0,0.0,0.0
6.598611111111111,0.0,0.0,0.0
6.6,0.0,0.0,0.0
6.601388888888889,0.0,0.0,0.0
6.602777777777778,0.0,0.0,0.0
6.604166666666667,0.0,0.0,0.0
6.605555555555555,0.0,0.0,0.0
6.606944444444444,0.0,0.0,0.0
6.608333333333333,0.0,0.0,0.0
6.6097222222222225,0.0,0.0,0.0
6.611111111111111,0.0,0.0,0.0
6.6125,0.0,0.0,0.0
6.613888888888889,0.0,0.0,0.0
6.615277777777778,0.0,0.0,0.0
6.616666666666666,0.0,0.0,0.0
6.618055555555555,0.0,0.0,0.0
6.6194444444444445,0.0,0.0,0.0
6.620833333333334,0.0,0.0,0.0
6.622222222222222,0.0,0.0,0.0
6.623611111111111,0.0,0.0,0.0
6.625,0.0,0.0,0.0
6.626388888888889,0.0,0.0,0.0
6.627777777777778,0.0,0.0,0.0
6.629166666666666,0.0,0.0,0.0
6.6305555555555555,0.0,0.0,0.0
6.631944444444445,0.0,0.0,0.0
6.633333333333334,0.0,0.0,0.0
6.634722222222222,0.0,0.0,0.0
6.636111111111111,0.0,0.0,0.0
6.6375,0.0,0.0,0.0
6.638888888888889,0.0,0.0,0.0
6.6402777777777775,0.0,0.0,0.0
6.641666666666667,0.0,0.0,0.0
6.643055555555556,0.0,0.0,0.0
6.644444444444445,0.0,0.0,0.0
6.645833333333333,0.0,0.0,0.0
6.647222222222222,0.0,0.0,0.0
6.648611111111111,0.0,0.0,0.0
6.65,0.0,0.0,0.0
6.651388888888889,0.0,0.0,0.0
6.652777777777778,0.0,0.0,0.0
6.654166666666667,0.0,0.0,0.0
6.655555555555556,0.0,0.0,0.0
6.656944444444444,0.0,0.0,0.0
6.658333333333333,0.0,0.0,0.0
6.659722222222222,0.0,0.0,0.0
6.661111111111111,0.0,0.0,0.0
6.6625,0.0,0.0,0.0
6.663888888888889,0.0,0.0,0.0
6.665277777777778,0.0,0.0,0.0
6.666666666666667,0.0,0.0,0.0
6.668055555555555,0.0,0.0,0.0
6.669444444444444,0.0,0.0,0.0
6.670833333333333,0.0,0.0,0.0
6.6722222222222225,0.0,0.0,0.0
6.673611111111111,0.0,0.0,0.0
6.675,0.0,0.0,0.0
6.676388888888889,0.0,0.0,0.0
6.677777777777778,0.0,0.0,0.0
6.679166666666666,0.0,0.0,0.0
6.680555555555555,0.0,0.0,0.0
6.6819444444444445,0.0,0.0,0.0
6.683333333333334,0.0,0.0,0.0
6.684722222222222,0.0,0.0,0.0
6.686111111111111,0.0,0.0,0.0
6.6875,0.0,0.0,0.0
6.688888888888889,0.0,0.0,0.0
6.690277777777778,0.0,0.0,0.0
6.691666666666666,0.0,0.0,0.0
6.6930555555555555,0.0,0.0,0.0
6.694444444444445,0.0,0.0,0.0
6.695833333333334,0.0,0.0,0.0
6.697222222222222,0.0,0.0,0.0
6.698611111111111,0.0,0.0,0.0
6.7,0.0,0.0,0.0
6.701388888888889,0.0,0.0,0.0
6.7027777777777775,0.0,0.0,0.0
6.704166666666667,0.0,0.0,0.0
6.705555555555556,0.0,0.0,0.0
6.706944444444445,0.0,0.0,0.0
6.708333333333333,0.0,0.0,0.0
6.709722222222222,0.0,0.0,0.0
6.711111111111111,0.0,0.0,0.0
6.7125,0.0,0.0,0.0
6.713888888888889,0.0,0.0,0.0
6.715277777777778,0.0,0.0,0.0
6.716666666666667,0.0,0.0,0.0
6.718055555555556,0.0,0.0,0.0
6.719444444444444,0.0,0.0,0.0
6.720833333333333,0.0,0.0,0.0
6.722222222222222,0.0,0.0,0.0
6.723611111111111,0.0,0.0,0.0
6.725,0.0,0.0,0.0
6.726388888888889,0.0,0.0,0.0
6.727777777777778,0.0,0.0,0.0
6.729166666666667,0.0,0.0,0.0
6.730555555555555,0.0,0.0,0.0
6.731944444444444,0.0,0.0,0.0
6.733333333333333,0.0,0.0,0.0
6.7347222222222225,0.0,0.0,0.0
6.736111111111111,0.0,0.0,0.0
6.7375,0.0,0.0,0.0
6.738888888888889,0.0,0.0,0.0
6.740277777777778,0.0,0.0,0.0
6.741666666666666,0.0,0.0,0.0
6.743055555555555,0.0,0.0,0.0
6.7444444444444445,0.0,0.0,0.0
6.745833333333334,0.0,0.0,0.0
6.747222222222222,0.0,0.0,0.0
6.748611111111111,0.0,0.0,0.0
6.75,0.0,0.0,0.0
6.751388888888889,0.0,0.0,0.0
6.752777777777778,0.0,0.0,0.0
6.754166666666666,0.0,0.0,0.0
6.7555555555555555,0.0,0.0,0.0
6.756944444444445,0.0,0.0,0.0
6.758333333333334,0.0,0.0,0.0
6.759722222222222,0.0,0.0,0.0
6.761111111111111,0.0,0.0,0.0
6.7625,0.0,0.0,0.0
6.763888888888889,0.0,0.0,0.0
6.7652777777777775,0.0,0.0,0.0
6.766666666666667,0.0,0.0,0.0
6.768055555555556,0.0,0.0,0.0
6.769444444444445,0.0,0.0,0.0
6.770833333333333,0.0,0.0,0.0
6.772222222222222,0.0,0.0,0.0
6.773611111111111,0.0,0.0,0.0
6.775,0.0,0.0,0.0
6.776388888888889,0.0,0.0,0.0
6.777777777777778,0.0,0.0,0.0
6.779166666666667,0.0,0.0,0.0
6.780555555555556,0.0,0.0,0.0
6.781944444444444,0.0,0.0,0.0
6.783333333333333,0.0,0.0,0.0
6.784722222222222,0.0,0.0,0.0
6.786111111111111,0.0,0.0,0.0
6.7875,0.0,0.0,0.0
6.788888888888889,0.0,0.0,0.0
6.790277777777778,0.0,0.0,0.0
6.791666666666667,0.0,0.0,0.0
6.793055555555555,0.0,0.0,0.0
6.794444444444444,0.0,0.0,0.0
6.795833333333333,0.0,0.0,0.0
6.7972222222222225,0.0,0.0,0.0
6.798611111111111,0.0,0.0,0.0
6.8,0.0,0.0,0.0
6.801388888888889,0.0,0.0,0.0
6.802777777777778,0.0,0.0,0.0
6.804166666666666,0.0,0.0,0.0
6.805555555555555,0.0,0.0,0.0
6.8069444444444445,0.0,0.0,0.0
6.808333333333334,0.0,0.0,0.0
6.809722222222222,0.0,0.0,0.0
6.811111111111111,0.0,0.0,0.0
6.8125,0.0,0.0,0.0
6.813888888888889,0.0,0.0,0.0
6.815277777777778,0.0,0.0,0.0
6.816666666666666,0.0,0.0,0.0
6.8180555555555555,0.0,0.0,0.0
6.819444444444445,0.0,0.0,0.0
6.820833333333334,0.0,0.0,0.0
6.822222222222222,0.0,0.0,0.0
6.823611111111111,0.0,0.0,0.0
6.825,0.0,0.0,0.0
6.826388888888889,0.0,0.0,0.0
6.8277777777777775,0.0,0.0,0.0
6.829166666666667,0.0,0.0,0.0
6.830555555555556,0.0,0.0,0.0
6.831944444444445,0.0,0.0,0.0
6.833333333333333,0.0,0.0,0.0
6.834722222222222,0.0,0.0,0.0
6.836111111111111,0.0,0.0,0.0
6.8375,0.0,0.0,0.0
6.838888888888889,0.0,0.0,0.0
6.840277777777778,0.0,0.0,0.0
6.841666666666667,0.0,0.0,0.0
6.843055555555556,0.0,0.0,0.0
6.844444444444444,0.0,0.0,0.0
6.845833333333333,0.0,0.0,0.0
6.847222222222222,0.0,0.0,0.0
6.848611111111111,0.0,0.0,0.0
6.85,0.0,0.0,0.0
6.851388888888889,0.0,0.0,0.0
6.852777777777778,0.0,0.0,0.0
6.854166666666667,0.0,0.0,0.0
6.855555555555555,0.0,0.0,0.0
6.856944444444444,0.0,0.0,0.0
6.858333333333333,0.0,0.0,0.0
6.8597222222222225,0.0,0.0,0.0
6.861111111111111,0.0,0.0,0.0
6.8625,0.0,0.0,0.0
6.863888888888889,0.0,0.0,0.0
6.865277777777778,0.0,0.0,0.0
6.866666666666666,0.0,0.0,0.0
6.868055555555555,0.0,0.0,0.0
6.8694444444444445,0.0,0.0,0.0
6.870833333333334,0.0,0.0,0.0
6.872222222222222,0.0,0.0,0.0
6.873611111111111,0.0,0.0,0.0
6.875,0.0,0.0,0.0
6.876388888888889,0.0,0.0,0.0
6.877777777777778,0.0,0.0,0.0
6.879166666666666,0.0,0.0,0.0
6.8805555555555555,0.0,0.0,0.0
6.881944444444445,0.0,0.0,0.0
6.883333333333334,0.0,0.0,0.0
6.884722222222222,0.0,0.0,0.0
6.886111111111111,0.0,0.0,0.0
6.8875,0.0,0.0,0.0
6.888888888888889,0.0,0.0,0.0
6.8902777777777775,0.0,0.0,0.0
6.891666666666667,0.0,0.0,0.0
6.893055555555556,0.0,0.0,0.0
6.894444444444445,0.0,0.0,0.0
6.895833333333333,0.0,0.0,0.0
6.897222222222222,0.0,0.0,0.0
6.898611111111111,0.0,0.0,0.0
6.9,0.0,0.0,0.0
6.901388888888889,0.0,0.0,0.0
6.902777777777778,0.0,0.0,0.0
6.904166666666667,0.0,0.0,0.0
6.905555555555556,0.0,0.0,0.0
6.906944444444444,0.0,0.0,0.0
6.908333333333333,0.0,0.0,0.0
6.909722222222222,0.0,0.0,0.0
6.911111111111111,0.0,0.0,0.0
6.9125,0.0,0.0,0.0
6.913888888888889,0.0,0.0,0.0
6.915277777777778,0.0,0.0,0.0
6.916666666666667,0.0,0.0,0.0
6.918055555555555,0.0,0.0,0.0
6.919444444444444,0.0,0.0,0.0
6.920833333333333,0.0,0.0,0.0
6.9222222222222225,0.0,0.0,0.0
6.923611111111111,0.0,0.0,0.0
6.925,0.0,0.0,0.0
6.926388888888889,0.0,0.0,0.0
6.927777777777778,0.0,0.0,0.0
6.929166666666666,0.0,0.0,0.0
6.930555555555555,0.0,0.0,0.0
6.9319444444444445,0.0,0.0,0.0
6.933333333333334,0.0,0.0,0.0
6.934722222222222,0.0,0.0,0.0
6.936111111111111,0.0,0.0,0.0
6.9375,0.0,0.0,0.0
6.938888888888889,0.0,0.0,0.0
6.940277777777778,0.0,0.0,0.0
6.941666666666666,0.0,0.0,0.0
6.9430555555555555,0.0,0.0,0.0
6.944444444444445,0.0,0.0,0.0
6.945833333333334,0.0,0.0,0.0
6.947222222222222,0.0,0.0,0.0
6.948611111111111,0.0,0.0,0.0
6.95,0.0,0.0,0.0
6.951388888888889,0.0,0.0,0.0
6.9527777777777775,0.0,0.0,0.0
6.954166666666667,0.0,0.0,0.0
6.955555555555556,0.0,0.0,0.0
6.956944444444445,0.0,0.0,0.0
6.958333333333333,0.0,0.0,0.0
6.959722222222222,0.0,0.0,0.0
6.961111111111111,0.0,0.0,0.0
6.9625,0.0,0.0,0.0
6.963888888888889,0.0,0.0,0.0
6.965277777777778,0.0,0.0,0.0
6.966666666666667,0.0,0.0,0.0
6.968055555555556,0.0,0.0,0.0
6.969444444444444,0.0,0.0,0.0
6.970833333333333,0.0,0.0,0.0
6.972222222222222,0.0,0.0,0.0
6.973611111111111,0.0,0.0,0.0
6.975,0.0,0.0,0.0
6.976388888888889,0.0,0.0,0.0
6.977777777777778,0.0,0.0,0.0
6.979166666666667,0.0,0.0,0.0
6.980555555555555,0.0,0.0,0.0
6.981944444444444,0.0,0.0,0.0
6.983333333333333,0.0,0.0,0.0
6.9847222222222225,0.0,0.0,0.0
6.986111111111111,0.0,0.0,0.0
6.9875,0.0,0.0,0.0
6.988888888888889,0.0,0.0,0.0
6.990277777777778,0.0,0.0,0.0
6.991666666666666,0.0,0.0,0.0
6.993055555555555,0.0,0.0,0.0
6.9944444444444445,0.0,0.0,0.0
6.995833333333334,0.0,0.0,0.0
6.997222222222222,0.0,0.0,0.0
6.998611111111111,0.0,0.0,0.0
7.0,0.0,0.0,0.0
7.001388888888889,0.0,0.0,0.0
7.002777777777778,0.0,0.0,0.0
7.004166666666666,0.0,0.0,0.0
7.0055555555555555,0.0,0.0,0.0
7.006944444444445,0.0,0.0,0.0
7.008333333333334,0.0,0.0,0.0
7.009722222222222,0.0,0.0,0.0
7.011111111111111,0.0,0.0,0.0
7.0125,0.0,0.0,0.0
7.013888888888889,0.0,0.0,0.0
7.0152777777777775,0.0,0.0,0.0
7.016666666666667,0.0,0.0,0.0
7.018055555555556,0.0,0.0,0.0
7.019444444444445,0.0,0.0,0.0
7.020833333333333,0.0,0.0,0.0
7.022222222222222,0.0,0.0,0.0
7.023611111111111,0.0,0.0,0.0
7.025,0.0,0.0,0.0
7.026388888888889,0.0,0.0,0.0
7.027777777777778,0.0,0.0,0.0
7.029166666666667,0.0,0.0,0.0
7.030555555555556,0.0,0.0,0.0
7.031944444444444,0.0,0.0,0.0
7.033333333333333,0.0,0.0,0.0
7.034722222222222,0.0,0.0,0.0
7.036111111111111,0.0,0.0,0.0
7.0375,0.0,0.0,0.0
7.038888888888889,0.0,0.0,0.0
7.040277777777778,0.0,0.0,0.0
7.041666666666667,0.0,0.0,0.0
7.043055555555555,0.0,0.0,0.0
7.044444444444444,0.0,0.0,0.0
7.045833333333333,0.0,0.0,0.0
7.0472222222222225,0.0,0.0,0.0
7.048611111111111,0.0,0.0,0.0
7.05,0.0,0.0,0.0
7.051388888888889,0.0,0.0,0.0
7.052777777777778,0.0,0.0,0.0
7.054166666666666,0.0,0.0,0.0
7.055555555555555,0.0,0.0,0.0
7.0569444444444445,0.0,0.0,0.0
7.058333333333334,0.0,0.0,0.0
7.059722222222222,0.0,0.0,0.0
7.061111111111111,0.0,0.0,0.0
7.0625,0.0,0.0,0.0
7.063888888888889,0.0,0.0,0.0
7.065277777777778,0.0,0.0,0.0
7.066666666666666,0.0,0.0,0.0
7.0680555555555555,0.0,0.0,0.0
7.069444444444445,0.0,0.0,0.0
7.070833333333334,0.0,0.0,0.0
7.072222222222222,0.0,0.0,0.0
7.073611111111111,0.0,0.0,0.0
7.075,0.0,0.0,0.0
7.076388888888889,0.0,0.0,0.0
7.0777777777777775,0.0,0.0,0.0
7.079166666666667,0.0,0.0,0.0
7.080555555555556,0.0,0.0,0.0
7.081944444444445,0.0,0.0,0.0
7.083333333333333,0.0,0.0,0.0
7.084722222222222,0.0,0.0,0.0
7.086111111111111,0.0,0.0,0.0
7.0875,0.0,0.0,0.0
7.088888888888889,0.0,0.0,0.0
7.090277777777778,0.0,0.0,0.0
7.091666666666667,0.0,0.0,0.0
7.093055555555556,0.0,0.0,0.0
7.094444444444444,0.0,0.0,0.0
7.095833333333333,0.0,0.0,0.0
7.097222222222222,0.0,0.0,0.0
7.098611111111111,0.0,0.0,0.0
7.1,0.0,0.0,0.0
7.101388888888889,0.0,0.0,0.0
7.102777777777778,0.0,0.0,0.0
7.104166666666667,0.0,0.0,0.0
7.105555555555555,0.0,0.0,0.0
7.106944444444444,0.0,0.0,0.0
7.108333333333333,0.0,0.0,0.0
7.1097222222222225,0.0,0.0,0.0
7.111111111111111,0.0,0.0,0.0
7.1125,0.0,0.0,0.0
7.113888888888889,0.0,0.0,0.0
7.115277777777778,0.0,0.0,0.0
7.116666666666666,0.0,0.0,0.0
7.118055555555555,0.0,0.0,0.0
7.1194444444444445,0.0,0.0,0.0
7.120833333333334,0.0,0.0,0.0
7.122222222222222,0.0,0.0,0.0
7.123611111111111,0.0,0.0,0.0
7.125,0.0,0.0,0.0
7.126388888888889,0.0,0.0,0.0
7.127777777777778,0.0,0.0,0.0
7.129166666666666,0.0,0.0,0.0
7.1305555555555555,0.0,0.0,0.0
7.131944444444445,0.0,0.0,0.0
7.133333333333334,0.0,0.0,0.0
7.134722222222222,0.0,0.0,0.0
7.136111111111111,0.0,0.0,0.0
7.1375,0.0,0.0,0.0
7.138888888888889,0.0,0.0,0.0
7.1402777777777775,0.0,0.0,0.0
7.141666666666667,0.0,0.0,0.0
7.143055555555556,0.0,0.0,0.0
7.144444444444445,0.0,0.0,0.0
7.145833333333333,0.0,0.0,0.0
7.147222222222222,0.0,0.0,0.0
7.148611111111111,0.0,0.0,0.0
7.15,0.0,0.0,0.0
7.151388888888889,0.0,0.0,0.0
7.152777777777778,0.0,0.0,0.0
7.154166666666667,0.0,0.0,0.0
7.155555555555556,0.0,0.0,0.0
7.156944444444444,0.0,0.0,0.0
7.158333333333333,0.0,0.0,0.0
7.159722222222222,0.0,0.0,0.0
7.161111111111111,0.0,0.0,0.0
7.1625,0.0,0.0,0.0
7.163888888888889,0.0,0.0,0.0
7.165277777777778,0.0,0.0,0.0
7.166666666666667,0.0,0.0,0.0
7.168055555555555,0.0,0.0,0.0
7.169444444444444,0.0,0.0,0.0
7.170833333333333,0.0,0.0,0.0
7.1722222222222225,0.0,0.0,0.0
7.173611111111111,0.0,0.0,0.0
7.175,0.0,0.0,0.0
7.176388888888889,0.0,0.0,0.0
7.177777777777778,0.0,0.0,0.0
7.179166666666666,0.0,0.0,0.0
7.180555555555555,0.0,0.0,0.0
7.1819444444444445,0.0,0.0,0.0
7.183333333333334,0.0,0.0,0.0
7.184722222222222,0.0,0.0,0.0
7.186111111111111,0.0,0.0,0.0
7.1875,0.0,0.0,0.0
7.188888888888889,0.0,0.0,0.0
7.190277777777778,0.0,0.0,0.0
7.191666666666666,0.0,0.0,0.0
7.1930555555555555,0.0,0.0,0.0
7.194444444444445,0.0,0.0,0.0
7.195833333333334,0.0,0.0,0.0
7.197222222222222,0.0,0.0,0.0
7.198611111111111,0.0,0.0,0.0
7.2,0.0,0.0,0.0
7.201388888888889,0.0,0.0,0.0
7.2027777777777775,0.0,0.0,0.0
7.204166666666667,0.0,0.0,0.0
7.205555555555556,0.0,0.0,0.0
7.206944444444445,0.0,0.0,0.0
7.208333333333333,0.0,0.0,0.0
7.209722222222222,0.0,0.0,0.0
7.211111111111111,0.0,0.0,0.0
7.2125,0.0,0.0,0.0
7.213888888888889,0.0,0.0,0.0
7.215277777777778,0.0,0.0,0.0
7.216666666666667,0.0,0.0,0.0
7.218055555555556,0.0,0.0,0.0
7.219444444444444,0.0,0.0,0.0
7.220833333333333,0.0,0.0,0.0
7.222222222222222,0.0,0.0,0.0
7.223611111111111,0.0,0.0,0.0
7.225,0.0,0.0,0.0
7.226388888888889,0.0,0.0,0.0
7.227777777777778,0.0,0.0,0.0
7.229166666666667,0.0,0.0,0.0
7.230555555555555,0.0,0.0,0.0
7.231944444444444,0.0,0.0,0.0
7.233333333333333,0.0,0.0,0.0
7.2347222222222225,0.0,0.0,0.0
7.236111111111111,0.0,0.0,0.0
7.2375,0.0,0.0,0.0
7.238888888888889,0.0,0.0,0.0
7.240277777777778,0.0,0.0,0.0
7.241666666666666,0.0,0.0,0.0
7.243055555555555,0.0,0.0,0.0
7.2444444444444445,0.0,0.0,0.0
7.245833333333334,0.0,0.0,0.0
7.247222222222222,0.0,0.0,0.0
7.248611111111111,0.0,0.0,0.0
7.25,0.0,0.0,0.0
7.251388888888889,0.0,0.0,0.0
7.252777777777778,0.0,0.0,0.0
7.254166666666666,0.0,0.0,0.0
7.2555555555555555,0.0,0.0,0.0
7.256944444444445,0.0,0.0,0.0
7.258333333333334,0.0,0.0,0.0
7.259722222222222,0.0,0.0,0.0
7.261111111111111,0.0,0.0,0.0
7.2625,0.0,0.0,0.0
7.263888888888889,0.0,0.0,0.0
7.2652777777777775,0.0,0.0,0.0
7.266666666666667,0.0,0.0,0.0
7.268055555555556,0.0,0.0,0.0
7.269444444444445,0.0,0.0,0.0
7.270833333333333,0.0,0.0,0.0
7.272222222222222,0.0,0.0,0.0
7.273611111111111,0.0,0.0,0.0
7.275,0.0,0.0,0.0
7.276388888888889,0.0,0.0,0.0
7.277777777777778,0.0,0.0,0.0
7.279166666666667,0.0,0.0,0.0
7.280555555555556,0.0,0.0,0.0
7.281944444444444,0.0,0.0,0.0
7.283333333333333,0.0,0.0,0.0
7.284722222222222,0.0,0.0,0.0
7.286111111111111,0.0,0.0,0.0
7.2875,0.0,0.0,0.0
7.288888888888889,0.0,0.0,0.0
7.290277777777778,0.0,0.0,0.0
7.291666666666667,0.0,0.0,0.0
7.293055555555555,0.0,0.0,0.0
7.294444444444444,0.0,0.0,0.0
7.295833333333333,0.0,0.0,0.0
7.2972222222222225,0.0,0.0,0.0
7.298611111111111,0.0,0.0,0.0
7.3,0.0,0.0,0.0
7.301388888888889,0.0,0.0,0.0
7.302777777777778,0.0,0.0,0.0
7.304166666666666,0.0,0.0,0.0
7.305555555555555,0.0,0.0,0.0
7.3069444444444445,0.0,0.0,0.0
7.308333333333334,0.0,0.0,0.0
7.309722222222222,0.0,0.0,0.0
7.311111111111111,0.0,0.0,0.0
7.3125,0.0,0.0,0.0
7.313888888888889,0.0,0.0,0.0
7.315277777777778,0.0,0.0,0.0
7.316666666666666,0.0,0.0,0.0
7.3180555555555555,0.0,0.0,0.0
7.319444444444445,0.0,0.0,0.0
7.320833333333334,0.0,0.0,0.0
7.322222222222222,0.0,0.0,0.0
7.323611111111111,0.0,0.0,0.0
7.325,0.0,0.0,0.0
7.326388888888889,0.0,0.0,0.0
7.3277777777777775,0.0,0.0,0.0
7.329166666666667,0.0,0.0,0.0
7.330555555555556,0.0,0.0,0.0
7.331944444444445,0.0,0.0,0.0
7.333333333333333,0.0,0.0,0.0
7.334722222222222,0.0,0.0,0.0
7.336111111111111,0.0,0.0,0.0
7.3375,0.0,0.0,0.0
7.338888888888889,0.0,0.0,0.0
7.340277777777778,0.0,0.0,0.0
7.341666666666667,0.0,0.0,0.0
7.343055555555556,0.0,0.0,0.0
7.344444444444444,0.0,0.0,0.0
7.345833333333333,0.0,0.0,0.0
7.347222222222222,0.0,0.0,0.0
7.348611111111111,0.0,0.0,0.0
7.35,0.0,0.0,0.0
7.351388888888889,0.0,0.0,0.0
7.352777777777778,0.0,0.0,0.0
7.354166666666667,0.0,0.0,0.0
7.355555555555555,0.0,0.0,0.0
7.356944444444444,0.0,0.0,0.0
7.358333333333333,0.0,0.0,0.0
7.3597222222222225,0.0,0.0,0.0
7.361111111111111,0.0,0.0,0.0
7.3625,0.0,0.0,0.0
7.363888888888889,0.0,0.0,0.0
7.365277777777778,0.0,0.0,0.0
7.366666666666666,0.0,0.0,0.0
7.368055555555555,0.0,0.0,0.0
7.3694444444444445,0.0,0.0,0.0
7.370833333333334,0.0,0.0,0.0
7.372222222222222,0.0,0.0,0.0
7.373611111111111,0.0,0.0,0.0
7.375,0.0,0.0,0.0
7.376388888888889,0.0,0.0,0.0
7.377777777777778,0.0,0.0,0.0
7.379166666666666,0.0,0.0,0.0
7.3805555555555555,0.0,0.0,0.0
7.381944444444445,0.0,0.0,0.0
7.383333333333334,0.0,0.0,0.0
7.384722222222222,0.0,0.0,0.0
7.386111111111111,0.0,0.0,0.0
7.3875,0.0,0.0,0.0
7.388888888888889,0.0,0.0,0.0
7.3902777777777775,0.0,0.0,0.0
7.391666666666667,0.0,0.0,0.0
7.393055555555556,0.0,0.0,0.0
7.394444444444445,0.0,0.0,0.0
7.395833333333333,0.0,0.0,0.0
7.397222222222222,0.0,0.0,0.0
7.398611111111111,0.0,0.0,0.0
7.4,0.0,0.0,0.0
7.401388888888889,0.0,0.0,0.0
7.402777777777778,0.0,0.0,0.0
7.404166666666667,0.0,0.0,0.0
7.405555555555556,0.0,0.0,0.0
7.406944444444444,0.0,0.0,0.0
7.408333333333333,0.0,0.0,0.0
7.409722222222222,0.0,0.0,0.0
7.411111111111111,0.0,0.0,0.0
7.4125,0.0,0.0,0.0
7.413888888888889,0.0,0.0,0.0
7.415277777777778,0.0,0.0,0.0
7.416666666666667,0.0,0.0,0.0
7.418055555555555,0.0,0.0,0.0
7.419444444444444,0.0,0.0,0.0
7.420833333333333,0.0,0.0,0.0
7.4222222222222225,0.0,0.0,0.0
7.423611111111111,0.0,0.0,0.0
7.425,0.0,0.0,0.0
7.426388888888889,0.0,0.0,0.0
7.427777777777778,0.0,0.0,0.0
7.429166666666666,0.0,0.0,0.0
7.430555555555555,0.0,0.0,0.0
7.4319444444444445,0.0,0.0,0.0
7.433333333333334,0.0,0.0,0.0
7.434722222222222,0.0,0.0,0.0
7.436111111111111,0.0,0.0,0.0
7.4375,0.0,0.0,0.0
7.438888888888889,0.0,0.0,0.0
7.440277777777778,0.0,0.0,0.0
7.441666666666666,0.0,0.0,0.0
7.4430555555555555,0.0,0.0,0.0
7.444444444444445,0.0,0.0,0.0
7.445833333333334,0.0,0.0,0.0
7.447222222222222,0.0,0.0,0.0
7.448611111111111,0.0,0.0,0.0
7.45,0.0,0.0,0.0
7.451388888888889,0.0,0.0,0.0
7.4527777777777775,0.0,0.0,0.0
7.454166666666667,0.0,0.0,0.0
7.455555555555556,0.0,0.0,0.0
7.456944444444445,0.0,0.0,0.0
7.458333333333333,0.0,0.0,0.0
7.459722222222222,0.0,0.0,0.0
7.461111111111111,0.0,0.0,0.0
7.4625,0.0,0.0,0.0
7.463888888888889,0.0,0.0,0.0
7.465277777777778,0.0,0.0,0.0
7.466666666666667,0.0,0.0,0.0
7.468055555555556,0.0,0.0,0.0
7.469444444444444,0.0,0.0,0.0
7.470833333333333,0.0,0.0,0.0
7.472222222222222,0.0,0.0,0.0
7.473611111111111,0.0,0.0,0.0
7.475,0.0,0.0,0.0
7.476388888888889,0.0,0.0,0.0
7.477777777777778,0.0,0.0,0.0
7.479166666666667,0.0,0.0,0.0
7.480555555555555,0.0,0.0,0.0
7.481944444444444,0.0,0.0,0.0
7.483333333333333,0.0,0.0,0.0
7.4847222222222225,0.0,0.0,0.0
7.486111111111111,0.0,0.0,0.0
7.4875,0.0,0.0,0.0
7.488888888888889,0.0,0.0,0.0
7.490277777777778,0.0,0.0,0.0
7.491666666666666,0.0,0.0,0.0
7.493055555555555,0.0,0.0,0.0
7.4944444444444445,0.0,0.0,0.0
7.495833333333334,0.0,0.0,0.0
7.497222222222222,0.0,0.0,0.0
7.498611111111111,0.0,0.0,0.0
7.5,0.0,0.0,0.0
7.501388888888889,0.0,0.0,0.0
7.502777777777778,0.0,0.0,0.0
7.504166666666666,0.0,0.0,0.0
7.5055555555555555,0.0,0.0,0.0
7.506944444444445,0.0,0.0,0.0
7.508333333333334,0.0,0.0,0.0
7.509722222222222,0.0,0.0,0.0
7.511111111111111,0.0,0.0,0.0
7.5125,0.0,0.0,0.0
7.513888888888889,0.0,0.0,0.0
7.5152777777777775,0.0,0.0,0.0
7.516666666666667,0.0,0.0,0.0
7.518055555555556,0.0,0.0,0.0
7.519444444444445,0.0,0.0,0.0
7.520833333333333,0.0,0.0,0.0
7.522222222222222,0.0,0.0,0.0
7.523611111111111,0.0,0.0,0.0
7.525,0.0,0.0,0.0
7.526388888888889,0.0,0.0,0.0
7.527777777777778,0.0,0.0,0.0
7.529166666666667,0.0,0.0,0.0
7.530555555555556,0.0,0.0,0.0
7.531944444444444,0.0,0.0,0.0
7.533333333333333,0.0,0.0,0.0
7.534722222222222,0.0,0.0,0.0
7.536111111111111,0.0,0.0,0.0
7.5375,0.0,0.0,0.0
7.538888888888889,0.0,0.0,0.0
7.540277777777778,0.0,0.0,0.0
7.541666666666667,0.0,0.0,0.0
7.543055555555555,0.0,0.0,0.0
7.544444444444444,0.0,0.0,0.0
7.545833333333333,0.0,0.0,0.0
7.5472222222222225,0.0,0.0,0.0
7.548611111111111,0.0,0.0,0.0
7.55,0.0,0.0,0.0
7.551388888888889,0.0,0.0,0.0
7.552777777777778,0.0,0.0,0.0
7.554166666666666,0.0,0.0,0.0
7.555555555555555,0.0,0.0,0.0
7.5569444444444445,0.0,0.0,0.0
7.558333333333334,0.0,0.0,0.0
7.559722222222222,0.0,0.0,0.0
7.561111111111111,0.0,0.0,0.0
7.5625,0.0,0.0,0.0
7.563888888888889,0.0,0.0,0.0
7.565277777777778,0.0,0.0,0.0
7.566666666666666,0.0,0.0,0.0
7.5680555555555555,0.0,0.0,0.0
7.569444444444445,0.0,0.0,0.0
7.570833333333334,0.0,0.0,0.0
7.572222222222222,0.0,0.0,0.0
7.573611111111111,0.0,0.0,0.0
7.575,0.0,0.0,0.0
7.576388888888889,0.0,0.0,0.0
7.5777777777777775,0.0,0.0,0.0
7.579166666666667,0.0,0.0,0.0
7.580555555555556,0.0,0.0,0.0
7.581944444444445,0.0,0.0,0.0
7.583333333333333,0.0,0.0,0.0
7.584722222222222,0.0,0.0,0.0
7.586111111111111,0.0,0.0,0.0
7.5875,0.0,0.0,0.0
7.588888888888889,0.0,0.0,0.0
7.590277777777778,0.0,0.0,0.0
7.591666666666667,0.0,0.0,0.0
7.593055555555556,0.0,0.0,0.0
7.594444444444444,0.0,0.0,0.0
7.595833333333333,0.0,0.0,0.0
7.597222222222222,0.0,0.0,0.0
7.598611111111111,0.0,0.0,0.0
7.6,0.0,0.0,0.0
7.601388888888889,0.0,0.0,0.0
7.602777777777778,0.0,0.0,0.0
7.604166666666667,0.0,0.0,0.0
7.605555555555555,0.0,0.0,0.0
7.606944444444444,0.0,0.0,0.0
7.608333333333333,0.0,0.0,0.0
7.6097222222222225,0.0,0.0,0.0
7.611111111111111,0.0,0.0,0.0
7.6125,0.0,0.0,0.0
7.613888888888889,0.0,0.0,0.0
7.615277777777778,0.0,0.0,0.0
7.616666666666666,0.0,0.0,0.0
7.618055555555555,0.0,0.0,0.0
7.6194444444444445,0.0,0.0,0.0
7.620833333333334,0.0,0.0,0.0
7.622222222222222,0.0,0.0,0.0
7.623611111111111,0.0,0.0,0.0
7.625,0.0,0.0,0.0
7.626388888888889,0.0,0.0,0.0
7.627777777777778,0.0,0.0,0.0
7.629166666666666,0.0,0.0,0.0
7.6305555555555555,0.0,0.0,0.0
7.631944444444445,0.0,0.0,0.0
7.633333333333334,0.0,0.0,0.0
7.634722222222222,0.0,0.0,0.0
7.636111111111111,0.0,0.0,0.0
7.6375,0.0,0.0,0.0
7.638888888888889,0.0,0.0,0.0
7.6402777777777775,0.0,0.0,0.0
7.641666666666667,0.0,0.0,0.0
7.643055555555556,0.0,0.0,0.0
7.644444444444445,0.0,0.0,0.0
7.645833333333333,0.0,0.0,0.0
7.647222222222222,0.0,0.0,0.0
7.648611111111111,0.0,0.0,0.0
7.65,0.0,0.0,0.0
7.651388888888889,0.0,0.0,0.0
7.652777777777778,0.0,0.0,0.0
7.654166666666667,0.0,0.0,0.0
7.655555555555556,0.0,0.0,0.0
7.656944444444444,0.0,0.0,0.0
7.658333333333333,0.0,0.0,0.0
7.659722222222222,0.0,0.0,0.0
7.661111111111111,0.0,0.0,0.0
7.6625,0.0,0.0,0.0
7.663888888888889,0.0,0.0,0.0
7.665277777777778,0.0,0.0,0.0
7.666666666666667,0.0,0.0,0.0
7.668055555555555,0.0,0.0,0.0
7.669444444444444,0.0,0.0,0.0
7.670833333333333,0.0,0.0,0.0
7.6722222222222225,0.0,0.0,0.0
7.673611111111111,0.0,0.0,0.0
7.675,0.0,0.0,0.0
7.676388888888889,0.0,0.0,0.0
7.677777777777778,0.0,0.0,0.0
7.679166666666666,0.0,0.0,0.0
7.680555555555555,0.0,0.0,0.0
7.6819444444444445,0.0,0.0,0.0
7.683333333333334,0.0,0.0,0.0
7.684722222222222,0.0,0.0,0.0
7.686111111111111,0.0,0.0,0.0
7.6875,0.0,0.0,0.0
7.688888888888889,0.0,0.0,0.0
7.690277777777778,0.0,0.0,0.0
7.691666666666666,0.0,0.0,0.0
7.6930555555555555,0.0,0.0,0.0
7.694444444444445,0.0,0.0,0.0
7.695833333333334,0.0,0.0,0.0
7.697222222222222,0.0,0.0,0.0
7.698611111111111,0.0,0.0,0.0
7.7,0.0,0.0,0.0
7.701388888888889,0.0,0.0,0.0
7.7027777777777775,0.0,0.0,0.0
7.704166666666667,0.0,0.0,0.0
7.705555555555556,0.0,0.0,0.0
7.706944444444445,0.0,0.0,0.0
7.708333333333333,0.0,0.0,0.0
7.709722222222222,0.0,0.0,0.0
7.711111111111111,0.0,0.0,0.0
7.7125,0.0,0.0,0.0
7.713888888888889,0.0,0.0,0.0
7.715277777777778,0.0,0.0,0.0
7.716666666666667,0.0,0.0,0.0
7.718055555555556,0.0,0.0,0.0
7.719444444444444,0.0,0.0,0.0
7.720833333333333,0.0,0.0,0.0
7.722222222222222,0.0,0.0,0.0
7.723611111111111,0.0,0.0,0.0
7.725,0.0,0.0,0.0
7.726388888888889,0.0,0.0,0.0
7.727777777777778,0.0,0.0,0.0
7.729166666666667,0.0,0.0,0.0
7.730555555555555,0.0,0.0,0.0
7.731944444444444,0.0,0.0,0.0
7.733333333333333,0.0,0.0,0.0
7.7347222222222225,0.0,0.0,0.0
7.736111111111111,0.0,0.0,0.0
7.7375,0.0,0.0,0.0
7.738888888888889,0.0,0.0,0.0
7.740277777777778,0.0,0.0,0.0
7.741666666666666,0.0,0.0,0.0
7.743055555555555,0.0,0.0,0.0
7.7444444444444445,0.0,0.0,0.0
7.745833333333334,0.0,0.0,0.0
7.747222222222222,0.0,0.0,0.0
7.748611111111111,0.0,0.0,0.0
7.75,0.0,0.0,0.0
7.751388888888889,0.0,0.0,0.0
7.752777777777778,0.0,0.0,0.0
7.754166666666666,0.0,0.0,0.0
7.7555555555555555,0.0,0.0,0.0
7.756944444444445,0.0,0.0,0.0
7.758333333333334,0.0,0.0,0.0
7.759722222222222,0.0,0.0,0.0
7.761111111111111,0.0,0.0,0.0
7.7625,0.0,0.0,0.0
7.763888888888889,0.0,0.0,0.0
7.7652777777777775,0.0,0.0,0.0
7.766666666666667,0.0,0.0,0.0
7.768055555555556,0.0,0.0,0.0
7.769444444444445,0.0,0.0,0.0
7.770833333333333,0.0,0.0,0.0
7.772222222222222,0.0,0.0,0.0
7.773611111111111,0.0,0.0,0.0
7.775,0.0,0.0,0.0
7.776388888888889,0.0,0.0,0.0
7.777777777777778,0.0,0.0,0.0
7.779166666666667,0.0,0.0,0.0
7.780555555555556,0.0,0.0,0.0
7.781944444444444,0.0,0.0,0.0
7.783333333333333,0.0,0.0,0.0
7.784722222222222,0.0,0.0,0.0
7.786111111111111,0.0,0.0,0.0
7.7875,0.0,0.0,0.0
7.788888888888889,0.0,0.0,0.0
7.790277777777778,0.0,0.0,0.0
7.791666666666667,0.0,0.0,0.0
7.793055555555555,0.0,0.0,0.0
7.794444444444444,0.0,0.0,0.0
7.795833333333333,0.0,0.0,0.0
7.7972222222222225,0.0,0.0,0.0
7.798611111111111,0.0,0.0,0.0
7.8,0.0,0.0,0.0
7.801388888888889,0.0,0.0,0.0
7.802777777777778,0.0,0.0,0.0
7.804166666666666,0.0,0.0,0.0
7.805555555555555,0.0,0.0,0.0
7.8069444444444445,0.0,0.0,0.0
7.808333333333334,0.0,0.0,0.0
7.809722222222222,0.0,0.0,0.0
7.811111111111111,0.0,0.0,0.0
7.8125,0.0,0.0,0.0
7.813888888888889,0.0,0.0,0.0
7.815277777777778,0.0,0.0,0.0
7.816666666666666,0.0,0.0,0.0
7.8180555555555555,0.0,0.0,0.0
7.819444444444445,0.0,0.0,0.0
7.820833333333334,0.0,0.0,0.0
7.822222222222222,0.0,0.0,0.0
7.823611111111111,0.0,0.0,0.0
7.825,0.0,0.0,0.0
7.826388888888889,0.0,0.0,0.0
7.8277777777777775,0.0,0.0,0.0
7.829166666666667,0.0,0.0,0.0
7.830555555555556,0.0,0.0,0.0
7.831944444444445,0.0,0.0,0.0
7.833333333333333,0.0,0.0,0.0
7.834722222222222,0.0,0.0,0.0
7.836111111111111,0.0,0.0,0.0
7.8375,0.0,0.0,0.0
7.838888888888889,0.0,0.0,0.0
7.840277777777778,0.0,0.0,0.0
7.841666666666667,0.0,0.0,0.0
7.843055555555556,0.0,0.0,0.0
7.844444444444444,0.0,0.0,0.0
7.845833333333333,0.0,0.0,0.0
7.847222222222222,0.0,0.0,0.0
7.848611111111111,0.0,0.0,0.0
7.85,0.0,0.0,0.0
7.851388888888889,0.0,0.0,0.0
7.852777777777778,0.0,0.0,0.0
7.854166666666667,0.0,0.0,0.0
7.855555555555555,0.0,0.0,0.0
7.856944444444444,0.0,0.0,0.0
7.858333333333333,0.0,0.0,0.0
7.8597222222222225,0.0,0.0,0.0
7.861111111111111,0.0,0.0,0.0
7.8625,0.0,0.0,0.0
7.863888888888889,0.0,0.0,0.0
7.865277777777778,0.0,0.0,0.0
7.866666666666666,0.0,0.0,0.0
7.868055555555555,0.0,0.0,0.0
7.8694444444444445,0.0,0.0,0.0
7.870833333333334,0.0,0.0,0.0
7.872222222222222,0.0,0.0,0.0
7.873611111111111,0.0,0.0,0.0
7.875,0.0,0.0,0.0
7.876388888888889,0.0,0.0,0.0
7.877777777777778,0.0,0.0,0.0
7.879166666666666,0.0,0.0,0.0
7.8805555555555555,0.0,0.0,0.0
7.881944444444445,0.0,0.0,0.0
7.883333333333334,0.0,0.0,0.0
7.884722222222222,0.0,0.0,0.0
7.886111111111111,0.0,0.0,0.0
7.8875,0.0,0.0,0.0
7.888888888888889,0.0,0.0,0.0
7.8902777777777775,0.0,0.0,0.0
7.891666666666667,0.0,0.0,0.0
7.893055555555556,0.0,0.0,0.0
7.894444444444445,0.0,0.0,0.0
7.895833333333333,0.0,0.0,0.0
7.897222222222222,0.0,0.0,0.0
7.898611111111111,0.0,0.0,0.0
7.9,0.0,0.0,0.0
7.901388888888889,0.0,0.0,0.0
7.902777777777778,0.0,0.0,0.0
7.904166666666667,0.0,0.0,0.0
7.905555555555556,0.0,0.0,0.0
7.906944444444444,0.0,0.0,0.0
7.908333333333333,0.0,0.0,0.0
7.909722222222222,0.0,0.0,0.0
7.911111111111111,0.0,0.0,0.0
7.9125,0.0,0.0,0.0
7.913888888888889,0.0,0.0,0.0
7.915277777777778,0.0,0.0,0.0
7.916666666666667,0.0,0.0,0.0
7.918055555555555,0.0,0.0,0.0
7.919444444444444,0.0,0.0,0.0
7.920833333333333,0.0,0.0,0.0
7.9222222222222225,0.0,0.0,0.0
7.923611111111111,0.0,0.0,0.0
7.925,0.0,0.0,0.0
7.926388888888889,0.0,0.0,0.0
7.927777777777778,0.0,0.0,0.0
7.929166666666666,0.0,0.0,0.0
7.930555555555555,0.0,0.0,0.0
7.9319444444444445,0.0,0.0,0.0
7.933333333333334,0.0,0.0,0.0
7.934722222222222,0.0,0.0,0.0
7.936111111111111,0.0,0.0,0.0
7.9375,0.0,0.0,0.0
7.938888888888889,0.0,0.0,0.0
7.940277777777778,0.0,0.0,0.0
7.941666666666666,0.0,0.0,0.0
7.9430555555555555,0.0,0.0,0.0
7.944444444444445,0.0,0.0,0.0
7.945833333333334,0.0,0.0,0.0
7.947222222222222,0.0,0.0,0.0
7.948611111111111,0.0,0.0,0.0
7.95,0.0,0.0,0.0
7.951388888888889,0.0,0.0,0.0
7.9527777777777775,0.0,0.0,0.0
7.954166666666667,0.0,0.0,0.0
7.955555555555556,0.0,0.0,0.0
7.956944444444445,0.0,0.0,0.0
7.958333333333333,0.0,0.0,0.0
7.959722222222222,0.0,0.0,0.0
7.961111111111111,0.0,0.0,0.0
7.9625,0.0,0.0,0.0
7.963888888888889,0.0,0.0,0.0
7.965277777777778,0.0,0.0,0.0
7.966666666666667,0.0,0.0,0.0
7.968055555555556,0.0,0.0,0.0
7.969444444444444,0.0,0.0,0.0
7.970833333333333,0.0,0.0,0.0
7.972222222222222,0.0,0.0,0.0
7.973611111111111,0.0,0.0,0.0
7.975,0.0,0.0,0.0
7.976388888888889,0.0,0.0,0.0
7.977777777777778,0.0,0.0,0.0
7.979166666666667,0.0,0.0,0.0
7.980555555555555,0.0,0.0,0.0
7.981944444444444,0.0,0.0,0.0
7.983333333333333,0.0,0.0,0.0
7.9847222222222225,0.0,0.0,0.0
7.986111111111111,0.0,0.0,0.0
7.9875,0.0,0.0,0.0
7.988888888888889,0.0,0.0,0.0
7.990277777777778,0.0,0.0,0.0
7.991666666666666,0.0,0.0,0.0
7.993055555555555,0.0,0.0,0.0
7.9944444444444445,0.0,0.0,0.0
7.995833333333334,0.0,0.0,0.0
7.997222222222222,0.0,0.0,0.0
7.998611111111111,0.0,0.0,0.0
8.0,0.0,0.0,0.0
8.001388888888888,0.0,0.0,0.0
8.002777777777778,0.0,0.0,0.0
8.004166666666666,0.0,0.0,0.0
8.005555555555556,0.0,0.0,0.0
8.006944444444445,0.0,0.0,0.0
8.008333333333333,0.0,0.0,0.0
8.009722222222223,0.0,0.0,0.0
8.011111111111111,0.0,0.0,0.0
8.0125,0.0,0.0,0.0
8.01388888888889,0.0,0.0,0.0
8.015277777777778,0.0,0.0,0.0
8.016666666666667,0.0,0.0,0.0
8.018055555555556,0.0,0.0,0.0
8.019444444444444,0.0,0.0,0.0
8.020833333333334,0.0,0.0,0.0
8.022222222222222,0.0,0.0,0.0
8.02361111111111,0.0,0.0,0.0
8.025,0.0,0.0,0.0
8.026388888888889,0.0,0.0,0.0
8.027777777777779,0.0,0.0,0.0
8.029166666666667,0.0,0.0,0.0
8.030555555555555,0.0,0.0,0.0
8.031944444444445,0.0,0.0,0.0
8.033333333333333,0.0,0.0,0.0
8.034722222222221,0.0,0.0,0.0
8.036111111111111,0.0,0.0,0.0
8.0375,0.0,0.0,0.0
8.03888888888889,0.0,0.0,0.0
8.040277777777778,0.0,0.0,0.0
8.041666666666666,0.0,0.0,0.0
8.043055555555556,0.0,0.0,0.0
8.044444444444444,0.0,0.0,0.0
8.045833333333333,0.0,0.0,0.0
8.047222222222222,0.0,0.0,0.0
8.04861111111111,0.0,0.0,0.0
8.05,0.0,0.0,0.0
8.051388888888889,0.0,0.0,0.0
8.052777777777777,0.0,0.0,0.0
8.054166666666667,0.0,0.0,0.0
8.055555555555555,0.0,0.0,0.0
8.056944444444444,0.0,0.0,0.0
8.058333333333334,0.0,0.0,0.0
8.059722222222222,0.0,0.0,0.0
8.061111111111112,0.0,0.0,0.0
8.0625,0.0,0.0,0.0
8.063888888888888,0.0,0.0,0.0
8.065277777777778,0.0,0.0,0.0
8.066666666666666,0.0,0.0,0.0
8.068055555555556,0.0,0.0,0.0
8.069444444444445,0.0,0.0,0.0
8.070833333333333,0.0,0.0,0.0
8.072222222222223,0.0,0.0,0.0
8.073611111111111,0.0,0.0,0.0
8.075,0.0,0.0,0.0
8.07638888888889,0.0,0.0,0.0
8.077777777777778,0.0,0.0,0.0
8.079166666666667,0.0,0.0,0.0
8.080555555555556,0.0,0.0,0.0
8.081944444444444,0.0,0.0,0.0
8.083333333333334,0.0,0.0,0.0
8.084722222222222,0.0,0.0,0.0
8.08611111111111,0.0,0.0,0.0
8.0875,0.0,0.0,0.0
8.088888888888889,0.0,0.0,0.0
8.090277777777779,0.0,0.0,0.0
8.091666666666667,0.0,0.0,0.0
8.093055555555555,0.0,0.0,0.0
8.094444444444445,0.0,0.0,0.0
8.095833333333333,0.0,0.0,0.0
8.097222222222221,0.0,0.0,0.0
8.098611111111111,0.0,0.0,0.0
8.1,0.0,0.0,0.0
8.10138888888889,0.0,0.0,0.0
8.102777777777778,0.0,0.0,0.0
8.104166666666666,0.0,0.0,0.0
8.105555555555556,0.0,0.0,0.0
8.106944444444444,0.0,0.0,0.0
8.108333333333333,0.0,0.0,0.0
8.109722222222222,0.0,0.0,0.0
8.11111111111111,0.0,0.0,0.0
8.1125,0.0,0.0,0.0
8.113888888888889,0.0,0.0,0.0
8.115277777777777,0.0,0.0,0.0
8.116666666666667,0.0,0.0,0.0
8.118055555555555,0.0,0.0,0.0
8.119444444444444,0.0,0.0,0.0
8.120833333333334,0.0,0.0,0.0
8.122222222222222,0.0,0.0,0.0
8.123611111111112,0.0,0.0,0.0
8.125,0.0,0.0,0.0
8.126388888888888,0.0,0.0,0.0
8.127777777777778,0.0,0.0,0.0
8.129166666666666,0.0,0.0,0.0
8.130555555555556,0.0,0.0,0.0
8.131944444444445,0.0,0.0,0.0
8.133333333333333,0.0,0.0,0.0
8.134722222222223,0.0,0.0,0.0
8.136111111111111,0.0,0.0,0.0
8.1375,0.0,0.0,0.0
8.13888888888889,0.0,0.0,0.0
8.140277777777778,0.0,0.0,0.0
8.141666666666667,0.0,0.0,0.0
8.143055555555556,0.0,0.0,0.0
8.144444444444444,0.0,0.0,0.0
8.145833333333334,0.0,0.0,0.0
8.147222222222222,0.0,0.0,0.0
8.14861111111111,0.0,0.0,0.0
8.15,0.0,0.0,0.0
8.151388888888889,0.0,0.0,0.0
8.152777777777779,0.0,0.0,0.0
8.154166666666667,0.0,0.0,0.0
8.155555555555555,0.0,0.0,0.0
8.156944444444445,0.0,0.0,0.0
8.158333333333333,0.0,0.0,0.0
8.159722222222221,0.0,0.0,0.0
8.161111111111111,0.0,0.0,0.0
8.1625,0.0,0.0,0.0
8.16388888888889,0.0,0.0,0.0
8.165277777777778,0.0,0.0,0.0
8.166666666666666,0.0,0.0,0.0
8.168055555555556,0.0,0.0,0.0
8.169444444444444,0.0,0.0,0.0
8.170833333333333,0.0,0.0,0.0
8.172222222222222,0.0,0.0,0.0
8.17361111111111,0.0,0.0,0.0
8.175,0.0,0.0,0.0
8.176388888888889,0.0,0.0,0.0
8.177777777777777,0.0,0.0,0.0
8.179166666666667,0.0,0.0,0.0
8.180555555555555,0.0,0.0,0.0
8.181944444444444,0.0,0.0,0.0
8.183333333333334,0.0,0.0,0.0
8.184722222222222,0.0,0.0,0.0
8.186111111111112,0.0,0.0,0.0
8.1875,0.0,0.0,0.0
8.188888888888888,0.0,0.0,0.0
8.190277777777778,0.0,0.0,0.0
8.191666666666666,0.0,0.0,0.0
8.193055555555556,0.0,0.0,0.0
8.194444444444445,0.0,0.0,0.0
8.195833333333333,0.0,0.0,0.0
8.197222222222223,0.0,0.0,0.0
8.198611111111111,0.0,0.0,0.0
8.2,0.0,0.0,0.0
8.20138888888889,0.0,0.0,0.0
8.202777777777778,0.0,0.0,0.0
8.204166666666667,0.0,0.0,0.0
8.205555555555556,0.0,0.0,0.0
8.206944444444444,0.0,0.0,0.0
8.208333333333334,0.0,0.0,0.0
8.209722222222222,0.0,0.0,0.0
8.21111111111111,0.0,0.0,0.0
8.2125,0.0,0.0,0.0
8.213888888888889,0.0,0.0,0.0
8.215277777777779,0.0,0.0,0.0
8.216666666666667,0.0,0.0,0.0
8.218055555555555,0.0,0.0,0.0
8.219444444444445,0.0,0.0,0.0
8.220833333333333,0.0,0.0,0.0
8.222222222222221,0.0,0.0,0.0
8.223611111111111,0.0,0.0,0.0
8.225,0.0,0.0,0.0
8.22638888888889,0.0,0.0,0.0
8.227777777777778,0.0,0.0,0.0
8.229166666666666,0.0,0.0,0.0
8.230555555555556,0.0,0.0,0.0
8.231944444444444,0.0,0.0,0.0
8.233333333333333,0.0,0.0,0.0
8.234722222222222,0.0,0.0,0.0
8.23611111111111,0.0,0.0,0.0
8.2375,0.0,0.0,0.0
8.238888888888889,0.0,0.0,0.0
8.240277777777777,0.0,0.0,0.0
8.241666666666667,0.0,0.0,0.0
8.243055555555555,0.0,0.0,0.0
8.244444444444444,0.0,0.0,0.0
8.245833333333334,0.0,0.0,0.0
8.247222222222222,0.0,0.0,0.0
8.248611111111112,0.0,0.0,0.0
8.25,0.0,0.0,0.0
8.251388888888888,0.0,0.0,0.0
8.252777777777778,0.0,0.0,0.0
8.254166666666666,0.0,0.0,0.0
8.255555555555556,0.0,0.0,0.0
8.256944444444445,0.0,0.0,0.0
8.258333333333333,0.0,0.0,0.0
8.259722222222223,0.0,0.0,0.0
8.261111111111111,0.0,0.0,0.0
8.2625,0.0,0.0,0.0
8.26388888888889,0.0,0.0,0.0
8.265277777777778,0.0,0.0,0.0
8.266666666666667,0.0,0.0,0.0
8.268055555555556,0.0,0.0,0.0
8.269444444444444,0.0,0.0,0.0
8.270833333333334,0.0,0.0,0.0
8.272222222222222,0.0,0.0,0.0
8.27361111111111,0.0,0.0,0.0
8.275,0.0,0.0,0.0
8.276388888888889,0.0,0.0,0.0
8.277777777777779,0.0,0.0,0.0
8.279166666666667,0.0,0.0,0.0
8.280555555555555,0.0,0.0,0.0
8.281944444444445,0.0,0.0,0.0
8.283333333333333,0.0,0.0,0.0
8.284722222222221,0.0,0.0,0.0
8.286111111111111,0.0,0.0,0.0
8.2875,0.0,0.0,0.0
8.28888888888889,0.0,0.0,0.0
8.290277777777778,0.0,0.0,0.0
8.291666666666666,0.0,0.0,0.0
8.293055555555556,0.0,0.0,0.0
8.294444444444444,0.0,0.0,0.0
8.295833333333333,0.0,0.0,0.0
8.297222222222222,0.0,0.0,0.0
8.29861111111111,0.0,0.0,0.0
8.3,0.0,0.0,0.0
8.301388888888889,0.0,0.0,0.0
8.302777777777777,0.0,0.0,0.0
8.304166666666667,0.0,0.0,0.0
8.305555555555555,0.0,0.0,0.0
8.306944444444444,0.0,0.0,0.0
8.308333333333334,0.0,0.0,0.0
8.309722222222222,0.0,0.0,0.0
8.311111111111112,0.0,0.0,0.0
8.3125,0.0,0.0,0.0
8.313888888888888,0.0,0.0,0.0
8.315277777777778,0.0,0.0,0.0
8.316666666666666,0.0,0.0,0.0
8.318055555555556,0.0,0.0,0.0
8.319444444444445,0.0,0.0,0.0
8.320833333333333,0.0,0.0,0.0
8.322222222222223,0.0,0.0,0.0
8.323611111111111,0.0,0.0,0.0
8.325,0.0,0.0,0.0
8.32638888888889,0.0,0.0,0.0
8.327777777777778,0.0,0.0,0.0
8.329166666666667,0.0,0.0,0.0
8.330555555555556,0.0,0.0,0.0
8.331944444444444,0.0,0.0,0.0
8.333333333333334,0.0,0.0,0.0
8.334722222222222,0.0,0.0,0.0
8.33611111111111,0.0,0.0,0.0
8.3375,0.0,0.0,0.0
8.338888888888889,0.0,0.0,0.0
8.340277777777779,0.0,0.0,0.0
8.341666666666667,0.0,0.0,0.0
8.343055555555555,0.0,0.0,0.0
8.344444444444445,0.0,0.0,0.0
8.345833333333333,0.0,0.0,0.0
8.347222222222221,0.0,0.0,0.0
8.348611111111111,0.0,0.0,0.0
8.35,0.0,0.0,0.0
8.35138888888889,0.0,0.0,0.0
8.352777777777778,0.0,0.0,0.0
8.354166666666666,0.0,0.0,0.0
8.355555555555556,0.0,0.0,0.0
8.356944444444444,0.0,0.0,0.0
8.358333333333333,0.0,0.0,0.0
8.359722222222222,0.0,0.0,0.0
8.36111111111111,0.0,0.0,0.0
8.3625,0.0,0.0,0.0
8.363888888888889,0.0,0.0,0.0
8.365277777777777,0.0,0.0,0.0
8.366666666666667,0.0,0.0,0.0
8.368055555555555,0.0,0.0,0.0
8.369444444444444,0.0,0.0,0.0
8.370833333333334,0.0,0.0,0.0
8.372222222222222,0.0,0.0,0.0
8.373611111111112,0.0,0.0,0.0
8.375,0.0,0.0,0.0
8.376388888888888,0.0,0.0,0.0
8.377777777777778,0.0,0.0,0.0
8.379166666666666,0.0,0.0,0.0
8.380555555555556,0.0,0.0,0.0
8.381944444444445,0.0,0.0,0.0
8.383333333333333,0.0,0.0,0.0
8.384722222222223,0.0,0.0,0.0
8.386111111111111,0.0,0.0,0.0
8.3875,0.0,0.0,0.0
8.38888888888889,0.0,0.0,0.0
8.390277777777778,0.0,0.0,0.0
8.391666666666667,0.0,0.0,0.0
8.393055555555556,0.0,0.0,0.0
8.394444444444444,0.0,0.0,0.0
8.395833333333334,0.0,0.0,0.0
8.397222222222222,0.0,0.0,0.0
8.39861111111111,0.0,0.0,0.0
8.4,0.0,0.0,0.0
8.401388888888889,0.0,0.0,0.0
8.402777777777779,0.0,0.0,0.0
8.404166666666667,0.0,0.0,0.0
8.405555555555555,0.0,0.0,0.0
8.406944444444445,0.0,0.0,0.0
8.408333333333333,0.0,0.0,0.0
8.409722222222221,0.0,0.0,0.0
8.411111111111111,0.0,0.0,0.0
8.4125,0.0,0.0,0.0
8.41388888888889,0.0,0.0,0.0
8.415277777777778,0.0,0.0,0.0
8.416666666666666,0.0,0.0,0.0
8.418055555555556,0.0,0.0,0.0
8.419444444444444,0.0,0.0,0.0
8.420833333333333,0.0,0.0,0.0
8.422222222222222,0.0,0.0,0.0
8.42361111111111,0.0,0.0,0.0
8.425,0.0,0.0,0.0
8.426388888888889,0.0,0.0,0.0
8.427777777777777,0.0,0.0,0.0
8.429166666666667,0.0,0.0,0.0
8.430555555555555,0.0,0.0,0.0
8.431944444444444,0.0,0.0,0.0
8.433333333333334,0.0,0.0,0.0
8.434722222222222,0.0,0.0,0.0
8.436111111111112,0.0,0.0,0.0
8.4375,0.0,0.0,0.0
8.438888888888888,0.0,0.0,0.0
8.440277777777778,0.0,0.0,0.0
8.441666666666666,0.0,0.0,0.0
8.443055555555556,0.0,0.0,0.0
8.444444444444445,0.0,0.0,0.0
8.445833333333333,0.0,0.0,0.0
8.447222222222223,0.0,0.0,0.0
8.448611111111111,0.0,0.0,0.0
8.45,0.0,0.0,0.0
8.45138888888889,0.0,0.0,0.0
8.452777777777778,0.0,0.0,0.0
8.454166666666667,0.0,0.0,0.0
8.455555555555556,0.0,0.0,0.0
8.456944444444444,0.0,0.0,0.0
8.458333333333334,0.0,0.0,0.0
8.459722222222222,0.0,0.0,0.0
8.46111111111111,0.0,0.0,0.0
8.4625,0.0,0.0,0.0
8.463888888888889,0.0,0.0,0.0
8.465277777777779,0.0,0.0,0.0
8.466666666666667,0.0,0.0,0.0
8.468055555555555,0.0,0.0,0.0
8.469444444444445,0.0,0.0,0.0
8.470833333333333,0.0,0.0,0.0
8.472222222222221,0.0,0.0,0.0
8.473611111111111,0.0,0.0,0.0
8.475,0.0,0.0,0.0
8.47638888888889,0.0,0.0,0.0
8.477777777777778,0.0,0.0,0.0
8.479166666666666,0.0,0.0,0.0
8.480555555555556,0.0,0.0,0.0
8.481944444444444,0.0,0.0,0.0
8.483333333333333,0.0,0.0,0.0
8.484722222222222,0.0,0.0,0.0
8.48611111111111,0.0,0.0,0.0
8.4875,0.0,0.0,0.0
8.488888888888889,0.0,0.0,0.0
8.490277777777777,0.0,0.0,0.0
8.491666666666667,0.0,0.0,0.0
8.493055555555555,0.0,0.0,0.0
8.494444444444444,0.0,0.0,0.0
8.495833333333334,0.0,0.0,0.0
8.497222222222222,0.0,0.0,0.0
8.498611111111112,0.0,0.0,0.0
8.5,0.0,0.0,0.0
8.501388888888888,0.0,0.0,0.0
8.502777777777778,0.0,0.0,0.0
8.504166666666666,0.0,0.0,0.0
8.505555555555556,0.0,0.0,0.0
8.506944444444445,0.0,0.0,0.0
8.508333333333333,0.0,0.0,0.0
8.509722222222223,0.0,0.0,0.0
8.511111111111111,0.0,0.0,0.0
8.5125,0.0,0.0,0.0
8.51388888888889,0.0,0.0,0.0
8.515277777777778,0.0,0.0,0.0
8.516666666666667,0.0,0.0,0.0
8.518055555555556,0.0,0.0,0.0
8.519444444444444,0.0,0.0,0.0
8.520833333333334,0.0,0.0,0.0
8.522222222222222,0.0,0.0,0.0
8.52361111111111,0.0,0.0,0.0
8.525,0.0,0.0,0.0
8.526388888888889,0.0,0.0,0.0
8.527777777777779,0.0,0.0,0.0
8.529166666666667,0.0,0.0,0.0
8.530555555555555,0.0,0.0,0.0
8.531944444444445,0.0,0.0,0.0
8.533333333333333,0.0,0.0,0.0
8.534722222222221,0.0,0.0,0.0
8.536111111111111,0.0,0.0,0.0
8.5375,0.0,0.0,0.0
8.53888888888889,0.0,0.0,0.0
8.540277777777778,0.0,0.0,0.0
8.541666666666666,0.0,0.0,0.0
8.543055555555556,0.0,0.0,0.0
8.544444444444444,0.0,0.0,0.0
8.545833333333333,0.0,0.0,0.0
8.547222222222222,0.0,0.0,0.0
8.54861111111111,0.0,0.0,0.0
8.55,0.0,0.0,0.0
8.551388888888889,0.0,0.0,0.0
8.552777777777777,0.0,0.0,0.0
8.554166666666667,0.0,0.0,0.0
8.555555555555555,0.0,0.0,0.0
8.556944444444444,0.0,0.0,0.0
8.558333333333334,0.0,0.0,0.0
8.559722222222222,0.0,0.0,0.0
8.561111111111112,0.0,0.0,0.0
8.5625,0.0,0.0,0.0
8.563888888888888,0.0,0.0,0.0
8.565277777777778,0.0,0.0,0.0
8.566666666666666,0.0,0.0,0.0
8.568055555555556,0.0,0.0,0.0
8.569444444444445,0.0,0.0,0.0
8.570833333333333,0.0,0.0,0.0
8.572222222222223,0.0,0.0,0.0
8.573611111111111,0.0,0.0,0.0
8.575,0.0,0.0,0.0
8.57638888888889,0.0,0.0,0.0
8.577777777777778,0.0,0.0,0.0
8.579166666666667,0.0,0.0,0.0
8.580555555555556,0.0,0.0,0.0
8.581944444444444,0.0,0.0,0.0
8.583333333333334,0.0,0.0,0.0
8.584722222222222,0.0,0.0,0.0
8.58611111111111,0.0,0.0,0.0
8.5875,0.0,0.0,0.0
8.588888888888889,0.0,0.0,0.0
8.590277777777779,0.0,0.0,0.0
8.591666666666667,0.0,0.0,0.0
8.593055555555555,0.0,0.0,0.0
8.594444444444445,0.0,0.0,0.0
8.595833333333333,0.0,0.0,0.0
8.597222222222221,0.0,0.0,0.0
8.598611111111111,0.0,0.0,0.0
8.6,0.0,0.0,0.0
8.60138888888889,0.0,0.0,0.0
8.602777777777778,0.0,0.0,0.0
8.604166666666666,0.0,0.0,0.0
8.605555555555556,0.0,0.0,0.0
8.606944444444444,0.0,0.0,0.0
8.608333333333333,0.0,0.0,0.0
8.609722222222222,0.0,0.0,0.0
8.61111111111111,0.0,0.0,0.0
8.6125,0.0,0.0,0.0
8.613888888888889,0.0,0.0,0.0
8.615277777777777,0.0,0.0,0.0
8.616666666666667,0.0,0.0,0.0
8.618055555555555,0.0,0.0,0.0
8.619444444444444,0.0,0.0,0.0
8.620833333333334,0.0,0.0,0.0
8.622222222222222,0.0,0.0,0.0
8.623611111111112,0.0,0.0,0.0
8.625,0.0,0.0,0.0
8.626388888888888,0.0,0.0,0.0
8.627777777777778,0.0,0.0,0.0
8.629166666666666,0.0,0.0,0.0
8.630555555555556,0.0,0.0,0.0
8.631944444444445,0.0,0.0,0.0
8.633333333333333,0.0,0.0,0.0
8.634722222222223,0.0,0.0,0.0
8.636111111111111,0.0,0.0,0.0
8.6375,0.0,0.0,0.0
8.63888888888889,0.0,0.0,0.0
8.640277777777778,0.0,0.0,0.0
8.641666666666667,0.0,0.0,0.0
8.643055555555556,0.0,0.0,0.0
8.644444444444444,0.0,0.0,0.0
8.645833333333334,0.0,0.0,0.0
8.647222222222222,0.0,0.0,0.0
8.64861111111111,0.0,0.0,0.0
8.65,0.0,0.0,0.0
8.651388888888889,0.0,0.0,0.0
8.652777777777779,0.0,0.0,0.0
8.654166666666667,0.0,0.0,0.0
8.655555555555555,0.0,0.0,0.0
8.656944444444445,0.0,0.0,0.0
8.658333333333333,0.0,0.0,0.0
8.659722222222221,0.0,0.0,0.0
8.661111111111111,0.0,0.0,0.0
8.6625,0.0,0.0,0.0
8.66388888888889,0.0,0.0,0.0
8.665277777777778,0.0,0.0,0.0
8.666666666666666,0.0,0.0,0.0
8.668055555555556,0.0,0.0,0.0
8.669444444444444,0.0,0.0,0.0
8.670833333333333,0.0,0.0,0.0
8.672222222222222,0.0,0.0,0.0
8.67361111111111,0.0,0.0,0.0
8.675,0.0,0.0,0.0
8.676388888888889,0.0,0.0,0.0
8.677777777777777,0.0,0.0,0.0
8.679166666666667,0.0,0.0,0.0
8.680555555555555,0.0,0.0,0.0
8.681944444444444,0.0,0.0,0.0
8.683333333333334,0.0,0.0,0.0
8.684722222222222,0.0,0.0,0.0
8.686111111111112,0.0,0.0,0.0
8.6875,0.0,0.0,0.0
8.688888888888888,0.0,0.0,0.0
8.690277777777778,0.0,0.0,0.0
8.691666666666666,0.0,0.0,0.0
8.693055555555556,0.0,0.0,0.0
8.694444444444445,0.0,0.0,0.0
8.695833333333333,0.0,0.0,0.0
8.697222222222223,0.0,0.0,0.0
8.698611111111111,0.0,0.0,0.0
8.7,0.0,0.0,0.0
8.70138888888889,0.0,0.0,0.0
8.702777777777778,0.0,0.0,0.0
8.704166666666667,0.0,0.0,0.0
8.705555555555556,0.0,0.0,0.0
8.706944444444444,0.0,0.0,0.0
8.708333333333334,0.0,0.0,0.0
8.709722222222222,0.0,0.0,0.0
8.71111111111111,0.0,0.0,0.0
8.7125,0.0,0.0,0.0
8.713888888888889,0.0,0.0,0.0
8.715277777777779,0.0,0.0,0.0
8.716666666666667,0.0,0.0,0.0
8.718055555555555,0.0,0.0,0.0
8.719444444444445,0.0,0.0,0.0
8.720833333333333,0.0,0.0,0.0
8.722222222222221,0.0,0.0,0.0
8.723611111111111,0.0,0.0,0.0
8.725,0.0,0.0,0.0
8.72638888888889,0.0,0.0,0.0
8.727777777777778,0.0,0.0,0.0
8.729166666666666,0.0,0.0,0.0
8.730555555555556,0.0,0.0,0.0
8.731944444444444,0.0,0.0,0.0
8.733333333333333,0.0,0.0,0.0
8.734722222222222,0.0,0.0,0.0
8.73611111111111,0.0,0.0,0.0
8.7375,0.0,0.0,0.0
8.738888888888889,0.0,0.0,0.0
8.740277777777777,0.0,0.0,0.0
8.741666666666667,0.0,0.0,0.0
8.743055555555555,0.0,0.0,0.0
8.744444444444444,0.0,0.0,0.0
8.745833333333334,0.0,0.0,0.0
8.747222222222222,0.0,0.0,0.0
8.748611111111112,0.0,0.0,0.0
8.75,0.0,0.0,0.0
8.751388888888888,0.0,0.0,0.0
8.752777777777778,0.0,0.0,0.0
8.754166666666666,0.0,0.0,0.0
8.755555555555556,0.0,0.0,0.0
8.756944444444445,0.0,0.0,0.0
8.758333333333333,0.0,0.0,0.0
8.759722222222223,0.0,0.0,0.0
8.761111111111111,0.0,0.0,0.0
8.7625,0.0,0.0,0.0
8.76388888888889,0.0,0.0,0.0
8.765277777777778,0.0,0.0,0.0
8.766666666666667,0.0,0.0,0.0
8.768055555555556,0.0,0.0,0.0
8.769444444444444,0.0,0.0,0.0
8.770833333333334,0.0,0.0,0.0
8.772222222222222,0.0,0.0,0.0
8.77361111111111,0.0,0.0,0.0
8.775,0.0,0.0,0.0
8.776388888888889,0.0,0.0,0.0
8.777777777777779,0.0,0.0,0.0
8.779166666666667,0.0,0.0,0.0
8.780555555555555,0.0,0.0,0.0
8.781944444444445,0.0,0.0,0.0
8.783333333333333,0.0,0.0,0.0
8.784722222222221,0.0,0.0,0.0
8.786111111111111,0.0,0.0,0.0
8.7875,0.0,0.0,0.0
8.78888888888889,0.0,0.0,0.0
8.790277777777778,0.0,0.0,0.0
8.791666666666666,0.0,0.0,0.0
8.793055555555556,0.0,0.0,0.0
8.794444444444444,0.0,0.0,0.0
8.795833333333333,0.0,0.0,0.0
8.797222222222222,0.0,0.0,0.0
8.79861111111111,0.0,0.0,0.0
8.8,0.0,0.0,0.0
8.801388888888889,0.0,0.0,0.0
8.802777777777777,0.0,0.0,0.0
8.804166666666667,0.0,0.0,0.0
8.805555555555555,0.0,0.0,0.0
8.806944444444444,0.0,0.0,0.0
8.808333333333334,0.0,0.0,0.0
8.809722222222222,0.0,0.0,0.0
8.811111111111112,0.0,0.0,0.0
8.8125,0.0,0.0,0.0
8.813888888888888,0.0,0.0,0.0
8.815277777777778,0.0,0.0,0.0
8.816666666666666,0.0,0.0,0.0
8.818055555555556,0.0,0.0,0.0
8.819444444444445,0.0,0.0,0.0
8.820833333333333,0.0,0.0,0.0
8.822222222222223,0.0,0.0,0.0
8.823611111111111,0.0,0.0,0.0
8.825,0.0,0.0,0.0
8.82638888888889,0.0,0.0,0.0
8.827777777777778,0.0,0.0,0.0
8.829166666666667,0.0,0.0,0.0
8.830555555555556,0.0,0.0,0.0
8.831944444444444,0.0,0.0,0.0
8.833333333333334,0.0,0.0,0.0
8.834722222222222,0.0,0.0,0.0
8.83611111111111,0.0,0.0,0.0
8.8375,0.0,0.0,0.0
8.838888888888889,0.0,0.0,0.0
8.840277777777779,0.0,0.0,0.0
8.841666666666667,0.0,0.0,0.0
8.843055555555555,0.0,0.0,0.0
8.844444444444445,0.0,0.0,0.0
8.845833333333333,0.0,0.0,0.0
8.847222222222221,0.0,0.0,0.0
8.848611111111111,0.0,0.0,0.0
8.85,0.0,0.0,0.0
8.85138888888889,0.0,0.0,0.0
8.852777777777778,0.0,0.0,0.0
8.854166666666666,0.0,0.0,0.0
8.855555555555556,0.0,0.0,0.0
8.856944444444444,0.0,0.0,0.0
8.858333333333333,0.0,0.0,0.0
8.859722222222222,0.0,0.0,0.0
8.86111111111111,0.0,0.0,0.0
8.8625,0.0,0.0,0.0
8.863888888888889,0.0,0.0,0.0
8.865277777777777,0.0,0.0,0.0
8.866666666666667,0.0,0.0,0.0
8.868055555555555,0.0,0.0,0.0
8.869444444444444,0.0,0.0,0.0
8.870833333333334,0.0,0.0,0.0
8.872222222222222,0.0,0.0,0.0
8.873611111111112,0.0,0.0,0.0
8.875,0.0,0.0,0.0
8.876388888888888,0.0,0.0,0.0
8.877777777777778,0.0,0.0,0.0
8.879166666666666,0.0,0.0,0.0
8.880555555555556,0.0,0.0,0.0
8.881944444444445,0.0,0.0,0.0
8.883333333333333,0.0,0.0,0.0
8.884722222222223,0.0,0.0,0.0
8.886111111111111,0.0,0.0,0.0
8.8875,0.0,0.0,0.0
8.88888888888889,0.0,0.0,0.0
8.890277777777778,0.0,0.0,0.0
8.891666666666667,0.0,0.0,0.0
8.893055555555556,0.0,0.0,0.0
8.894444444444444,0.0,0.0,0.0
8.895833333333334,0.0,0.0,0.0
8.897222222222222,0.0,0.0,0.0
8.89861111111111,0.0,0.0,0.0
8.9,0.0,0.0,0.0
8.901388888888889,0.0,0.0,0.0
8.902777777777779,0.0,0.0,0.0
8.904166666666667,0.0,0.0,0.0
8.905555555555555,0.0,0.0,0.0
8.906944444444445,0.0,0.0,0.0
8.908333333333333,0.0,0.0,0.0
8.909722222222221,0.0,0.0,0.0
8.911111111111111,0.0,0.0,0.0
8.9125,0.0,0.0,0.0
8.91388888888889,0.0,0.0,0.0
8.915277777777778,0.0,0.0,0.0
8.916666666666666,0.0,0.0,0.0
8.918055555555556,0.0,0.0,0.0
8.919444444444444,0.0,0.0,0.0
8.920833333333333,0.0,0.0,0.0
8.922222222222222,0.0,0.0,0.0
8.92361111111111,0.0,0.0,0.0
8.925,0.0,0.0,0.0
8.926388888888889,0.0,0.0,0.0
8.927777777777777,0.0,0.0,0.0
8.929166666666667,0.0,0.0,0.0
8.930555555555555,0.0,0.0,0.0
8.931944444444444,0.0,0.0,0.0
8.933333333333334,0.0,0.0,0.0
8.934722222222222,0.0,0.0,0.0
8.936111111111112,0.0,0.0,0.0
8.9375,0.0,0.0,0.0
8.938888888888888,0.0,0.0,0.0
8.940277777777778,0.0,0.0,0.0
8.941666666666666,0.0,0.0,0.0
8.943055555555556,0.0,0.0,0.0
8.944444444444445,0.0,0.0,0.0
8.945833333333333,0.0,0.0,0.0
8.947222222222223,0.0,0.0,0.0
8.948611111111111,0.0,0.0,0.0
8.95,0.0,0.0,0.0
8.95138888888889,0.0,0.0,0.0
8.952777777777778,0.0,0.0,0.0
8.954166666666667,0.0,0.0,0.0
8.955555555555556,0.0,0.0,0.0
8.956944444444444,0.0,0.0,0.0
8.958333333333334,0.0,0.0,0.0
8.959722222222222,0.0,0.0,0.0
8.96111111111111,0.0,0.0,0.0
8.9625,0.0,0.0,0.0
8.963888888888889,0.0,0.0,0.0
8.965277777777779,0.0,0.0,0.0
8.966666666666667,0.0,0.0,0.0
8.968055555555555,0.0,0.0,0.0
8.969444444444445,0.0,0.0,0.0
8.970833333333333,0.0,0.0,0.0
8.972222222222221,0.0,0.0,0.0
8.973611111111111,0.0,0.0,0.0
8.975,0.0,0.0,0.0
8.97638888888889,0.0,0.0,0.0
8.977777777777778,0.0,0.0,0.0
8.979166666666666,0.0,0.0,0.0
8.980555555555556,0.0,0.0,0.0
8.981944444444444,0.0,0.0,0.0
8.983333333333333,0.0,0.0,0.0
8.984722222222222,0.0,0.0,0.0
8.98611111111111,0.0,0.0,0.0
8.9875,0.0,0.0,0.0
8.988888888888889,0.0,0.0,0.0
8.990277777777777,0.0,0.0,0.0
8.991666666666667,0.0,0.0,0.0
8.993055555555555,0.0,0.0,0.0
8.994444444444444,0.0,0.0,0.0
8.995833333333334,0.0,0.0,0.0
8.997222222222222,0.0,0.0,0.0
8.998611111111112,0.0,0.0,0.0
9.0,0.0,0.0,0.0
9.001388888888888,0.0,0.0,0.0
9.002777777777778,0.0,0.0,0.0
9.004166666666666,0.0,0.0,0.0
9.005555555555556,0.0,0.0,0.0
9.006944444444445,0.0,0.0,0.0
9.008333333333333,0.0,0.0,0.0
9.009722222222223,0.0,0.0,0.0
9.011111111111111,0.0,0.0,0.0
9.0125,0.0,0.0,0.0
9.01388888888889,0.0,0.0,0.0
9.015277777777778,0.0,0.0,0.0
9.016666666666667,0.0,0.0,0.0
9.018055555555556,0.0,0.0,0.0
9.019444444444444,0.0,0.0,0.0
9.020833333333334,0.0,0.0,0.0
9.022222222222222,0.0,0.0,0.0
9.02361111111111,0.0,0.0,0.0
9.025,0.0,0.0,0.0
9.026388888888889,0.0,0.0,0.0
9.027777777777779,0.0,0.0,0.0
9.029166666666667,0.0,0.0,0.0
9.030555555555555,0.0,0.0,0.0
9.031944444444445,0.0,0.0,0.0
9.033333333333333,0.0,0.0,0.0
9.034722222222221,0.0,0.0,0.0
9.036111111111111,0.0,0.0,0.0
9.0375,0.0,0.0,0.0
9.03888888888889,0.0,0.0,0.0
9.040277777777778,0.0,0.0,0.0
9.041666666666666,0.0,0.0,0.0
9.043055555555556,0.0,0.0,0.0
9.044444444444444,0.0,0.0,0.0
9.045833333333333,0.0,0.0,0.0
9.047222222222222,0.0,0.0,0.0
9.04861111111111,0.0,0.0,0.0
9.05,0.0,0.0,0.0
9.051388888888889,0.0,0.0,0.0
9.052777777777777,0.0,0.0,0.0
9.054166666666667,0.0,0.0,0.0
9.055555555555555,0.0,0.0,0.0
9.056944444444444,0.0,0.0,0.0
9.058333333333334,0.0,0.0,0.0
9.059722222222222,0.0,0.0,0.0
9.061111111111112,0.0,0.0,0.0
9.0625,0.0,0.0,0.0
9.063888888888888,0.0,0.0,0.0
9.065277777777778,0.0,0.0,0.0
9.066666666666666,0.0,0.0,0.0
9.068055555555556,0.0,0.0,0.0
9.069444444444445,0.0,0.0,0.0
9.070833333333333,0.0,0.0,0.0
9.072222222222223,0.0,0.0,0.0
9.073611111111111,0.0,0.0,0.0
9.075,0.0,0.0,0.0
9.07638888888889,0.0,0.0,0.0
9.077777777777778,0.0,0.0,0.0
9.079166666666667,0.0,0.0,0.0
9.080555555555556,0.0,0.0,0.0
9.081944444444444,0.0,0.0,0.0
9.083333333333334,0.0,0.0,0.0
9.084722222222222,0.0,0.0,0.0
9.08611111111111,0.0,0.0,0.0
9.0875,0.0,0.0,0.0
9.088888888888889,0.0,0.0,0.0
9.090277777777779,0.0,0.0,0.0
9.091666666666667,0.0,0.0,0.0
9.093055555555555,0.0,0.0,0.0
9.094444444444445,0.0,0.0,0.0
9.095833333333333,0.0,0.0,0.0
9.097222222222221,0.0,0.0,0.0
9.098611111111111,0.0,0.0,0.0
9.1,0.0,0.0,0.0
9.10138888888889,0.0,0.0,0.0
9.102777777777778,0.0,0.0,0.0
9.104166666666666,0.0,0.0,0.0
9.105555555555556,0.0,0.0,0.0
9.106944444444444,0.0,0.0,0.0
9.108333333333333,0.0,0.0,0.0
9.109722222222222,0.0,0.0,0.0
9.11111111111111,0.0,0.0,0.0
9.1125,0.0,0.0,0.0
9.113888888888889,0.0,0.0,0.0
9.115277777777777,0.0,0.0,0.0
9.116666666666667,0.0,0.0,0.0
9.118055555555555,0.0,0.0,0.0
9.119444444444444,0.0,0.0,0.0
9.120833333333334,0.0,0.0,0.0
9.122222222222222,0.0,0.0,0.0
9.123611111111112,0.0,0.0,0.0
9.125,0.0,0.0,0.0
9.126388888888888,0.0,0.0,0.0
9.127777777777778,0.0,0.0,0.0
9.129166666666666,0.0,0.0,0.0
9.130555555555556,0.0,0.0,0.0
9.131944444444445,0.0,0.0,0.0
9.133333333333333,0.0,0.0,0.0
9.134722222222223,0.0,0.0,0.0
9.136111111111111,0.0,0.0,0.0
9.1375,0.0,0.0,0.0
9.13888888888889,0.0,0.0,0.0
9.140277777777778,0.0,0.0,0.0
9.141666666666667,0.0,0.0,0.0
9.143055555555556,0.0,0.0,0.0
9.144444444444444,0.0,0.0,0.0
9.145833333333334,0.0,0.0,0.0
9.147222222222222,0.0,0.0,0.0
9.14861111111111,0.0,0.0,0.0
9.15,0.0,0.0,0.0
9.151388888888889,0.0,0.0,0.0
9.152777777777779,0.0,0.0,0.0
9.154166666666667,0.0,0.0,0.0
9.155555555555555,0.0,0.0,0.0
9.156944444444445,0.0,0.0,0.0
9.158333333333333,0.0,0.0,0.0
9.159722222222221,0.0,0.0,0.0
9.161111111111111,0.0,0.0,0.0
9.1625,0.0,0.0,0.0
9.16388888888889,0.0,0.0,0.0
9.165277777777778,0.0,0.0,0.0
9.166666666666666,0.0,0.0,0.0
9.168055555555556,0.0,0.0,0.0
9.169444444444444,0.0,0.0,0.0
9.170833333333333,0.0,0.0,0.0
9.172222222222222,0.0,0.0,0.0
9.17361111111111,0.0,0.0,0.0
9.175,0.0,0.0,0.0
9.176388888888889,0.0,0.0,0.0
9.177777777777777,0.0,0.0,0.0
9.179166666666667,0.0,0.0,0.0
9.180555555555555,0.0,0.0,0.0
9.181944444444444,0.0,0.0,0.0
9.183333333333334,0.0,0.0,0.0
9.184722222222222,0.0,0.0,0.0
9.186111111111112,0.0,0.0,0.0
9.1875,0.0,0.0,0.0
9.188888888888888,0.0,0.0,0.0
9.190277777777778,0.0,0.0,0.0
9.191666666666666,0.0,0.0,0.0
9.193055555555556,0.0,0.0,0.0
9.194444444444445,0.0,0.0,0.0
9.195833333333333,0.0,0.0,0.0
9.197222222222223,0.0,0.0,0.0
9.198611111111111,0.0,0.0,0.0
9.2,0.0,0.0,0.0
9.20138888888889,0.0,0.0,0.0
9.202777777777778,0.0,0.0,0.0
9.204166666666667,0.0,0.0,0.0
9.205555555555556,0.0,0.0,0.0
9.206944444444444,0.0,0.0,0.0
9.208333333333334,0.0,0.0,0.0
9.209722222222222,0.0,0.0,0.0
9.21111111111111,0.0,0.0,0.0
9.2125,0.0,0.0,0.0
9.213888888888889,0.0,0.0,0.0
9.215277777777779,0.0,0.0,0.0
9.216666666666667,0.0,0.0,0.0
9.218055555555555,0.0,0.0,0.0
9.219444444444445,0.0,0.0,0.0
9.220833333333333,0.0,0.0,0.0
9.222222222222221,0.0,0.0,0.0
9.223611111111111,0.0,0.0,0.0
9.225,0.0,0.0,0.0
9.22638888888889,0.0,0.0,0.0
9.227777777777778,0.0,0.0,0.0
9.229166666666666,0.0,0.0,0.0
9.230555555555556,0.0,0.0,0.0
9.231944444444444,0.0,0.0,0.0
9.233333333333333,0.0,0.0,0.0
9.234722222222222,0.0,0.0,0.0
9.23611111111111,0.0,0.0,0.0
9.2375,0.0,0.0,0.0
9.238888888888889,0.0,0.0,0.0
9.240277777777777,0.0,0.0,0.0
9.241666666666667,0.0,0.0,0.0
9.243055555555555,0.0,0.0,0.0
9.244444444444444,0.0,0.0,0.0
9.245833333333334,0.0,0.0,0.0
9.247222222222222,0.0,0.0,0.0
9.248611111111112,0.0,0.0,0.0
9.25,0.0,0.0,0.0
9.251388888888888,0.0,0.0,0.0
9.252777777777778,0.0,0.0,0.0
9.254166666666666,0.0,0.0,0.0
9.255555555555556,0.0,0.0,0.0
9.256944444444445,0.0,0.0,0.0
9.258333333333333,0.0,0.0,0.0
9.259722222222223,0.0,0.0,0.0
9.261111111111111,0.0,0.0,0.0
9.2625,0.0,0.0,0.0
9.26388888888889,0.0,0.0,0.0
9.265277777777778,0.0,0.0,0.0
9.266666666666667,0.0,0.0,0.0
9.268055555555556,0.0,0.0,0.0
9.269444444444444,0.0,0.0,0.0
9.270833333333334,0.0,0.0,0.0
9.272222222222222,0.0,0.0,0.0
9.27361111111111,0.0,0.0,0.0
9.275,0.0,0.0,0.0
9.276388888888889,0.0,0.0,0.0
9.277777777777779,0.0,0.0,0.0
9.279166666666667,0.0,0.0,0.0
9.280555555555555,0.0,0.0,0.0
9.281944444444445,0.0,0.0,0.0
9.283333333333333,0.0,0.0,0.0
9.284722222222221,0.0,0.0,0.0
9.286111111111111,0.0,0.0,0.0
9.2875,0.0,0.0,0.0
9.28888888888889,0.0,0.0,0.0
9.290277777777778,0.0,0.0,0.0
9.291666666666666,0.0,0.0,0.0
9.293055555555556,0.0,0.0,0.0
9.294444444444444,0.0,0.0,0.0
9.295833333333333,0.0,0.0,0.0
9.297222222222222,0.0,0.0,0.0
9.29861111111111,0.0,0.0,0.0
9.3,0.0,0.0,0.0
9.301388888888889,0.0,0.0,0.0
9.302777777777777,0.0,0.0,0.0
9.304166666666667,0.0,0.0,0.0
9.305555555555555,0.0,0.0,0.0
9.306944444444444,0.0,0.0,0.0
9.308333333333334,0.0,0.0,0.0
9.309722222222222,0.0,0.0,0.0
9.311111111111112,0.0,0.0,0.0
9.3125,0.0,0.0,0.0
9.313888888888888,0.0,0.0,0.0
9.315277777777778,0.0,0.0,0.0
9.316666666666666,0.0,0.0,0.0
9.318055555555556,0.0,0.0,0.0
9.319444444444445,0.0,0.0,0.0
9.320833333333333,0.0,0.0,0.0
9.322222222222223,0.0,0.0,0.0
9.323611111111111,0.0,0.0,0.0
9.325,0.0,0.0,0.0
9.32638888888889,0.0,0.0,0.0
9.327777777777778,0.0,0.0,0.0
9.329166666666667,0.0,0.0,0.0
9.330555555555556,0.0,0.0,0.0
9.331944444444444,0.0,0.0,0.0
9.333333333333334,0.0,0.0,0.0
9.334722222222222,0.0,0.0,0.0
9.33611111111111,0.0,0.0,0.0
9.3375,0.0,0.0,0.0
9.338888888888889,0.0,0.0,0.0
9.340277777777779,0.0,0.0,0.0
9.341666666666667,0.0,0.0,0.0
9.343055555555555,0.0,0.0,0.0
9.344444444444445,0.0,0.0,0.0
9.345833333333333,0.0,0.0,0.0
9.347222222222221,0.0,0.0,0.0
9.348611111111111,0.0,0.0,0.0
9.35,0.0,0.0,0.0
9.35138888888889,0.0,0.0,0.0
9.352777777777778,0.0,0.0,0.0
9.354166666666666,0.0,0.0,0.0
9.355555555555556,0.0,0.0,0.0
9.356944444444444,0.0,0.0,0.0
9.358333333333333,0.0,0.0,0.0
9.359722222222222,0.0,0.0,0.0
9.36111111111111,0.0,0.0,0.0
9.3625,0.0,0.0,0.0
9.363888888888889,0.0,0.0,0.0
9.365277777777777,0.0,0.0,0.0
9.366666666666667,0.0,0.0,0.0
9.368055555555555,0.0,0.0,0.0
9.369444444444444,0.0,0.0,0.0
9.370833333333334,0.0,0.0,0.0
9.372222222222222,0.0,0.0,0.0
9.373611111111112,0.0,0.0,0.0
9.375,0.0,0.0,0.0
9.376388888888888,0.0,0.0,0.0
9.377777777777778,0.0,0.0,0.0
9.379166666666666,0.0,0.0,0.0
9.380555555555556,0.0,0.0,0.0
9.381944444444445,0.0,0.0,0.0
9.383333333333333,0.0,0.0,0.0
9.384722222222223,0.0,0.0,0.0
9.386111111111111,0.0,0.0,0.0
9.3875,0.0,0.0,0.0
9.38888888888889,0.0,0.0,0.0
9.390277777777778,0.0,0.0,0.0
9.391666666666667,0.0,0.0,0.0
9.393055555555556,0.0,0.0,0.0
9.394444444444444,0.0,0.0,0.0
9.395833333333334,0.0,0.0,0.0
9.397222222222222,0.0,0.0,0.0
9.39861111111111,0.0,0.0,0.0
9.4,0.0,0.0,0.0
9.401388888888889,0.0,0.0,0.0
9.402777777777779,0.0,0.0,0.0
9.404166666666667,0.0,0.0,0.0
9.405555555555555,0.0,0.0,0.0
9.406944444444445,0.0,0.0,0.0
9.408333333333333,0.0,0.0,0.0
9.409722222222221,0.0,0.0,0.0
9.411111111111111,0.0,0.0,0.0
9.4125,0.0,0.0,0.0
9.41388888888889,0.0,0.0,0.0
9.415277777777778,0.0,0.0,0.0
9.416666666666666,0.0,0.0,0.0
9.418055555555556,0.0,0.0,0.0
9.419444444444444,0.0,0.0,0.0
9.420833333333333,0.0,0.0,0.0
9.422222222222222,0.0,0.0,0.0
9.42361111111111,0.0,0.0,0.0
9.425,0.0,0.0,0.0
9.426388888888889,0.0,0.0,0.0
9.427777777777777,0.0,0.0,0.0
9.429166666666667,0.0,0.0,0.0
9.430555555555555,0.0,0.0,0.0
9.431944444444444,0.0,0.0,0.0
9.433333333333334,0.0,0.0,0.0
9.434722222222222,0.0,0.0,0.0
9.436111111111112,0.0,0.0,0.0
9.4375,0.0,0.0,0.0
9.438888888888888,0.0,0.0,0.0
9.440277777777778,0.0,0.0,0.0
9.441666666666666,0.0,0.0,0.0
9.443055555555556,0.0,0.0,0.0
9.444444444444445,0.0,0.0,0.0
9.445833333333333,0.0,0.0,0.0
9.447222222222223,0.0,0.0,0.0
9.448611111111111,0.0,0.0,0.0
9.45,0.0,0.0,0.0
9.45138888888889,0.0,0.0,0.0
9.452777777777778,0.0,0.0,0.0
9.454166666666667,0.0,0.0,0.0
9.455555555555556,0.0,0.0,0.0
9.456944444444444,0.0,0.0,0.0
9.458333333333334,0.0,0.0,0.0
9.459722222222222,0.0,0.0,0.0
9.46111111111111,0.0,0.0,0.0
9.4625,0.0,0.0,0.0
9.463888888888889,0.0,0.0,0.0
9.465277777777779,0.0,0.0,0.0
9.466666666666667,0.0,0.0,0.0
9.468055555555555,0.0,0.0,0.0
9.469444444444445,0.0,0.0,0.0
9.470833333333333,0.0,0.0,0.0
9.472222222222221,0.0,0.0,0.0
9.473611111111111,0.0,0.0,0.0
9.475,0.0,0.0,0.0
9.47638888888889,0.0,0.0,0.0
9.477777777777778,0.0,0.0,0.0
9.479166666666666,0.0,0.0,0.0
9.480555555555556,0.0,0.0,0.0
9.481944444444444,0.0,0.0,0.0
9.483333333333333,0.0,0.0,0.0
9.484722222222222,0.0,0.0,0.0
9.48611111111111,0.0,0.0,0.0
9.4875,0.0,0.0,0.0
9.488888888888889,0.0,0.0,0.0
9.490277777777777,0.0,0.0,0.0
9.491666666666667,0.0,0.0,0.0
9.493055555555555,0.0,0.0,0.0
9.494444444444444,0.0,0.0,0.0
9.495833333333334,0.0,0.0,0.0
9.497222222222222,0.0,0.0,0.0
9.498611111111112,0.0,0.0,0.0
9.5,0.0,0.0,0.0
9.501388888888888,0.0,0.0,0.0
9.502777777777778,0.0,0.0,0.0
9.504166666666666,0.0,0.0,0.0
9.505555555555556,0.0,0.0,0.0
9.506944444444445,0.0,0.0,0.0
9.508333333333333,0.0,0.0,0.0
9.509722222222223,0.0,0.0,0.0
9.511111111111111,0.0,0.0,0.0
9.5125,0.0,0.0,0.0
9.51388888888889,0.0,0.0,0.0
9.515277777777778,0.0,0.0,0.0
9.516666666666667,0.0,0.0,0.0
9.518055555555556,0.0,0.0,0.0
9.519444444444444,0.0,0.0,0.0
9.520833333333334,0.0,0.0,0.0
9.522222222222222,0.0,0.0,0.0
9.52361111111111,0.0,0.0,0.0
9.525,0.0,0.0,0.0
9.526388888888889,0.0,0.0,0.0
9.527777777777779,0.0,0.0,0.0
9.529166666666667,0.0,0.0,0.0
9.530555555555555,0.0,0.0,0.0
9.531944444444445,0.0,0.0,0.0
9.533333333333333,0.0,0.0,0.0
9.534722222222221,0.0,0.0,0.0
9.536111111111111,0.0,0.0,0.0
9.5375,0.0,0.0,0.0
9.53888888888889,0.0,0.0,0.0
9.540277777777778,0.0,0.0,0.0
9.541666666666666,0.0,0.0,0.0
9.543055555555556,0.0,0.0,0.0
9.544444444444444,0.0,0.0,0.0
9.545833333333333,0.0,0.0,0.0
9.547222222222222,0.0,0.0,0.0
9.54861111111111,0.0,0.0,0.0
9.55,0.0,0.0,0.0
9.551388888888889,0.0,0.0,0.0
9.552777777777777,0.0,0.0,0.0
9.554166666666667,0.0,0.0,0.0
9.555555555555555,0.0,0.0,0.0
9.556944444444444,0.0,0.0,0.0
9.558333333333334,0.0,0.0,0.0
9.559722222222222,0.0,0.0,0.0
9.561111111111112,0.0,0.0,0.0
9.5625,0.0,0.0,0.0
9.563888888888888,0.0,0.0,0.0
9.565277777777778,0.0,0.0,0.0
9.566666666666666,0.0,0.0,0.0
9.568055555555556,0.0,0.0,0.0
9.569444444444445,0.0,0.0,0.0
9.570833333333333,0.0,0.0,0.0
9.572222222222223,0.0,0.0,0.0
9.573611111111111,0.0,0.0,0.0
9.575,0.0,0.0,0.0
9.57638888888889,0.0,0.0,0.0
9.577777777777778,0.0,0.0,0.0
9.579166666666667,0.0,0.0,0.0
9.580555555555556,0.0,0.0,0.0
9.581944444444444,0.0,0.0,0.0
9.583333333333334,0.0,0.0,0.0
9.584722222222222,0.0,0.0,0.0
9.58611111111111,0.0,0.0,0.0
9.5875,0.0,0.0,0.0
9.588888888888889,0.0,0.0,0.0
9.590277777777779,0.0,0.0,0.0
9.591666666666667,0.0,0.0,0.0
9.593055555555555,0.0,0.0,0.0
9.594444444444445,0.0,0.0,0.0
9.595833333333333,0.0,0.0,0.0
9.597222222222221,0.0,0.0,0.0
9.598611111111111,0.0,0.0,0.0
9.6,0.0,0.0,0.0
9.60138888888889,0.0,0.0,0.0
9.602777777777778,0.0,0.0,0.0
9.604166666666666,0.0,0.0,0.0
9.605555555555556,0.0,0.0,0.0
9.606944444444444,0.0,0.0,0.0
9.608333333333333,0.0,0.0,0.0
9.609722222222222,0.0,0.0,0.0
9.61111111111111,0.0,0.0,0.0
9.6125,0.0,0.0,0.0
9.613888888888889,0.0,0.0,0.0
9.615277777777777,0.0,0.0,0.0
9.616666666666667,0.0,0.0,0.0
9.618055555555555,0.0,0.0,0.0
9.619444444444444,0.0,0.0,0.0
9.620833333333334,0.0,0.0,0.0
9.622222222222222,0.0,0.0,0.0
9.623611111111112,0.0,0.0,0.0
9.625,0.0,0.0,0.0
9.626388888888888,0.0,0.0,0.0
9.627777777777778,0.0,0.0,0.0
9.629166666666666,0.0,0.0,0.0
9.630555555555556,0.0,0.0,0.0
9.631944444444445,0.0,0.0,0.0
9.633333333333333,0.0,0.0,0.0
9.634722222222223,0.0,0.0,0.0
9.636111111111111,0.0,0.0,0.0
9.6375,0.0,0.0,0.0
9.63888888888889,0.0,0.0,0.0
9.640277777777778,0.0,0.0,0.0
9.641666666666667,0.0,0.0,0.0
9.643055555555556,0.0,0.0,0.0
9.644444444444444,0.0,0.0,0.0
9.645833333333334,0.0,0.0,0.0
9.647222222222222,0.0,0.0,0.0
9.64861111111111,0.0,0.0,0.0
9.65,0.0,0.0,0.0
9.651388888888889,0.0,0.0,0.0
9.652777777777779,0.0,0.0,0.0
9.654166666666667,0.0,0.0,0.0
9.655555555555555,0.0,0.0,0.0
9.656944444444445,0.0,0.0,0.0
9.658333333333333,0.0,0.0,0.0
9.659722222222221,0.0,0.0,0.0
9.661111111111111,0.0,0.0,0.0
9.6625,0.0,0.0,0.0
9.66388888888889,0.0,0.0,0.0
9.665277777777778,0.0,0.0,0.0
9.666666666666666,0.0,0.0,0.0
9.668055555555556,0.0,0.0,0.0
9.669444444444444,0.0,0.0,0.0
9.670833333333333,0.0,0.0,0.0
9.672222222222222,0.0,0.0,0.0
9.67361111111111,0.0,0.0,0.0
9.675,0.0,0.0,0.0
9.676388888888889,0.0,0.0,0.0
9.677777777777777,0.0,0.0,0.0
9.679166666666667,0.0,0.0,0.0
9.680555555555555,0.0,0.0,0.0
9.681944444444444,0.0,0.0,0.0
9.683333333333334,0.0,0.0,0.0
9.684722222222222,0.0,0.0,0.0
9.686111111111112,0.0,0.0,0.0
9.6875,0.0,0.0,0.0
9.688888888888888,0.0,0.0,0.0
9.690277777777778,0.0,0.0,0.0
9.691666666666666,0.0,0.0,0.0
9.693055555555556,0.0,0.0,0.0
9.694444444444445,0.0,0.0,0.0
9.695833333333333,0.0,0.0,0.0
9.697222222222223,0.0,0.0,0.0
9.698611111111111,0.0,0.0,0.0
9.7,0.0,0.0,0.0
9.70138888888889,0.0,0.0,0.0
9.702777777777778,0.0,0.0,0.0
9.704166666666667,0.0,0.0,0.0
9.705555555555556,0.0,0.0,0.0
9.706944444444444,0.0,0.0,0.0
9.708333333333334,0.0,0.0,0.0
9.709722222222222,0.0,0.0,0.0
9.71111111111111,0.0,0.0,0.0
9.7125,0.0,0.0,0.0
9.713888888888889,0.0,0.0,0.0
9.715277777777779,0.0,0.0,0.0
9.716666666666667,0.0,0.0,0.0
9.718055555555555,0.0,0.0,0.0
9.719444444444445,0.0,0.0,0.0
9.720833333333333,0.0,0.0,0.0
9.722222222222221,0.0,0.0,0.0
9.723611111111111,0.0,0.0,0.0
9.725,0.0,0.0,0.0
9.72638888888889,0.0,0.0,0.0
9.727777777777778,0.0,0.0,0.0
9.729166666666666,0.0,0.0,0.0
9.730555555555556,0.0,0.0,0.0
9.731944444444444,0.0,0.0,0.0
9.733333333333333,0.0,0.0,0.0
9.734722222222222,0.0,0.0,0.0
9.73611111111111,0.0,0.0,0.0
9.7375,0.0,0.0,0.0
9.738888888888889,0.0,0.0,0.0
9.740277777777777,0.0,0.0,0.0
9.741666666666667,0.0,0.0,0.0
9.743055555555555,0.0,0.0,0.0
9.744444444444444,0.0,0.0,0.0
9.745833333333334,0.0,0.0,0.0
9.747222222222222,0.0,0.0,0.0
9.748611111111112,0.0,0.0,0.0
9.75,0.0,0.0,0.0
9.751388888888888,0.0,0.0,0.0
9.752777777777778,0.0,0.0,0.0
9.754166666666666,0.0,0.0,0.0
9.755555555555556,0.0,0.0,0.0
9.756944444444445,0.0,0.0,0.0
9.758333333333333,0.0,0.0,0.0
9.759722222222223,0.0,0.0,0.0
9.761111111111111,0.0,0.0,0.0
9.7625,0.0,0.0,0.0
9.76388888888889,0.0,0.0,0.0
9.765277777777778,0.0,0.0,0.0
9.766666666666667,0.0,0.0,0.0
9.768055555555556,0.0,0.0,0.0
9.769444444444444,0.0,0.0,0.0
9.770833333333334,0.0,0.0,0.0
9.772222222222222,0.0,0.0,0.0
9.77361111111111,0.0,0.0,0.0
9.775,0.0,0.0,0.0
9.776388888888889,0.0,0.0,0.0
9.777777777777779,0.0,0.0,0.0
9.779166666666667,0.0,0.0,0.0
9.780555555555555,0.0,0.0,0.0
9.781944444444445,0.0,0.0,0.0
9.783333333333333,0.0,0.0,0.0
9.784722222222221,0.0,0.0,0.0
9.786111111111111,0.0,0.0,0.0
9.7875,0.0,0.0,0.0
9.78888888888889,0.0,0.0,0.0
9.790277777777778,0.0,0.0,0.0
9.791666666666666,0.0,0.0,0.0
9.793055555555556,0.0,0.0,0.0
9.794444444444444,0.0,0.0,0.0
9.795833333333333,0.0,0.0,0.0
9.797222222222222,0.0,0.0,0.0
9.79861111111111,0.0,0.0,0.0
9.8,0.0,0.0,0.0
9.801388888888889,0.0,0.0,0.0
9.802777777777777,0.0,0.0,0.0
9.804166666666667,0.0,0.0,0.0
9.805555555555555,0.0,0.0,0.0
9.806944444444444,0.0,0.0,0.0
9.808333333333334,0.0,0.0,0.0
9.809722222222222,0.0,0.0,0.0
9.811111111111112,0.0,0.0,0.0
9.8125,0.0,0.0,0.0
9.813888888888888,0.0,0.0,0.0
9.815277777777778,0.0,0.0,0.0
9.816666666666666,0.0,0.0,0.0
9.818055555555556,0.0,0.0,0.0
9.819444444444445,0.0,0.0,0.0
9.820833333333333,0.0,0.0,0.0
9.822222222222223,0.0,0.0,0.0
9.823611111111111,0.0,0.0,0.0
9.825,0.0,0.0,0.0
9.82638888888889,0.0,0.0,0.0
9.827777777777778,0.0,0.0,0.0
9.829166666666667,0.0,0.0,0.0
9.830555555555556,0.0,0.0,0.0
9.831944444444444,0.0,0.0,0.0
9.833333333333334,0.0,0.0,0.0
9.834722222222222,0.0,0.0,0.0
9.83611111111111,0.0,0.0,0.0
9.8375,0.0,0.0,0.0
9.838888888888889,0.0,0.0,0.0
9.840277777777779,0.0,0.0,0.0
9.841666666666667,0.0,0.0,0.0
9.843055555555555,0.0,0.0,0.0
9.844444444444445,0.0,0.0,0.0
9.845833333333333,0.0,0.0,0.0
9.847222222222221,0.0,0.0,0.0
9.848611111111111,0.0,0.0,0.0
9.85,0.0,0.0,0.0
9.85138888888889,0.0,0.0,0.0
9.852777777777778,0.0,0.0,0.0
9.854166666666666,0.0,0.0,0.0
9.855555555555556,0.0,0.0,0.0
9.856944444444444,0.0,0.0,0.0
9.858333333333333,0.0,0.0,0.0
9.859722222222222,0.0,0.0,0.0
9.86111111111111,0.0,0.0,0.0
9.8625,0.0,0.0,0.0
9.863888888888889,0.0,0.0,0.0
9.865277777777777,0.0,0.0,0.0
9.866666666666667,0.0,0.0,0.0
9.868055555555555,0.0,0.0,0.0
9.869444444444444,0.0,0.0,0.0
9.870833333333334,0.0,0.0,0.0
9.872222222222222,0.0,0.0,0.0
9.873611111111112,0.0,0.0,0.0
9.875,0.0,0.0,0.0
9.876388888888888,0.0,0.0,0.0
9.877777777777778,0.0,0.0,0.0
9.879166666666666,0.0,0.0,0.0
9.880555555555556,0.0,0.0,0.0
9.881944444444445,0.0,0.0,0.0
9.883333333333333,0.0,0.0,0.0
9.884722222222223,0.0,0.0,0.0
9.886111111111111,0.0,0.0,0.0
9.8875,0.0,0.0,0.0
9.88888888888889,0.0,0.0,0.0
9.890277777777778,0.0,0.0,0.0
9.891666666666667,0.0,0.0,0.0
9.893055555555556,0.0,0.0,0.0
9.894444444444444,0.0,0.0,0.0
9.895833333333334,0.0,0.0,0.0
9.897222222222222,0.0,0.0,0.0
9.89861111111111,0.0,0.0,0.0
9.9,0.0,0.0,0.0
9.901388888888889,0.0,0.0,0.0
9.902777777777779,0.0,0.0,0.0
9.904166666666667,0.0,0.0,0.0
9.905555555555555,0.0,0.0,0.0
9.906944444444445,0.0,0.0,0.0
9.908333333333333,0.0,0.0,0.0
9.909722222222221,0.0,0.0,0.0
9.911111111111111,0.0,0.0,0.0
9.9125,0.0,0.0,0.0
9.91388888888889,0.0,0.0,0.0
9.915277777777778,0.0,0.0,0.0
9.916666666666666,0.0,0.0,0.0
9.918055555555556,0.0,0.0,0.0
9.919444444444444,0.0,0.0,0.0
9.920833333333333,0.0,0.0,0.0
9.922222222222222,0.0,0.0,0.0
9.92361111111111,0.0,0.0,0.0
9.925,0.0,0.0,0.0
9.926388888888889,0.0,0.0,0.0
9.927777777777777,0.0,0.0,0.0
9.929166666666667,0.0,0.0,0.0
9.930555555555555,0.0,0.0,0.0
9.931944444444444,0.0,0.0,0.0
9.933333333333334,0.0,0.0,0.0
9.934722222222222,0.0,0.0,0.0
9.936111111111112,0.0,0.0,0.0
9.9375,0.0,0.0,0.0
9.938888888888888,0.0,0.0,0.0
9.940277777777778,0.0,0.0,0.0
9.941666666666666,0.0,0.0,0.0
9.943055555555556,0.0,0.0,0.0
9.944444444444445,0.0,0.0,0.0
9.945833333333333,0.0,0.0,0.0
9.947222222222223,0.0,0.0,0.0
9.948611111111111,0.0,0.0,0.0
9.95,0.0,0.0,0.0
9.95138888888889,0.0,0.0,0.0
9.952777777777778,0.0,0.0,0.0
9.954166666666667,0.0,0.0,0.0
9.955555555555556,0.0,0.0,0.0
9.956944444444444,0.0,0.0,0.0
9.958333333333334,0.0,0.0,0.0
9.959722222222222,0.0,0.0,0.0
9.96111111111111,0.0,0.0,0.0
9.9625,0.0,0.0,0.0
9.963888888888889,0.0,0.0,0.0
9.965277777777779,0.0,0.0,0.0
9.966666666666667,0.0,0.0,0.0
9.968055555555555,0.0,0.0,0.0
9.969444444444445,0.0,0.0,0.0
9.970833333333333,0.0,0.0,0.0
9.972222222222221,0.0,0.0,0.0
9.973611111111111,0.0,0.0,0.0
9.975,0.0,0.0,0.0
9.97638888888889,0.0,0.0,0.0
9.977777777777778,0.0,0.0,0.0
9.979166666666666,0.0,0.0,0.0
9.980555555555556,0.0,0.0,0.0
9.981944444444444,0.0,0.0,0.0
9.983333333333333,0.0,0.0,0.0
9.984722222222222,0.0,0.0,0.0
9.98611111111111,0.0,0.0,0.0
9.9875,0.0,0.0,0.0
9.988888888888889,0.0,0.0,0.0
9.990277777777777,0.0,0.0,0.0
9.991666666666667,0.0,0.0,0.0
9.993055555555555,0.0,0.0,0.0
9.994444444444444,0.0,0.0,0.0
9.995833333333334,0.0,0.0,0.0
9.997222222222222,0.0,0.0,0.0
9.998611111111112,0.0,0.0,0.0
10.0,0.0,0.0,0.0
10.001388888888888,0.0,0.0,0.0
10.002777777777778,0.0,0.0,0.0
10.004166666666666,0.0,0.0,0.0
10.005555555555556,0.0,0.0,0.0
10.006944444444445,0.0,0.0,0.0
10.008333333333333,0.0,0.0,0.0
10.009722222222223,0.0,0.0,0.0
10.011111111111111,0.0,0.0,0.0
10.0125,0.0,0.0,0.0
10.01388888888889,0.0,0.0,0.0
10.015277777777778,0.0,0.0,0.0
10.016666666666667,0.0,0.0,0.0
10.018055555555556,0.0,0.0,0.0
10.019444444444444,0.0,0.0,0.0
10.020833333333334,0.0,0.0,0.0
10.022222222222222,0.0,0.0,0.0
10.02361111111111,0.0,0.0,0.0
10.025,0.0,0.0,0.0
10.026388888888889,0.0,0.0,0.0
10.027777777777779,0.0,0.0,0.0
10.029166666666667,0.0,0.0,0.0
10.030555555555555,0.0,0.0,0.0
10.031944444444445,0.0,0.0,0.0
10.033333333333333,0.0,0.0,0.0
10.034722222222221,0.0,0.0,0.0
10.036111111111111,0.0,0.0,0.0
10.0375,0.0,0.0,0.0
10.03888888888889,0.0,0.0,0.0
10.040277777777778,0.0,0.0,0.0
10.041666666666666,0.0,0.0,0.0
10.043055555555556,0.0,0.0,0.0
10.044444444444444,0.0,0.0,0.0
10.045833333333333,0.0,0.0,0.0
10.047222222222222,0.0,0.0,0.0
10.04861111111111,0.0,0.0,0.0
10.05,0.0,0.0,0.0
10.051388888888889,0.0,0.0,0.0
10.052777777777777,0.0,0.0,0.0
10.054166666666667,0.0,0.0,0.0
10.055555555555555,0.0,0.0,0.0
10.056944444444444,0.0,0.0,0.0
10.058333333333334,0.0,0.0,0.0
10.059722222222222,0.0,0.0,0.0
10.061111111111112,0.0,0.0,0.0
10.0625,0.0,0.0,0.0
10.063888888888888,0.0,0.0,0.0
10.065277777777778,0.0,0.0,0.0
10.066666666666666,0.0,0.0,0.0
10.068055555555556,0.0,0.0,0.0
10.069444444444445,0.0,0.0,0.0
10.070833333333333,0.0,0.0,0.0
10.072222222222223,0.0,0.0,0.0
10.073611111111111,0.0,0.0,0.0
10.075,0.0,0.0,0.0
10.07638888888889,0.0,0.0,0.0
10.077777777777778,0.0,0.0,0.0
10.079166666666667,0.0,0.0,0.0
10.080555555555556,0.0,0.0,0.0
10.081944444444444,0.0,0.0,0.0
10.083333333333334,0.0,0.0,0.0
10.084722222222222,0.0,0.0,0.0
10.08611111111111,0.0,0.0,0.0
10.0875,0.0,0.0,0.0
10.088888888888889,0.0,0.0,0.0
10.090277777777779,0.0,0.0,0.0
10.091666666666667,0.0,0.0,0.0
10.093055555555555,0.0,0.0,0.0
10.094444444444445,0.0,0.0,0.0
10.095833333333333,0.0,0.0,0.0
10.097222222222221,0.0,0.0,0.0
10.098611111111111,0.0,0.0,0.0
10.1,0.0,0.0,0.0
10.10138888888889,0.0,0.0,0.0
10.102777777777778,0.0,0.0,0.0
10.104166666666666,0.0,0.0,0.0
10.105555555555556,0.0,0.0,0.0
10.106944444444444,0.0,0.0,0.0
10.108333333333333,0.0,0.0,0.0
10.109722222222222,0.0,0.0,0.0
10.11111111111111,0.0,0.0,0.0
10.1125,0.0,0.0,0.0
10.113888888888889,0.0,0.0,0.0
10.115277777777777,0.0,0.0,0.0
10.116666666666667,0.0,0.0,0.0
10.118055555555555,0.0,0.0,0.0
10.119444444444444,0.0,0.0,0.0
10.120833333333334,0.0,0.0,0.0
10.122222222222222,0.0,0.0,0.0
10.123611111111112,0.0,0.0,0.0
10.125,0.0,0.0,0.0
10.126388888888888,0.0,0.0,0.0
10.127777777777778,0.0,0.0,0.0
10.129166666666666,0.0,0.0,0.0
10.130555555555556,0.0,0.0,0.0
10.131944444444445,0.0,0.0,0.0
10.133333333333333,0.0,0.0,0.0
10.134722222222223,0.0,0.0,0.0
10.136111111111111,0.0,0.0,0.0
10.1375,0.0,0.0,0.0
10.13888888888889,0.0,0.0,0.0
10.140277777777778,0.0,0.0,0.0
10.141666666666667,0.0,0.0,0.0
10.143055555555556,0.0,0.0,0.0
10.144444444444444,0.0,0.0,0.0
10.145833333333334,0.0,0.0,0.0
10.147222222222222,0.0,0.0,0.0
10.14861111111111,0.0,0.0,0.0
10.15,0.0,0.0,0.0
10.151388888888889,0.0,0.0,0.0
10.152777777777779,0.0,0.0,0.0
10.154166666666667,0.0,0.0,0.0
10.155555555555555,0.0,0.0,0.0
10.156944444444445,0.0,0.0,0.0
10.158333333333333,0.0,0.0,0.0
10.159722222222221,0.0,0.0,0.0
10.161111111111111,0.0,0.0,0.0
10.1625,0.0,0.0,0.0
10.16388888888889,0.0,0.0,0.0
10.165277777777778,0.0,0.0,0.0
10.166666666666666,0.0,0.0,0.0
10.168055555555556,0.0,0.0,0.0
10.169444444444444,0.0,0.0,0.0
10.170833333333333,0.0,0.0,0.0
10.172222222222222,0.0,0.0,0.0
10.17361111111111,0.0,0.0,0.0
10.175,0.0,0.0,0.0
10.176388888888889,0.0,0.0,0.0
10.177777777777777,0.0,0.0,0.0
10.179166666666667,0.0,0.0,0.0
10.180555555555555,0.0,0.0,0.0
10.181944444444444,0.0,0.0,0.0
10.183333333333334,0.0,0.0,0.0
10.184722222222222,0.0,0.0,0.0
10.186111111111112,0.0,0.0,0.0
10.1875,0.0,0.0,0.0
10.188888888888888,0.0,0.0,0.0
10.190277777777778,0.0,0.0,0.0
10.191666666666666,0.0,0.0,0.0
10.193055555555556,0.0,0.0,0.0
10.194444444444445,0.0,0.0,0.0
10.195833333333333,0.0,0.0,0.0
10.197222222222223,0.0,0.0,0.0
10.198611111111111,0.0,0.0,0.0
10.2,0.0,0.0,0.0
10.20138888888889,0.0,0.0,0.0
10.202777777777778,0.0,0.0,0.0
10.204166666666667,0.0,0.0,0.0
10.205555555555556,0.0,0.0,0.0
10.206944444444444,0.0,0.0,0.0
10.208333333333334,0.0,0.0,0.0
10.209722222222222,0.0,0.0,0.0
10.21111111111111,0.0,0.0,0.0
10.2125,0.0,0.0,0.0
10.213888888888889,0.0,0.0,0.0
10.215277777777779,0.0,0.0,0.0
10.216666666666667,0.0,0.0,0.0
10.218055555555555,0.0,0.0,0.0
10.219444444444445,0.0,0.0,0.0
10.220833333333333,0.0,0.0,0.0
10.222222222222221,0.0,0.0,0.0
10.223611111111111,0.0,0.0,0.0
10.225,0.0,0.0,0.0
10.22638888888889,0.0,0.0,0.0
10.227777777777778,0.0,0.0,0.0
10.229166666666666,0.0,0.0,0.0
10.230555555555556,0.0,0.0,0.0
10.231944444444444,0.0,0.0,0.0
10.233333333333333,0.0,0.0,0.0
10.234722222222222,0.0,0.0,0.0
10.23611111111111,0.0,0.0,0.0
10.2375,0.0,0.0,0.0
10.238888888888889,0.0,0.0,0.0
10.240277777777777,0.0,0.0,0.0
10.241666666666667,0.0,0.0,0.0
10.243055555555555,0.0,0.0,0.0
10.244444444444444,0.0,0.0,0.0
10.245833333333334,0.0,0.0,0.0
10.247222222222222,0.0,0.0,0.0
10.248611111111112,0.0,0.0,0.0
10.25,0.0,0.0,0.0
10.251388888888888,0.0,0.0,0.0
10.252777777777778,0.0,0.0,0.0
10.254166666666666,0.0,0.0,0.0
10.255555555555556,0.0,0.0,0.0
10.256944444444445,0.0,0.0,0.0
10.258333333333333,0.0,0.0,0.0
10.259722222222223,0.0,0.0,0.0
10.261111111111111,0.0,0.0,0.0
10.2625,0.0,0.0,0.0
10.26388888888889,0.0,0.0,0.0
10.265277777777778,0.0,0.0,0.0
10.266666666666667,0.0,0.0,0.0
10.268055555555556,0.0,0.0,0.0
10.269444444444444,0.0,0.0,0.0
10.270833333333334,0.0,0.0,0.0
10.272222222222222,0.0,0.0,0.0
10.27361111111111,0.0,0.0,0.0
10.275,0.0,0.0,0.0
10.276388888888889,0.0,0.0,0.0
10.277777777777779,0.0,0.0,0.0
10.279166666666667,0.0,0.0,0.0
10.280555555555555,0.0,0.0,0.0
10.281944444444445,0.0,0.0,0.0
10.283333333333333,0.0,0.0,0.0
10.284722222222221,0.0,0.0,0.0
10.286111111111111,0.0,0.0,0.0
10.2875,0.0,0.0,0.0
10.28888888888889,0.0,0.0,0.0
10.290277777777778,0.0,0.0,0.0
10.291666666666666,0.0,0.0,0.0
10.293055555555556,0.0,0.0,0.0
10.294444444444444,0.0,0.0,0.0
10.295833333333333,0.0,0.0,0.0
10.297222222222222,0.0,0.0,0.0
10.29861111111111,0.0,0.0,0.0
10.3,0.0,0.0,0.0
10.301388888888889,0.0,0.0,0.0
10.302777777777777,0.0,0.0,0.0
10.304166666666667,0.0,0.0,0.0
10.305555555555555,0.0,0.0,0.0
10.306944444444444,0.0,0.0,0.0
10.308333333333334,0.0,0.0,0.0
10.309722222222222,0.0,0.0,0.0
10.311111111111112,0.0,0.0,0.0
10.3125,0.0,0.0,0.0
10.313888888888888,0.0,0.0,0.0
10.315277777777778,0.0,0.0,0.0
10.316666666666666,0.0,0.0,0.0
10.318055555555556,0.0,0.0,0.0
10.319444444444445,0.0,0.0,0.0
10.320833333333333,0.0,0.0,0.0
10.322222222222223,0.0,0.0,0.0
10.323611111111111,0.0,0.0,0.0
10.325,0.0,0.0,0.0
10.32638888888889,0.0,0.0,0.0
10.327777777777778,0.0,0.0,0.0
10.329166666666667,0.0,0.0,0.0
10.330555555555556,0.0,0.0,0.0
10.331944444444444,0.0,0.0,0.0
10.333333333333334,0.0,0.0,0.0
10.334722222222222,0.0,0.0,0.0
10.33611111111111,0.0,0.0,0.0
10.3375,0.0,0.0,0.0
10.338888888888889,0.0,0.0,0.0
10.340277777777779,0.0,0.0,0.0
10.341666666666667,0.0,0.0,0.0
10.343055555555555,0.0,0.0,0.0
10.344444444444445,0.0,0.0,0.0
10.345833333333333,0.0,0.0,0.0
10.347222222222221,0.0,0.0,0.0
10.348611111111111,0.0,0.0,0.0
10.35,0.0,0.0,0.0
10.35138888888889,0.0,0.0,0.0
10.352777777777778,0.0,0.0,0.0
10.354166666666666,0.0,0.0,0.0
10.355555555555556,0.0,0.0,0.0
10.356944444444444,0.0,0.0,0.0
10.358333333333333,0.0,0.0,0.0
10.359722222222222,0.0,0.0,0.0
10.36111111111111,0.0,0.0,0.0
10.3625,0.0,0.0,0.0
10.363888888888889,0.0,0.0,0.0
10.365277777777777,0.0,0.0,0.0
10.366666666666667,0.0,0.0,0.0
10.368055555555555,0.0,0.0,0.0
10.369444444444444,0.0,0.0,0.0
10.370833333333334,0.0,0.0,0.0
10.372222222222222,0.0,0.0,0.0
10.373611111111112,0.0,0.0,0.0
10.375,0.0,0.0,0.0
10.376388888888888,0.0,0.0,0.0
10.377777777777778,0.0,0.0,0.0
10.379166666666666,0.0,0.0,0.0
10.380555555555556,0.0,0.0,0.0
10.381944444444445,0.0,0.0,0.0
10.383333333333333,0.0,0.0,0.0
10.384722222222223,0.0,0.0,0.0
10.386111111111111,0.0,0.0,0.0
10.3875,0.0,0.0,0.0
10.38888888888889,0.0,0.0,0.0
10.390277777777778,0.0,0.0,0.0
10.391666666666667,0.0,0.0,0.0
10.393055555555556,0.0,0.0,0.0
10.394444444444444,0.0,0.0,0.0
10.395833333333334,0.0,0.0,0.0
10.397222222222222,0.0,0.0,0.0
10.39861111111111,0.0,0.0,0.0
10.4,0.0,0.0,0.0
10.401388888888889,0.0,0.0,0.0
10.402777777777779,0.0,0.0,0.0
10.404166666666667,0.0,0.0,0.0
10.405555555555555,0.0,0.0,0.0
10.406944444444445,0.0,0.0,0.0
10.408333333333333,0.0,0.0,0.0
10.409722222222221,0.0,0.0,0.0
10.411111111111111,0.0,0.0,0.0
10.4125,0.0,0.0,0.0
10.41388888888889,0.0,0.0,0.0
10.415277777777778,0.0,0.0,0.0
10.416666666666666,0.0,0.0,0.0
10.418055555555556,0.0,0.0,0.0
10.419444444444444,0.0,0.0,0.0
10.420833333333333,0.0,0.0,0.0
10.422222222222222,0.0,0.0,0.0
10.42361111111111,0.0,0.0,0.0
10.425,0.0,0.0,0.0
10.426388888888889,0.0,0.0,0.0
10.427777777777777,0.0,0.0,0.0
10.429166666666667,0.0,0.0,0.0
10.430555555555555,0.0,0.0,0.0
10.431944444444444,0.0,0.0,0.0
10.433333333333334,0.0,0.0,0.0
10.434722222222222,0.0,0.0,0.0
10.436111111111112,0.0,0.0,0.0
10.4375,0.0,0.0,0.0
10.438888888888888,0.0,0.0,0.0
10.440277777777778,0.0,0.0,0.0
10.441666666666666,0.0,0.0,0.0
10.443055555555556,0.0,0.0,0.0
10.444444444444445,0.0,0.0,0.0
10.445833333333333,0.0,0.0,0.0
10.447222222222223,0.0,0.0,0.0
10.448611111111111,0.0,0.0,0.0
10.45,0.0,0.0,0.0
10.45138888888889,0.0,0.0,0.0
10.452777777777778,0.0,0.0,0.0
10.454166666666667,0.0,0.0,0.0
10.455555555555556,0.0,0.0,0.0
10.456944444444444,0.0,0.0,0.0
10.458333333333334,0.0,0.0,0.0
10.459722222222222,0.0,0.0,0.0
10.46111111111111,0.0,0.0,0.0
10.4625,0.0,0.0,0.0
10.463888888888889,0.0,0.0,0.0
10.465277777777779,0.0,0.0,0.0
10.466666666666667,0.0,0.0,0.0
10.468055555555555,0.0,0.0,0.0
10.469444444444445,0.0,0.0,0.0
10.470833333333333,0.0,0.0,0.0
10.472222222222221,0.0,0.0,0.0
10.473611111111111,0.0,0.0,0.0
10.475,0.0,0.0,0.0
10.47638888888889,0.0,0.0,0.0
10.477777777777778,0.0,0.0,0.0
10.479166666666666,0.0,0.0,0.0
10.480555555555556,0.0,0.0,0.0
10.481944444444444,0.0,0.0,0.0
10.483333333333333,0.0,0.0,0.0
10.484722222222222,0.0,0.0,0.0
10.48611111111111,0.0,0.0,0.0
10.4875,0.0,0.0,0.0
10.488888888888889,0.0,0.0,0.0
10.490277777777777,0.0,0.0,0.0
10.491666666666667,0.0,0.0,0.0
10.493055555555555,0.0,0.0,0.0
10.494444444444444,0.0,0.0,0.0
10.495833333333334,0.0,0.0,0.0
10.497222222222222,0.0,0.0,0.0
10.498611111111112,0.0,0.0,0.0
10.5,0.0,0.0,0.0
10.501388888888888,0.0,0.0,0.0
10.502777777777778,0.0,0.0,0.0
10.504166666666666,0.0,0.0,0.0
10.505555555555556,0.0,0.0,0.0
10.506944444444445,0.0,0.0,0.0
10.508333333333333,0.0,0.0,0.0
10.509722222222223,0.0,0.0,0.0
10.511111111111111,0.0,0.0,0.0
10.5125,0.0,0.0,0.0
10.51388888888889,0.0,0.0,0.0
10.515277777777778,0.0,0.0,0.0
10.516666666666667,0.0,0.0,0.0
10.518055555555556,0.0,0.0,0.0
10.519444444444444,0.0,0.0,0.0
10.520833333333334,0.0,0.0,0.0
10.522222222222222,0.0,0.0,0.0
10.52361111111111,0.0,0.0,0.0
10.525,0.0,0.0,0.0
10.526388888888889,0.0,0.0,0.0
10.527777777777779,0.0,0.0,0.0
10.529166666666667,0.0,0.0,0.0
10.530555555555555,0.0,0.0,0.0
10.531944444444445,0.0,0.0,0.0
10.533333333333333,0.0,0.0,0.0
10.534722222222221,0.0,0.0,0.0
10.536111111111111,0.0,0.0,0.0
10.5375,0.0,0.0,0.0
10.53888888888889,0.0,0.0,0.0
10.540277777777778,0.0,0.0,0.0
10.541666666666666,0.0,0.0,0.0
10.543055555555556,0.0,0.0,0.0
10.544444444444444,0.0,0.0,0.0
10.545833333333333,0.0,0.0,0.0
10.547222222222222,0.0,0.0,0.0
10.54861111111111,0.0,0.0,0.0
10.55,0.0,0.0,0.0
10.551388888888889,0.0,0.0,0.0
10.552777777777777,0.0,0.0,0.0
10.554166666666667,0.0,0.0,0.0
10.555555555555555,0.0,0.0,0.0
10.556944444444444,0.0,0.0,0.0
10.558333333333334,0.0,0.0,0.0
10.559722222222222,0.0,0.0,0.0
10.561111111111112,0.0,0.0,0.0
10.5625,0.0,0.0,0.0
10.563888888888888,0.0,0.0,0.0
10.565277777777778,0.0,0.0,0.0
10.566666666666666,0.0,0.0,0.0
10.568055555555556,0.0,0.0,0.0
10.569444444444445,0.0,0.0,0.0
10.570833333333333,0.0,0.0,0.0
10.572222222222223,0.0,0.0,0.0
10.573611111111111,0.0,0.0,0.0
10.575,0.0,0.0,0.0
10.57638888888889,0.0,0.0,0.0
10.577777777777778,0.0,0.0,0.0
10.579166666666667,0.0,0.0,0.0
10.580555555555556,0.0,0.0,0.0
10.581944444444444,0.0,0.0,0.0
10.583333333333334,0.0,0.0,0.0
10.584722222222222,0.0,0.0,0.0
10.58611111111111,0.0,0.0,0.0
10.5875,0.0,0.0,0.0
10.588888888888889,0.0,0.0,0.0
10.590277777777779,0.0,0.0,0.0
10.591666666666667,0.0,0.0,0.0
10.593055555555555,0.0,0.0,0.0
10.594444444444445,0.0,0.0,0.0
10.595833333333333,0.0,0.0,0.0
10.597222222222221,0.0,0.0,0.0
10.598611111111111,0.0,0.0,0.0
10.6,0.0,0.0,0.0
10.60138888888889,0.0,0.0,0.0
10.602777777777778,0.0,0.0,0.0
10.604166666666666,0.0,0.0,0.0
10.605555555555556,0.0,0.0,0.0
10.606944444444444,0.0,0.0,0.0
10.608333333333333,0.0,0.0,0.0
10.609722222222222,0.0,0.0,0.0
10.61111111111111,0.0,0.0,0.0
10.6125,0.0,0.0,0.0
10.613888888888889,0.0,0.0,0.0
10.615277777777777,0.0,0.0,0.0
10.616666666666667,0.0,0.0,0.0
10.618055555555555,0.0,0.0,0.0
10.619444444444444,0.0,0.0,0.0
10.620833333333334,0.0,0.0,0.0
10.622222222222222,0.0,0.0,0.0
10.623611111111112,0.0,0.0,0.0
10.625,0.0,0.0,0.0
10.626388888888888,0.0,0.0,0.0
10.627777777777778,0.0,0.0,0.0
10.629166666666666,0.0,0.0,0.0
10.630555555555556,0.0,0.0,0.0
10.631944444444445,0.0,0.0,0.0
10.633333333333333,0.0,0.0,0.0
10.634722222222223,0.0,0.0,0.0
10.636111111111111,0.0,0.0,0.0
10.6375,0.0,0.0,0.0
10.63888888888889,0.0,0.0,0.0
10.640277777777778,0.0,0.0,0.0
10.641666666666667,0.0,0.0,0.0
10.643055555555556,0.0,0.0,0.0
10.644444444444444,0.0,0.0,0.0
10.645833333333334,0.0,0.0,0.0
10.647222222222222,0.0,0.0,0.0
10.64861111111111,0.0,0.0,0.0
10.65,0.0,0.0,0.0
10.651388888888889,0.0,0.0,0.0
10.652777777777779,0.0,0.0,0.0
10.654166666666667,0.0,0.0,0.0
10.655555555555555,0.0,0.0,0.0
10.656944444444445,0.0,0.0,0.0
10.658333333333333,0.0,0.0,0.0
10.659722222222221,0.0,0.0,0.0
10.661111111111111,0.0,0.0,0.0
10.6625,0.0,0.0,0.0
10.66388888888889,0.0,0.0,0.0
10.665277777777778,0.0,0.0,0.0
10.666666666666666,0.0,0.0,0.0
10.668055555555556,0.0,0.0,0.0
10.669444444444444,0.0,0.0,0.0
10.670833333333333,0.0,0.0,0.0
10.672222222222222,0.0,0.0,0.0
10.67361111111111,0.0,0.0,0.0
10.675,0.0,0.0,0.0
10.676388888888889,0.0,0.0,0.0
10.677777777777777,0.0,0.0,0.0
10.679166666666667,0.0,0.0,0.0
10.680555555555555,0.0,0.0,0.0
10.681944444444444,0.0,0.0,0.0
10.683333333333334,0.0,0.0,0.0
10.684722222222222,0.0,0.0,0.0
10.686111111111112,0.0,0.0,0.0
10.6875,0.0,0.0,0.0
10.688888888888888,0.0,0.0,0.0
10.690277777777778,0.0,0.0,0.0
10.691666666666666,0.0,0.0,0.0
10.693055555555556,0.0,0.0,0.0
10.694444444444445,0.0,0.0,0.0
10.695833333333333,0.0,0.0,0.0
10.697222222222223,0.0,0.0,0.0
10.698611111111111,0.0,0.0,0.0
10.7,0.0,0.0,0.0
10.70138888888889,0.0,0.0,0.0
10.702777777777778,0.0,0.0,0.0
10.704166666666667,0.0,0.0,0.0
10.705555555555556,0.0,0.0,0.0
10.706944444444444,0.0,0.0,0.0
10.708333333333334,0.0,0.0,0.0
10.709722222222222,0.0,0.0,0.0
10.71111111111111,0.0,0.0,0.0
10.7125,0.0,0.0,0.0
10.713888888888889,0.0,0.0,0.0
10.715277777777779,0.0,0.0,0.0
10.716666666666667,0.0,0.0,0.0
10.718055555555555,0.0,0.0,0.0
10.719444444444445,0.0,0.0,0.0
10.720833333333333,0.0,0.0,0.0
10.722222222222221,0.0,0.0,0.0
10.723611111111111,0.0,0.0,0.0
10.725,0.0,0.0,0.0
10.72638888888889,0.0,0.0,0.0
10.727777777777778,0.0,0.0,0.0
10.729166666666666,0.0,0.0,0.0
10.730555555555556,0.0,0.0,0.0
10.731944444444444,0.0,0.0,0.0
10.733333333333333,0.0,0.0,0.0
10.734722222222222,0.0,0.0,0.0
10.73611111111111,0.0,0.0,0.0
10.7375,0.0,0.0,0.0
10.738888888888889,0.0,0.0,0.0
10.740277777777777,0.0,0.0,0.0
10.741666666666667,0.0,0.0,0.0
10.743055555555555,0.0,0.0,0.0
10.744444444444444,0.0,0.0,0.0
10.745833333333334,0.0,0.0,0.0
10.747222222222222,0.0,0.0,0.0
10.748611111111112,0.0,0.0,0.0
10.75,0.0,0.0,0.0
10.751388888888888,0.0,0.0,0.0
10.752777777777778,0.0,0.0,0.0
10.754166666666666,0.0,0.0,0.0
10.755555555555556,0.0,0.0,0.0
10.756944444444445,0.0,0.0,0.0
10.758333333333333,0.0,0.0,0.0
10.759722222222223,0.0,0.0,0.0
10.761111111111111,0.0,0.0,0.0
10.7625,0.0,0.0,0.0
10.76388888888889,0.0,0.0,0.0
10.765277777777778,0.0,0.0,0.0
10.766666666666667,0.0,0.0,0.0
10.768055555555556,0.0,0.0,0.0
10.769444444444444,0.0,0.0,0.0
10.770833333333334,0.0,0.0,0.0
10.772222222222222,0.0,0.0,0.0
10.77361111111111,0.0,0.0,0.0
10.775,0.0,0.0,0.0
10.776388888888889,0.0,0.0,0.0
10.777777777777779,0.0,0.0,0.0
10.779166666666667,0.0,0.0,0.0
10.780555555555555,0.0,0.0,0.0
10.781944444444445,0.0,0.0,0.0
10.783333333333333,0.0,0.0,0.0
10.784722222222221,0.0,0.0,0.0
10.786111111111111,0.0,0.0,0.0
10.7875,0.0,0.0,0.0
10.78888888888889,0.0,0.0,0.0
10.790277777777778,0.0,0.0,0.0
10.791666666666666,0.0,0.0,0.0
10.793055555555556,0.0,0.0,0.0
10.794444444444444,0.0,0.0,0.0
10.795833333333333,0.0,0.0,0.0
10.797222222222222,0.0,0.0,0.0
10.79861111111111,0.0,0.0,0.0
10.8,0.0,0.0,0.0
10.801388888888889,0.0,0.0,0.0
10.802777777777777,0.0,0.0,0.0
10.804166666666667,0.0,0.0,0.0
10.805555555555555,0.0,0.0,0.0
10.806944444444444,0.0,0.0,0.0
10.808333333333334,0.0,0.0,0.0
10.809722222222222,0.0,0.0,0.0
10.811111111111112,0.0,0.0,0.0
10.8125,0.0,0.0,0.0
10.813888888888888,0.0,0.0,0.0
10.815277777777778,0.0,0.0,0.0
10.816666666666666,0.0,0.0,0.0
10.818055555555556,0.0,0.0,0.0
10.819444444444445,0.0,0.0,0.0
10.820833333333333,0.0,0.0,0.0
10.822222222222223,0.0,0.0,0.0
10.823611111111111,0.0,0.0,0.0
10.825,0.0,0.0,0.0
10.82638888888889,0.0,0.0,0.0
10.827777777777778,0.0,0.0,0.0
10.829166666666667,0.0,0.0,0.0
10.830555555555556,0.0,0.0,0.0
10.831944444444444,0.0,0.0,0.0
10.833333333333334,0.0,0.0,0.0
10.834722222222222,0.0,0.0,0.0
10.83611111111111,0.0,0.0,0.0
10.8375,0.0,0.0,0.0
10.838888888888889,0.0,0.0,0.0
10.840277777777779,0.0,0.0,0.0
10.841666666666667,0.0,0.0,0.0
10.843055555555555,0.0,0.0,0.0
10.844444444444445,0.0,0.0,0.0
10.845833333333333,0.0,0.0,0.0
10.847222222222221,0.0,0.0,0.0
10.848611111111111,0.0,0.0,0.0
10.85,0.0,0.0,0.0
10.85138888888889,0.0,0.0,0.0
10.852777777777778,0.0,0.0,0.0
10.854166666666666,0.0,0.0,0.0
10.855555555555556,0.0,0.0,0.0
10.856944444444444,0.0,0.0,0.0
10.858333333333333,0.0,0.0,0.0
10.859722222222222,0.0,0.0,0.0
10.86111111111111,0.0,0.0,0.0
10.8625,0.0,0.0,0.0
10.863888888888889,0.0,0.0,0.0
10.865277777777777,0.0,0.0,0.0
10.866666666666667,0.0,0.0,0.0
10.868055555555555,0.0,0.0,0.0
10.869444444444444,0.0,0.0,0.0
10.870833333333334,0.0,0.0,0.0
10.872222222222222,0.0,0.0,0.0
10.873611111111112,0.0,0.0,0.0
10.875,0.0,0.0,0.0
10.876388888888888,0.0,0.0,0.0
10.877777777777778,0.0,0.0,0.0
10.879166666666666,0.0,0.0,0.0
10.880555555555556,0.0,0.0,0.0
10.881944444444445,0.0,0.0,0.0
10.883333333333333,0.0,0.0,0.0
10.884722222222223,0.0,0.0,0.0
10.886111111111111,0.0,0.0,0.0
10.8875,0.0,0.0,0.0
10.88888888888889,0.0,0.0,0.0
10.890277777777778,0.0,0.0,0.0
10.891666666666667,0.0,0.0,0.0
10.893055555555556,0.0,0.0,0.0
10.894444444444444,0.0,0.0,0.0
10.895833333333334,0.0,0.0,0.0
10.897222222222222,0.0,0.0,0.0
10.89861111111111,0.0,0.0,0.0
10.9,0.0,0.0,0.0
10.901388888888889,0.0,0.0,0.0
10.902777777777779,0.0,0.0,0.0
10.904166666666667,0.0,0.0,0.0
10.905555555555555,0.0,0.0,0.0
10.906944444444445,0.0,0.0,0.0
10.908333333333333,0.0,0.0,0.0
10.909722222222221,0.0,0.0,0.0
10.911111111111111,0.0,0.0,0.0
10.9125,0.0,0.0,0.0
10.91388888888889,0.0,0.0,0.0
10.915277777777778,0.0,0.0,0.0
10.916666666666666,0.0,0.0,0.0
10.918055555555556,0.0,0.0,0.0
10.919444444444444,0.0,0.0,0.0
10.920833333333333,0.0,0.0,0.0
10.922222222222222,0.0,0.0,0.0
10.92361111111111,0.0,0.0,0.0
10.925,0.0,0.0,0.0
10.926388888888889,0.0,0.0,0.0
10.927777777777777,0.0,0.0,0.0
10.929166666666667,0.0,0.0,0.0
10.930555555555555,0.0,0.0,0.0
10.931944444444444,0.0,0.0,0.0
10.933333333333334,0.0,0.0,0.0
10.934722222222222,0.0,0.0,0.0
10.936111111111112,0.0,0.0,0.0
10.9375,0.0,0.0,0.0
10.938888888888888,0.0,0.0,0.0
10.940277777777778,0.0,0.0,0.0
10.941666666666666,0.0,0.0,0.0
10.943055555555556,0.0,0.0,0.0
10.944444444444445,0.0,0.0,0.0
10.945833333333333,0.0,0.0,0.0
10.947222222222223,0.0,0.0,0.0
10.948611111111111,0.0,0.0,0.0
10.95,0.0,0.0,0.0
10.95138888888889,0.0,0.0,0.0
10.952777777777778,0.0,0.0,0.0
10.954166666666667,0.0,0.0,0.0
10.955555555555556,0.0,0.0,0.0
10.956944444444444,0.0,0.0,0.0
10.958333333333334,0.0,0.0,0.0
10.959722222222222,0.0,0.0,0.0
10.96111111111111,0.0,0.0,0.0
10.9625,0.0,0.0,0.0
10.963888888888889,0.0,0.0,0.0
10.965277777777779,0.0,0.0,0.0
10.966666666666667,0.0,0.0,0.0
10.968055555555555,0.0,0.0,0.0
10.969444444444445,0.0,0.0,0.0
10.970833333333333,0.0,0.0,0.0
10.972222222222221,0.0,0.0,0.0
10.973611111111111,0.0,0.0,0.0
10.975,0.0,0.0,0.0
10.97638888888889,0.0,0.0,0.0
10.977777777777778,0.0,0.0,0.0
10.979166666666666,0.0,0.0,0.0
10.980555555555556,0.0,0.0,0.0
10.981944444444444,0.0,0.0,0.0
10.983333333333333,0.0,0.0,0.0
10.984722222222222,0.0,0.0,0.0
10.98611111111111,0.0,0.0,0.0
10.9875,0.0,0.0,0.0
10.988888888888889,0.0,0.0,0.0
10.990277777777777,0.0,0.0,0.0
10.991666666666667,0.0,0.0,0.0
10.993055555555555,0.0,0.0,0.0
10.994444444444444,0.0,0.0,0.0
10.995833333333334,0.0,0.0,0.0
10.997222222222222,0.0,0.0,0.0
10.998611111111112,0.0,0.0,0.0
11.0,0.0,0.0,0.0
11.001388888888888,0.0,0.0,0.0
11.002777777777778,0.0,0.0,0.0
11.004166666666666,0.0,0.0,0.0
11.005555555555556,0.0,0.0,0.0
11.006944444444445,0.0,0.0,0.0
11.008333333333333,0.0,0.0,0.0
11.009722222222223,0.0,0.0,0.0
11.011111111111111,0.0,0.0,0.0
11.0125,0.0,0.0,0.0
11.01388888888889,0.0,0.0,0.0
11.015277777777778,0.0,0.0,0.0
11.016666666666667,0.0,0.0,0.0
11.018055555555556,0.0,0.0,0.0
11.019444444444444,0.0,0.0,0.0
11.020833333333334,0.0,0.0,0.0
11.022222222222222,0.0,0.0,0.0
11.02361111111111,0.0,0.0,0.0
11.025,0.0,0.0,0.0
11.026388888888889,0.0,0.0,0.0
11.027777777777779,0.0,0.0,0.0
11.029166666666667,0.0,0.0,0.0
11.030555555555555,0.0,0.0,0.0
11.031944444444445,0.0,0.0,0.0
11.033333333333333,0.0,0.0,0.0
11.034722222222221,0.0,0.0,0.0
11.036111111111111,0.0,0.0,0.0
11.0375,0.0,0.0,0.0
11.03888888888889,0.0,0.0,0.0
11.040277777777778,0.0,0.0,0.0
11.041666666666666,0.0,0.0,0.0
11.043055555555556,0.0,0.0,0.0
11.044444444444444,0.0,0.0,0.0
11.045833333333333,0.0,0.0,0.0
11.047222222222222,0.0,0.0,0.0
11.04861111111111,0.0,0.0,0.0
11.05,0.0,0.0,0.0
11.051388888888889,0.0,0.0,0.0
11.052777777777777,0.0,0.0,0.0
11.054166666666667,0.0,0.0,0.0
11.055555555555555,0.0,0.0,0.0
11.056944444444444,0.0,0.0,0.0
11.058333333333334,0.0,0.0,0.0
11.059722222222222,0.0,0.0,0.0
11.061111111111112,0.0,0.0,0.0
11.0625,0.0,0.0,0.0
11.063888888888888,0.0,0.0,0.0
11.065277777777778,0.0,0.0,0.0
11.066666666666666,0.0,0.0,0.0
11.068055555555556,0.0,0.0,0.0
11.069444444444445,0.0,0.0,0.0
11.070833333333333,0.0,0.0,0.0
11.072222222222223,0.0,0.0,0.0
11.073611111111111,0.0,0.0,0.0
11.075,0.0,0.0,0.0
11.07638888888889,0.0,0.0,0.0
11.077777777777778,0.0,0.0,0.0
11.079166666666667,0.0,0.0,0.0
11.080555555555556,0.0,0.0,0.0
11.081944444444444,0.0,0.0,0.0
11.083333333333334,0.0,0.0,0.0
11.084722222222222,0.0,0.0,0.0
11.08611111111111,0.0,0.0,0.0
11.0875,0.0,0.0,0.0
11.088888888888889,0.0,0.0,0.0
11.090277777777779,0.0,0.0,0.0
11.091666666666667,0.0,0.0,0.0
11.093055555555555,0.0,0.0,0.0
11.094444444444445,0.0,0.0,0.0
11.095833333333333,0.0,0.0,0.0
11.097222222222221,0.0,0.0,0.0
11.098611111111111,0.0,0.0,0.0
11.1,0.0,0.0,0.0
11.10138888888889,0.0,0.0,0.0
11.102777777777778,0.0,0.0,0.0
11.104166666666666,0.0,0.0,0.0
11.105555555555556,0.0,0.0,0.0
11.106944444444444,0.0,0.0,0.0
11.108333333333333,0.0,0.0,0.0
11.109722222222222,0.0,0.0,0.0
11.11111111111111,0.0,0.0,0.0
11.1125,0.0,0.0,0.0
11.113888888888889,0.0,0.0,0.0
11.115277777777777,0.0,0.0,0.0
11.116666666666667,0.0,0.0,0.0
11.118055555555555,0.0,0.0,0.0
11.119444444444444,0.0,0.0,0.0
11.120833333333334,0.0,0.0,0.0
11.122222222222222,0.0,0.0,0.0
11.123611111111112,0.0,0.0,0.0
11.125,0.0,0.0,0.0
11.126388888888888,0.0,0.0,0.0
11.127777777777778,0.0,0.0,0.0
11.129166666666666,0.0,0.0,0.0
11.130555555555556,0.0,0.0,0.0
11.131944444444445,0.0,0.0,0.0
11.133333333333333,0.0,0.0,0.0
11.134722222222223,0.0,0.0,0.0
11.136111111111111,0.0,0.0,0.0
11.1375,0.0,0.0,0.0
11.13888888888889,0.0,0.0,0.0
11.140277777777778,0.0,0.0,0.0
11.141666666666667,0.0,0.0,0.0
11.143055555555556,0.0,0.0,0.0
11.144444444444444,0.0,0.0,0.0
11.145833333333334,0.0,0.0,0.0
11.147222222222222,0.0,0.0,0.0
11.14861111111111,0.0,0.0,0.0
11.15,0.0,0.0,0.0
11.151388888888889,0.0,0.0,0.0
11.152777777777779,0.0,0.0,0.0
11.154166666666667,0.0,0.0,0.0
11.155555555555555,0.0,0.0,0.0
11.156944444444445,0.0,0.0,0.0
11.158333333333333,0.0,0.0,0.0
11.159722222222221,0.0,0.0,0.0
11.161111111111111,0.0,0.0,0.0
11.1625,0.0,0.0,0.0
11.16388888888889,0.0,0.0,0.0
11.165277777777778,0.0,0.0,0.0
11.166666666666666,0.0,0.0,0.0
11.168055555555556,0.0,0.0,0.0
11.169444444444444,0.0,0.0,0.0
11.170833333333333,0.0,0.0,0.0
11.172222222222222,0.0,0.0,0.0
11.17361111111111,0.0,0.0,0.0
11.175,0.0,0.0,0.0
11.176388888888889,0.0,0.0,0.0
11.177777777777777,0.0,0.0,0.0
11.179166666666667,0.0,0.0,0.0
11.180555555555555,0.0,0.0,0.0
11.181944444444444,0.0,0.0,0.0
11.183333333333334,0.0,0.0,0.0
11.184722222222222,0.0,0.0,0.0
11.186111111111112,0.0,0.0,0.0
11.1875,0.0,0.0,0.0
11.188888888888888,0.0,0.0,0.0
11.190277777777778,0.0,0.0,0.0
11.191666666666666,0.0,0.0,0.0
11.193055555555556,0.0,0.0,0.0
11.194444444444445,0.0,0.0,0.0
11.195833333333333,0.0,0.0,0.0
11.197222222222223,0.0,0.0,0.0
11.198611111111111,0.0,0.0,0.0
11.2,0.0,0.0,0.0
11.20138888888889,0.0,0.0,0.0
11.202777777777778,0.0,0.0,0.0
11.204166666666667,0.0,0.0,0.0
11.205555555555556,0.0,0.0,0.0
11.206944444444444,0.0,0.0,0.0
11.208333333333334,0.0,0.0,0.0
11.209722222222222,0.0,0.0,0.0
11.21111111111111,0.0,0.0,0.0
11.2125,0.0,0.0,0.0
11.213888888888889,0.0,0.0,0.0
11.215277777777779,0.0,0.0,0.0
11.216666666666667,0.0,0.0,0.0
11.218055555555555,0.0,0.0,0.0
11.219444444444445,0.0,0.0,0.0
11.220833333333333,0.0,0.0,0.0
11.222222222222221,0.0,0.0,0.0
11.223611111111111,0.0,0.0,0.0
11.225,0.0,0.0,0.0
11.22638888888889,0.0,0.0,0.0
11.227777777777778,0.0,0.0,0.0
11.229166666666666,0.0,0.0,0.0
11.230555555555556,0.0,0.0,0.0
11.231944444444444,0.0,0.0,0.0
11.233333333333333,0.0,0.0,0.0
11.234722222222222,0.0,0.0,0.0
11.23611111111111,0.0,0.0,0.0
11.2375,0.0,0.0,0.0
11.238888888888889,0.0,0.0,0.0
11.240277777777777,0.0,0.0,0.0
11.241666666666667,0.0,0.0,0.0
11.243055555555555,0.0,0.0,0.0
11.244444444444444,0.0,0.0,0.0
11.245833333333334,0.0,0.0,0.0
11.247222222222222,0.0,0.0,0.0
11.248611111111112,0.0,0.0,0.0
11.25,0.0,0.0,0.0
11.251388888888888,0.0,0.0,0.0
11.252777777777778,0.0,0.0,0.0
11.254166666666666,0.0,0.0,0.0
11.255555555555556,0.0,0.0,0.0
11.256944444444445,0.0,0.0,0.0
11.258333333333333,0.0,0.0,0.0
11.259722222222223,0.0,0.0,0.0
11.261111111111111,0.0,0.0,0.0
11.2625,0.0,0.0,0.0
11.26388888888889,0.0,0.0,0.0
11.265277777777778,0.0,0.0,0.0
11.266666666666667,0.0,0.0,0.0
11.268055555555556,0.0,0.0,0.0
11.269444444444444,0.0,0.0,0.0
11.270833333333334,0.0,0.0,0.0
11.272222222222222,0.0,0.0,0.0
11.27361111111111,0.0,0.0,0.0
11.275,0.0,0.0,0.0
11.276388888888889,0.0,0.0,0.0
11.277777777777779,0.0,0.0,0.0
11.279166666666667,0.0,0.0,0.0
11.280555555555555,0.0,0.0,0.0
11.281944444444445,0.0,0.0,0.0
11.283333333333333,0.0,0.0,0.0
11.284722222222221,0.0,0.0,0.0
11.286111111111111,0.0,0.0,0.0
11.2875,0.0,0.0,0.0
11.28888888888889,0.0,0.0,0.0
11.290277777777778,0.0,0.0,0.0
11.291666666666666,0.0,0.0,0.0
11.293055555555556,0.0,0.0,0.0
11.294444444444444,0.0,0.0,0.0
11.295833333333333,0.0,0.0,0.0
11.297222222222222,0.0,0.0,0.0
11.29861111111111,0.0,0.0,0.0
11.3,0.0,0.0,0.0
11.301388888888889,0.0,0.0,0.0
11.302777777777777,0.0,0.0,0.0
11.304166666666667,0.0,0.0,0.0
11.305555555555555,0.0,0.0,0.0
11.306944444444444,0.0,0.0,0.0
11.308333333333334,0.0,0.0,0.0
11.309722222222222,0.0,0.0,0.0
11.311111111111112,0.0,0.0,0.0
11.3125,0.0,0.0,0.0
11.313888888888888,0.0,0.0,0.0
11.315277777777778,0.0,0.0,0.0
11.316666666666666,0.0,0.0,0.0
11.318055555555556,0.0,0.0,0.0
11.319444444444445,0.0,0.0,0.0
11.320833333333333,0.0,0.0,0.0
11.322222222222223,0.0,0.0,0.0
11.323611111111111,0.0,0.0,0.0
11.325,0.0,0.0,0.0
11.32638888888889,0.0,0.0,0.0
11.327777777777778,0.0,0.0,0.0
11.329166666666667,0.0,0.0,0.0
11.330555555555556,0.0,0.0,0.0
11.331944444444444,0.0,0.0,0.0
11.333333333333334,0.0,0.0,0.0
11.334722222222222,0.0,0.0,0.0
11.33611111111111,0.0,0.0,0.0
11.3375,0.0,0.0,0.0
11.338888888888889,0.0,0.0,0.0
11.340277777777779,0.0,0.0,0.0
11.341666666666667,0.0,0.0,0.0
11.343055555555555,0.0,0.0,0.0
11.344444444444445,0.0,0.0,0.0
11.345833333333333,0.0,0.0,0.0
11.347222222222221,0.0,0.0,0.0
11.348611111111111,0.0,0.0,0.0
11.35,0.0,0.0,0.0
11.35138888888889,0.0,0.0,0.0
11.352777777777778,0.0,0.0,0.0
11.354166666666666,0.0,0.0,0.0
11.355555555555556,0.0,0.0,0.0
11.356944444444444,0.0,0.0,0.0
11.358333333333333,0.0,0.0,0.0
11.359722222222222,0.0,0.0,0.0
11.36111111111111,0.0,0.0,0.0
11.3625,0.0,0.0,0.0
11.363888888888889,0.0,0.0,0.0
11.365277777777777,0.0,0.0,0.0
11.366666666666667,0.0,0.0,0.0
11.368055555555555,0.0,0.0,0.0
11.369444444444444,0.0,0.0,0.0
11.370833333333334,0.0,0.0,0.0
11.372222222222222,0.0,0.0,0.0
11.373611111111112,0.0,0.0,0.0
11.375,0.0,0.0,0.0
11.376388888888888,0.0,0.0,0.0
11.377777777777778,0.0,0.0,0.0
11.379166666666666,0.0,0.0,0.0
11.380555555555556,0.0,0.0,0.0
11.381944444444445,0.0,0.0,0.0
11.383333333333333,0.0,0.0,0.0
11.384722222222223,0.0,0.0,0.0
11.386111111111111,0.0,0.0,0.0
11.3875,0.0,0.0,0.0
11.38888888888889,0.0,0.0,0.0
11.390277777777778,0.0,0.0,0.0
11.391666666666667,0.0,0.0,0.0
11.393055555555556,0.0,0.0,0.0
11.394444444444444,0.0,0.0,0.0
11.395833333333334,0.0,0.0,0.0
11.397222222222222,0.0,0.0,0.0
11.39861111111111,0.0,0.0,0.0
11.4,0.0,0.0,0.0
11.401388888888889,0.0,0.0,0.0
11.402777777777779,0.0,0.0,0.0
11.404166666666667,0.0,0.0,0.0
11.405555555555555,0.0,0.0,0.0
11.406944444444445,0.0,0.0,0.0
11.408333333333333,0.0,0.0,0.0
11.409722222222221,0.0,0.0,0.0
11.411111111111111,0.0,0.0,0.0
11.4125,0.0,0.0,0.0
11.41388888888889,0.0,0.0,0.0
11.415277777777778,0.0,0.0,0.0
11.416666666666666,0.0,0.0,0.0
11.418055555555556,0.0,0.0,0.0
11.419444444444444,0.0,0.0,0.0
11.420833333333333,0.0,0.0,0.0
11.422222222222222,0.0,0.0,0.0
11.42361111111111,0.0,0.0,0.0
11.425,0.0,0.0,0.0
11.426388888888889,0.0,0.0,0.0
11.427777777777777,0.0,0.0,0.0
11.429166666666667,0.0,0.0,0.0
11.430555555555555,0.0,0.0,0.0
11.431944444444444,0.0,0.0,0.0
11.433333333333334,0.0,0.0,0.0
11.434722222222222,0.0,0.0,0.0
11.436111111111112,0.0,0.0,0.0
11.4375,0.0,0.0,0.0
11.438888888888888,0.0,0.0,0.0
11.440277777777778,0.0,0.0,0.0
11.441666666666666,0.0,0.0,0.0
11.443055555555556,0.0,0.0,0.0
11.444444444444445,0.0,0.0,0.0
11.445833333333333,0.0,0.0,0.0
11.447222222222223,0.0,0.0,0.0
11.448611111111111,0.0,0.0,0.0
11.45,0.0,0.0,0.0
11.45138888888889,0.0,0.0,0.0
11.452777777777778,0.0,0.0,0.0
11.454166666666667,0.0,0.0,0.0
11.455555555555556,0.0,0.0,0.0
11.456944444444444,0.0,0.0,0.0
11.458333333333334,0.0,0.0,0.0
11.459722222222222,0.0,0.0,0.0
11.46111111111111,0.0,0.0,0.0
11.4625,0.0,0.0,0.0
11.463888888888889,0.0,0.0,0.0
11.465277777777779,0.0,0.0,0.0
11.466666666666667,0.0,0.0,0.0
11.468055555555555,0.0,0.0,0.0
11.469444444444445,0.0,0.0,0.0
11.470833333333333,0.0,0.0,0.0
11.472222222222221,0.0,0.0,0.0
11.473611111111111,0.0,0.0,0.0
11.475,0.0,0.0,0.0
11.47638888888889,0.0,0.0,0.0
11.477777777777778,0.0,0.0,0.0
11.479166666666666,0.0,0.0,0.0
11.480555555555556,0.0,0.0,0.0
11.481944444444444,0.0,0.0,0.0
11.483333333333333,0.0,0.0,0.0
11.484722222222222,0.0,0.0,0.0
11.48611111111111,0.0,0.0,0.0
11.4875,0.0,0.0,0.0
11.488888888888889,0.0,0.0,0.0
11.490277777777777,0.0,0.0,0.0
11.491666666666667,0.0,0.0,0.0
11.493055555555555,0.0,0.0,0.0
11.494444444444444,0.0,0.0,0.0
11.495833333333334,0.0,0.0,0.0
11.497222222222222,0.0,0.0,0.0
11.498611111111112,0.0,0.0,0.0
11.5,0.0,0.0,0.0
11.501388888888888,0.0,0.0,0.0
11.502777777777778,0.0,0.0,0.0
11.504166666666666,0.0,0.0,0.0
11.505555555555556,0.0,0.0,0.0
11.506944444444445,0.0,0.0,0.0
11.508333333333333,0.0,0.0,0.0
11.509722222222223,0.0,0.0,0.0
11.511111111111111,0.0,0.0,0.0
11.5125,0.0,0.0,0.0
11.51388888888889,0.0,0.0,0.0
11.515277777777778,0.0,0.0,0.0
11.516666666666667,0.0,0.0,0.0
11.518055555555556,0.0,0.0,0.0
11.519444444444444,0.0,0.0,0.0
11.520833333333334,0.0,0.0,0.0
11.522222222222222,0.0,0.0,0.0
11.52361111111111,0.0,0.0,0.0
11.525,0.0,0.0,0.0
11.526388888888889,0.0,0.0,0.0
11.527777777777779,0.0,0.0,0.0
11.529166666666667,0.0,0.0,0.0
11.530555555555555,0.0,0.0,0.0
11.531944444444445,0.0,0.0,0.0
11.533333333333333,0.0,0.0,0.0
11.534722222222221,0.0,0.0,0.0
11.536111111111111,0.0,0.0,0.0
11.5375,0.0,0.0,0.0
11.53888888888889,0.0,0.0,0.0
11.540277777777778,0.0,0.0,0.0
11.541666666666666,0.0,0.0,0.0
11.543055555555556,0.0,0.0,0.0
11.544444444444444,0.0,0.0,0.0
11.545833333333333,0.0,0.0,0.0
11.547222222222222,0.0,0.0,0.0
11.54861111111111,0.0,0.0,0.0
11.55,0.0,0.0,0.0
11.551388888888889,0.0,0.0,0.0
11.552777777777777,0.0,0.0,0.0
11.554166666666667,0.0,0.0,0.0
11.555555555555555,0.0,0.0,0.0
11.556944444444444,0.0,0.0,0.0
11.558333333333334,0.0,0.0,0.0
11.559722222222222,0.0,0.0,0.0
11.561111111111112,0.0,0.0,0.0
11.5625,0.0,0.0,0.0
11.563888888888888,0.0,0.0,0.0
11.565277777777778,0.0,0.0,0.0
11.566666666666666,0.0,0.0,0.0
11.568055555555556,0.0,0.0,0.0
11.569444444444445,0.0,0.0,0.0
11.570833333333333,0.0,0.0,0.0
11.572222222222223,0.0,0.0,0.0
11.573611111111111,0.0,0.0,0.0
11.575,0.0,0.0,0.0
11.57638888888889,0.0,0.0,0.0
11.577777777777778,0.0,0.0,0.0
11.579166666666667,0.0,0.0,0.0
11.580555555555556,0.0,0.0,0.0
11.581944444444444,0.0,0.0,0.0
11.583333333333334,0.0,0.0,0.0
11.584722222222222,0.0,0.0,0.0
11.58611111111111,0.0,0.0,0.0
11.5875,0.0,0.0,0.0
11.588888888888889,0.0,0.0,0.0
11.590277777777779,0.0,0.0,0.0
11.591666666666667,0.0,0.0,0.0
11.593055555555555,0.0,0.0,0.0
11.594444444444445,0.0,0.0,0.0
11.595833333333333,0.0,0.0,0.0
11.597222222222221,0.0,0.0,0.0
11.598611111111111,0.0,0.0,0.0
11.6,0.0,0.0,0.0
11.60138888888889,0.0,0.0,0.0
11.602777777777778,0.0,0.0,0.0
11.604166666666666,0.0,0.0,0.0
11.605555555555556,0.0,0.0,0.0
11.606944444444444,0.0,0.0,0.0
11.608333333333333,0.0,0.0,0.0
11.609722222222222,0.0,0.0,0.0
11.61111111111111,0.0,0.0,0.0
11.6125,0.0,0.0,0.0
11.613888888888889,0.0,0.0,0.0
11.615277777777777,0.0,0.0,0.0
11.616666666666667,0.0,0.0,0.0
11.618055555555555,0.0,0.0,0.0
11.619444444444444,0.0,0.0,0.0
11.620833333333334,0.0,0.0,0.0
11.622222222222222,0.0,0.0,0.0
11.623611111111112,0.0,0.0,0.0
11.625,0.0,0.0,0.0
11.626388888888888,0.0,0.0,0.0
11.627777777777778,0.0,0.0,0.0
11.629166666666666,0.0,0.0,0.0
11.630555555555556,0.0,0.0,0.0
11.631944444444445,0.0,0.0,0.0
11.633333333333333,0.0,0.0,0.0
11.634722222222223,0.0,0.0,0.0
11.636111111111111,0.0,0.0,0.0
11.6375,0.0,0.0,0.0
11.63888888888889,0.0,0.0,0.0
11.640277777777778,0.0,0.0,0.0
11.641666666666667,0.0,0.0,0.0
11.643055555555556,0.0,0.0,0.0
11.644444444444444,0.0,0.0,0.0
11.645833333333334,0.0,0.0,0.0
11.647222222222222,0.0,0.0,0.0
11.64861111111111,0.0,0.0,0.0
11.65,0.0,0.0,0.0
11.651388888888889,0.0,0.0,0.0
11.652777777777779,0.0,0.0,0.0
11.654166666666667,0.0,0.0,0.0
11.655555555555555,0.0,0.0,0.0
11.656944444444445,0.0,0.0,0.0
11.658333333333333,0.0,0.0,0.0
11.659722222222221,0.0,0.0,0.0
11.661111111111111,0.0,0.0,0.0
11.6625,0.0,0.0,0.0
11.66388888888889,0.0,0.0,0.0
11.665277777777778,0.0,0.0,0.0
11.666666666666666,0.0,0.0,0.0
11.668055555555556,0.0,0.0,0.0
11.669444444444444,0.0,0.0,0.0
11.670833333333333,0.0,0.0,0.0
11.672222222222222,0.0,0.0,0.0
11.67361111111111,0.0,0.0,0.0
11.675,0.0,0.0,0.0
11.676388888888889,0.0,0.0,0.0
11.677777777777777,0.0,0.0,0.0
11.679166666666667,0.0,0.0,0.0
11.680555555555555,0.0,0.0,0.0
11.681944444444444,0.0,0.0,0.0
11.683333333333334,0.0,0.0,0.0
11.684722222222222,0.0,0.0,0.0
11.686111111111112,0.0,0.0,0.0
11.6875,0.0,0.0,0.0
11.688888888888888,0.0,0.0,0.0
11.690277777777778,0.0,0.0,0.0
11.691666666666666,0.0,0.0,0.0
11.693055555555556,0.0,0.0,0.0
11.694444444444445,0.0,0.0,0.0
11.695833333333333,0.0,0.0,0.0
11.697222222222223,0.0,0.0,0.0
11.698611111111111,0.0,0.0,0.0
11.7,0.0,0.0,0.0
11.70138888888889,0.0,0.0,0.0
11.702777777777778,0.0,0.0,0.0
11.704166666666667,0.0,0.0,0.0
11.705555555555556,0.0,0.0,0.0
11.706944444444444,0.0,0.0,0.0
11.708333333333334,0.0,0.0,0.0
11.709722222222222,0.0,0.0,0.0
11.71111111111111,0.0,0.0,0.0
11.7125,0.0,0.0,0.0
11.713888888888889,0.0,0.0,0.0
11.715277777777779,0.0,0.0,0.0
11.716666666666667,0.0,0.0,0.0
11.718055555555555,0.0,0.0,0.0
11.719444444444445,0.0,0.0,0.0
11.720833333333333,0.0,0.0,0.0
11.722222222222221,0.0,0.0,0.0
11.723611111111111,0.0,0.0,0.0
11.725,0.0,0.0,0.0
11.72638888888889,0.0,0.0,0.0
11.727777777777778,0.0,0.0,0.0
11.729166666666666,0.0,0.0,0.0
11.730555555555556,0.0,0.0,0.0
11.731944444444444,0.0,0.0,0.0
11.733333333333333,0.0,0.0,0.0
11.734722222222222,0.0,0.0,0.0
11.73611111111111,0.0,0.0,0.0
11.7375,0.0,0.0,0.0
11.738888888888889,0.0,0.0,0.0
11.740277777777777,0.0,0.0,0.0
11.741666666666667,0.0,0.0,0.0
11.743055555555555,0.0,0.0,0.0
11.744444444444444,0.0,0.0,0.0
11.745833333333334,0.0,0.0,0.0
11.747222222222222,0.0,0.0,0.0
11.748611111111112,0.0,0.0,0.0
11.75,0.0,0.0,0.0
11.751388888888888,0.0,0.0,0.0
11.752777777777778,0.0,0.0,0.0
11.754166666666666,0.0,0.0,0.0
11.755555555555556,0.0,0.0,0.0
11.756944444444445,0.0,0.0,0.0
11.758333333333333,0.0,0.0,0.0
11.759722222222223,0.0,0.0,0.0
11.761111111111111,0.0,0.0,0.0
11.7625,0.0,0.0,0.0
11.76388888888889,0.0,0.0,0.0
11.765277777777778,0.0,0.0,0.0
11.766666666666667,0.0,0.0,0.0
11.768055555555556,0.0,0.0,0.0
11.769444444444444,0.0,0.0,0.0
11.770833333333334,0.0,0.0,0.0
11.772222222222222,0.0,0.0,0.0
11.77361111111111,0.0,0.0,0.0
11.775,0.0,0.0,0.0
11.776388888888889,0.0,0.0,0.0
11.777777777777779,0.0,0.0,0.0
11.779166666666667,0.0,0.0,0.0
11.780555555555555,0.0,0.0,0.0
11.781944444444445,0.0,0.0,0.0
11.783333333333333,0.0,0.0,0.0
11.784722222222221,0.0,0.0,0.0
11.786111111111111,0.0,0.0,0.0
11.7875,0.0,0.0,0.0
11.78888888888889,0.0,0.0,0.0
11.790277777777778,0.0,0.0,0.0
11.791666666666666,0.0,0.0,0.0
11.793055555555556,0.0,0.0,0.0
11.794444444444444,0.0,0.0,0.0
11.795833333333333,0.0,0.0,0.0
11.797222222222222,0.0,0.0,0.0
11.79861111111111,0.0,0.0,0.0
11.8,0.0,0.0,0.0
11.801388888888889,0.0,0.0,0.0
11.802777777777777,0.0,0.0,0.0
11.804166666666667,0.0,0.0,0.0
11.805555555555555,0.0,0.0,0.0
11.806944444444444,0.0,0.0,0.0
11.808333333333334,0.0,0.0,0.0
11.809722222222222,0.0,0.0,0.0
11.811111111111112,0.0,0.0,0.0
11.8125,0.0,0.0,0.0
11.813888888888888,0.0,0.0,0.0
11.815277777777778,0.0,0.0,0.0
11.816666666666666,0.0,0.0,0.0
11.818055555555556,0.0,0.0,0.0
11.819444444444445,0.0,0.0,0.0
11.820833333333333,0.0,0.0,0.0
11.822222222222223,0.0,0.0,0.0
11.823611111111111,0.0,0.0,0.0
11.825,0.0,0.0,0.0
11.82638888888889,0.0,0.0,0.0
11.827777777777778,0.0,0.0,0.0
11.829166666666667,0.0,0.0,0.0
11.830555555555556,0.0,0.0,0.0
11.831944444444444,0.0,0.0,0.0
11.833333333333334,0.0,0.0,0.0
11.834722222222222,0.0,0.0,0.0
11.83611111111111,0.0,0.0,0.0
11.8375,0.0,0.0,0.0
11.838888888888889,0.0,0.0,0.0
11.840277777777779,0.0,0.0,0.0
11.841666666666667,0.0,0.0,0.0
11.843055555555555,0.0,0.0,0.0
11.844444444444445,0.0,0.0,0.0
11.845833333333333,0.0,0.0,0.0
11.847222222222221,0.0,0.0,0.0
11.848611111111111,0.0,0.0,0.0
11.85,0.0,0.0,0.0
11.85138888888889,0.0,0.0,0.0
11.852777777777778,0.0,0.0,0.0
11.854166666666666,0.0,0.0,0.0
11.855555555555556,0.0,0.0,0.0
11.856944444444444,0.0,0.0,0.0
11.858333333333333,0.0,0.0,0.0
11.859722222222222,0.0,0.0,0.0
11.86111111111111,0.0,0.0,0.0
11.8625,0.0,0.0,0.0
11.863888888888889,0.0,0.0,0.0
11.865277777777777,0.0,0.0,0.0
11.866666666666667,0.0,0.0,0.0
11.868055555555555,0.0,0.0,0.0
11.869444444444444,0.0,0.0,0.0
11.870833333333334,0.0,0.0,0.0
11.872222222222222,0.0,0.0,0.0
11.873611111111112,0.0,0.0,0.0
11.875,0.0,0.0,0.0
11.876388888888888,0.0,0.0,0.0
11.877777777777778,0.0,0.0,0.0
11.879166666666666,0.0,0.0,0.0
11.880555555555556,0.0,0.0,0.0
11.881944444444445,0.0,0.0,0.0
11.883333333333333,0.0,0.0,0.0
11.884722222222223,0.0,0.0,0.0
11.886111111111111,0.0,0.0,0.0
11.8875,0.0,0.0,0.0
11.88888888888889,0.0,0.0,0.0
11.890277777777778,0.0,0.0,0.0
11.891666666666667,0.0,0.0,0.0
11.893055555555556,0.0,0.0,0.0
11.894444444444444,0.0,0.0,0.0
11.895833333333334,0.0,0.0,0.0
11.897222222222222,0.0,0.0,0.0
11.89861111111111,0.0,0.0,0.0
11.9,0.0,0.0,0.0
11.901388888888889,0.0,0.0,0.0
11.902777777777779,0.0,0.0,0.0
11.904166666666667,0.0,0.0,0.0
11.905555555555555,0.0,0.0,0.0
11.906944444444445,0.0,0.0,0.0
11.908333333333333,0.0,0.0,0.0
11.909722222222221,0.0,0.0,0.0
11.911111111111111,0.0,0.0,0.0
11.9125,0.0,0.0,0.0
11.91388888888889,0.0,0.0,0.0
11.915277777777778,0.0,0.0,0.0
11.916666666666666,0.0,0.0,0.0
11.918055555555556,0.0,0.0,0.0
11.919444444444444,0.0,0.0,0.0
11.920833333333333,0.0,0.0,0.0
11.922222222222222,0.0,0.0,0.0
11.92361111111111,0.0,0.0,0.0
11.925,0.0,0.0,0.0
11.926388888888889,0.0,0.0,0.0
11.927777777777777,0.0,0.0,0.0
11.929166666666667,0.0,0.0,0.0
11.930555555555555,0.0,0.0,0.0
11.931944444444444,0.0,0.0,0.0
11.933333333333334,0.0,0.0,0.0
11.934722222222222,0.0,0.0,0.0
11.936111111111112,0.0,0.0,0.0
11.9375,0.0,0.0,0.0
11.938888888888888,0.0,0.0,0.0
11.940277777777778,0.0,0.0,0.0
11.941666666666666,0.0,0.0,0.0
11.943055555555556,0.0,0.0,0.0
11.944444444444445,0.0,0.0,0.0
11.945833333333333,0.0,0.0,0.0
11.947222222222223,0.0,0.0,0.0
11.948611111111111,0.0,0.0,0.0
11.95,0.0,0.0,0.0
11.95138888888889,0.0,0.0,0.0
11.952777777777778,0.0,0.0,0.0
11.954166666666667,0.0,0.0,0.0
11.955555555555556,0.0,0.0,0.0
11.956944444444444,0.0,0.0,0.0
11.958333333333334,0.0,0.0,0.0
11.959722222222222,0.0,0.0,0.0
11.96111111111111,0.0,0.0,0.0
11.9625,0.0,0.0,0.0
11.963888888888889,0.0,0.0,0.0
11.965277777777779,0.0,0.0,0.0
11.966666666666667,0.0,0.0,0.0
11.968055555555555,0.0,0.0,0.0
11.969444444444445,0.0,0.0,0.0
11.970833333333333,0.0,0.0,0.0
11.972222222222221,0.0,0.0,0.0
11.973611111111111,0.0,0.0,0.0
11.975,0.0,0.0,0.0
11.97638888888889,0.0,0.0,0.0
11.977777777777778,0.0,0.0,0.0
11.979166666666666,0.0,0.0,0.0
11.980555555555556,0.0,0.0,0.0
11.981944444444444,0.0,0.0,0.0
11.983333333333333,0.0,0.0,0.0
11.984722222222222,0.0,0.0,0.0
11.98611111111111,0.0,0.0,0.0
11.9875,0.0,0.0,0.0
11.988888888888889,0.0,0.0,0.0
11.990277777777777,0.0,0.0,0.0
11.991666666666667,0.0,0.0,0.0
11.993055555555555,0.0,0.0,0.0
11.994444444444444,0.0,0.0,0.0
11.995833333333334,0.0,0.0,0.0
11.997222222222222,0.0,0.0,0.0
11.998611111111112,0.0,0.0,0.0
12.0,0.0,0.0,0.0
12.001388888888888,0.0,0.0,0.0
12.002777777777778,0.0,0.0,0.0
12.004166666666666,0.0,0.0,0.0
12.005555555555556,0.0,0.0,0.0
12.006944444444445,0.0,0.0,0.0
12.008333333333333,0.0,0.0,0.0
12.009722222222223,0.0,0.0,0.0
12.011111111111111,0.0,0.0,0.0
12.0125,0.0,0.0,0.0
12.01388888888889,0.0,0.0,0.0
12.015277777777778,0.0,0.0,0.0
12.016666666666667,0.0,0.0,0.0
12.018055555555556,0.0,0.0,0.0
12.019444444444444,0.0,0.0,0.0
12.020833333333334,0.0,0.0,0.0
12.022222222222222,0.0,0.0,0.0
12.02361111111111,0.0,0.0,0.0
12.025,0.0,0.0,0.0
12.026388888888889,0.0,0.0,0.0
12.027777777777779,0.0,0.0,0.0
12.029166666666667,0.0,0.0,0.0
12.030555555555555,0.0,0.0,0.0
12.031944444444445,0.0,0.0,0.0
12.033333333333333,0.0,0.0,0.0
12.034722222222221,0.0,0.0,0.0
12.036111111111111,0.0,0.0,0.0
12.0375,0.0,0.0,0.0
12.03888888888889,0.0,0.0,0.0
12.040277777777778,0.0,0.0,0.0
12.041666666666666,0.0,0.0,0.0
12.043055555555556,0.0,0.0,0.0
12.044444444444444,0.0,0.0,0.0
12.045833333333333,0.0,0.0,0.0
12.047222222222222,0.0,0.0,0.0
12.04861111111111,0.0,0.0,0.0
12.05,0.0,0.0,0.0
12.051388888888889,0.0,0.0,0.0
12.052777777777777,0.0,0.0,0.0
12.054166666666667,0.0,0.0,0.0
12.055555555555555,0.0,0.0,0.0
12.056944444444444,0.0,0.0,0.0
12.058333333333334,0.0,0.0,0.0
12.059722222222222,0.0,0.0,0.0
12.061111111111112,0.0,0.0,0.0
12.0625,0.0,0.0,0.0
12.063888888888888,0.0,0.0,0.0
12.065277777777778,0.0,0.0,0.0
12.066666666666666,0.0,0.0,0.0
12.068055555555556,0.0,0.0,0.0
12.069444444444445,0.0,0.0,0.0
12.070833333333333,0.0,0.0,0.0
12.072222222222223,0.0,0.0,0.0
12.073611111111111,0.0,0.0,0.0
12.075,0.0,0.0,0.0
12.07638888888889,0.0,0.0,0.0
12.077777777777778,0.0,0.0,0.0
12.079166666666667,0.0,0.0,0.0
12.080555555555556,0.0,0.0,0.0
12.081944444444444,0.0,0.0,0.0
12.083333333333334,0.0,0.0,0.0
12.084722222222222,0.0,0.0,0.0
12.08611111111111,0.0,0.0,0.0
12.0875,0.0,0.0,0.0
12.088888888888889,0.0,0.0,0.0
12.090277777777779,0.0,0.0,0.0
12.091666666666667,0.0,0.0,0.0
12.093055555555555,0.0,0.0,0.0
12.094444444444445,0.0,0.0,0.0
12.095833333333333,0.0,0.0,0.0
12.097222222222221,0.0,0.0,0.0
12.098611111111111,0.0,0.0,0.0
12.1,0.0,0.0,0.0
12.10138888888889,0.0,0.0,0.0
12.102777777777778,0.0,0.0,0.0
12.104166666666666,0.0,0.0,0.0
12.105555555555556,0.0,0.0,0.0
12.106944444444444,0.0,0.0,0.0
12.108333333333333,0.0,0.0,0.0
12.109722222222222,0.0,0.0,0.0
12.11111111111111,0.0,0.0,0.0
12.1125,0.0,0.0,0.0
12.113888888888889,0.0,0.0,0.0
12.115277777777777,0.0,0.0,0.0
12.116666666666667,0.0,0.0,0.0
12.118055555555555,0.0,0.0,0.0
12.119444444444444,0.0,0.0,0.0
12.120833333333334,0.0,0.0,0.0
12.122222222222222,0.0,0.0,0.0
12.123611111111112,0.0,0.0,0.0
12.125,0.0,0.0,0.0
12.126388888888888,0.0,0.0,0.0
12.127777777777778,0.0,0.0,0.0
12.129166666666666,0.0,0.0,0.0
12.130555555555556,0.0,0.0,0.0
12.131944444444445,0.0,0.0,0.0
12.133333333333333,0.0,0.0,0.0
12.134722222222223,0.0,0.0,0.0
12.136111111111111,0.0,0.0,0.0
12.1375,0.0,0.0,0.0
12.13888888888889,0.0,0.0,0.0
12.140277777777778,0.0,0.0,0.0
12.141666666666667,0.0,0.0,0.0
12.143055555555556,0.0,0.0,0.0
12.144444444444444,0.0,0.0,0.0
12.145833333333334,0.0,0.0,0.0
12.147222222222222,0.0,0.0,0.0
12.14861111111111,0.0,0.0,0.0
12.15,0.0,0.0,0.0
12.151388888888889,0.0,0.0,0.0
12.152777777777779,0.0,0.0,0.0
12.154166666666667,0.0,0.0,0.0
12.155555555555555,0.0,0.0,0.0
12.156944444444445,0.0,0.0,0.0
12.158333333333333,0.0,0.0,0.0
12.159722222222221,0.0,0.0,0.0
12.161111111111111,0.0,0.0,0.0
12.1625,0.0,0.0,0.0
12.16388888888889,0.0,0.0,0.0
12.165277777777778,0.0,0.0,0.0
12.166666666666666,0.0,0.0,0.0
12.168055555555556,0.0,0.0,0.0
12.169444444444444,0.0,0.0,0.0
12.170833333333333,0.0,0.0,0.0
12.172222222222222,0.0,0.0,0.0
12.17361111111111,0.0,0.0,0.0
12.175,0.0,0.0,0.0
12.176388888888889,0.0,0.0,0.0
12.177777777777777,0.0,0.0,0.0
12.179166666666667,0.0,0.0,0.0
12.180555555555555,0.0,0.0,0.0
12.181944444444444,0.0,0.0,0.0
12.183333333333334,0.0,0.0,0.0
12.184722222222222,0.0,0.0,0.0
12.186111111111112,0.0,0.0,0.0
12.1875,0.0,0.0,0.0
12.188888888888888,0.0,0.0,0.0
12.190277777777778,0.0,0.0,0.0
12.191666666666666,0.0,0.0,0.0
12.193055555555556,0.0,0.0,0.0
12.194444444444445,0.0,0.0,0.0
12.195833333333333,0.0,0.0,0.0
12.197222222222223,0.0,0.0,0.0
12.198611111111111,0.0,0.0,0.0
12.2,0.0,0.0,0.0
12.20138888888889,0.0,0.0,0.0
12.202777777777778,0.0,0.0,0.0
12.204166666666667,0.0,0.0,0.0
12.205555555555556,0.0,0.0,0.0
12.206944444444444,0.0,0.0,0.0
12.208333333333334,0.0,0.0,0.0
12.209722222222222,0.0,0.0,0.0
12.21111111111111,0.0,0.0,0.0
12.2125,0.0,0.0,0.0
12.213888888888889,0.0,0.0,0.0
12.215277777777779,0.0,0.0,0.0
12.216666666666667,0.0,0.0,0.0
12.218055555555555,0.0,0.0,0.0
12.219444444444445,0.0,0.0,0.0
12.220833333333333,0.0,0.0,0.0
12.222222222222221,0.0,0.0,0.0
12.223611111111111,0.0,0.0,0.0
12.225,0.0,0.0,0.0
12.22638888888889,0.0,0.0,0.0
12.227777777777778,0.0,0.0,0.0
12.229166666666666,0.0,0.0,0.0
12.230555555555556,0.0,0.0,0.0
12.231944444444444,0.0,0.0,0.0
12.233333333333333,0.0,0.0,0.0
12.234722222222222,0.0,0.0,0.0
12.23611111111111,0.0,0.0,0.0
12.2375,0.0,0.0,0.0
12.238888888888889,0.0,0.0,0.0
12.240277777777777,0.0,0.0,0.0
12.241666666666667,0.0,0.0,0.0
12.243055555555555,0.0,0.0,0.0
12.244444444444444,0.0,0.0,0.0
12.245833333333334,0.0,0.0,0.0
12.247222222222222,0.0,0.0,0.0
12.248611111111112,0.0,0.0,0.0
12.25,0.0,0.0,0.0
12.251388888888888,0.0,0.0,0.0
12.252777777777778,0.0,0.0,0.0
12.254166666666666,0.0,0.0,0.0
12.255555555555556,0.0,0.0,0.0
12.256944444444445,0.0,0.0,0.0
12.258333333333333,0.0,0.0,0.0
12.259722222222223,0.0,0.0,0.0
12.261111111111111,0.0,0.0,0.0
12.2625,0.0,0.0,0.0
12.26388888888889,0.0,0.0,0.0
12.265277777777778,0.0,0.0,0.0
12.266666666666667,0.0,0.0,0.0
12.268055555555556,0.0,0.0,0.0
12.269444444444444,0.0,0.0,0.0
12.270833333333334,0.0,0.0,0.0
12.272222222222222,0.0,0.0,0.0
12.27361111111111,0.0,0.0,0.0
12.275,0.0,0.0,0.0
12.276388888888889,0.0,0.0,0.0
12.277777777777779,0.0,0.0,0.0
12.279166666666667,0.0,0.0,0.0
12.280555555555555,0.0,0.0,0.0
12.281944444444445,0.0,0.0,0.0
12.283333333333333,0.0,0.0,0.0
12.284722222222221,0.0,0.0,0.0
12.286111111111111,0.0,0.0,0.0
12.2875,0.0,0.0,0.0
12.28888888888889,0.0,0.0,0.0
12.290277777777778,0.0,0.0,0.0
12.291666666666666,0.0,0.0,0.0
12.293055555555556,0.0,0.0,0.0
12.294444444444444,0.0,0.0,0.0
12.295833333333333,0.0,0.0,0.0
12.297222222222222,0.0,0.0,0.0
12.29861111111111,0.0,0.0,0.0
12.3,0.0,0.0,0.0
12.301388888888889,0.0,0.0,0.0
12.302777777777777,0.0,0.0,0.0
12.304166666666667,0.0,0.0,0.0
12.305555555555555,0.0,0.0,0.0
12.306944444444444,0.0,0.0,0.0
12.308333333333334,0.0,0.0,0.0
12.309722222222222,0.0,0.0,0.0
12.311111111111112,0.0,0.0,0.0
12.3125,0.0,0.0,0.0
12.313888888888888,0.0,0.0,0.0
12.315277777777778,0.0,0.0,0.0
12.316666666666666,0.0,0.0,0.0
12.318055555555556,0.0,0.0,0.0
12.319444444444445,0.0,0.0,0.0
12.320833333333333,0.0,0.0,0.0
12.322222222222223,0.0,0.0,0.0
12.323611111111111,0.0,0.0,0.0
12.325,0.0,0.0,0.0
12.32638888888889,0.0,0.0,0.0
12.327777777777778,0.0,0.0,0.0
12.329166666666667,0.0,0.0,0.0
12.330555555555556,0.0,0.0,0.0
12.331944444444444,0.0,0.0,0.0
12.333333333333334,0.0,0.0,0.0
12.334722222222222,0.0,0.0,0.0
12.33611111111111,0.0,0.0,0.0
12.3375,0.0,0.0,0.0
12.338888888888889,0.0,0.0,0.0
12.340277777777779,0.0,0.0,0.0
12.341666666666667,0.0,0.0,0.0
12.343055555555555,0.0,0.0,0.0
12.344444444444445,0.0,0.0,0.0
12.345833333333333,0.0,0.0,0.0
12.347222222222221,0.0,0.0,0.0
12.348611111111111,0.0,0.0,0.0
12.35,0.0,0.0,0.0
12.35138888888889,0.0,0.0,0.0
12.352777777777778,0.0,0.0,0.0
12.354166666666666,0.0,0.0,0.0
12.355555555555556,0.0,0.0,0.0
12.356944444444444,0.0,0.0,0.0
12.358333333333333,0.0,0.0,0.0
12.359722222222222,0.0,0.0,0.0
12.36111111111111,0.0,0.0,0.0
12.3625,0.0,0.0,0.0
12.363888888888889,0.0,0.0,0.0
12.365277777777777,0.0,0.0,0.0
12.366666666666667,0.0,0.0,0.0
12.368055555555555,0.0,0.0,0.0
12.369444444444444,0.0,0.0,0.0
12.370833333333334,0.0,0.0,0.0
12.372222222222222,0.0,0.0,0.0
12.373611111111112,0.0,0.0,0.0
12.375,0.0,0.0,0.0
12.376388888888888,0.0,0.0,0.0
12.377777777777778,0.0,0.0,0.0
12.379166666666666,0.0,0.0,0.0
12.380555555555556,0.0,0.0,0.0
12.381944444444445,0.0,0.0,0.0
12.383333333333333,0.0,0.0,0.0
12.384722222222223,0.0,0.0,0.0
12.386111111111111,0.0,0.0,0.0
12.3875,0.0,0.0,0.0
12.38888888888889,0.0,0.0,0.0
12.390277777777778,0.0,0.0,0.0
12.391666666666667,0.0,0.0,0.0
12.393055555555556,0.0,0.0,0.0
12.394444444444444,0.0,0.0,0.0
12.395833333333334,0.0,0.0,0.0
12.397222222222222,0.0,0.0,0.0
12.39861111111111,0.0,0.0,0.0
12.4,0.0,0.0,0.0
12.401388888888889,0.0,0.0,0.0
12.402777777777779,0.0,0.0,0.0
12.404166666666667,0.0,0.0,0.0
12.405555555555555,0.0,0.0,0.0
12.406944444444445,0.0,0.0,0.0
12.408333333333333,0.0,0.0,0.0
12.409722222222221,0.0,0.0,0.0
12.411111111111111,0.0,0.0,0.0
12.4125,0.0,0.0,0.0
12.41388888888889,0.0,0.0,0.0
12.415277777777778,0.0,0.0,0.0
12.416666666666666,0.0,0.0,0.0
12.418055555555556,0.0,0.0,0.0
12.419444444444444,0.0,0.0,0.0
12.420833333333333,0.0,0.0,0.0
12.422222222222222,0.0,0.0,0.0
12.42361111111111,0.0,0.0,0.0
12.425,0.0,0.0,0.0
12.426388888888889,0.0,0.0,0.0
12.427777777777777,0.0,0.0,0.0
12.429166666666667,0.0,0.0,0.0
12.430555555555555,0.0,0.0,0.0
12.431944444444444,0.0,0.0,0.0
12.433333333333334,0.0,0.0,0.0
12.434722222222222,0.0,0.0,0.0
12.436111111111112,0.0,0.0,0.0
12.4375,0.0,0.0,0.0
12.438888888888888,0.0,0.0,0.0
12.440277777777778,0.0,0.0,0.0
12.441666666666666,0.0,0.0,0.0
12.443055555555556,0.0,0.0,0.0
12.444444444444445,0.0,0.0,0.0
12.445833333333333,0.0,0.0,0.0
12.447222222222223,0.0,0.0,0.0
12.448611111111111,0.0,0.0,0.0
12.45,0.0,0.0,0.0
12.45138888888889,0.0,0.0,0.0
12.452777777777778,0.0,0.0,0.0
12.454166666666667,0.0,0.0,0.0
12.455555555555556,0.0,0.0,0.0
12.456944444444444,0.0,0.0,0.0
12.458333333333334,0.0,0.0,0.0
12.459722222222222,0.0,0.0,0.0
12.46111111111111,0.0,0.0,0.0
12.4625,0.0,0.0,0.0
12.463888888888889,0.0,0.0,0.0
12.465277777777779,0.0,0.0,0.0
12.466666666666667,0.0,0.0,0.0
12.468055555555555,0.0,0.0,0.0
12.469444444444445,0.0,0.0,0.0
12.470833333333333,0.0,0.0,0.0
12.472222222222221,0.0,0.0,0.0
12.473611111111111,0.0,0.0,0.0
12.475,0.0,0.0,0.0
12.47638888888889,0.0,0.0,0.0
12.477777777777778,0.0,0.0,0.0
12.479166666666666,0.0,0.0,0.0
12.480555555555556,0.0,0.0,0.0
12.481944444444444,0.0,0.0,0.0
12.483333333333333,0.0,0.0,0.0
12.484722222222222,0.0,0.0,0.0
12.48611111111111,0.0,0.0,0.0
12.4875,0.0,0.0,0.0
12.488888888888889,0.0,0.0,0.0
12.490277777777777,0.0,0.0,0.0
12.491666666666667,0.0,0.0,0.0
12.493055555555555,0.0,0.0,0.0
12.494444444444444,0.0,0.0,0.0
12.495833333333334,0.0,0.0,0.0
12.497222222222222,0.0,0.0,0.0
12.498611111111112,0.0,0.0,0.0
12.5,0.0,0.0,0.0
12.501388888888888,0.0,0.0,0.0
12.502777777777778,0.0,0.0,0.0
12.504166666666666,0.0,0.0,0.0
12.505555555555556,0.0,0.0,0.0
12.506944444444445,0.0,0.0,0.0
12.508333333333333,0.0,0.0,0.0
12.509722222222223,0.0,0.0,0.0
12.511111111111111,0.0,0.0,0.0
12.5125,0.0,0.0,0.0
12.51388888888889,0.0,0.0,0.0
12.515277777777778,0.0,0.0,0.0
12.516666666666667,0.0,0.0,0.0
12.518055555555556,0.0,0.0,0.0
12.519444444444444,0.0,0.0,0.0
12.520833333333334,0.0,0.0,0.0
12.522222222222222,0.0,0.0,0.0
12.52361111111111,0.0,0.0,0.0
12.525,0.0,0.0,0.0
12.526388888888889,0.0,0.0,0.0
12.527777777777779,0.0,0.0,0.0
12.529166666666667,0.0,0.0,0.0
12.530555555555555,0.0,0.0,0.0
12.531944444444445,0.0,0.0,0.0
12.533333333333333,0.0,0.0,0.0
12.534722222222221,0.0,0.0,0.0
12.536111111111111,0.0,0.0,0.0
12.5375,0.0,0.0,0.0
12.53888888888889,0.0,0.0,0.0
12.540277777777778,0.0,0.0,0.0
12.541666666666666,0.0,0.0,0.0
12.543055555555556,0.0,0.0,0.0
12.544444444444444,0.0,0.0,0.0
12.545833333333333,0.0,0.0,0.0
12.547222222222222,0.0,0.0,0.0
12.54861111111111,0.0,0.0,0.0
12.55,0.0,0.0,0.0
12.551388888888889,0.0,0.0,0.0
12.552777777777777,0.0,0.0,0.0
12.554166666666667,0.0,0.0,0.0
12.555555555555555,0.0,0.0,0.0
12.556944444444444,0.0,0.0,0.0
12.558333333333334,0.0,0.0,0.0
12.559722222222222,0.0,0.0,0.0
12.561111111111112,0.0,0.0,0.0
12.5625,0.0,0.0,0.0
12.563888888888888,0.0,0.0,0.0
12.565277777777778,0.0,0.0,0.0
12.566666666666666,0.0,0.0,0.0
12.568055555555556,0.0,0.0,0.0
12.569444444444445,0.0,0.0,0.0
12.570833333333333,0.0,0.0,0.0
12.572222222222223,0.0,0.0,0.0
12.573611111111111,0.0,0.0,0.0
12.575,0.0,0.0,0.0
12.57638888888889,0.0,0.0,0.0
12.577777777777778,0.0,0.0,0.0
12.579166666666667,0.0,0.0,0.0
12.580555555555556,0.0,0.0,0.0
12.581944444444444,0.0,0.0,0.0
12.583333333333334,0.0,0.0,0.0
12.584722222222222,0.0,0.0,0.0
12.58611111111111,0.0,0.0,0.0
12.5875,0.0,0.0,0.0
12.588888888888889,0.0,0.0,0.0
12.590277777777779,0.0,0.0,0.0
12.591666666666667,0.0,0.0,0.0
12.593055555555555,0.0,0.0,0.0
12.594444444444445,0.0,0.0,0.0
12.595833333333333,0.0,0.0,0.0
12.597222222222221,0.0,0.0,0.0
12.598611111111111,0.0,0.0,0.0
12.6,0.0,0.0,0.0
12.60138888888889,0.0,0.0,0.0
12.602777777777778,0.0,0.0,0.0
12.604166666666666,0.0,0.0,0.0
12.605555555555556,0.0,0.0,0.0
12.606944444444444,0.0,0.0,0.0
12.608333333333333,0.0,0.0,0.0
12.609722222222222,0.0,0.0,0.0
12.61111111111111,0.0,0.0,0.0
12.6125,0.0,0.0,0.0
12.613888888888889,0.0,0.0,0.0
12.615277777777777,0.0,0.0,0.0
12.616666666666667,0.0,0.0,0.0
12.618055555555555,0.0,0.0,0.0
12.619444444444444,0.0,0.0,0.0
12.620833333333334,0.0,0.0,0.0
12.622222222222222,0.0,0.0,0.0
12.623611111111112,0.0,0.0,0.0
12.625,0.0,0.0,0.0
12.626388888888888,0.0,0.0,0.0
12.627777777777778,0.0,0.0,0.0
12.629166666666666,0.0,0.0,0.0
12.630555555555556,0.0,0.0,0.0
12.631944444444445,0.0,0.0,0.0
12.633333333333333,0.0,0.0,0.0
12.634722222222223,0.0,0.0,0.0
12.636111111111111,0.0,0.0,0.0
12.6375,0.0,0.0,0.0
12.63888888888889,0.0,0.0,0.0
12.640277777777778,0.0,0.0,0.0
12.641666666666667,0.0,0.0,0.0
12.643055555555556,0.0,0.0,0.0
12.644444444444444,0.0,0.0,0.0
12.645833333333334,0.0,0.0,0.0
12.647222222222222,0.0,0.0,0.0
12.64861111111111,0.0,0.0,0.0
12.65,0.0,0.0,0.0
12.651388888888889,0.0,0.0,0.0
12.652777777777779,0.0,0.0,0.0
12.654166666666667,0.0,0.0,0.0
12.655555555555555,0.0,0.0,0.0
12.656944444444445,0.0,0.0,0.0
12.658333333333333,0.0,0.0,0.0
12.659722222222221,0.0,0.0,0.0
12.661111111111111,0.0,0.0,0.0
12.6625,0.0,0.0,0.0
12.66388888888889,0.0,0.0,0.0
12.665277777777778,0.0,0.0,0.0
12.666666666666666,0.0,0.0,0.0
12.668055555555556,0.0,0.0,0.0
12.669444444444444,0.0,0.0,0.0
12.670833333333333,0.0,0.0,0.0
12.672222222222222,0.0,0.0,0.0
12.67361111111111,0.0,0.0,0.0
12.675,0.0,0.0,0.0
12.676388888888889,0.0,0.0,0.0
12.677777777777777,0.0,0.0,0.0
12.679166666666667,0.0,0.0,0.0
12.680555555555555,0.0,0.0,0.0
12.681944444444444,0.0,0.0,0.0
12.683333333333334,0.0,0.0,0.0
12.684722222222222,0.0,0.0,0.0
12.686111111111112,0.0,0.0,0.0
12.6875,0.0,0.0,0.0
12.688888888888888,0.0,0.0,0.0
12.690277777777778,0.0,0.0,0.0
12.691666666666666,0.0,0.0,0.0
12.693055555555556,0.0,0.0,0.0
12.694444444444445,0.0,0.0,0.0
12.695833333333333,0.0,0.0,0.0
12.697222222222223,0.0,0.0,0.0
12.698611111111111,0.0,0.0,0.0
12.7,0.0,0.0,0.0
12.70138888888889,0.0,0.0,0.0
12.702777777777778,0.0,0.0,0.0
12.704166666666667,0.0,0.0,0.0
12.705555555555556,0.0,0.0,0.0
12.706944444444444,0.0,0.0,0.0
12.708333333333334,0.0,0.0,0.0
12.709722222222222,0.0,0.0,0.0
12.71111111111111,0.0,0.0,0.0
12.7125,0.0,0.0,0.0
12.713888888888889,0.0,0.0,0.0
12.715277777777779,0.0,0.0,0.0
12.716666666666667,0.0,0.0,0.0
12.718055555555555,0.0,0.0,0.0
12.719444444444445,0.0,0.0,0.0
12.720833333333333,0.0,0.0,0.0
12.722222222222221,0.0,0.0,0.0
12.723611111111111,0.0,0.0,0.0
12.725,0.0,0.0,0.0
12.72638888888889,0.0,0.0,0.0
12.727777777777778,0.0,0.0,0.0
12.729166666666666,0.0,0.0,0.0
12.730555555555556,0.0,0.0,0.0
12.731944444444444,0.0,0.0,0.0
12.733333333333333,0.0,0.0,0.0
12.734722222222222,0.0,0.0,0.0
12.73611111111111,0.0,0.0,0.0
12.7375,0.0,0.0,0.0
12.738888888888889,0.0,0.0,0.0
12.740277777777777,0.0,0.0,0.0
12.741666666666667,0.0,0.0,0.0
12.743055555555555,0.0,0.0,0.0
12.744444444444444,0.0,0.0,0.0
12.745833333333334,0.0,0.0,0.0
12.747222222222222,0.0,0.0,0.0
12.748611111111112,0.0,0.0,0.0
12.75,0.0,0.0,0.0
12.751388888888888,0.0,0.0,0.0
12.752777777777778,0.0,0.0,0.0
12.754166666666666,0.0,0.0,0.0
12.755555555555556,0.0,0.0,0.0
12.756944444444445,0.0,0.0,0.0
12.758333333333333,0.0,0.0,0.0
12.759722222222223,0.0,0.0,0.0
12.761111111111111,0.0,0.0,0.0
12.7625,0.0,0.0,0.0
12.76388888888889,0.0,0.0,0.0
12.765277777777778,0.0,0.0,0.0
12.766666666666667,0.0,0.0,0.0
12.768055555555556,0.0,0.0,0.0
12.769444444444444,0.0,0.0,0.0
12.770833333333334,0.0,0.0,0.0
12.772222222222222,0.0,0.0,0.0
12.77361111111111,0.0,0.0,0.0
12.775,0.0,0.0,0.0
12.776388888888889,0.0,0.0,0.0
12.777777777777779,0.0,0.0,0.0
12.779166666666667,0.0,0.0,0.0
12.780555555555555,0.0,0.0,0.0
12.781944444444445,0.0,0.0,0.0
12.783333333333333,0.0,0.0,0.0
12.784722222222221,0.0,0.0,0.0
12.786111111111111,0.0,0.0,0.0
12.7875,0.0,0.0,0.0
12.78888888888889,0.0,0.0,0.0
12.790277777777778,0.0,0.0,0.0
12.791666666666666,0.0,0.0,0.0
12.793055555555556,0.0,0.0,0.0
12.794444444444444,0.0,0.0,0.0
12.795833333333333,0.0,0.0,0.0
12.797222222222222,0.0,0.0,0.0
12.79861111111111,0.0,0.0,0.0
12.8,0.0,0.0,0.0
12.801388888888889,0.0,0.0,0.0
12.802777777777777,0.0,0.0,0.0
12.804166666666667,0.0,0.0,0.0
12.805555555555555,0.0,0.0,0.0
12.806944444444444,0.0,0.0,0.0
12.808333333333334,0.0,0.0,0.0
12.809722222222222,0.0,0.0,0.0
12.811111111111112,0.0,0.0,0.0
12.8125,0.0,0.0,0.0
12.813888888888888,0.0,0.0,0.0
12.815277777777778,0.0,0.0,0.0
12.816666666666666,0.0,0.0,0.0
12.818055555555556,0.0,0.0,0.0
12.819444444444445,0.0,0.0,0.0
12.820833333333333,0.0,0.0,0.0
12.822222222222223,0.0,0.0,0.0
12.823611111111111,0.0,0.0,0.0
12.825,0.0,0.0,0.0
12.82638888888889,0.0,0.0,0.0
12.827777777777778,0.0,0.0,0.0
12.829166666666667,0.0,0.0,0.0
12.830555555555556,0.0,0.0,0.0
12.831944444444444,0.0,0.0,0.0
12.833333333333334,0.0,0.0,0.0
12.834722222222222,0.0,0.0,0.0
12.83611111111111,0.0,0.0,0.0
12.8375,0.0,0.0,0.0
12.838888888888889,0.0,0.0,0.0
12.840277777777779,0.0,0.0,0.0
12.841666666666667,0.0,0.0,0.0
12.843055555555555,0.0,0.0,0.0
12.844444444444445,0.0,0.0,0.0
12.845833333333333,0.0,0.0,0.0
12.847222222222221,0.0,0.0,0.0
12.848611111111111,0.0,0.0,0.0
12.85,0.0,0.0,0.0
12.85138888888889,0.0,0.0,0.0
12.852777777777778,0.0,0.0,0.0
12.854166666666666,0.0,0.0,0.0
12.855555555555556,0.0,0.0,0.0
12.856944444444444,0.0,0.0,0.0
12.858333333333333,0.0,0.0,0.0
12.859722222222222,0.0,0.0,0.0
12.86111111111111,0.0,0.0,0.0
12.8625,0.0,0.0,0.0
12.863888888888889,0.0,0.0,0.0
12.865277777777777,0.0,0.0,0.0
12.866666666666667,0.0,0.0,0.0
12.868055555555555,0.0,0.0,0.0
12.869444444444444,0.0,0.0,0.0
12.870833333333334,0.0,0.0,0.0
12.872222222222222,0.0,0.0,0.0
12.873611111111112,0.0,0.0,0.0
12.875,0.0,0.0,0.0
12.876388888888888,0.0,0.0,0.0
12.877777777777778,0.0,0.0,0.0
12.879166666666666,0.0,0.0,0.0
12.880555555555556,0.0,0.0,0.0
12.881944444444445,0.0,0.0,0.0
12.883333333333333,0.0,0.0,0.0
12.884722222222223,0.0,0.0,0.0
12.886111111111111,0.0,0.0,0.0
12.8875,0.0,0.0,0.0
12.88888888888889,0.0,0.0,0.0
12.890277777777778,0.0,0.0,0.0
12.891666666666667,0.0,0.0,0.0
12.893055555555556,0.0,0.0,0.0
12.894444444444444,0.0,0.0,0.0
12.895833333333334,0.0,0.0,0.0
12.897222222222222,0.0,0.0,0.0
12.89861111111111,0.0,0.0,0.0
12.9,0.0,0.0,0.0
12.901388888888889,0.0,0.0,0.0
12.902777777777779,0.0,0.0,0.0
12.904166666666667,0.0,0.0,0.0
12.905555555555555,0.0,0.0,0.0
12.906944444444445,0.0,0.0,0.0
12.908333333333333,0.0,0.0,0.0
12.909722222222221,0.0,0.0,0.0
12.911111111111111,0.0,0.0,0.0
12.9125,0.0,0.0,0.0
12.91388888888889,0.0,0.0,0.0
12.915277777777778,0.0,0.0,0.0
12.916666666666666,0.0,0.0,0.0
12.918055555555556,0.0,0.0,0.0
12.919444444444444,0.0,0.0,0.0
12.920833333333333,0.0,0.0,0.0
12.922222222222222,0.0,0.0,0.0
12.92361111111111,0.0,0.0,0.0
12.925,0.0,0.0,0.0
12.926388888888889,0.0,0.0,0.0
12.927777777777777,0.0,0.0,0.0
12.929166666666667,0.0,0.0,0.0
12.930555555555555,0.0,0.0,0.0
12.931944444444444,0.0,0.0,0.0
12.933333333333334,0.0,0.0,0.0
12.934722222222222,0.0,0.0,0.0
12.936111111111112,0.0,0.0,0.0
12.9375,0.0,0.0,0.0
12.938888888888888,0.0,0.0,0.0
12.940277777777778,0.0,0.0,0.0
12.941666666666666,0.0,0.0,0.0
12.943055555555556,0.0,0.0,0.0
12.944444444444445,0.0,0.0,0.0
12.945833333333333,0.0,0.0,0.0
12.947222222222223,0.0,0.0,0.0
12.948611111111111,0.0,0.0,0.0
12.95,0.0,0.0,0.0
12.95138888888889,0.0,0.0,0.0
12.952777777777778,0.0,0.0,0.0
12.954166666666667,0.0,0.0,0.0
12.955555555555556,0.0,0.0,0.0
12.956944444444444,0.0,0.0,0.0
12.958333333333334,0.0,0.0,0.0
12.959722222222222,0.0,0.0,0.0
12.96111111111111,0.0,0.0,0.0
12.9625,0.0,0.0,0.0
12.963888888888889,0.0,0.0,0.0
12.965277777777779,0.0,0.0,0.0
12.966666666666667,0.0,0.0,0.0
12.968055555555555,0.0,0.0,0.0
12.969444444444445,0.0,0.0,0.0
12.970833333333333,0.0,0.0,0.0
12.972222222222221,0.0,0.0,0.0
12.973611111111111,0.0,0.0,0.0
12.975,0.0,0.0,0.0
12.97638888888889,0.0,0.0,0.0
12.977777777777778,0.0,0.0,0.0
12.979166666666666,0.0,0.0,0.0
12.980555555555556,0.0,0.0,0.0
12.981944444444444,0.0,0.0,0.0
12.983333333333333,0.0,0.0,0.0
12.984722222222222,0.0,0.0,0.0
12.98611111111111,0.0,0.0,0.0
12.9875,0.0,0.0,0.0
12.988888888888889,0.0,0.0,0.0
12.990277777777777,0.0,0.0,0.0
12.991666666666667,0.0,0.0,0.0
12.993055555555555,0.0,0.0,0.0
12.994444444444444,0.0,0.0,0.0
12.995833333333334,0.0,0.0,0.0
12.997222222222222,0.0,0.0,0.0
12.998611111111112,0.0,0.0,0.0
13.0,0.0,0.0,0.0
13.001388888888888,0.0,0.0,0.0
13.002777777777778,0.0,0.0,0.0
13.004166666666666,0.0,0.0,0.0
13.005555555555556,0.0,0.0,0.0
13.006944444444445,0.0,0.0,0.0
13.008333333333333,0.0,0.0,0.0
13.009722222222223,0.0,0.0,0.0
13.011111111111111,0.0,0.0,0.0
13.0125,0.0,0.0,0.0
13.01388888888889,0.0,0.0,0.0
13.015277777777778,0.0,0.0,0.0
13.016666666666667,0.0,0.0,0.0
13.018055555555556,0.0,0.0,0.0
13.019444444444444,0.0,0.0,0.0
13.020833333333334,0.0,0.0,0.0
13.022222222222222,0.0,0.0,0.0
13.02361111111111,0.0,0.0,0.0
13.025,0.0,0.0,0.0
13.026388888888889,0.0,0.0,0.0
13.027777777777779,0.0,0.0,0.0
13.029166666666667,0.0,0.0,0.0
13.030555555555555,0.0,0.0,0.0
13.031944444444445,0.0,0.0,0.0
13.033333333333333,0.0,0.0,0.0
13.034722222222221,0.0,0.0,0.0
13.036111111111111,0.0,0.0,0.0
13.0375,0.0,0.0,0.0
13.03888888888889,0.0,0.0,0.0
13.040277777777778,0.0,0.0,0.0
13.041666666666666,0.0,0.0,0.0
13.043055555555556,0.0,0.0,0.0
13.044444444444444,0.0,0.0,0.0
13.045833333333333,0.0,0.0,0.0
13.047222222222222,0.0,0.0,0.0
13.04861111111111,0.0,0.0,0.0
13.05,0.0,0.0,0.0
13.051388888888889,0.0,0.0,0.0
13.052777777777777,0.0,0.0,0.0
13.054166666666667,0.0,0.0,0.0
13.055555555555555,0.0,0.0,0.0
13.056944444444444,0.0,0.0,0.0
13.058333333333334,0.0,0.0,0.0
13.059722222222222,0.0,0.0,0.0
13.061111111111112,0.0,0.0,0.0
13.0625,0.0,0.0,0.0
13.063888888888888,0.0,0.0,0.0
13.065277777777778,0.0,0.0,0.0
13.066666666666666,0.0,0.0,0.0
13.068055555555556,0.0,0.0,0.0
13.069444444444445,0.0,0.0,0.0
13.070833333333333,0.0,0.0,0.0
13.072222222222223,0.0,0.0,0.0
13.073611111111111,0.0,0.0,0.0
13.075,0.0,0.0,0.0
13.07638888888889,0.0,0.0,0.0
13.077777777777778,0.0,0.0,0.0
13.079166666666667,0.0,0.0,0.0
13.080555555555556,0.0,0.0,0.0
13.081944444444444,0.0,0.0,0.0
13.083333333333334,0.0,0.0,0.0
13.084722222222222,0.0,0.0,0.0
13.08611111111111,0.0,0.0,0.0
13.0875,0.0,0.0,0.0
13.088888888888889,0.0,0.0,0.0
13.090277777777779,0.0,0.0,0.0
13.091666666666667,0.0,0.0,0.0
13.093055555555555,0.0,0.0,0.0
13.094444444444445,0.0,0.0,0.0
13.095833333333333,0.0,0.0,0.0
13.097222222222221,0.0,0.0,0.0
13.098611111111111,0.0,0.0,0.0
13.1,0.0,0.0,0.0
13.10138888888889,0.0,0.0,0.0
13.102777777777778,0.0,0.0,0.0
13.104166666666666,0.0,0.0,0.0
13.105555555555556,0.0,0.0,0.0
13.106944444444444,0.0,0.0,0.0
13.108333333333333,0.0,0.0,0.0
13.109722222222222,0.0,0.0,0.0
13.11111111111111,0.0,0.0,0.0
13.1125,0.0,0.0,0.0
13.113888888888889,0.0,0.0,0.0
13.115277777777777,0.0,0.0,0.0
13.116666666666667,0.0,0.0,0.0
13.118055555555555,0.0,0.0,0.0
13.119444444444444,0.0,0.0,0.0
13.120833333333334,0.0,0.0,0.0
13.122222222222222,0.0,0.0,0.0
13.123611111111112,0.0,0.0,0.0
13.125,0.0,0.0,0.0
13.126388888888888,0.0,0.0,0.0
13.127777777777778,0.0,0.0,0.0
13.129166666666666,0.0,0.0,0.0
13.130555555555556,0.0,0.0,0.0
13.131944444444445,0.0,0.0,0.0
13.133333333333333,0.0,0.0,0.0
13.134722222222223,0.0,0.0,0.0
13.136111111111111,0.0,0.0,0.0
13.1375,0.0,0.0,0.0
13.13888888888889,0.0,0.0,0.0
13.140277777777778,0.0,0.0,0.0
13.141666666666667,0.0,0.0,0.0
13.143055555555556,0.0,0.0,0.0
13.144444444444444,0.0,0.0,0.0
13.145833333333334,0.0,0.0,0.0
13.147222222222222,0.0,0.0,0.0
13.14861111111111,0.0,0.0,0.0
13.15,0.0,0.0,0.0
13.151388888888889,0.0,0.0,0.0
13.152777777777779,0.0,0.0,0.0
13.154166666666667,0.0,0.0,0.0
13.155555555555555,0.0,0.0,0.0
13.156944444444445,0.0,0.0,0.0
13.158333333333333,0.0,0.0,0.0
13.159722222222221,0.0,0.0,0.0
13.161111111111111,0.0,0.0,0.0
13.1625,0.0,0.0,0.0
13.16388888888889,0.0,0.0,0.0
13.165277777777778,0.0,0.0,0.0
13.166666666666666,0.0,0.0,0.0
13.168055555555556,0.0,0.0,0.0
13.169444444444444,0.0,0.0,0.0
13.170833333333333,0.0,0.0,0.0
13.172222222222222,0.0,0.0,0.0
13.17361111111111,0.0,0.0,0.0
13.175,0.0,0.0,0.0
13.176388888888889,0.0,0.0,0.0
13.177777777777777,0.0,0.0,0.0
13.179166666666667,0.0,0.0,0.0
13.180555555555555,0.0,0.0,0.0
13.181944444444444,0.0,0.0,0.0
13.183333333333334,0.0,0.0,0.0
13.184722222222222,0.0,0.0,0.0
13.186111111111112,0.0,0.0,0.0
13.1875,0.0,0.0,0.0
13.188888888888888,0.0,0.0,0.0
13.190277777777778,0.0,0.0,0.0
13.191666666666666,0.0,0.0,0.0
13.193055555555556,0.0,0.0,0.0
13.194444444444445,0.0,0.0,0.0
13.195833333333333,0.0,0.0,0.0
13.197222222222223,0.0,0.0,0.0
13.198611111111111,0.0,0.0,0.0
13.2,0.0,0.0,0.0
13.20138888888889,0.0,0.0,0.0
13.202777777777778,0.0,0.0,0.0
13.204166666666667,0.0,0.0,0.0
13.205555555555556,0.0,0.0,0.0
13.206944444444444,0.0,0.0,0.0
13.208333333333334,0.0,0.0,0.0
13.209722222222222,0.0,0.0,0.0
13.21111111111111,0.0,0.0,0.0
13.2125,0.0,0.0,0.0
13.213888888888889,0.0,0.0,0.0
13.215277777777779,0.0,0.0,0.0
13.216666666666667,0.0,0.0,0.0
13.218055555555555,0.0,0.0,0.0
13.219444444444445,0.0,0.0,0.0
13.220833333333333,0.0,0.0,0.0
13.222222222222221,0.0,0.0,0.0
13.223611111111111,0.0,0.0,0.0
13.225,0.0,0.0,0.0
13.22638888888889,0.0,0.0,0.0
13.227777777777778,0.0,0.0,0.0
13.229166666666666,0.0,0.0,0.0
13.230555555555556,0.0,0.0,0.0
13.231944444444444,0.0,0.0,0.0
13.233333333333333,0.0,0.0,0.0
13.234722222222222,0.0,0.0,0.0
13.23611111111111,0.0,0.0,0.0
13.2375,0.0,0.0,0.0
13.238888888888889,0.0,0.0,0.0
13.240277777777777,0.0,0.0,0.0
13.241666666666667,0.0,0.0,0.0
13.243055555555555,0.0,0.0,0.0
13.244444444444444,0.0,0.0,0.0
13.245833333333334,0.0,0.0,0.0
13.247222222222222,0.0,0.0,0.0
13.248611111111112,0.0,0.0,0.0
13.25,0.0,0.0,0.0
13.251388888888888,0.0,0.0,0.0
13.252777777777778,0.0,0.0,0.0
13.254166666666666,0.0,0.0,0.0
13.255555555555556,0.0,0.0,0.0
13.256944444444445,0.0,0.0,0.0
13.258333333333333,0.0,0.0,0.0
13.259722222222223,0.0,0.0,0.0
13.261111111111111,0.0,0.0,0.0
13.2625,0.0,0.0,0.0
13.26388888888889,0.0,0.0,0.0
13.265277777777778,0.0,0.0,0.0
13.266666666666667,0.0,0.0,0.0
13.268055555555556,0.0,0.0,0.0
13.269444444444444,0.0,0.0,0.0
13.270833333333334,0.0,0.0,0.0
13.272222222222222,0.0,0.0,0.0
13.27361111111111,0.0,0.0,0.0
13.275,0.0,0.0,0.0
13.276388888888889,0.0,0.0,0.0
13.277777777777779,0.0,0.0,0.0
13.279166666666667,0.0,0.0,0.0
13.280555555555555,0.0,0.0,0.0
13.281944444444445,0.0,0.0,0.0
13.283333333333333,0.0,0.0,0.0
13.284722222222221,0.0,0.0,0.0
13.286111111111111,0.0,0.0,0.0
13.2875,0.0,0.0,0.0
13.28888888888889,0.0,0.0,0.0
13.290277777777778,0.0,0.0,0.0
13.291666666666666,0.0,0.0,0.0
13.293055555555556,0.0,0.0,0.0
13.294444444444444,0.0,0.0,0.0
13.295833333333333,0.0,0.0,0.0
13.297222222222222,0.0,0.0,0.0
13.29861111111111,0.0,0.0,0.0
13.3,0.0,0.0,0.0
13.301388888888889,0.0,0.0,0.0
13.302777777777777,0.0,0.0,0.0
13.304166666666667,0.0,0.0,0.0
13.305555555555555,0.0,0.0,0.0
13.306944444444444,0.0,0.0,0.0
13.308333333333334,0.0,0.0,0.0
13.309722222222222,0.0,0.0,0.0
13.311111111111112,0.0,0.0,0.0
13.3125,0.0,0.0,0.0
13.313888888888888,0.0,0.0,0.0
13.315277777777778,0.0,0.0,0.0
13.316666666666666,0.0,0.0,0.0
13.318055555555556,0.0,0.0,0.0
13.319444444444445,0.0,0.0,0.0
13.320833333333333,0.0,0.0,0.0
13.322222222222223,0.0,0.0,0.0
13.323611111111111,0.0,0.0,0.0
13.325,0.0,0.0,0.0
13.32638888888889,0.0,0.0,0.0
13.327777777777778,0.0,0.0,0.0
13.329166666666667,0.0,0.0,0.0
13.330555555555556,0.0,0.0,0.0
13.331944444444444,0.0,0.0,0.0
13.333333333333334,0.0,0.0,0.0
13.334722222222222,0.0,0.0,0.0
13.33611111111111,0.0,0.0,0.0
13.3375,0.0,0.0,0.0
13.338888888888889,0.0,0.0,0.0
13.340277777777779,0.0,0.0,0.0
13.341666666666667,0.0,0.0,0.0
13.343055555555555,0.0,0.0,0.0
13.344444444444445,0.0,0.0,0.0
13.345833333333333,0.0,0.0,0.0
13.347222222222221,0.0,0.0,0.0
13.348611111111111,0.0,0.0,0.0
13.35,0.0,0.0,0.0
13.35138888888889,0.0,0.0,0.0
13.352777777777778,0.0,0.0,0.0
13.354166666666666,0.0,0.0,0.0
13.355555555555556,0.0,0.0,0.0
13.356944444444444,0.0,0.0,0.0
13.358333333333333,0.0,0.0,0.0
13.359722222222222,0.0,0.0,0.0
13.36111111111111,0.0,0.0,0.0
13.3625,0.0,0.0,0.0
13.363888888888889,0.0,0.0,0.0
13.365277777777777,0.0,0.0,0.0
13.366666666666667,0.0,0.0,0.0
13.368055555555555,0.0,0.0,0.0
13.369444444444444,0.0,0.0,0.0
13.370833333333334,0.0,0.0,0.0
13.372222222222222,0.0,0.0,0.0
13.373611111111112,0.0,0.0,0.0
13.375,0.0,0.0,0.0
13.376388888888888,0.0,0.0,0.0
13.377777777777778,0.0,0.0,0.0
13.379166666666666,0.0,0.0,0.0
13.380555555555556,0.0,0.0,0.0
13.381944444444445,0.0,0.0,0.0
13.383333333333333,0.0,0.0,0.0
13.384722222222223,0.0,0.0,0.0
13.386111111111111,0.0,0.0,0.0
13.3875,0.0,0.0,0.0
13.38888888888889,0.0,0.0,0.0
13.390277777777778,0.0,0.0,0.0
13.391666666666667,0.0,0.0,0.0
13.393055555555556,0.0,0.0,0.0
13.394444444444444,0.0,0.0,0.0
13.395833333333334,0.0,0.0,0.0
13.397222222222222,0.0,0.0,0.0
13.39861111111111,0.0,0.0,0.0
13.4,0.0,0.0,0.0
13.401388888888889,0.0,0.0,0.0
13.402777777777779,0.0,0.0,0.0
13.404166666666667,0.0,0.0,0.0
13.405555555555555,0.0,0.0,0.0
13.406944444444445,0.0,0.0,0.0
13.408333333333333,0.0,0.0,0.0
13.409722222222221,0.0,0.0,0.0
13.411111111111111,0.0,0.0,0.0
13.4125,0.0,0.0,0.0
13.41388888888889,0.0,0.0,0.0
13.415277777777778,0.0,0.0,0.0
13.416666666666666,0.0,0.0,0.0
13.418055555555556,0.0,0.0,0.0
13.419444444444444,0.0,0.0,0.0
13.420833333333333,0.0,0.0,0.0
13.422222222222222,0.0,0.0,0.0
13.42361111111111,0.0,0.0,0.0
13.425,0.0,0.0,0.0
13.426388888888889,0.0,0.0,0.0
13.427777777777777,0.0,0.0,0.0
13.429166666666667,0.0,0.0,0.0
13.430555555555555,0.0,0.0,0.0
13.431944444444444,0.0,0.0,0.0
13.433333333333334,0.0,0.0,0.0
13.434722222222222,0.0,0.0,0.0
13.436111111111112,0.0,0.0,0.0
13.4375,0.0,0.0,0.0
13.438888888888888,0.0,0.0,0.0
13.440277777777778,0.0,0.0,0.0
13.441666666666666,0.0,0.0,0.0
13.443055555555556,0.0,0.0,0.0
13.444444444444445,0.0,0.0,0.0
13.445833333333333,0.0,0.0,0.0
13.447222222222223,0.0,0.0,0.0
13.448611111111111,0.0,0.0,0.0
13.45,0.0,0.0,0.0
13.45138888888889,0.0,0.0,0.0
13.452777777777778,0.0,0.0,0.0
13.454166666666667,0.0,0.0,0.0
13.455555555555556,0.0,0.0,0.0
13.456944444444444,0.0,0.0,0.0
13.458333333333334,0.0,0.0,0.0
13.459722222222222,0.0,0.0,0.0
13.46111111111111,0.0,0.0,0.0
13.4625,0.0,0.0,0.0
13.463888888888889,0.0,0.0,0.0
13.465277777777779,0.0,0.0,0.0
13.466666666666667,0.0,0.0,0.0
13.468055555555555,0.0,0.0,0.0
13.469444444444445,0.0,0.0,0.0
13.470833333333333,0.0,0.0,0.0
13.472222222222221,0.0,0.0,0.0
13.473611111111111,0.0,0.0,0.0
13.475,0.0,0.0,0.0
13.47638888888889,0.0,0.0,0.0
13.477777777777778,0.0,0.0,0.0
13.479166666666666,0.0,0.0,0.0
13.480555555555556,0.0,0.0,0.0
13.481944444444444,0.0,0.0,0.0
13.483333333333333,0.0,0.0,0.0
13.484722222222222,0.0,0.0,0.0
13.48611111111111,0.0,0.0,0.0
13.4875,0.0,0.0,0.0
13.488888888888889,0.0,0.0,0.0
13.490277777777777,0.0,0.0,0.0
13.491666666666667,0.0,0.0,0.0
13.493055555555555,0.0,0.0,0.0
13.494444444444444,0.0,0.0,0.0
13.495833333333334,0.0,0.0,0.0
13.497222222222222,0.0,0.0,0.0
13.498611111111112,0.0,0.0,0.0
13.5,0.0,0.0,0.0
13.501388888888888,0.0,0.0,0.0
13.502777777777778,0.0,0.0,0.0
13.504166666666666,0.0,0.0,0.0
13.505555555555556,0.0,0.0,0.0
13.506944444444445,0.0,0.0,0.0
13.508333333333333,0.0,0.0,0.0
13.509722222222223,0.0,0.0,0.0
13.511111111111111,0.0,0.0,0.0
13.5125,0.0,0.0,0.0
13.51388888888889,0.0,0.0,0.0
13.515277777777778,0.0,0.0,0.0
13.516666666666667,0.0,0.0,0.0
13.518055555555556,0.0,0.0,0.0
13.519444444444444,0.0,0.0,0.0
13.520833333333334,0.0,0.0,0.0
13.522222222222222,0.0,0.0,0.0
13.52361111111111,0.0,0.0,0.0
13.525,0.0,0.0,0.0
13.526388888888889,0.0,0.0,0.0
13.527777777777779,0.0,0.0,0.0
13.529166666666667,0.0,0.0,0.0
13.530555555555555,0.0,0.0,0.0
13.531944444444445,0.0,0.0,0.0
13.533333333333333,0.0,0.0,0.0
13.534722222222221,0.0,0.0,0.0
13.536111111111111,0.0,0.0,0.0
13.5375,0.0,0.0,0.0
13.53888888888889,0.0,0.0,0.0
13.540277777777778,0.0,0.0,0.0
13.541666666666666,0.0,0.0,0.0
13.543055555555556,0.0,0.0,0.0
13.544444444444444,0.0,0.0,0.0
13.545833333333333,0.0,0.0,0.0
13.547222222222222,0.0,0.0,0.0
13.54861111111111,0.0,0.0,0.0
13.55,0.0,0.0,0.0
13.551388888888889,0.0,0.0,0.0
13.552777777777777,0.0,0.0,0.0
13.554166666666667,0.0,0.0,0.0
13.555555555555555,0.0,0.0,0.0
13.556944444444444,0.0,0.0,0.0
13.558333333333334,0.0,0.0,0.0
13.559722222222222,0.0,0.0,0.0
13.561111111111112,0.0,0.0,0.0
13.5625,0.0,0.0,0.0
13.563888888888888,0.0,0.0,0.0
13.565277777777778,0.0,0.0,0.0
13.566666666666666,0.0,0.0,0.0
13.568055555555556,0.0,0.0,0.0
13.569444444444445,0.0,0.0,0.0
13.570833333333333,0.0,0.0,0.0
13.572222222222223,0.0,0.0,0.0
13.573611111111111,0.0,0.0,0.0
13.575,0.0,0.0,0.0
13.57638888888889,0.0,0.0,0.0
13.577777777777778,0.0,0.0,0.0
13.579166666666667,0.0,0.0,0.0
13.580555555555556,0.0,0.0,0.0
13.581944444444444,0.0,0.0,0.0
13.583333333333334,0.0,0.0,0.0
13.584722222222222,0.0,0.0,0.0
13.58611111111111,0.0,0.0,0.0
13.5875,0.0,0.0,0.0
13.588888888888889,0.0,0.0,0.0
13.590277777777779,0.0,0.0,0.0
13.591666666666667,0.0,0.0,0.0
13.593055555555555,0.0,0.0,0.0
13.594444444444445,0.0,0.0,0.0
13.595833333333333,0.0,0.0,0.0
13.597222222222221,0.0,0.0,0.0
13.598611111111111,0.0,0.0,0.0
13.6,0.0,0.0,0.0
13.60138888888889,0.0,0.0,0.0
13.602777777777778,0.0,0.0,0.0
13.604166666666666,0.0,0.0,0.0
13.605555555555556,0.0,0.0,0.0
13.606944444444444,0.0,0.0,0.0
13.608333333333333,0.0,0.0,0.0
13.609722222222222,0.0,0.0,0.0
13.61111111111111,0.0,0.0,0.0
13.6125,0.0,0.0,0.0
13.613888888888889,0.0,0.0,0.0
13.615277777777777,0.0,0.0,0.0
13.616666666666667,0.0,0.0,0.0
13.618055555555555,0.0,0.0,0.0
13.619444444444444,0.0,0.0,0.0
13.620833333333334,0.0,0.0,0.0
13.622222222222222,0.0,0.0,0.0
13.623611111111112,0.0,0.0,0.0
13.625,0.0,0.0,0.0
13.626388888888888,0.0,0.0,0.0
13.627777777777778,0.0,0.0,0.0
13.629166666666666,0.0,0.0,0.0
13.630555555555556,0.0,0.0,0.0
13.631944444444445,0.0,0.0,0.0
13.633333333333333,0.0,0.0,0.0
13.634722222222223,0.0,0.0,0.0
13.636111111111111,0.0,0.0,0.0
13.6375,0.0,0.0,0.0
13.63888888888889,0.0,0.0,0.0
13.640277777777778,0.0,0.0,0.0
13.641666666666667,0.0,0.0,0.0
13.643055555555556,0.0,0.0,0.0
13.644444444444444,0.0,0.0,0.0
13.645833333333334,0.0,0.0,0.0
13.647222222222222,0.0,0.0,0.0
13.64861111111111,0.0,0.0,0.0
13.65,0.0,0.0,0.0
13.651388888888889,0.0,0.0,0.0
13.652777777777779,0.0,0.0,0.0
13.654166666666667,0.0,0.0,0.0
13.655555555555555,0.0,0.0,0.0
13.656944444444445,0.0,0.0,0.0
13.658333333333333,0.0,0.0,0.0
13.659722222222221,0.0,0.0,0.0
13.661111111111111,0.0,0.0,0.0
13.6625,0.0,0.0,0.0
13.66388888888889,0.0,0.0,0.0
13.665277777777778,0.0,0.0,0.0
13.666666666666666,0.0,0.0,0.0
13.668055555555556,0.0,0.0,0.0
13.669444444444444,0.0,0.0,0.0
13.670833333333333,0.0,0.0,0.0
13.672222222222222,0.0,0.0,0.0
13.67361111111111,0.0,0.0,0.0
13.675,0.0,0.0,0.0
13.676388888888889,0.0,0.0,0.0
13.677777777777777,0.0,0.0,0.0
13.679166666666667,0.0,0.0,0.0
13.680555555555555,0.0,0.0,0.0
13.681944444444444,0.0,0.0,0.0
13.683333333333334,0.0,0.0,0.0
13.684722222222222,0.0,0.0,0.0
13.686111111111112,0.0,0.0,0.0
13.6875,0.0,0.0,0.0
13.688888888888888,0.0,0.0,0.0
13.690277777777778,0.0,0.0,0.0
13.691666666666666,0.0,0.0,0.0
13.693055555555556,0.0,0.0,0.0
13.694444444444445,0.0,0.0,0.0
13.695833333333333,0.0,0.0,0.0
13.697222222222223,0.0,0.0,0.0
13.698611111111111,0.0,0.0,0.0
13.7,0.0,0.0,0.0
13.70138888888889,0.0,0.0,0.0
13.702777777777778,0.0,0.0,0.0
13.704166666666667,0.0,0.0,0.0
13.705555555555556,0.0,0.0,0.0
13.706944444444444,0.0,0.0,0.0
13.708333333333334,0.0,0.0,0.0
13.709722222222222,0.0,0.0,0.0
13.71111111111111,0.0,0.0,0.0
13.7125,0.0,0.0,0.0
13.713888888888889,0.0,0.0,0.0
13.715277777777779,0.0,0.0,0.0
13.716666666666667,0.0,0.0,0.0
13.718055555555555,0.0,0.0,0.0
13.719444444444445,0.0,0.0,0.0
13.720833333333333,0.0,0.0,0.0
13.722222222222221,0.0,0.0,0.0
13.723611111111111,0.0,0.0,0.0
13.725,0.0,0.0,0.0
13.72638888888889,0.0,0.0,0.0
13.727777777777778,0.0,0.0,0.0
13.729166666666666,0.0,0.0,0.0
13.730555555555556,0.0,0.0,0.0
13.731944444444444,0.0,0.0,0.0
13.733333333333333,0.0,0.0,0.0
13.734722222222222,0.0,0.0,0.0
13.73611111111111,0.0,0.0,0.0
13.7375,0.0,0.0,0.0
13.738888888888889,0.0,0.0,0.0
13.740277777777777,0.0,0.0,0.0
13.741666666666667,0.0,0.0,0.0
13.743055555555555,0.0,0.0,0.0
13.744444444444444,0.0,0.0,0.0
13.745833333333334,0.0,0.0,0.0
13.747222222222222,0.0,0.0,0.0
13.748611111111112,0.0,0.0,0.0
13.75,0.0,0.0,0.0
13.751388888888888,0.0,0.0,0.0
13.752777777777778,0.0,0.0,0.0
13.754166666666666,0.0,0.0,0.0
13.755555555555556,0.0,0.0,0.0
13.756944444444445,0.0,0.0,0.0
13.758333333333333,0.0,0.0,0.0
13.759722222222223,0.0,0.0,0.0
13.761111111111111,0.0,0.0,0.0
13.7625,0.0,0.0,0.0
13.76388888888889,0.0,0.0,0.0
13.765277777777778,0.0,0.0,0.0
13.766666666666667,0.0,0.0,0.0
13.768055555555556,0.0,0.0,0.0
13.769444444444444,0.0,0.0,0.0
13.770833333333334,0.0,0.0,0.0
13.772222222222222,0.0,0.0,0.0
13.77361111111111,0.0,0.0,0.0
13.775,0.0,0.0,0.0
13.776388888888889,0.0,0.0,0.0
13.777777777777779,0.0,0.0,0.0
13.779166666666667,0.0,0.0,0.0
13.780555555555555,0.0,0.0,0.0
13.781944444444445,0.0,0.0,0.0
13.783333333333333,0.0,0.0,0.0
13.784722222222221,0.0,0.0,0.0
13.786111111111111,0.0,0.0,0.0
13.7875,0.0,0.0,0.0
13.78888888888889,0.0,0.0,0.0
13.790277777777778,0.0,0.0,0.0
13.791666666666666,0.0,0.0,0.0
13.793055555555556,0.0,0.0,0.0
13.794444444444444,0.0,0.0,0.0
13.795833333333333,0.0,0.0,0.0
13.797222222222222,0.0,0.0,0.0
13.79861111111111,0.0,0.0,0.0
13.8,0.0,0.0,0.0
13.801388888888889,0.0,0.0,0.0
13.802777777777777,0.0,0.0,0.0
13.804166666666667,0.0,0.0,0.0
13.805555555555555,0.0,0.0,0.0
13.806944444444444,0.0,0.0,0.0
13.808333333333334,0.0,0.0,0.0
13.809722222222222,0.0,0.0,0.0
13.811111111111112,0.0,0.0,0.0
13.8125,0.0,0.0,0.0
13.813888888888888,0.0,0.0,0.0
13.815277777777778,0.0,0.0,0.0
13.816666666666666,0.0,0.0,0.0
13.818055555555556,0.0,0.0,0.0
13.819444444444445,0.0,0.0,0.0
13.820833333333333,0.0,0.0,0.0
13.822222222222223,0.0,0.0,0.0
13.823611111111111,0.0,0.0,0.0
13.825,0.0,0.0,0.0
13.82638888888889,0.0,0.0,0.0
13.827777777777778,0.0,0.0,0.0
13.829166666666667,0.0,0.0,0.0
13.830555555555556,0.0,0.0,0.0
13.831944444444444,0.0,0.0,0.0
13.833333333333334,0.0,0.0,0.0
13.834722222222222,0.0,0.0,0.0
13.83611111111111,0.0,0.0,0.0
13.8375,0.0,0.0,0.0
13.838888888888889,0.0,0.0,0.0
13.840277777777779,0.0,0.0,0.0
13.841666666666667,0.0,0.0,0.0
13.843055555555555,0.0,0.0,0.0
13.844444444444445,0.0,0.0,0.0
13.845833333333333,0.0,0.0,0.0
13.847222222222221,0.0,0.0,0.0
13.848611111111111,0.0,0.0,0.0
13.85,0.0,0.0,0.0
13.85138888888889,0.0,0.0,0.0
13.852777777777778,0.0,0.0,0.0
13.854166666666666,0.0,0.0,0.0
13.855555555555556,0.0,0.0,0.0
13.856944444444444,0.0,0.0,0.0
13.858333333333333,0.0,0.0,0.0
13.859722222222222,0.0,0.0,0.0
13.86111111111111,0.0,0.0,0.0
13.8625,0.0,0.0,0.0
13.863888888888889,0.0,0.0,0.0
13.865277777777777,0.0,0.0,0.0
13.866666666666667,0.0,0.0,0.0
13.868055555555555,0.0,0.0,0.0
13.869444444444444,0.0,0.0,0.0
13.870833333333334,0.0,0.0,0.0
13.872222222222222,0.0,0.0,0.0
13.873611111111112,0.0,0.0,0.0
13.875,0.0,0.0,0.0
13.876388888888888,0.0,0.0,0.0
13.877777777777778,0.0,0.0,0.0
13.879166666666666,0.0,0.0,0.0
13.880555555555556,0.0,0.0,0.0
13.881944444444445,0.0,0.0,0.0
13.883333333333333,0.0,0.0,0.0
13.884722222222223,0.0,0.0,0.0
13.886111111111111,0.0,0.0,0.0
13.8875,0.0,0.0,0.0
13.88888888888889,0.0,0.0,0.0
13.890277777777778,0.0,0.0,0.0
13.891666666666667,0.0,0.0,0.0
13.893055555555556,0.0,0.0,0.0
13.894444444444444,0.0,0.0,0.0
13.895833333333334,0.0,0.0,0.0
13.897222222222222,0.0,0.0,0.0
13.89861111111111,0.0,0.0,0.0
13.9,0.0,0.0,0.0
13.901388888888889,0.0,0.0,0.0
13.902777777777779,0.0,0.0,0.0
13.904166666666667,0.0,0.0,0.0
13.905555555555555,0.0,0.0,0.0
13.906944444444445,0.0,0.0,0.0
13.908333333333333,0.0,0.0,0.0
13.909722222222221,0.0,0.0,0.0
13.911111111111111,0.0,0.0,0.0
13.9125,0.0,0.0,0.0
13.91388888888889,0.0,0.0,0.0
13.915277777777778,0.0,0.0,0.0
13.916666666666666,0.0,0.0,0.0
13.918055555555556,0.0,0.0,0.0
13.919444444444444,0.0,0.0,0.0
13.920833333333333,0.0,0.0,0.0
13.922222222222222,0.0,0.0,0.0
13.92361111111111,0.0,0.0,0.0
13.925,0.0,0.0,0.0
13.926388888888889,0.0,0.0,0.0
13.927777777777777,0.0,0.0,0.0
13.929166666666667,0.0,0.0,0.0
13.930555555555555,0.0,0.0,0.0
13.931944444444444,0.0,0.0,0.0
13.933333333333334,0.0,0.0,0.0
13.934722222222222,0.0,0.0,0.0
13.936111111111112,0.0,0.0,0.0
13.9375,0.0,0.0,0.0
13.938888888888888,0.0,0.0,0.0
13.940277777777778,0.0,0.0,0.0
13.941666666666666,0.0,0.0,0.0
13.943055555555556,0.0,0.0,0.0
13.944444444444445,0.0,0.0,0.0
13.945833333333333,0.0,0.0,0.0
13.947222222222223,0.0,0.0,0.0
13.948611111111111,0.0,0.0,0.0
13.95,0.0,0.0,0.0
13.95138888888889,0.0,0.0,0.0
13.952777777777778,0.0,0.0,0.0
13.954166666666667,0.0,0.0,0.0
13.955555555555556,0.0,0.0,0.0
13.956944444444444,0.0,0.0,0.0
13.958333333333334,0.0,0.0,0.0
13.959722222222222,0.0,0.0,0.0
13.96111111111111,0.0,0.0,0.0
13.9625,0.0,0.0,0.0
13.963888888888889,0.0,0.0,0.0
13.965277777777779,0.0,0.0,0.0
13.966666666666667,0.0,0.0,0.0
13.968055555555555,0.0,0.0,0.0
13.969444444444445,0.0,0.0,0.0
13.970833333333333,0.0,0.0,0.0
13.972222222222221,0.0,0.0,0.0
13.973611111111111,0.0,0.0,0.0
13.975,0.0,0.0,0.0
13.97638888888889,0.0,0.0,0.0
13.977777777777778,0.0,0.0,0.0
13.979166666666666,0.0,0.0,0.0
13.980555555555556,0.0,0.0,0.0
13.981944444444444,0.0,0.0,0.0
13.983333333333333,0.0,0.0,0.0
13.984722222222222,0.0,0.0,0.0
13.98611111111111,0.0,0.0,0.0
13.9875,0.0,0.0,0.0
13.988888888888889,0.0,0.0,0.0
13.990277777777777,0.0,0.0,0.0
13.991666666666667,0.0,0.0,0.0
13.993055555555555,0.0,0.0,0.0
13.994444444444444,0.0,0.0,0.0
13.995833333333334,0.0,0.0,0.0
13.997222222222222,0.0,0.0,0.0
13.998611111111112,0.0,0.0,0.0
14.0,0.0,0.0,0.0
14.001388888888888,0.0,0.0,0.0
14.002777777777778,0.0,0.0,0.0
14.004166666666666,0.0,0.0,0.0
14.005555555555556,0.0,0.0,0.0
14.006944444444445,0.0,0.0,0.0
14.008333333333333,0.0,0.0,0.0
14.009722222222223,0.0,0.0,0.0
14.011111111111111,0.0,0.0,0.0
14.0125,0.0,0.0,0.0
14.01388888888889,0.0,0.0,0.0
14.015277777777778,0.0,0.0,0.0
14.016666666666667,0.0,0.0,0.0
14.018055555555556,0.0,0.0,0.0
14.019444444444444,0.0,0.0,0.0
14.020833333333334,0.0,0.0,0.0
14.022222222222222,0.0,0.0,0.0
14.02361111111111,0.0,0.0,0.0
14.025,0.0,0.0,0.0
14.026388888888889,0.0,0.0,0.0
14.027777777777779,0.0,0.0,0.0
14.029166666666667,0.0,0.0,0.0
14.030555555555555,0.0,0.0,0.0
14.031944444444445,0.0,0.0,0.0
14.033333333333333,0.0,0.0,0.0
14.034722222222221,0.0,0.0,0.0
14.036111111111111,0.0,0.0,0.0
14.0375,0.0,0.0,0.0
14.03888888888889,0.0,0.0,0.0
14.040277777777778,0.0,0.0,0.0
14.041666666666666,0.0,0.0,0.0
14.043055555555556,0.0,0.0,0.0
14.044444444444444,0.0,0.0,0.0
14.045833333333333,0.0,0.0,0.0
14.047222222222222,0.0,0.0,0.0
14.04861111111111,0.0,0.0,0.0
14.05,0.0,0.0,0.0
14.051388888888889,0.0,0.0,0.0
14.052777777777777,0.0,0.0,0.0
14.054166666666667,0.0,0.0,0.0
14.055555555555555,0.0,0.0,0.0
14.056944444444444,0.0,0.0,0.0
14.058333333333334,0.0,0.0,0.0
14.059722222222222,0.0,0.0,0.0
14.061111111111112,0.0,0.0,0.0
14.0625,0.0,0.0,0.0
14.063888888888888,0.0,0.0,0.0
14.065277777777778,0.0,0.0,0.0
14.066666666666666,0.0,0.0,0.0
14.068055555555556,0.0,0.0,0.0
14.069444444444445,0.0,0.0,0.0
14.070833333333333,0.0,0.0,0.0
14.072222222222223,0.0,0.0,0.0
14.073611111111111,0.0,0.0,0.0
14.075,0.0,0.0,0.0
14.07638888888889,0.0,0.0,0.0
14.077777777777778,0.0,0.0,0.0
14.079166666666667,0.0,0.0,0.0
14.080555555555556,0.0,0.0,0.0
14.081944444444444,0.0,0.0,0.0
14.083333333333334,0.0,0.0,0.0
14.084722222222222,0.0,0.0,0.0
14.08611111111111,0.0,0.0,0.0
14.0875,0.0,0.0,0.0
14.088888888888889,0.0,0.0,0.0
14.090277777777779,0.0,0.0,0.0
14.091666666666667,0.0,0.0,0.0
14.093055555555555,0.0,0.0,0.0
14.094444444444445,0.0,0.0,0.0
14.095833333333333,0.0,0.0,0.0
14.097222222222221,0.0,0.0,0.0
14.098611111111111,0.0,0.0,0.0
14.1,0.0,0.0,0.0
14.10138888888889,0.0,0.0,0.0
14.102777777777778,0.0,0.0,0.0
14.104166666666666,0.0,0.0,0.0
14.105555555555556,0.0,0.0,0.0
14.106944444444444,0.0,0.0,0.0
14.108333333333333,0.0,0.0,0.0
14.109722222222222,0.0,0.0,0.0
14.11111111111111,0.0,0.0,0.0
14.1125,0.0,0.0,0.0
14.113888888888889,0.0,0.0,0.0
14.115277777777777,0.0,0.0,0.0
14.116666666666667,0.0,0.0,0.0
14.118055555555555,0.0,0.0,0.0
14.119444444444444,0.0,0.0,0.0
14.120833333333334,0.0,0.0,0.0
14.122222222222222,0.0,0.0,0.0
14.123611111111112,0.0,0.0,0.0
14.125,0.0,0.0,0.0
14.126388888888888,0.0,0.0,0.0
14.127777777777778,0.0,0.0,0.0
14.129166666666666,0.0,0.0,0.0
14.130555555555556,0.0,0.0,0.0
14.131944444444445,0.0,0.0,0.0
14.133333333333333,0.0,0.0,0.0
14.134722222222223,0.0,0.0,0.0
14.136111111111111,0.0,0.0,0.0
14.1375,0.0,0.0,0.0
14.13888888888889,0.0,0.0,0.0
14.140277777777778,0.0,0.0,0.0
14.141666666666667,0.0,0.0,0.0
14.143055555555556,0.0,0.0,0.0
14.144444444444444,0.0,0.0,0.0
14.145833333333334,0.0,0.0,0.0
14.147222222222222,0.0,0.0,0.0
14.14861111111111,0.0,0.0,0.0
14.15,0.0,0.0,0.0
14.151388888888889,0.0,0.0,0.0
14.152777777777779,0.0,0.0,0.0
14.154166666666667,0.0,0.0,0.0
14.155555555555555,0.0,0.0,0.0
14.156944444444445,0.0,0.0,0.0
14.158333333333333,0.0,0.0,0.0
14.159722222222221,0.0,0.0,0.0
14.161111111111111,0.0,0.0,0.0
14.1625,0.0,0.0,0.0
14.16388888888889,0.0,0.0,0.0
14.165277777777778,0.0,0.0,0.0
14.166666666666666,0.0,0.0,0.0
14.168055555555556,0.0,0.0,0.0
14.169444444444444,0.0,0.0,0.0
14.170833333333333,0.0,0.0,0.0
14.172222222222222,0.0,0.0,0.0
14.17361111111111,0.0,0.0,0.0
14.175,0.0,0.0,0.0
14.176388888888889,0.0,0.0,0.0
14.177777777777777,0.0,0.0,0.0
14.179166666666667,0.0,0.0,0.0
14.180555555555555,0.0,0.0,0.0
14.181944444444444,0.0,0.0,0.0
14.183333333333334,0.0,0.0,0.0
14.184722222222222,0.0,0.0,0.0
14.186111111111112,0.0,0.0,0.0
14.1875,0.0,0.0,0.0
14.188888888888888,0.0,0.0,0.0
14.190277777777778,0.0,0.0,0.0
14.191666666666666,0.0,0.0,0.0
14.193055555555556,0.0,0.0,0.0
14.194444444444445,0.0,0.0,0.0
14.195833333333333,0.0,0.0,0.0
14.197222222222223,0.0,0.0,0.0
14.198611111111111,0.0,0.0,0.0
14.2,0.0,0.0,0.0
14.20138888888889,0.0,0.0,0.0
14.202777777777778,0.0,0.0,0.0
14.204166666666667,0.0,0.0,0.0
14.205555555555556,0.0,0.0,0.0
14.206944444444444,0.0,0.0,0.0
14.208333333333334,0.0,0.0,0.0
14.209722222222222,0.0,0.0,0.0
14.21111111111111,0.0,0.0,0.0
14.2125,0.0,0.0,0.0
14.213888888888889,0.0,0.0,0.0
14.215277777777779,0.0,0.0,0.0
14.216666666666667,0.0,0.0,0.0
14.218055555555555,0.0,0.0,0.0
14.219444444444445,0.0,0.0,0.0
14.220833333333333,0.0,0.0,0.0
14.222222222222221,0.0,0.0,0.0
14.223611111111111,0.0,0.0,0.0
14.225,0.0,0.0,0.0
14.22638888888889,0.0,0.0,0.0
14.227777777777778,0.0,0.0,0.0
14.229166666666666,0.0,0.0,0.0
14.230555555555556,0.0,0.0,0.0
14.231944444444444,0.0,0.0,0.0
14.233333333333333,0.0,0.0,0.0
14.234722222222222,0.0,0.0,0.0
14.23611111111111,0.0,0.0,0.0
14.2375,0.0,0.0,0.0
14.238888888888889,0.0,0.0,0.0
14.240277777777777,0.0,0.0,0.0
14.241666666666667,0.0,0.0,0.0
14.243055555555555,0.0,0.0,0.0
14.244444444444444,0.0,0.0,0.0
14.245833333333334,0.0,0.0,0.0
14.247222222222222,0.0,0.0,0.0
14.248611111111112,0.0,0.0,0.0
14.25,0.0,0.0,0.0
14.251388888888888,0.0,0.0,0.0
14.252777777777778,0.0,0.0,0.0
14.254166666666666,0.0,0.0,0.0
14.255555555555556,0.0,0.0,0.0
14.256944444444445,0.0,0.0,0.0
14.258333333333333,0.0,0.0,0.0
14.259722222222223,0.0,0.0,0.0
14.261111111111111,0.0,0.0,0.0
14.2625,0.0,0.0,0.0
14.26388888888889,0.0,0.0,0.0
14.265277777777778,0.0,0.0,0.0
14.266666666666667,0.0,0.0,0.0
14.268055555555556,0.0,0.0,0.0
14.269444444444444,0.0,0.0,0.0
14.270833333333334,0.0,0.0,0.0
14.272222222222222,0.0,0.0,0.0
14.27361111111111,0.0,0.0,0.0
14.275,0.0,0.0,0.0
14.276388888888889,0.0,0.0,0.0
14.277777777777779,0.0,0.0,0.0
14.279166666666667,0.0,0.0,0.0
14.280555555555555,0.0,0.0,0.0
14.281944444444445,0.0,0.0,0.0
14.283333333333333,0.0,0.0,0.0
14.284722222222221,0.0,0.0,0.0
14.286111111111111,0.0,0.0,0.0
14.2875,0.0,0.0,0.0
14.28888888888889,0.0,0.0,0.0
14.290277777777778,0.0,0.0,0.0
14.291666666666666,0.0,0.0,0.0
14.293055555555556,0.0,0.0,0.0
14.294444444444444,0.0,0.0,0.0
14.295833333333333,0.0,0.0,0.0
14.297222222222222,0.0,0.0,0.0
14.29861111111111,0.0,0.0,0.0
14.3,0.0,0.0,0.0
14.301388888888889,0.0,0.0,0.0
14.302777777777777,0.0,0.0,0.0
14.304166666666667,0.0,0.0,0.0
14.305555555555555,0.0,0.0,0.0
14.306944444444444,0.0,0.0,0.0
14.308333333333334,0.0,0.0,0.0
14.309722222222222,0.0,0.0,0.0
14.311111111111112,0.0,0.0,0.0
14.3125,0.0,0.0,0.0
14.313888888888888,0.0,0.0,0.0
14.315277777777778,0.0,0.0,0.0
14.316666666666666,0.0,0.0,0.0
14.318055555555556,0.0,0.0,0.0
14.319444444444445,0.0,0.0,0.0
14.320833333333333,0.0,0.0,0.0
14.322222222222223,0.0,0.0,0.0
14.323611111111111,0.0,0.0,0.0
14.325,0.0,0.0,0.0
14.32638888888889,0.0,0.0,0.0
14.327777777777778,0.0,0.0,0.0
14.329166666666667,0.0,0.0,0.0
14.330555555555556,0.0,0.0,0.0
14.331944444444444,0.0,0.0,0.0
14.333333333333334,0.0,0.0,0.0
14.334722222222222,0.0,0.0,0.0
14.33611111111111,0.0,0.0,0.0
14.3375,0.0,0.0,0.0
14.338888888888889,0.0,0.0,0.0
14.340277777777779,0.0,0.0,0.0
14.341666666666667,0.0,0.0,0.0
14.343055555555555,0.0,0.0,0.0
14.344444444444445,0.0,0.0,0.0
14.345833333333333,0.0,0.0,0.0
14.347222222222221,0.0,0.0,0.0
14.348611111111111,0.0,0.0,0.0
14.35,0.0,0.0,0.0
14.35138888888889,0.0,0.0,0.0
14.352777777777778,0.0,0.0,0.0
14.354166666666666,0.0,0.0,0.0
14.355555555555556,0.0,0.0,0.0
14.356944444444444,0.0,0.0,0.0
14.358333333333333,0.0,0.0,0.0
14.359722222222222,0.0,0.0,0.0
14.36111111111111,0.0,0.0,0.0
14.3625,0.0,0.0,0.0
14.363888888888889,0.0,0.0,0.0
14.365277777777777,0.0,0.0,0.0
14.366666666666667,0.0,0.0,0.0
14.368055555555555,0.0,0.0,0.0
14.369444444444444,0.0,0.0,0.0
14.370833333333334,0.0,0.0,0.0
14.372222222222222,0.0,0.0,0.0
14.373611111111112,0.0,0.0,0.0
14.375,0.0,0.0,0.0
14.376388888888888,0.0,0.0,0.0
14.377777777777778,0.0,0.0,0.0
14.379166666666666,0.0,0.0,0.0
14.380555555555556,0.0,0.0,0.0
14.381944444444445,0.0,0.0,0.0
14.383333333333333,0.0,0.0,0.0
14.384722222222223,0.0,0.0,0.0
14.386111111111111,0.0,0.0,0.0
14.3875,0.0,0.0,0.0
14.38888888888889,0.0,0.0,0.0
14.390277777777778,0.0,0.0,0.0
14.391666666666667,0.0,0.0,0.0
14.393055555555556,0.0,0.0,0.0
14.394444444444444,0.0,0.0,0.0
14.395833333333334,0.0,0.0,0.0
14.397222222222222,0.0,0.0,0.0
14.39861111111111,0.0,0.0,0.0
14.4,0.0,0.0,0.0
14.401388888888889,0.0,0.0,0.0
14.402777777777779,0.0,0.0,0.0
14.404166666666667,0.0,0.0,0.0
14.405555555555555,0.0,0.0,0.0
14.406944444444445,0.0,0.0,0.0
14.408333333333333,0.0,0.0,0.0
14.409722222222221,0.0,0.0,0.0
14.411111111111111,0.0,0.0,0.0
14.4125,0.0,0.0,0.0
14.41388888888889,0.0,0.0,0.0
14.415277777777778,0.0,0.0,0.0
14.416666666666666,0.0,0.0,0.0
14.418055555555556,0.0,0.0,0.0
14.419444444444444,0.0,0.0,0.0
14.420833333333333,0.0,0.0,0.0
14.422222222222222,0.0,0.0,0.0
14.42361111111111,0.0,0.0,0.0
14.425,0.0,0.0,0.0
14.426388888888889,0.0,0.0,0.0
14.427777777777777,0.0,0.0,0.0
14.429166666666667,0.0,0.0,0.0
14.430555555555555,0.0,0.0,0.0
14.431944444444444,0.0,0.0,0.0
14.433333333333334,0.0,0.0,0.0
14.434722222222222,0.0,0.0,0.0
14.436111111111112,0.0,0.0,0.0
14.4375,0.0,0.0,0.0
14.438888888888888,0.0,0.0,0.0
14.440277777777778,0.0,0.0,0.0
14.441666666666666,0.0,0.0,0.0
14.443055555555556,0.0,0.0,0.0
14.444444444444445,0.0,0.0,0.0
14.445833333333333,0.0,0.0,0.0
14.447222222222223,0.0,0.0,0.0
14.448611111111111,0.0,0.0,0.0
14.45,0.0,0.0,0.0
14.45138888888889,0.0,0.0,0.0
14.452777777777778,0.0,0.0,0.0
14.454166666666667,0.0,0.0,0.0
14.455555555555556,0.0,0.0,0.0
14.456944444444444,0.0,0.0,0.0
14.458333333333334,0.0,0.0,0.0
14.459722222222222,0.0,0.0,0.0
14.46111111111111,0.0,0.0,0.0
14.4625,0.0,0.0,0.0
14.463888888888889,0.0,0.0,0.0
14.465277777777779,0.0,0.0,0.0
14.466666666666667,0.0,0.0,0.0
14.468055555555555,0.0,0.0,0.0
14.469444444444445,0.0,0.0,0.0
14.470833333333333,0.0,0.0,0.0
14.472222222222221,0.0,0.0,0.0
14.473611111111111,0.0,0.0,0.0
14.475,0.0,0.0,0.0
14.47638888888889,0.0,0.0,0.0
14.477777777777778,0.0,0.0,0.0
14.479166666666666,0.0,0.0,0.0
14.480555555555556,0.0,0.0,0.0
14.481944444444444,0.0,0.0,0.0
14.483333333333333,0.0,0.0,0.0
14.484722222222222,0.0,0.0,0.0
14.48611111111111,0.0,0.0,0.0
14.4875,0.0,0.0,0.0
14.488888888888889,0.0,0.0,0.0
14.490277777777777,0.0,0.0,0.0
14.491666666666667,0.0,0.0,0.0
14.493055555555555,0.0,0.0,0.0
14.494444444444444,0.0,0.0,0.0
14.495833333333334,0.0,0.0,0.0
14.497222222222222,0.0,0.0,0.0
14.498611111111112,0.0,0.0,0.0
14.5,0.0,0.0,0.0
14.501388888888888,0.0,0.0,0.0
14.502777777777778,0.0,0.0,0.0
14.504166666666666,0.0,0.0,0.0
14.505555555555556,0.0,0.0,0.0
14.506944444444445,0.0,0.0,0.0
14.508333333333333,0.0,0.0,0.0
14.509722222222223,0.0,0.0,0.0
14.511111111111111,0.0,0.0,0.0
14.5125,0.0,0.0,0.0
14.51388888888889,0.0,0.0,0.0
14.515277777777778,0.0,0.0,0.0
14.516666666666667,0.0,0.0,0.0
14.518055555555556,0.0,0.0,0.0
14.519444444444444,0.0,0.0,0.0
14.520833333333334,0.0,0.0,0.0
14.522222222222222,0.0,0.0,0.0
14.52361111111111,0.0,0.0,0.0
14.525,0.0,0.0,0.0
14.526388888888889,0.0,0.0,0.0
14.527777777777779,0.0,0.0,0.0
14.529166666666667,0.0,0.0,0.0
14.530555555555555,0.0,0.0,0.0
14.531944444444445,0.0,0.0,0.0
14.533333333333333,0.0,0.0,0.0
14.534722222222221,0.0,0.0,0.0
14.536111111111111,0.0,0.0,0.0
14.5375,0.0,0.0,0.0
14.53888888888889,0.0,0.0,0.0
14.540277777777778,0.0,0.0,0.0
14.541666666666666,0.0,0.0,0.0
14.543055555555556,0.0,0.0,0.0
14.544444444444444,0.0,0.0,0.0
14.545833333333333,0.0,0.0,0.0
14.547222222222222,0.0,0.0,0.0
14.54861111111111,0.0,0.0,0.0
14.55,0.0,0.0,0.0
14.551388888888889,0.0,0.0,0.0
14.552777777777777,0.0,0.0,0.0
14.554166666666667,0.0,0.0,0.0
14.555555555555555,0.0,0.0,0.0
14.556944444444444,0.0,0.0,0.0
14.558333333333334,0.0,0.0,0.0
14.559722222222222,0.0,0.0,0.0
14.561111111111112,0.0,0.0,0.0
14.5625,0.0,0.0,0.0
14.563888888888888,0.0,0.0,0.0
14.565277777777778,0.0,0.0,0.0
14.566666666666666,0.0,0.0,0.0
14.568055555555556,0.0,0.0,0.0
14.569444444444445,0.0,0.0,0.0
14.570833333333333,0.0,0.0,0.0
14.572222222222223,0.0,0.0,0.0
14.573611111111111,0.0,0.0,0.0
14.575,0.0,0.0,0.0
14.57638888888889,0.0,0.0,0.0
14.577777777777778,0.0,0.0,0.0
14.579166666666667,0.0,0.0,0.0
14.580555555555556,0.0,0.0,0.0
14.581944444444444,0.0,0.0,0.0
14.583333333333334,0.0,0.0,0.0
14.584722222222222,0.0,0.0,0.0
14.58611111111111,0.0,0.0,0.0
14.5875,0.0,0.0,0.0
14.588888888888889,0.0,0.0,0.0
14.590277777777779,0.0,0.0,0.0
14.591666666666667,0.0,0.0,0.0
14.593055555555555,0.0,0.0,0.0
14.594444444444445,0.0,0.0,0.0
14.595833333333333,0.0,0.0,0.0
14.597222222222221,0.0,0.0,0.0
14.598611111111111,0.0,0.0,0.0
14.6,0.0,0.0,0.0
14.60138888888889,0.0,0.0,0.0
14.602777777777778,0.0,0.0,0.0
14.604166666666666,0.0,0.0,0.0
14.605555555555556,0.0,0.0,0.0
14.606944444444444,0.0,0.0,0.0
14.608333333333333,0.0,0.0,0.0
14.609722222222222,0.0,0.0,0.0
14.61111111111111,0.0,0.0,0.0
14.6125,0.0,0.0,0.0
14.613888888888889,0.0,0.0,0.0
14.615277777777777,0.0,0.0,0.0
14.616666666666667,0.0,0.0,0.0
14.618055555555555,0.0,0.0,0.0
14.619444444444444,0.0,0.0,0.0
14.620833333333334,0.0,0.0,0.0
14.622222222222222,0.0,0.0,0.0
14.623611111111112,0.0,0.0,0.0
14.625,0.0,0.0,0.0
14.626388888888888,0.0,0.0,0.0
14.627777777777778,0.0,0.0,0.0
14.629166666666666,0.0,0.0,0.0
14.630555555555556,0.0,0.0,0.0
14.631944444444445,0.0,0.0,0.0
14.633333333333333,0.0,0.0,0.0
14.634722222222223,0.0,0.0,0.0
14.636111111111111,0.0,0.0,0.0
14.6375,0.0,0.0,0.0
14.63888888888889,0.0,0.0,0.0
14.640277777777778,0.0,0.0,0.0
14.641666666666667,0.0,0.0,0.0
14.643055555555556,0.0,0.0,0.0
14.644444444444444,0.0,0.0,0.0
14.645833333333334,0.0,0.0,0.0
14.647222222222222,0.0,0.0,0.0
14.64861111111111,0.0,0.0,0.0
14.65,0.0,0.0,0.0
14.651388888888889,0.0,0.0,0.0
14.652777777777779,0.0,0.0,0.0
14.654166666666667,0.0,0.0,0.0
14.655555555555555,0.0,0.0,0.0
14.656944444444445,0.0,0.0,0.0
14.658333333333333,0.0,0.0,0.0
14.659722222222221,0.0,0.0,0.0
14.661111111111111,0.0,0.0,0.0
14.6625,0.0,0.0,0.0
14.66388888888889,0.0,0.0,0.0
14.665277777777778,0.0,0.0,0.0
14.666666666666666,0.0,0.0,0.0
14.668055555555556,0.0,0.0,0.0
14.669444444444444,0.0,0.0,0.0
14.670833333333333,0.0,0.0,0.0
14.672222222222222,0.0,0.0,0.0
14.67361111111111,0.0,0.0,0.0
14.675,0.0,0.0,0.0
14.676388888888889,0.0,0.0,0.0
14.677777777777777,0.0,0.0,0.0
14.679166666666667,0.0,0.0,0.0
14.680555555555555,0.0,0.0,0.0
14.681944444444444,0.0,0.0,0.0
14.683333333333334,0.0,0.0,0.0
14.684722222222222,0.0,0.0,0.0
14.686111111111112,0.0,0.0,0.0
14.6875,0.0,0.0,0.0
14.688888888888888,0.0,0.0,0.0
14.690277777777778,0.0,0.0,0.0
14.691666666666666,0.0,0.0,0.0
14.693055555555556,0.0,0.0,0.0
14.694444444444445,0.0,0.0,0.0
14.695833333333333,0.0,0.0,0.0
14.697222222222223,0.0,0.0,0.0
14.698611111111111,0.0,0.0,0.0
14.7,0.0,0.0,0.0
14.70138888888889,0.0,0.0,0.0
14.702777777777778,0.0,0.0,0.0
14.704166666666667,0.0,0.0,0.0
14.705555555555556,0.0,0.0,0.0
14.706944444444444,0.0,0.0,0.0
14.708333333333334,0.0,0.0,0.0
14.709722222222222,0.0,0.0,0.0
14.71111111111111,0.0,0.0,0.0
14.7125,0.0,0.0,0.0
14.713888888888889,0.0,0.0,0.0
14.715277777777779,0.0,0.0,0.0
14.716666666666667,0.0,0.0,0.0
14.718055555555555,0.0,0.0,0.0
14.719444444444445,0.0,0.0,0.0
14.720833333333333,0.0,0.0,0.0
14.722222222222221,0.0,0.0,0.0
14.723611111111111,0.0,0.0,0.0
14.725,0.0,0.0,0.0
14.72638888888889,0.0,0.0,0.0
14.727777777777778,0.0,0.0,0.0
14.729166666666666,0.0,0.0,0.0
14.730555555555556,0.0,0.0,0.0
14.731944444444444,0.0,0.0,0.0
14.733333333333333,0.0,0.0,0.0
14.734722222222222,0.0,0.0,0.0
14.73611111111111,0.0,0.0,0.0
14.7375,0.0,0.0,0.0
14.738888888888889,0.0,0.0,0.0
14.740277777777777,0.0,0.0,0.0
14.741666666666667,0.0,0.0,0.0
14.743055555555555,0.0,0.0,0.0
14.744444444444444,0.0,0.0,0.0
14.745833333333334,0.0,0.0,0.0
14.747222222222222,0.0,0.0,0.0
14.748611111111112,0.0,0.0,0.0
14.75,0.0,0.0,0.0
14.751388888888888,0.0,0.0,0.0
14.752777777777778,0.0,0.0,0.0
14.754166666666666,0.0,0.0,0.0
14.755555555555556,0.0,0.0,0.0
14.756944444444445,0.0,0.0,0.0
14.758333333333333,0.0,0.0,0.0
14.759722222222223,0.0,0.0,0.0
14.761111111111111,0.0,0.0,0.0
14.7625,0.0,0.0,0.0
14.76388888888889,0.0,0.0,0.0
14.765277777777778,0.0,0.0,0.0
14.766666666666667,0.0,0.0,0.0
14.768055555555556,0.0,0.0,0.0
14.769444444444444,0.0,0.0,0.0
14.770833333333334,0.0,0.0,0.0
14.772222222222222,0.0,0.0,0.0
14.77361111111111,0.0,0.0,0.0
14.775,0.0,0.0,0.0
14.776388888888889,0.0,0.0,0.0
14.777777777777779,0.0,0.0,0.0
14.779166666666667,0.0,0.0,0.0
14.780555555555555,0.0,0.0,0.0
14.781944444444445,0.0,0.0,0.0
14.783333333333333,0.0,0.0,0.0
14.784722222222221,0.0,0.0,0.0
14.786111111111111,0.0,0.0,0.0
14.7875,0.0,0.0,0.0
14.78888888888889,0.0,0.0,0.0
14.790277777777778,0.0,0.0,0.0
14.791666666666666,0.0,0.0,0.0
14.793055555555556,0.0,0.0,0.0
14.794444444444444,0.0,0.0,0.0
14.795833333333333,0.0,0.0,0.0
14.797222222222222,0.0,0.0,0.0
14.79861111111111,0.0,0.0,0.0
14.8,0.0,0.0,0.0
14.801388888888889,0.0,0.0,0.0
14.802777777777777,0.0,0.0,0.0
14.804166666666667,0.0,0.0,0.0
14.805555555555555,0.0,0.0,0.0
14.806944444444444,0.0,0.0,0.0
14.808333333333334,0.0,0.0,0.0
14.809722222222222,0.0,0.0,0.0
14.811111111111112,0.0,0.0,0.0
14.8125,0.0,0.0,0.0
14.813888888888888,0.0,0.0,0.0
14.815277777777778,0.0,0.0,0.0
14.816666666666666,0.0,0.0,0.0
14.818055555555556,0.0,0.0,0.0
14.819444444444445,0.0,0.0,0.0
14.820833333333333,0.0,0.0,0.0
14.822222222222223,0.0,0.0,0.0
14.823611111111111,0.0,0.0,0.0
14.825,0.0,0.0,0.0
14.82638888888889,0.0,0.0,0.0
14.827777777777778,0.0,0.0,0.0
14.829166666666667,0.0,0.0,0.0
14.830555555555556,0.0,0.0,0.0
14.831944444444444,0.0,0.0,0.0
14.833333333333334,0.0,0.0,0.0
14.834722222222222,0.0,0.0,0.0
14.83611111111111,0.0,0.0,0.0
14.8375,0.0,0.0,0.0
14.838888888888889,0.0,0.0,0.0
14.840277777777779,0.0,0.0,0.0
14.841666666666667,0.0,0.0,0.0
14.843055555555555,0.0,0.0,0.0
14.844444444444445,0.0,0.0,0.0
14.845833333333333,0.0,0.0,0.0
14.847222222222221,0.0,0.0,0.0
14.848611111111111,0.0,0.0,0.0
14.85,0.0,0.0,0.0
14.85138888888889,0.0,0.0,0.0
14.852777777777778,0.0,0.0,0.0
14.854166666666666,0.0,0.0,0.0
14.855555555555556,0.0,0.0,0.0
14.856944444444444,0.0,0.0,0.0
14.858333333333333,0.0,0.0,0.0
14.859722222222222,0.0,0.0,0.0
14.86111111111111,0.0,0.0,0.0
14.8625,0.0,0.0,0.0
14.863888888888889,0.0,0.0,0.0
14.865277777777777,0.0,0.0,0.0
14.866666666666667,0.0,0.0,0.0
14.868055555555555,0.0,0.0,0.0
14.869444444444444,0.0,0.0,0.0
14.870833333333334,0.0,0.0,0.0
14.872222222222222,0.0,0.0,0.0
14.873611111111112,0.0,0.0,0.0
14.875,0.0,0.0,0.0
14.876388888888888,0.0,0.0,0.0
14.877777777777778,0.0,0.0,0.0
14.879166666666666,0.0,0.0,0.0
14.880555555555556,0.0,0.0,0.0
14.881944444444445,0.0,0.0,0.0
14.883333333333333,0.0,0.0,0.0
14.884722222222223,0.0,0.0,0.0
14.886111111111111,0.0,0.0,0.0
14.8875,0.0,0.0,0.0
14.88888888888889,0.0,0.0,0.0
14.890277777777778,0.0,0.0,0.0
14.891666666666667,0.0,0.0,0.0
14.893055555555556,0.0,0.0,0.0
14.894444444444444,0.0,0.0,0.0
14.895833333333334,0.0,0.0,0.0
14.897222222222222,0.0,0.0,0.0
14.89861111111111,0.0,0.0,0.0
14.9,0.0,0.0,0.0
14.901388888888889,0.0,0.0,0.0
14.902777777777779,0.0,0.0,0.0
14.904166666666667,0.0,0.0,0.0
14.905555555555555,0.0,0.0,0.0
14.906944444444445,0.0,0.0,0.0
14.908333333333333,0.0,0.0,0.0
14.909722222222221,0.0,0.0,0.0
14.911111111111111,0.0,0.0,0.0
14.9125,0.0,0.0,0.0
14.91388888888889,0.0,0.0,0.0
14.915277777777778,0.0,0.0,0.0
14.916666666666666,0.0,0.0,0.0
14.918055555555556,0.0,0.0,0.0
14.919444444444444,0.0,0.0,0.0
14.920833333333333,0.0,0.0,0.0
14.922222222222222,0.0,0.0,0.0
14.92361111111111,0.0,0.0,0.0
14.925,0.0,0.0,0.0
14.926388888888889,0.0,0.0,0.0
14.927777777777777,0.0,0.0,0.0
14.929166666666667,0.0,0.0,0.0
14.930555555555555,0.0,0.0,0.0
14.931944444444444,0.0,0.0,0.0
14.933333333333334,0.0,0.0,0.0
14.934722222222222,0.0,0.0,0.0
14.936111111111112,0.0,0.0,0.0
14.9375,0.0,0.0,0.0
14.938888888888888,0.0,0.0,0.0
14.940277777777778,0.0,0.0,0.0
14.941666666666666,0.0,0.0,0.0
14.943055555555556,0.0,0.0,0.0
14.944444444444445,0.0,0.0,0.0
14.945833333333333,0.0,0.0,0.0
14.947222222222223,0.0,0.0,0.0
14.948611111111111,0.0,0.0,0.0
14.95,0.0,0.0,0.0
14.95138888888889,0.0,0.0,0.0
14.952777777777778,0.0,0.0,0.0
14.954166666666667,0.0,0.0,0.0
14.955555555555556,0.0,0.0,0.0
14.956944444444444,0.0,0.0,0.0
14.958333333333334,0.0,0.0,0.0
14.959722222222222,0.0,0.0,0.0
14.96111111111111,0.0,0.0,0.0
14.9625,0.0,0.0,0.0
14.963888888888889,0.0,0.0,0.0
14.965277777777779,0.0,0.0,0.0
14.966666666666667,0.0,0.0,0.0
14.968055555555555,0.0,0.0,0.0
14.969444444444445,0.0,0.0,0.0
14.970833333333333,0.0,0.0,0.0
14.972222222222221,0.0,0.0,0.0
14.973611111111111,0.0,0.0,0.0
14.975,0.0,0.0,0.0
14.97638888888889,0.0,0.0,0.0
14.977777777777778,0.0,0.0,0.0
14.979166666666666,0.0,0.0,0.0
14.980555555555556,0.0,0.0,0.0
14.981944444444444,0.0,0.0,0.0
14.983333333333333,0.0,0.0,0.0
14.984722222222222,0.0,0.0,0.0
14.98611111111111,0.0,0.0,0.0
14.9875,0.0,0.0,0.0
14.988888888888889,0.0,0.0,0.0
14.990277777777777,0.0,0.0,0.0
14.991666666666667,0.0,0.0,0.0
14.993055555555555,0.0,0.0,0.0
14.994444444444444,0.0,0.0,0.0
14.995833333333334,0.0,0.0,0.0
14.997222222222222,0.0,0.0,0.0
14.998611111111112,0.0,0.0,0.0
15.0,0.0,0.0,0.0
15.001388888888888,0.0,0.0,0.0
15.002777777777778,0.0,0.0,0.0
15.004166666666666,0.0,0.0,0.0
15.005555555555556,0.0,0.0,0.0
15.006944444444445,0.0,0.0,0.0
15.008333333333333,0.0,0.0,0.0
15.009722222222223,0.0,0.0,0.0
15.011111111111111,0.0,0.0,0.0
15.0125,0.0,0.0,0.0
15.01388888888889,0.0,0.0,0.0
15.015277777777778,0.0,0.0,0.0
15.016666666666667,0.0,0.0,0.0
15.018055555555556,0.0,0.0,0.0
15.019444444444444,0.0,0.0,0.0
15.020833333333334,0.0,0.0,0.0
15.022222222222222,0.0,0.0,0.0
15.02361111111111,0.0,0.0,0.0
15.025,0.0,0.0,0.0
15.026388888888889,0.0,0.0,0.0
15.027777777777779,0.0,0.0,0.0
15.029166666666667,0.0,0.0,0.0
15.030555555555555,0.0,0.0,0.0
15.031944444444445,0.0,0.0,0.0
15.033333333333333,0.0,0.0,0.0
15.034722222222221,0.0,0.0,0.0
15.036111111111111,0.0,0.0,0.0
15.0375,0.0,0.0,0.0
15.03888888888889,0.0,0.0,0.0
15.040277777777778,0.0,0.0,0.0
15.041666666666666,0.0,0.0,0.0
15.043055555555556,0.0,0.0,0.0
15.044444444444444,0.0,0.0,0.0
15.045833333333333,0.0,0.0,0.0
15.047222222222222,0.0,0.0,0.0
15.04861111111111,0.0,0.0,0.0
15.05,0.0,0.0,0.0
15.051388888888889,0.0,0.0,0.0
15.052777777777777,0.0,0.0,0.0
15.054166666666667,0.0,0.0,0.0
15.055555555555555,0.0,0.0,0.0
15.056944444444444,0.0,0.0,0.0
15.058333333333334,0.0,0.0,0.0
15.059722222222222,0.0,0.0,0.0
15.061111111111112,0.0,0.0,0.0
15.0625,0.0,0.0,0.0
15.063888888888888,0.0,0.0,0.0
15.065277777777778,0.0,0.0,0.0
15.066666666666666,0.0,0.0,0.0
15.068055555555556,0.0,0.0,0.0
15.069444444444445,0.0,0.0,0.0
15.070833333333333,0.0,0.0,0.0
15.072222222222223,0.0,0.0,0.0
15.073611111111111,0.0,0.0,0.0
15.075,0.0,0.0,0.0
15.07638888888889,0.0,0.0,0.0
15.077777777777778,0.0,0.0,0.0
15.079166666666667,0.0,0.0,0.0
15.080555555555556,0.0,0.0,0.0
15.081944444444444,0.0,0.0,0.0
15.083333333333334,0.0,0.0,0.0
15.084722222222222,0.0,0.0,0.0
15.08611111111111,0.0,0.0,0.0
15.0875,0.0,0.0,0.0
15.088888888888889,0.0,0.0,0.0
15.090277777777779,0.0,0.0,0.0
15.091666666666667,0.0,0.0,0.0
15.093055555555555,0.0,0.0,0.0
15.094444444444445,0.0,0.0,0.0
15.095833333333333,0.0,0.0,0.0
15.097222222222221,0.0,0.0,0.0
15.098611111111111,0.0,0.0,0.0
15.1,0.0,0.0,0.0
15.10138888888889,0.0,0.0,0.0
15.102777777777778,0.0,0.0,0.0
15.104166666666666,0.0,0.0,0.0
15.105555555555556,0.0,0.0,0.0
15.106944444444444,0.0,0.0,0.0
15.108333333333333,0.0,0.0,0.0
15.109722222222222,0.0,0.0,0.0
15.11111111111111,0.0,0.0,0.0
15.1125,0.0,0.0,0.0
15.113888888888889,0.0,0.0,0.0
15.115277777777777,0.0,0.0,0.0
15.116666666666667,0.0,0.0,0.0
15.118055555555555,0.0,0.0,0.0
15.119444444444444,0.0,0.0,0.0
15.120833333333334,0.0,0.0,0.0
15.122222222222222,0.0,0.0,0.0
15.123611111111112,0.0,0.0,0.0
15.125,0.0,0.0,0.0
15.126388888888888,0.0,0.0,0.0
15.127777777777778,0.0,0.0,0.0
15.129166666666666,0.0,0.0,0.0
15.130555555555556,0.0,0.0,0.0
15.131944444444445,0.0,0.0,0.0
15.133333333333333,0.0,0.0,0.0
15.134722222222223,0.0,0.0,0.0
15.136111111111111,0.0,0.0,0.0
15.1375,0.0,0.0,0.0
15.13888888888889,0.0,0.0,0.0
15.140277777777778,0.0,0.0,0.0
15.141666666666667,0.0,0.0,0.0
15.143055555555556,0.0,0.0,0.0
15.144444444444444,0.0,0.0,0.0
15.145833333333334,0.0,0.0,0.0
15.147222222222222,0.0,0.0,0.0
15.14861111111111,0.0,0.0,0.0
15.15,0.0,0.0,0.0
15.151388888888889,0.0,0.0,0.0
15.152777777777779,0.0,0.0,0.0
15.154166666666667,0.0,0.0,0.0
15.155555555555555,0.0,0.0,0.0
15.156944444444445,0.0,0.0,0.0
15.158333333333333,0.0,0.0,0.0
15.159722222222221,0.0,0.0,0.0
15.161111111111111,0.0,0.0,0.0
15.1625,0.0,0.0,0.0
15.16388888888889,0.0,0.0,0.0
15.165277777777778,0.0,0.0,0.0
15.166666666666666,0.0,0.0,0.0
15.168055555555556,0.0,0.0,0.0
15.169444444444444,0.0,0.0,0.0
15.170833333333333,0.0,0.0,0.0
15.172222222222222,0.0,0.0,0.0
15.17361111111111,0.0,0.0,0.0
15.175,0.0,0.0,0.0
15.176388888888889,0.0,0.0,0.0
15.177777777777777,0.0,0.0,0.0
15.179166666666667,0.0,0.0,0.0
15.180555555555555,0.0,0.0,0.0
15.181944444444444,0.0,0.0,0.0
15.183333333333334,0.0,0.0,0.0
15.184722222222222,0.0,0.0,0.0
15.186111111111112,0.0,0.0,0.0
15.1875,0.0,0.0,0.0
15.188888888888888,0.0,0.0,0.0
15.190277777777778,0.0,0.0,0.0
15.191666666666666,0.0,0.0,0.0
15.193055555555556,0.0,0.0,0.0
15.194444444444445,0.0,0.0,0.0
15.195833333333333,0.0,0.0,0.0
15.197222222222223,0.0,0.0,0.0
15.198611111111111,0.0,0.0,0.0
15.2,0.0,0.0,0.0
15.20138888888889,0.0,0.0,0.0
15.202777777777778,0.0,0.0,0.0
15.204166666666667,0.0,0.0,0.0
15.205555555555556,0.0,0.0,0.0
15.206944444444444,0.0,0.0,0.0
15.208333333333334,0.0,0.0,0.0
15.209722222222222,0.0,0.0,0.0
15.21111111111111,0.0,0.0,0.0
15.2125,0.0,0.0,0.0
15.213888888888889,0.0,0.0,0.0
15.215277777777779,0.0,0.0,0.0
15.216666666666667,0.0,0.0,0.0
15.218055555555555,0.0,0.0,0.0
15.219444444444445,0.0,0.0,0.0
15.220833333333333,0.0,0.0,0.0
15.222222222222221,0.0,0.0,0.0
15.223611111111111,0.0,0.0,0.0
15.225,0.0,0.0,0.0
15.22638888888889,0.0,0.0,0.0
15.227777777777778,0.0,0.0,0.0
15.229166666666666,0.0,0.0,0.0
15.230555555555556,0.0,0.0,0.0
15.231944444444444,0.0,0.0,0.0
15.233333333333333,0.0,0.0,0.0
15.234722222222222,0.0,0.0,0.0
15.23611111111111,0.0,0.0,0.0
15.2375,0.0,0.0,0.0
15.238888888888889,0.0,0.0,0.0
15.240277777777777,0.0,0.0,0.0
15.241666666666667,0.0,0.0,0.0
15.243055555555555,0.0,0.0,0.0
15.244444444444444,0.0,0.0,0.0
15.245833333333334,0.0,0.0,0.0
15.247222222222222,0.0,0.0,0.0
15.248611111111112,0.0,0.0,0.0
15.25,0.0,0.0,0.0
15.251388888888888,0.0,0.0,0.0
15.252777777777778,0.0,0.0,0.0
15.254166666666666,0.0,0.0,0.0
15.255555555555556,0.0,0.0,0.0
15.256944444444445,0.0,0.0,0.0
15.258333333333333,0.0,0.0,0.0
15.259722222222223,0.0,0.0,0.0
15.261111111111111,0.0,0.0,0.0
15.2625,0.0,0.0,0.0
15.26388888888889,0.0,0.0,0.0
15.265277777777778,0.0,0.0,0.0
15.266666666666667,0.0,0.0,0.0
15.268055555555556,0.0,0.0,0.0
15.269444444444444,0.0,0.0,0.0
15.270833333333334,0.0,0.0,0.0
15.272222222222222,0.0,0.0,0.0
15.27361111111111,0.0,0.0,0.0
15.275,0.0,0.0,0.0
15.276388888888889,0.0,0.0,0.0
15.277777777777779,0.0,0.0,0.0
15.279166666666667,0.0,0.0,0.0
15.280555555555555,0.0,0.0,0.0
15.281944444444445,0.0,0.0,0.0
15.283333333333333,0.0,0.0,0.0
15.284722222222221,0.0,0.0,0.0
15.286111111111111,0.0,0.0,0.0
15.2875,0.0,0.0,0.0
15.28888888888889,0.0,0.0,0.0
15.290277777777778,0.0,0.0,0.0
15.291666666666666,0.0,0.0,0.0
15.293055555555556,0.0,0.0,0.0
15.294444444444444,0.0,0.0,0.0
15.295833333333333,0.0,0.0,0.0
15.297222222222222,0.0,0.0,0.0
15.29861111111111,0.0,0.0,0.0
15.3,0.0,0.0,0.0
15.301388888888889,0.0,0.0,0.0
15.302777777777777,0.0,0.0,0.0
15.304166666666667,0.0,0.0,0.0
15.305555555555555,0.0,0.0,0.0
15.306944444444444,0.0,0.0,0.0
15.308333333333334,0.0,0.0,0.0
15.309722222222222,0.0,0.0,0.0
15.311111111111112,0.0,0.0,0.0
15.3125,0.0,0.0,0.0
15.313888888888888,0.0,0.0,0.0
15.315277777777778,0.0,0.0,0.0
15.316666666666666,0.0,0.0,0.0
15.318055555555556,0.0,0.0,0.0
15.319444444444445,0.0,0.0,0.0
15.320833333333333,0.0,0.0,0.0
15.322222222222223,0.0,0.0,0.0
15.323611111111111,0.0,0.0,0.0
15.325,0.0,0.0,0.0
15.32638888888889,0.0,0.0,0.0
15.327777777777778,0.0,0.0,0.0
15.329166666666667,0.0,0.0,0.0
15.330555555555556,0.0,0.0,0.0
15.331944444444444,0.0,0.0,0.0
15.333333333333334,0.0,0.0,0.0
15.334722222222222,0.0,0.0,0.0
15.33611111111111,0.0,0.0,0.0
15.3375,0.0,0.0,0.0
15.338888888888889,0.0,0.0,0.0
15.340277777777779,0.0,0.0,0.0
15.341666666666667,0.0,0.0,0.0
15.343055555555555,0.0,0.0,0.0
15.344444444444445,0.0,0.0,0.0
15.345833333333333,0.0,0.0,0.0
15.347222222222221,0.0,0.0,0.0
15.348611111111111,0.0,0.0,0.0
15.35,0.0,0.0,0.0
15.35138888888889,0.0,0.0,0.0
15.352777777777778,0.0,0.0,0.0
15.354166666666666,0.0,0.0,0.0
15.355555555555556,0.0,0.0,0.0
15.356944444444444,0.0,0.0,0.0
15.358333333333333,0.0,0.0,0.0
15.359722222222222,0.0,0.0,0.0
15.36111111111111,0.0,0.0,0.0
15.3625,0.0,0.0,0.0
15.363888888888889,0.0,0.0,0.0
15.365277777777777,0.0,0.0,0.0
15.366666666666667,0.0,0.0,0.0
15.368055555555555,0.0,0.0,0.0
15.369444444444444,0.0,0.0,0.0
15.370833333333334,0.0,0.0,0.0
15.372222222222222,0.0,0.0,0.0
15.373611111111112,0.0,0.0,0.0
15.375,0.0,0.0,0.0
15.376388888888888,0.0,0.0,0.0
15.377777777777778,0.0,0.0,0.0
15.379166666666666,0.0,0.0,0.0
15.380555555555556,0.0,0.0,0.0
15.381944444444445,0.0,0.0,0.0
15.383333333333333,0.0,0.0,0.0
15.384722222222223,0.0,0.0,0.0
15.386111111111111,0.0,0.0,0.0
15.3875,0.0,0.0,0.0
15.38888888888889,0.0,0.0,0.0
15.390277777777778,0.0,0.0,0.0
15.391666666666667,0.0,0.0,0.0
15.393055555555556,0.0,0.0,0.0
15.394444444444444,0.0,0.0,0.0
15.395833333333334,0.0,0.0,0.0
15.397222222222222,0.0,0.0,0.0
15.39861111111111,0.0,0.0,0.0
15.4,0.0,0.0,0.0
15.401388888888889,0.0,0.0,0.0
15.402777777777779,0.0,0.0,0.0
15.404166666666667,0.0,0.0,0.0
15.405555555555555,0.0,0.0,0.0
15.406944444444445,0.0,0.0,0.0
15.408333333333333,0.0,0.0,0.0
15.409722222222221,0.0,0.0,0.0
15.411111111111111,0.0,0.0,0.0
15.4125,0.0,0.0,0.0
15.41388888888889,0.0,0.0,0.0
15.415277777777778,0.0,0.0,0.0
15.416666666666666,0.0,0.0,0.0
15.418055555555556,0.0,0.0,0.0
15.419444444444444,0.0,0.0,0.0
15.420833333333333,0.0,0.0,0.0
15.422222222222222,0.0,0.0,0.0
15.42361111111111,0.0,0.0,0.0
15.425,0.0,0.0,0.0
15.426388888888889,0.0,0.0,0.0
15.427777777777777,0.0,0.0,0.0
15.429166666666667,0.0,0.0,0.0
15.430555555555555,0.0,0.0,0.0
15.431944444444444,0.0,0.0,0.0
15.433333333333334,0.0,0.0,0.0
15.434722222222222,0.0,0.0,0.0
15.436111111111112,0.0,0.0,0.0
15.4375,0.0,0.0,0.0
15.438888888888888,0.0,0.0,0.0
15.440277777777778,0.0,0.0,0.0
15.441666666666666,0.0,0.0,0.0
15.443055555555556,0.0,0.0,0.0
15.444444444444445,0.0,0.0,0.0
15.445833333333333,0.0,0.0,0.0
15.447222222222223,0.0,0.0,0.0
15.448611111111111,0.0,0.0,0.0
15.45,0.0,0.0,0.0
15.45138888888889,0.0,0.0,0.0
15.452777777777778,0.0,0.0,0.0
15.454166666666667,0.0,0.0,0.0
15.455555555555556,0.0,0.0,0.0
15.456944444444444,0.0,0.0,0.0
15.458333333333334,0.0,0.0,0.0
15.459722222222222,0.0,0.0,0.0
15.46111111111111,0.0,0.0,0.0
15.4625,0.0,0.0,0.0
15.463888888888889,0.0,0.0,0.0
15.465277777777779,0.0,0.0,0.0
15.466666666666667,0.0,0.0,0.0
15.468055555555555,0.0,0.0,0.0
15.469444444444445,0.0,0.0,0.0
15.470833333333333,0.0,0.0,0.0
15.472222222222221,0.0,0.0,0.0
15.473611111111111,0.0,0.0,0.0
15.475,0.0,0.0,0.0
15.47638888888889,0.0,0.0,0.0
15.477777777777778,0.0,0.0,0.0
15.479166666666666,0.0,0.0,0.0
15.480555555555556,0.0,0.0,0.0
15.481944444444444,0.0,0.0,0.0
15.483333333333333,0.0,0.0,0.0
15.484722222222222,0.0,0.0,0.0
15.48611111111111,0.0,0.0,0.0
15.4875,0.0,0.0,0.0
15.488888888888889,0.0,0.0,0.0
15.490277777777777,0.0,0.0,0.0
15.491666666666667,0.0,0.0,0.0
15.493055555555555,0.0,0.0,0.0
15.494444444444444,0.0,0.0,0.0
15.495833333333334,0.0,0.0,0.0
15.497222222222222,0.0,0.0,0.0
15.498611111111112,0.0,0.0,0.0
15.5,0.0,0.0,0.0
15.501388888888888,0.0,0.0,0.0
15.502777777777778,0.0,0.0,0.0
15.504166666666666,0.0,0.0,0.0
15.505555555555556,0.0,0.0,0.0
15.506944444444445,0.0,0.0,0.0
15.508333333333333,0.0,0.0,0.0
15.509722222222223,0.0,0.0,0.0
15.511111111111111,0.0,0.0,0.0
15.5125,0.0,0.0,0.0
15.51388888888889,0.0,0.0,0.0
15.515277777777778,0.0,0.0,0.0
15.516666666666667,0.0,0.0,0.0
15.518055555555556,0.0,0.0,0.0
15.519444444444444,0.0,0.0,0.0
15.520833333333334,0.0,0.0,0.0
15.522222222222222,0.0,0.0,0.0
15.52361111111111,0.0,0.0,0.0
15.525,0.0,0.0,0.0
15.526388888888889,0.0,0.0,0.0
15.527777777777779,0.0,0.0,0.0
15.529166666666667,0.0,0.0,0.0
15.530555555555555,0.0,0.0,0.0
15.531944444444445,0.0,0.0,0.0
15.533333333333333,0.0,0.0,0.0
15.534722222222221,0.0,0.0,0.0
15.536111111111111,0.0,0.0,0.0
15.5375,0.0,0.0,0.0
15.53888888888889,0.0,0.0,0.0
15.540277777777778,0.0,0.0,0.0
15.541666666666666,0.0,0.0,0.0
15.543055555555556,0.0,0.0,0.0
15.544444444444444,0.0,0.0,0.0
15.545833333333333,0.0,0.0,0.0
15.547222222222222,0.0,0.0,0.0
15.54861111111111,0.0,0.0,0.0
15.55,0.0,0.0,0.0
15.551388888888889,0.0,0.0,0.0
15.552777777777777,0.0,0.0,0.0
15.554166666666667,0.0,0.0,0.0
15.555555555555555,0.0,0.0,0.0
15.556944444444444,0.0,0.0,0.0
15.558333333333334,0.0,0.0,0.0
15.559722222222222,0.0,0.0,0.0
15.561111111111112,0.0,0.0,0.0
15.5625,0.0,0.0,0.0
15.563888888888888,0.0,0.0,0.0
15.565277777777778,0.0,0.0,0.0
15.566666666666666,0.0,0.0,0.0
15.568055555555556,0.0,0.0,0.0
15.569444444444445,0.0,0.0,0.0
15.570833333333333,0.0,0.0,0.0
15.572222222222223,0.0,0.0,0.0
15.573611111111111,0.0,0.0,0.0
15.575,0.0,0.0,0.0
15.57638888888889,0.0,0.0,0.0
15.577777777777778,0.0,0.0,0.0
15.579166666666667,0.0,0.0,0.0
15.580555555555556,0.0,0.0,0.0
15.581944444444444,0.0,0.0,0.0
15.583333333333334,0.0,0.0,0.0
15.584722222222222,0.0,0.0,0.0
15.58611111111111,0.0,0.0,0.0
15.5875,0.0,0.0,0.0
15.588888888888889,0.0,0.0,0.0
15.590277777777779,0.0,0.0,0.0
15.591666666666667,0.0,0.0,0.0
15.593055555555555,0.0,0.0,0.0
15.594444444444445,0.0,0.0,0.0
15.595833333333333,0.0,0.0,0.0
15.597222222222221,0.0,0.0,0.0
15.598611111111111,0.0,0.0,0.0
15.6,0.0,0.0,0.0
15.60138888888889,0.0,0.0,0.0
15.602777777777778,0.0,0.0,0.0
15.604166666666666,0.0,0.0,0.0
15.605555555555556,0.0,0.0,0.0
15.606944444444444,0.0,0.0,0.0
15.608333333333333,0.0,0.0,0.0
15.609722222222222,0.0,0.0,0.0
15.61111111111111,0.0,0.0,0.0
15.6125,0.0,0.0,0.0
15.613888888888889,0.0,0.0,0.0
15.615277777777777,0.0,0.0,0.0
15.616666666666667,0.0,0.0,0.0
15.618055555555555,0.0,0.0,0.0
15.619444444444444,0.0,0.0,0.0
15.620833333333334,0.0,0.0,0.0
15.622222222222222,0.0,0.0,0.0
15.623611111111112,0.0,0.0,0.0
15.625,0.0,0.0,0.0
15.626388888888888,0.0,0.0,0.0
15.627777777777778,0.0,0.0,0.0
15.629166666666666,0.0,0.0,0.0
15.630555555555556,0.0,0.0,0.0
15.631944444444445,0.0,0.0,0.0
15.633333333333333,0.0,0.0,0.0
15.634722222222223,0.0,0.0,0.0
15.636111111111111,0.0,0.0,0.0
15.6375,0.0,0.0,0.0
15.63888888888889,0.0,0.0,0.0
15.640277777777778,0.0,0.0,0.0
15.641666666666667,0.0,0.0,0.0
15.643055555555556,0.0,0.0,0.0
15.644444444444444,0.0,0.0,0.0
15.645833333333334,0.0,0.0,0.0
15.647222222222222,0.0,0.0,0.0
15.64861111111111,0.0,0.0,0.0
15.65,0.0,0.0,0.0
15.651388888888889,0.0,0.0,0.0
15.652777777777779,0.0,0.0,0.0
15.654166666666667,0.0,0.0,0.0
15.655555555555555,0.0,0.0,0.0
15.656944444444445,0.0,0.0,0.0
15.658333333333333,0.0,0.0,0.0
15.659722222222221,0.0,0.0,0.0
15.661111111111111,0.0,0.0,0.0
15.6625,0.0,0.0,0.0
15.66388888888889,0.0,0.0,0.0
15.665277777777778,0.0,0.0,0.0
15.666666666666666,0.0,0.0,0.0
15.668055555555556,0.0,0.0,0.0
15.669444444444444,0.0,0.0,0.0
15.670833333333333,0.0,0.0,0.0
15.672222222222222,0.0,0.0,0.0
15.67361111111111,0.0,0.0,0.0
15.675,0.0,0.0,0.0
15.676388888888889,0.0,0.0,0.0
15.677777777777777,0.0,0.0,0.0
15.679166666666667,0.0,0.0,0.0
15.680555555555555,0.0,0.0,0.0
15.681944444444444,0.0,0.0,0.0
15.683333333333334,0.0,0.0,0.0
15.684722222222222,0.0,0.0,0.0
15.686111111111112,0.0,0.0,0.0
15.6875,0.0,0.0,0.0
15.688888888888888,0.0,0.0,0.0
15.690277777777778,0.0,0.0,0.0
15.691666666666666,0.0,0.0,0.0
15.693055555555556,0.0,0.0,0.0
15.694444444444445,0.0,0.0,0.0
15.695833333333333,0.0,0.0,0.0
15.697222222222223,0.0,0.0,0.0
15.698611111111111,0.0,0.0,0.0
15.7,0.0,0.0,0.0
15.70138888888889,0.0,0.0,0.0
15.702777777777778,0.0,0.0,0.0
15.704166666666667,0.0,0.0,0.0
15.705555555555556,0.0,0.0,0.0
15.706944444444444,0.0,0.0,0.0
15.708333333333334,0.0,0.0,0.0
15.709722222222222,0.0,0.0,0.0
15.71111111111111,0.0,0.0,0.0
15.7125,0.0,0.0,0.0
15.713888888888889,0.0,0.0,0.0
15.715277777777779,0.0,0.0,0.0
15.716666666666667,0.0,0.0,0.0
15.718055555555555,0.0,0.0,0.0
15.719444444444445,0.0,0.0,0.0
15.720833333333333,0.0,0.0,0.0
15.722222222222221,0.0,0.0,0.0
15.723611111111111,0.0,0.0,0.0
15.725,0.0,0.0,0.0
15.72638888888889,0.0,0.0,0.0
15.727777777777778,0.0,0.0,0.0
15.729166666666666,0.0,0.0,0.0
15.730555555555556,0.0,0.0,0.0
15.731944444444444,0.0,0.0,0.0
15.733333333333333,0.0,0.0,0.0
15.734722222222222,0.0,0.0,0.0
15.73611111111111,0.0,0.0,0.0
15.7375,0.0,0.0,0.0
15.738888888888889,0.0,0.0,0.0
15.740277777777777,0.0,0.0,0.0
15.741666666666667,0.0,0.0,0.0
15.743055555555555,0.0,0.0,0.0
15.744444444444444,0.0,0.0,0.0
15.745833333333334,0.0,0.0,0.0
15.747222222222222,0.0,0.0,0.0
15.748611111111112,0.0,0.0,0.0
15.75,0.0,0.0,0.0
15.751388888888888,0.0,0.0,0.0
15.752777777777778,0.0,0.0,0.0
15.754166666666666,0.0,0.0,0.0
15.755555555555556,0.0,0.0,0.0
15.756944444444445,0.0,0.0,0.0
15.758333333333333,0.0,0.0,0.0
15.759722222222223,0.0,0.0,0.0
15.761111111111111,0.0,0.0,0.0
15.7625,0.0,0.0,0.0
15.76388888888889,0.0,0.0,0.0
15.765277777777778,0.0,0.0,0.0
15.766666666666667,0.0,0.0,0.0
15.768055555555556,0.0,0.0,0.0
15.769444444444444,0.0,0.0,0.0
15.770833333333334,0.0,0.0,0.0
15.772222222222222,0.0,0.0,0.0
15.77361111111111,0.0,0.0,0.0
15.775,0.0,0.0,0.0
15.776388888888889,0.0,0.0,0.0
15.777777777777779,0.0,0.0,0.0
15.779166666666667,0.0,0.0,0.0
15.780555555555555,0.0,0.0,0.0
15.781944444444445,0.0,0.0,0.0
15.783333333333333,0.0,0.0,0.0
15.784722222222221,0.0,0.0,0.0
15.786111111111111,0.0,0.0,0.0
15.7875,0.0,0.0,0.0
15.78888888888889,0.0,0.0,0.0
15.790277777777778,0.0,0.0,0.0
15.791666666666666,0.0,0.0,0.0
15.793055555555556,0.0,0.0,0.0
15.794444444444444,0.0,0.0,0.0
15.795833333333333,0.0,0.0,0.0
15.797222222222222,0.0,0.0,0.0
15.79861111111111,0.0,0.0,0.0
15.8,0.0,0.0,0.0
15.801388888888889,0.0,0.0,0.0
15.802777777777777,0.0,0.0,0.0
15.804166666666667,0.0,0.0,0.0
15.805555555555555,0.0,0.0,0.0
15.806944444444444,0.0,0.0,0.0
15.808333333333334,0.0,0.0,0.0
15.809722222222222,0.0,0.0,0.0
15.811111111111112,0.0,0.0,0.0
15.8125,0.0,0.0,0.0
15.813888888888888,0.0,0.0,0.0
15.815277777777778,0.0,0.0,0.0
15.816666666666666,0.0,0.0,0.0
15.818055555555556,0.0,0.0,0.0
15.819444444444445,0.0,0.0,0.0
15.820833333333333,0.0,0.0,0.0
15.822222222222223,0.0,0.0,0.0
15.823611111111111,0.0,0.0,0.0
15.825,0.0,0.0,0.0
15.82638888888889,0.0,0.0,0.0
15.827777777777778,0.0,0.0,0.0
15.829166666666667,0.0,0.0,0.0
15.830555555555556,0.0,0.0,0.0
15.831944444444444,0.0,0.0,0.0
15.833333333333334,0.0,0.0,0.0
15.834722222222222,0.0,0.0,0.0
15.83611111111111,0.0,0.0,0.0
15.8375,0.0,0.0,0.0
15.838888888888889,0.0,0.0,0.0
15.840277777777779,0.0,0.0,0.0
15.841666666666667,0.0,0.0,0.0
15.843055555555555,0.0,0.0,0.0
15.844444444444445,0.0,0.0,0.0
15.845833333333333,0.0,0.0,0.0
15.847222222222221,0.0,0.0,0.0
15.848611111111111,0.0,0.0,0.0
15.85,0.0,0.0,0.0
15.85138888888889,0.0,0.0,0.0
15.852777777777778,0.0,0.0,0.0
15.854166666666666,0.0,0.0,0.0
15.855555555555556,0.0,0.0,0.0
15.856944444444444,0.0,0.0,0.0
15.858333333333333,0.0,0.0,0.0
15.859722222222222,0.0,0.0,0.0
15.86111111111111,0.0,0.0,0.0
15.8625,0.0,0.0,0.0
15.863888888888889,0.0,0.0,0.0
15.865277777777777,0.0,0.0,0.0
15.866666666666667,0.0,0.0,0.0
15.868055555555555,0.0,0.0,0.0
15.869444444444444,0.0,0.0,0.0
15.870833333333334,0.0,0.0,0.0
15.872222222222222,0.0,0.0,0.0
15.873611111111112,0.0,0.0,0.0
15.875,0.0,0.0,0.0
15.876388888888888,0.0,0.0,0.0
15.877777777777778,0.0,0.0,0.0
15.879166666666666,0.0,0.0,0.0
15.880555555555556,0.0,0.0,0.0
15.881944444444445,0.0,0.0,0.0
15.883333333333333,0.0,0.0,0.0
15.884722222222223,0.0,0.0,0.0
15.886111111111111,0.0,0.0,0.0
15.8875,0.0,0.0,0.0
15.88888888888889,0.0,0.0,0.0
15.890277777777778,0.0,0.0,0.0
15.891666666666667,0.0,0.0,0.0
15.893055555555556,0.0,0.0,0.0
15.894444444444444,0.0,0.0,0.0
15.895833333333334,0.0,0.0,0.0
15.897222222222222,0.0,0.0,0.0
15.89861111111111,0.0,0.0,0.0
15.9,0.0,0.0,0.0
15.901388888888889,0.0,0.0,0.0
15.902777777777779,0.0,0.0,0.0
15.904166666666667,0.0,0.0,0.0
15.905555555555555,0.0,0.0,0.0
15.906944444444445,0.0,0.0,0.0
15.908333333333333,0.0,0.0,0.0
15.909722222222221,0.0,0.0,0.0
15.911111111111111,0.0,0.0,0.0
15.9125,0.0,0.0,0.0
15.91388888888889,0.0,0.0,0.0
15.915277777777778,0.0,0.0,0.0
15.916666666666666,0.0,0.0,0.0
15.918055555555556,0.0,0.0,0.0
15.919444444444444,0.0,0.0,0.0
15.920833333333333,0.0,0.0,0.0
15.922222222222222,0.0,0.0,0.0
15.92361111111111,0.0,0.0,0.0
15.925,0.0,0.0,0.0
15.926388888888889,0.0,0.0,0.0
15.927777777777777,0.0,0.0,0.0
15.929166666666667,0.0,0.0,0.0
15.930555555555555,0.0,0.0,0.0
15.931944444444444,0.0,0.0,0.0
15.933333333333334,0.0,0.0,0.0
15.934722222222222,0.0,0.0,0.0
15.936111111111112,0.0,0.0,0.0
15.9375,0.0,0.0,0.0
15.938888888888888,0.0,0.0,0.0
15.940277777777778,0.0,0.0,0.0
15.941666666666666,0.0,0.0,0.0
15.943055555555556,0.0,0.0,0.0
15.944444444444445,0.0,0.0,0.0
15.945833333333333,0.0,0.0,0.0
15.947222222222223,0.0,0.0,0.0
15.948611111111111,0.0,0.0,0.0
15.95,0.0,0.0,0.0
15.95138888888889,0.0,0.0,0.0
15.952777777777778,0.0,0.0,0.0
15.954166666666667,0.0,0.0,0.0
15.955555555555556,0.0,0.0,0.0
15.956944444444444,0.0,0.0,0.0
15.958333333333334,0.0,0.0,0.0
15.959722222222222,0.0,0.0,0.0
15.96111111111111,0.0,0.0,0.0
15.9625,0.0,0.0,0.0
15.963888888888889,0.0,0.0,0.0
15.965277777777779,0.0,0.0,0.0
15.966666666666667,0.0,0.0,0.0
15.968055555555555,0.0,0.0,0.0
15.969444444444445,0.0,0.0,0.0
15.970833333333333,0.0,0.0,0.0
15.972222222222221,0.0,0.0,0.0
15.973611111111111,0.0,0.0,0.0
15.975,0.0,0.0,0.0
15.97638888888889,0.0,0.0,0.0
15.977777777777778,0.0,0.0,0.0
15.979166666666666,0.0,0.0,0.0
15.980555555555556,0.0,0.0,0.0
15.981944444444444,0.0,0.0,0.0
15.983333333333333,0.0,0.0,0.0
15.984722222222222,0.0,0.0,0.0
15.98611111111111,0.0,0.0,0.0
15.9875,0.0,0.0,0.0
15.988888888888889,0.0,0.0,0.0
15.990277777777777,0.0,0.0,0.0
15.991666666666667,0.0,0.0,0.0
15.993055555555555,0.0,0.0,0.0
15.994444444444444,0.0,0.0,0.0
15.995833333333334,0.0,0.0,0.0
15.997222222222222,0.0,0.0,0.0
15.998611111111112,0.0,0.0,0.0
16.0,0.0,0.0,0.0
16.00138888888889,0.0,0.0,0.0
16.002777777777776,0.0,0.0,0.0
16.004166666666666,0.0,0.0,0.0
16.005555555555556,0.0,0.0,0.0
16.006944444444443,0.0,0.0,0.0
16.008333333333333,0.0,0.0,0.0
16.009722222222223,0.0,0.0,0.0
16.011111111111113,0.0,0.0,0.0
16.0125,0.0,0.0,0.0
16.01388888888889,0.0,0.0,0.0
16.01527777777778,0.0,0.0,0.0
16.016666666666666,0.0,0.0,0.0
16.018055555555556,0.0,0.0,0.0
16.019444444444446,0.0,0.0,0.0
16.020833333333332,0.0,0.0,0.0
16.022222222222222,0.0,0.0,0.0
16.023611111111112,0.0,0.0,0.0
16.025,0.0,0.0,0.0
16.02638888888889,0.0,0.0,0.0
16.02777777777778,0.0,0.0,0.0
16.029166666666665,0.0,0.0,0.0
16.030555555555555,0.0,0.0,0.0
16.031944444444445,0.0,0.0,0.0
16.033333333333335,0.0,0.0,0.0
16.03472222222222,0.0,0.0,0.0
16.03611111111111,0.0,0.0,0.0
16.0375,0.0,0.0,0.0
16.038888888888888,0.0,0.0,0.0
16.040277777777778,0.0,0.0,0.0
16.041666666666668,0.0,0.0,0.0
16.043055555555554,0.0,0.0,0.0
16.044444444444444,0.0,0.0,0.0
16.045833333333334,0.0,0.0,0.0
16.04722222222222,0.0,0.0,0.0
16.04861111111111,0.0,0.0,0.0
16.05,0.0,0.0,0.0
16.051388888888887,0.0,0.0,0.0
16.052777777777777,0.0,0.0,0.0
16.054166666666667,0.0,0.0,0.0
16.055555555555557,0.0,0.0,0.0
16.056944444444444,0.0,0.0,0.0
16.058333333333334,0.0,0.0,0.0
16.059722222222224,0.0,0.0,0.0
16.06111111111111,0.0,0.0,0.0
16.0625,0.0,0.0,0.0
16.06388888888889,0.0,0.0,0.0
16.065277777777776,0.0,0.0,0.0
16.066666666666666,0.0,0.0,0.0
16.068055555555556,0.0,0.0,0.0
16.069444444444443,0.0,0.0,0.0
16.070833333333333,0.0,0.0,0.0
16.072222222222223,0.0,0.0,0.0
16.073611111111113,0.0,0.0,0.0
16.075,0.0,0.0,0.0
16.07638888888889,0.0,0.0,0.0
16.07777777777778,0.0,0.0,0.0
16.079166666666666,0.0,0.0,0.0
16.080555555555556,0.0,0.0,0.0
16.081944444444446,0.0,0.0,0.0
16.083333333333332,0.0,0.0,0.0
16.084722222222222,0.0,0.0,0.0
16.086111111111112,0.0,0.0,0.0
16.0875,0.0,0.0,0.0
16.08888888888889,0.0,0.0,0.0
16.09027777777778,0.0,0.0,0.0
16.091666666666665,0.0,0.0,0.0
16.093055555555555,0.0,0.0,0.0
16.094444444444445,0.0,0.0,0.0
16.095833333333335,0.0,0.0,0.0
16.09722222222222,0.0,0.0,0.0
16.09861111111111,0.0,0.0,0.0
16.1,0.0,0.0,0.0
16.101388888888888,0.0,0.0,0.0
16.102777777777778,0.0,0.0,0.0
16.104166666666668,0.0,0.0,0.0
16.105555555555554,0.0,0.0,0.0
16.106944444444444,0.0,0.0,0.0
16.108333333333334,0.0,0.0,0.0
16.10972222222222,0.0,0.0,0.0
16.11111111111111,0.0,0.0,0.0
16.1125,0.0,0.0,0.0
16.113888888888887,0.0,0.0,0.0
16.115277777777777,0.0,0.0,0.0
16.116666666666667,0.0,0.0,0.0
16.118055555555557,0.0,0.0,0.0
16.119444444444444,0.0,0.0,0.0
16.120833333333334,0.0,0.0,0.0
16.122222222222224,0.0,0.0,0.0
16.12361111111111,0.0,0.0,0.0
16.125,0.0,0.0,0.0
16.12638888888889,0.0,0.0,0.0
16.127777777777776,0.0,0.0,0.0
16.129166666666666,0.0,0.0,0.0
16.130555555555556,0.0,0.0,0.0
16.131944444444443,0.0,0.0,0.0
16.133333333333333,0.0,0.0,0.0
16.134722222222223,0.0,0.0,0.0
16.136111111111113,0.0,0.0,0.0
16.1375,0.0,0.0,0.0
16.13888888888889,0.0,0.0,0.0
16.14027777777778,0.0,0.0,0.0
16.141666666666666,0.0,0.0,0.0
16.143055555555556,0.0,0.0,0.0
16.144444444444446,0.0,0.0,0.0
16.145833333333332,0.0,0.0,0.0
16.147222222222222,0.0,0.0,0.0
16.148611111111112,0.0,0.0,0.0
16.15,0.0,0.0,0.0
16.15138888888889,0.0,0.0,0.0
16.15277777777778,0.0,0.0,0.0
16.154166666666665,0.0,0.0,0.0
16.155555555555555,0.0,0.0,0.0
16.156944444444445,0.0,0.0,0.0
16.158333333333335,0.0,0.0,0.0
16.15972222222222,0.0,0.0,0.0
16.16111111111111,0.0,0.0,0.0
16.1625,0.0,0.0,0.0
16.163888888888888,0.0,0.0,0.0
16.165277777777778,0.0,0.0,0.0
16.166666666666668,0.0,0.0,0.0
16.168055555555554,0.0,0.0,0.0
16.169444444444444,0.0,0.0,0.0
16.170833333333334,0.0,0.0,0.0
16.17222222222222,0.0,0.0,0.0
16.17361111111111,0.0,0.0,0.0
16.175,0.0,0.0,0.0
16.176388888888887,0.0,0.0,0.0
16.177777777777777,0.0,0.0,0.0
16.179166666666667,0.0,0.0,0.0
16.180555555555557,0.0,0.0,0.0
16.181944444444444,0.0,0.0,0.0
16.183333333333334,0.0,0.0,0.0
16.184722222222224,0.0,0.0,0.0
16.18611111111111,0.0,0.0,0.0
16.1875,0.0,0.0,0.0
16.18888888888889,0.0,0.0,0.0
16.190277777777776,0.0,0.0,0.0
16.191666666666666,0.0,0.0,0.0
16.193055555555556,0.0,0.0,0.0
16.194444444444443,0.0,0.0,0.0
16.195833333333333,0.0,0.0,0.0
16.197222222222223,0.0,0.0,0.0
16.198611111111113,0.0,0.0,0.0
16.2,0.0,0.0,0.0
16.20138888888889,0.0,0.0,0.0
16.20277777777778,0.0,0.0,0.0
16.204166666666666,0.0,0.0,0.0
16.205555555555556,0.0,0.0,0.0
16.206944444444446,0.0,0.0,0.0
16.208333333333332,0.0,0.0,0.0
16.209722222222222,0.0,0.0,0.0
16.211111111111112,0.0,0.0,0.0
16.2125,0.0,0.0,0.0
16.21388888888889,0.0,0.0,0.0
16.21527777777778,0.0,0.0,0.0
16.216666666666665,0.0,0.0,0.0
16.218055555555555,0.0,0.0,0.0
16.219444444444445,0.0,0.0,0.0
16.220833333333335,0.0,0.0,0.0
16.22222222222222,0.0,0.0,0.0
16.22361111111111,0.0,0.0,0.0
16.225,0.0,0.0,0.0
16.226388888888888,0.0,0.0,0.0
16.227777777777778,0.0,0.0,0.0
16.229166666666668,0.0,0.0,0.0
16.230555555555554,0.0,0.0,0.0
16.231944444444444,0.0,0.0,0.0
16.233333333333334,0.0,0.0,0.0
16.23472222222222,0.0,0.0,0.0
16.23611111111111,0.0,0.0,0.0
16.2375,0.0,0.0,0.0
16.238888888888887,0.0,0.0,0.0
16.240277777777777,0.0,0.0,0.0
16.241666666666667,0.0,0.0,0.0
16.243055555555557,0.0,0.0,0.0
16.244444444444444,0.0,0.0,0.0
16.245833333333334,0.0,0.0,0.0
16.247222222222224,0.0,0.0,0.0
16.24861111111111,0.0,0.0,0.0
16.25,0.0,0.0,0.0
16.25138888888889,0.0,0.0,0.0
16.252777777777776,0.0,0.0,0.0
16.254166666666666,0.0,0.0,0.0
16.255555555555556,0.0,0.0,0.0
16.256944444444443,0.0,0.0,0.0
16.258333333333333,0.0,0.0,0.0
16.259722222222223,0.0,0.0,0.0
16.261111111111113,0.0,0.0,0.0
16.2625,0.0,0.0,0.0
16.26388888888889,0.0,0.0,0.0
16.26527777777778,0.0,0.0,0.0
16.266666666666666,0.0,0.0,0.0
16.268055555555556,0.0,0.0,0.0
16.269444444444446,0.0,0.0,0.0
16.270833333333332,0.0,0.0,0.0
16.272222222222222,0.0,0.0,0.0
16.273611111111112,0.0,0.0,0.0
16.275,0.0,0.0,0.0
16.27638888888889,0.0,0.0,0.0
16.27777777777778,0.0,0.0,0.0
16.279166666666665,0.0,0.0,0.0
16.280555555555555,0.0,0.0,0.0
16.281944444444445,0.0,0.0,0.0
16.283333333333335,0.0,0.0,0.0
16.28472222222222,0.0,0.0,0.0
16.28611111111111,0.0,0.0,0.0
16.2875,0.0,0.0,0.0
16.288888888888888,0.0,0.0,0.0
16.290277777777778,0.0,0.0,0.0
16.291666666666668,0.0,0.0,0.0
16.293055555555554,0.0,0.0,0.0
16.294444444444444,0.0,0.0,0.0
16.295833333333334,0.0,0.0,0.0
16.29722222222222,0.0,0.0,0.0
16.29861111111111,0.0,0.0,0.0
16.3,0.0,0.0,0.0
16.301388888888887,0.0,0.0,0.0
16.302777777777777,0.0,0.0,0.0
16.304166666666667,0.0,0.0,0.0
16.305555555555557,0.0,0.0,0.0
16.306944444444444,0.0,0.0,0.0
16.308333333333334,0.0,0.0,0.0
16.309722222222224,0.0,0.0,0.0
16.31111111111111,0.0,0.0,0.0
16.3125,0.0,0.0,0.0
16.31388888888889,0.0,0.0,0.0
16.315277777777776,0.0,0.0,0.0
16.316666666666666,0.0,0.0,0.0
16.318055555555556,0.0,0.0,0.0
16.319444444444443,0.0,0.0,0.0
16.320833333333333,0.0,0.0,0.0
16.322222222222223,0.0,0.0,0.0
16.323611111111113,0.0,0.0,0.0
16.325,0.0,0.0,0.0
16.32638888888889,0.0,0.0,0.0
16.32777777777778,0.0,0.0,0.0
16.329166666666666,0.0,0.0,0.0
16.330555555555556,0.0,0.0,0.0
16.331944444444446,0.0,0.0,0.0
16.333333333333332,0.0,0.0,0.0
16.334722222222222,0.0,0.0,0.0
16.336111111111112,0.0,0.0,0.0
16.3375,0.0,0.0,0.0
16.33888888888889,0.0,0.0,0.0
16.34027777777778,0.0,0.0,0.0
16.341666666666665,0.0,0.0,0.0
16.343055555555555,0.0,0.0,0.0
16.344444444444445,0.0,0.0,0.0
16.345833333333335,0.0,0.0,0.0
16.34722222222222,0.0,0.0,0.0
16.34861111111111,0.0,0.0,0.0
16.35,0.0,0.0,0.0
16.351388888888888,0.0,0.0,0.0
16.352777777777778,0.0,0.0,0.0
16.354166666666668,0.0,0.0,0.0
16.355555555555554,0.0,0.0,0.0
16.356944444444444,0.0,0.0,0.0
16.358333333333334,0.0,0.0,0.0
16.35972222222222,0.0,0.0,0.0
16.36111111111111,0.0,0.0,0.0
16.3625,0.0,0.0,0.0
16.363888888888887,0.0,0.0,0.0
16.365277777777777,0.0,0.0,0.0
16.366666666666667,0.0,0.0,0.0
16.368055555555557,0.0,0.0,0.0
16.369444444444444,0.0,0.0,0.0
16.370833333333334,0.0,0.0,0.0
16.372222222222224,0.0,0.0,0.0
16.37361111111111,0.0,0.0,0.0
16.375,0.0,0.0,0.0
16.37638888888889,0.0,0.0,0.0
16.377777777777776,0.0,0.0,0.0
16.379166666666666,0.0,0.0,0.0
16.380555555555556,0.0,0.0,0.0
16.381944444444443,0.0,0.0,0.0
16.383333333333333,0.0,0.0,0.0
16.384722222222223,0.0,0.0,0.0
16.386111111111113,0.0,0.0,0.0
16.3875,0.0,0.0,0.0
16.38888888888889,0.0,0.0,0.0
16.39027777777778,0.0,0.0,0.0
16.391666666666666,0.0,0.0,0.0
16.393055555555556,0.0,0.0,0.0
16.394444444444446,0.0,0.0,0.0
16.395833333333332,0.0,0.0,0.0
16.397222222222222,0.0,0.0,0.0
16.398611111111112,0.0,0.0,0.0
16.4,0.0,0.0,0.0
16.40138888888889,0.0,0.0,0.0
16.40277777777778,0.0,0.0,0.0
16.404166666666665,0.0,0.0,0.0
16.405555555555555,0.0,0.0,0.0
16.406944444444445,0.0,0.0,0.0
16.408333333333335,0.0,0.0,0.0
16.40972222222222,0.0,0.0,0.0
16.41111111111111,0.0,0.0,0.0
16.4125,0.0,0.0,0.0
16.413888888888888,0.0,0.0,0.0
16.415277777777778,0.0,0.0,0.0
16.416666666666668,0.0,0.0,0.0
16.418055555555554,0.0,0.0,0.0
16.419444444444444,0.0,0.0,0.0
16.420833333333334,0.0,0.0,0.0
16.42222222222222,0.0,0.0,0.0
16.42361111111111,0.0,0.0,0.0
16.425,0.0,0.0,0.0
16.426388888888887,0.0,0.0,0.0
16.427777777777777,0.0,0.0,0.0
16.429166666666667,0.0,0.0,0.0
16.430555555555557,0.0,0.0,0.0
16.431944444444444,0.0,0.0,0.0
16.433333333333334,0.0,0.0,0.0
16.434722222222224,0.0,0.0,0.0
16.43611111111111,0.0,0.0,0.0
16.4375,0.0,0.0,0.0
16.43888888888889,0.0,0.0,0.0
16.440277777777776,0.0,0.0,0.0
16.441666666666666,0.0,0.0,0.0
16.443055555555556,0.0,0.0,0.0
16.444444444444443,0.0,0.0,0.0
16.445833333333333,0.0,0.0,0.0
16.447222222222223,0.0,0.0,0.0
16.448611111111113,0.0,0.0,0.0
16.45,0.0,0.0,0.0
16.45138888888889,0.0,0.0,0.0
16.45277777777778,0.0,0.0,0.0
16.454166666666666,0.0,0.0,0.0
16.455555555555556,0.0,0.0,0.0
16.456944444444446,0.0,0.0,0.0
16.458333333333332,0.0,0.0,0.0
16.459722222222222,0.0,0.0,0.0
16.461111111111112,0.0,0.0,0.0
16.4625,0.0,0.0,0.0
16.46388888888889,0.0,0.0,0.0
16.46527777777778,0.0,0.0,0.0
16.466666666666665,0.0,0.0,0.0
16.468055555555555,0.0,0.0,0.0
16.469444444444445,0.0,0.0,0.0
16.470833333333335,0.0,0.0,0.0
16.47222222222222,0.0,0.0,0.0
16.47361111111111,0.0,0.0,0.0
16.475,0.0,0.0,0.0
16.476388888888888,0.0,0.0,0.0
16.477777777777778,0.0,0.0,0.0
16.479166666666668,0.0,0.0,0.0
16.480555555555554,0.0,0.0,0.0
16.481944444444444,0.0,0.0,0.0
16.483333333333334,0.0,0.0,0.0
16.48472222222222,0.0,0.0,0.0
16.48611111111111,0.0,0.0,0.0
16.4875,0.0,0.0,0.0
16.488888888888887,0.0,0.0,0.0
16.490277777777777,0.0,0.0,0.0
16.491666666666667,0.0,0.0,0.0
16.493055555555557,0.0,0.0,0.0
16.494444444444444,0.0,0.0,0.0
16.495833333333334,0.0,0.0,0.0
16.497222222222224,0.0,0.0,0.0
16.49861111111111,0.0,0.0,0.0
16.5,0.0,0.0,0.0
16.50138888888889,0.0,0.0,0.0
16.502777777777776,0.0,0.0,0.0
16.504166666666666,0.0,0.0,0.0
16.505555555555556,0.0,0.0,0.0
16.506944444444443,0.0,0.0,0.0
16.508333333333333,0.0,0.0,0.0
16.509722222222223,0.0,0.0,0.0
16.511111111111113,0.0,0.0,0.0
16.5125,0.0,0.0,0.0
16.51388888888889,0.0,0.0,0.0
16.51527777777778,0.0,0.0,0.0
16.516666666666666,0.0,0.0,0.0
16.518055555555556,0.0,0.0,0.0
16.519444444444446,0.0,0.0,0.0
16.520833333333332,0.0,0.0,0.0
16.522222222222222,0.0,0.0,0.0
16.523611111111112,0.0,0.0,0.0
16.525,0.0,0.0,0.0
16.52638888888889,0.0,0.0,0.0
16.52777777777778,0.0,0.0,0.0
16.529166666666665,0.0,0.0,0.0
16.530555555555555,0.0,0.0,0.0
16.531944444444445,0.0,0.0,0.0
16.533333333333335,0.0,0.0,0.0
16.53472222222222,0.0,0.0,0.0
16.53611111111111,0.0,0.0,0.0
16.5375,0.0,0.0,0.0
16.538888888888888,0.0,0.0,0.0
16.540277777777778,0.0,0.0,0.0
16.541666666666668,0.0,0.0,0.0
16.543055555555554,0.0,0.0,0.0
16.544444444444444,0.0,0.0,0.0
16.545833333333334,0.0,0.0,0.0
16.54722222222222,0.0,0.0,0.0
16.54861111111111,0.0,0.0,0.0
16.55,0.0,0.0,0.0
16.551388888888887,0.0,0.0,0.0
16.552777777777777,0.0,0.0,0.0
16.554166666666667,0.0,0.0,0.0
16.555555555555557,0.0,0.0,0.0
16.556944444444444,0.0,0.0,0.0
16.558333333333334,0.0,0.0,0.0
16.559722222222224,0.0,0.0,0.0
16.56111111111111,0.0,0.0,0.0
16.5625,0.0,0.0,0.0
16.56388888888889,0.0,0.0,0.0
16.565277777777776,0.0,0.0,0.0
16.566666666666666,0.0,0.0,0.0
16.568055555555556,0.0,0.0,0.0
16.569444444444443,0.0,0.0,0.0
16.570833333333333,0.0,0.0,0.0
16.572222222222223,0.0,0.0,0.0
16.573611111111113,0.0,0.0,0.0
16.575,0.0,0.0,0.0
16.57638888888889,0.0,0.0,0.0
16.57777777777778,0.0,0.0,0.0
16.579166666666666,0.0,0.0,0.0
16.580555555555556,0.0,0.0,0.0
16.581944444444446,0.0,0.0,0.0
16.583333333333332,0.0,0.0,0.0
16.584722222222222,0.0,0.0,0.0
16.586111111111112,0.0,0.0,0.0
16.5875,0.0,0.0,0.0
16.58888888888889,0.0,0.0,0.0
16.59027777777778,0.0,0.0,0.0
16.591666666666665,0.0,0.0,0.0
16.593055555555555,0.0,0.0,0.0
16.594444444444445,0.0,0.0,0.0
16.595833333333335,0.0,0.0,0.0
16.59722222222222,0.0,0.0,0.0
16.59861111111111,0.0,0.0,0.0
16.6,0.0,0.0,0.0
16.601388888888888,0.0,0.0,0.0
16.602777777777778,0.0,0.0,0.0
16.604166666666668,0.0,0.0,0.0
16.605555555555554,0.0,0.0,0.0
16.606944444444444,0.0,0.0,0.0
16.608333333333334,0.0,0.0,0.0
16.60972222222222,0.0,0.0,0.0
16.61111111111111,0.0,0.0,0.0
16.6125,0.0,0.0,0.0
16.613888888888887,0.0,0.0,0.0
16.615277777777777,0.0,0.0,0.0
16.616666666666667,0.0,0.0,0.0
16.618055555555557,0.0,0.0,0.0
16.619444444444444,0.0,0.0,0.0
16.620833333333334,0.0,0.0,0.0
16.622222222222224,0.0,0.0,0.0
16.62361111111111,0.0,0.0,0.0
16.625,0.0,0.0,0.0
16.62638888888889,0.0,0.0,0.0
16.627777777777776,0.0,0.0,0.0
16.629166666666666,0.0,0.0,0.0
16.630555555555556,0.0,0.0,0.0
16.631944444444443,0.0,0.0,0.0
16.633333333333333,0.0,0.0,0.0
16.634722222222223,0.0,0.0,0.0
16.636111111111113,0.0,0.0,0.0
16.6375,0.0,0.0,0.0
16.63888888888889,0.0,0.0,0.0
16.64027777777778,0.0,0.0,0.0
16.641666666666666,0.0,0.0,0.0
16.643055555555556,0.0,0.0,0.0
16.644444444444446,0.0,0.0,0.0
16.645833333333332,0.0,0.0,0.0
16.647222222222222,0.0,0.0,0.0
16.648611111111112,0.0,0.0,0.0
16.65,0.0,0.0,0.0
16.65138888888889,0.0,0.0,0.0
16.65277777777778,0.0,0.0,0.0
16.654166666666665,0.0,0.0,0.0
16.655555555555555,0.0,0.0,0.0
16.656944444444445,0.0,0.0,0.0
16.658333333333335,0.0,0.0,0.0
16.65972222222222,0.0,0.0,0.0
16.66111111111111,0.0,0.0,0.0
16.6625,0.0,0.0,0.0
16.663888888888888,0.0,0.0,0.0
16.665277777777778,0.0,0.0,0.0
16.666666666666668,0.0,0.0,0.0
16.668055555555554,0.0,0.0,0.0
16.669444444444444,0.0,0.0,0.0
16.670833333333334,0.0,0.0,0.0
16.67222222222222,0.0,0.0,0.0
16.67361111111111,0.0,0.0,0.0
16.675,0.0,0.0,0.0
16.676388888888887,0.0,0.0,0.0
16.677777777777777,0.0,0.0,0.0
16.679166666666667,0.0,0.0,0.0
16.680555555555557,0.0,0.0,0.0
16.681944444444444,0.0,0.0,0.0
16.683333333333334,0.0,0.0,0.0
16.684722222222224,0.0,0.0,0.0
16.68611111111111,0.0,0.0,0.0
16.6875,0.0,0.0,0.0
16.68888888888889,0.0,0.0,0.0
16.690277777777776,0.0,0.0,0.0
16.691666666666666,0.0,0.0,0.0
16.693055555555556,0.0,0.0,0.0
16.694444444444443,0.0,0.0,0.0
16.695833333333333,0.0,0.0,0.0
16.697222222222223,0.0,0.0,0.0
16.698611111111113,0.0,0.0,0.0
16.7,0.0,0.0,0.0
16.70138888888889,0.0,0.0,0.0
16.70277777777778,0.0,0.0,0.0
16.704166666666666,0.0,0.0,0.0
16.705555555555556,0.0,0.0,0.0
16.706944444444446,0.0,0.0,0.0
16.708333333333332,0.0,0.0,0.0
16.709722222222222,0.0,0.0,0.0
16.711111111111112,0.0,0.0,0.0
16.7125,0.0,0.0,0.0
16.71388888888889,0.0,0.0,0.0
16.71527777777778,0.0,0.0,0.0
16.716666666666665,0.0,0.0,0.0
16.718055555555555,0.0,0.0,0.0
16.719444444444445,0.0,0.0,0.0
16.720833333333335,0.0,0.0,0.0
16.72222222222222,0.0,0.0,0.0
16.72361111111111,0.0,0.0,0.0
16.725,0.0,0.0,0.0
16.726388888888888,0.0,0.0,0.0
16.727777777777778,0.0,0.0,0.0
16.729166666666668,0.0,0.0,0.0
16.730555555555554,0.0,0.0,0.0
16.731944444444444,0.0,0.0,0.0
16.733333333333334,0.0,0.0,0.0
16.73472222222222,0.0,0.0,0.0
16.73611111111111,0.0,0.0,0.0
16.7375,0.0,0.0,0.0
16.738888888888887,0.0,0.0,0.0
16.740277777777777,0.0,0.0,0.0
16.741666666666667,0.0,0.0,0.0
16.743055555555557,0.0,0.0,0.0
16.744444444444444,0.0,0.0,0.0
16.745833333333334,0.0,0.0,0.0
16.747222222222224,0.0,0.0,0.0
16.74861111111111,0.0,0.0,0.0
16.75,0.0,0.0,0.0
16.75138888888889,0.0,0.0,0.0
16.752777777777776,0.0,0.0,0.0
16.754166666666666,0.0,0.0,0.0
16.755555555555556,0.0,0.0,0.0
16.756944444444443,0.0,0.0,0.0
16.758333333333333,0.0,0.0,0.0
16.759722222222223,0.0,0.0,0.0
16.761111111111113,0.0,0.0,0.0
16.7625,0.0,0.0,0.0
16.76388888888889,0.0,0.0,0.0
16.76527777777778,0.0,0.0,0.0
16.766666666666666,0.0,0.0,0.0
16.768055555555556,0.0,0.0,0.0
16.769444444444446,0.0,0.0,0.0
16.770833333333332,0.0,0.0,0.0
16.772222222222222,0.0,0.0,0.0
16.773611111111112,0.0,0.0,0.0
16.775,0.0,0.0,0.0
16.77638888888889,0.0,0.0,0.0
16.77777777777778,0.0,0.0,0.0
16.779166666666665,0.0,0.0,0.0
16.780555555555555,0.0,0.0,0.0
16.781944444444445,0.0,0.0,0.0
16.783333333333335,0.0,0.0,0.0
16.78472222222222,0.0,0.0,0.0
16.78611111111111,0.0,0.0,0.0
16.7875,0.0,0.0,0.0
16.788888888888888,0.0,0.0,0.0
16.790277777777778,0.0,0.0,0.0
16.791666666666668,0.0,0.0,0.0
16.793055555555554,0.0,0.0,0.0
16.794444444444444,0.0,0.0,0.0
16.795833333333334,0.0,0.0,0.0
16.79722222222222,0.0,0.0,0.0
16.79861111111111,0.0,0.0,0.0
16.8,0.0,0.0,0.0
16.801388888888887,0.0,0.0,0.0
16.802777777777777,0.0,0.0,0.0
16.804166666666667,0.0,0.0,0.0
16.805555555555557,0.0,0.0,0.0
16.806944444444444,0.0,0.0,0.0
16.808333333333334,0.0,0.0,0.0
16.809722222222224,0.0,0.0,0.0
16.81111111111111,0.0,0.0,0.0
16.8125,0.0,0.0,0.0
16.81388888888889,0.0,0.0,0.0
16.815277777777776,0.0,0.0,0.0
16.816666666666666,0.0,0.0,0.0
16.818055555555556,0.0,0.0,0.0
16.819444444444443,0.0,0.0,0.0
16.820833333333333,0.0,0.0,0.0
16.822222222222223,0.0,0.0,0.0
16.823611111111113,0.0,0.0,0.0
16.825,0.0,0.0,0.0
16.82638888888889,0.0,0.0,0.0
16.82777777777778,0.0,0.0,0.0
16.829166666666666,0.0,0.0,0.0
16.830555555555556,0.0,0.0,0.0
16.831944444444446,0.0,0.0,0.0
16.833333333333332,0.0,0.0,0.0
16.834722222222222,0.0,0.0,0.0
16.836111111111112,0.0,0.0,0.0
16.8375,0.0,0.0,0.0
16.83888888888889,0.0,0.0,0.0
16.84027777777778,0.0,0.0,0.0
16.841666666666665,0.0,0.0,0.0
16.843055555555555,0.0,0.0,0.0
16.844444444444445,0.0,0.0,0.0
16.845833333333335,0.0,0.0,0.0
16.84722222222222,0.0,0.0,0.0
16.84861111111111,0.0,0.0,0.0
16.85,0.0,0.0,0.0
16.851388888888888,0.0,0.0,0.0
16.852777777777778,0.0,0.0,0.0
16.854166666666668,0.0,0.0,0.0
16.855555555555554,0.0,0.0,0.0
16.856944444444444,0.0,0.0,0.0
16.858333333333334,0.0,0.0,0.0
16.85972222222222,0.0,0.0,0.0
16.86111111111111,0.0,0.0,0.0
16.8625,0.0,0.0,0.0
16.863888888888887,0.0,0.0,0.0
16.865277777777777,0.0,0.0,0.0
16.866666666666667,0.0,0.0,0.0
16.868055555555557,0.0,0.0,0.0
16.869444444444444,0.0,0.0,0.0
16.870833333333334,0.0,0.0,0.0
16.872222222222224,0.0,0.0,0.0
16.87361111111111,0.0,0.0,0.0
16.875,0.0,0.0,0.0
16.87638888888889,0.0,0.0,0.0
16.877777777777776,0.0,0.0,0.0
16.879166666666666,0.0,0.0,0.0
16.880555555555556,0.0,0.0,0.0
16.881944444444443,0.0,0.0,0.0
16.883333333333333,0.0,0.0,0.0
16.884722222222223,0.0,0.0,0.0
16.886111111111113,0.0,0.0,0.0
16.8875,0.0,0.0,0.0
16.88888888888889,0.0,0.0,0.0
16.89027777777778,0.0,0.0,0.0
16.891666666666666,0.0,0.0,0.0
16.893055555555556,0.0,0.0,0.0
16.894444444444446,0.0,0.0,0.0
16.895833333333332,0.0,0.0,0.0
16.897222222222222,0.0,0.0,0.0
16.898611111111112,0.0,0.0,0.0
16.9,0.0,0.0,0.0
16.90138888888889,0.0,0.0,0.0
16.90277777777778,0.0,0.0,0.0
16.904166666666665,0.0,0.0,0.0
16.905555555555555,0.0,0.0,0.0
16.906944444444445,0.0,0.0,0.0
16.908333333333335,0.0,0.0,0.0
16.90972222222222,0.0,0.0,0.0
16.91111111111111,0.0,0.0,0.0
16.9125,0.0,0.0,0.0
16.913888888888888,0.0,0.0,0.0
16.915277777777778,0.0,0.0,0.0
16.916666666666668,0.0,0.0,0.0
16.918055555555554,0.0,0.0,0.0
16.919444444444444,0.0,0.0,0.0
16.920833333333334,0.0,0.0,0.0
16.92222222222222,0.0,0.0,0.0
16.92361111111111,0.0,0.0,0.0
16.925,0.0,0.0,0.0
16.926388888888887,0.0,0.0,0.0
16.927777777777777,0.0,0.0,0.0
16.929166666666667,0.0,0.0,0.0
16.930555555555557,0.0,0.0,0.0
16.931944444444444,0.0,0.0,0.0
16.933333333333334,0.0,0.0,0.0
16.934722222222224,0.0,0.0,0.0
16.93611111111111,0.0,0.0,0.0
16.9375,0.0,0.0,0.0
16.93888888888889,0.0,0.0,0.0
16.940277777777776,0.0,0.0,0.0
16.941666666666666,0.0,0.0,0.0
16.943055555555556,0.0,0.0,0.0
16.944444444444443,0.0,0.0,0.0
16.945833333333333,0.0,0.0,0.0
16.947222222222223,0.0,0.0,0.0
16.948611111111113,0.0,0.0,0.0
16.95,0.0,0.0,0.0
16.95138888888889,0.0,0.0,0.0
16.95277777777778,0.0,0.0,0.0
16.954166666666666,0.0,0.0,0.0
16.955555555555556,0.0,0.0,0.0
16.956944444444446,0.0,0.0,0.0
16.958333333333332,0.0,0.0,0.0
16.959722222222222,0.0,0.0,0.0
16.961111111111112,0.0,0.0,0.0
16.9625,0.0,0.0,0.0
16.96388888888889,0.0,0.0,0.0
16.96527777777778,0.0,0.0,0.0
16.966666666666665,0.0,0.0,0.0
16.968055555555555,0.0,0.0,0.0
16.969444444444445,0.0,0.0,0.0
16.970833333333335,0.0,0.0,0.0
16.97222222222222,0.0,0.0,0.0
16.97361111111111,0.0,0.0,0.0
16.975,0.0,0.0,0.0
16.976388888888888,0.0,0.0,0.0
16.977777777777778,0.0,0.0,0.0
16.979166666666668,0.0,0.0,0.0
16.980555555555554,0.0,0.0,0.0
16.981944444444444,0.0,0.0,0.0
16.983333333333334,0.0,0.0,0.0
16.98472222222222,0.0,0.0,0.0
16.98611111111111,0.0,0.0,0.0
16.9875,0.0,0.0,0.0
16.988888888888887,0.0,0.0,0.0
16.990277777777777,0.0,0.0,0.0
16.991666666666667,0.0,0.0,0.0
16.993055555555557,0.0,0.0,0.0
16.994444444444444,0.0,0.0,0.0
16.995833333333334,0.0,0.0,0.0
16.997222222222224,0.0,0.0,0.0
16.99861111111111,0.0,0.0,0.0
17.0,0.0,0.0,0.0
17.00138888888889,0.0,0.0,0.0
17.002777777777776,0.0,0.0,0.0
17.004166666666666,0.0,0.0,0.0
17.005555555555556,0.0,0.0,0.0
17.006944444444443,0.0,0.0,0.0
17.008333333333333,0.0,0.0,0.0
17.009722222222223,0.0,0.0,0.0
17.011111111111113,0.0,0.0,0.0
17.0125,0.0,0.0,0.0
17.01388888888889,0.0,0.0,0.0
17.01527777777778,0.0,0.0,0.0
17.016666666666666,0.0,0.0,0.0
17.018055555555556,0.0,0.0,0.0
17.019444444444446,0.0,0.0,0.0
17.020833333333332,0.0,0.0,0.0
17.022222222222222,0.0,0.0,0.0
17.023611111111112,0.0,0.0,0.0
17.025,0.0,0.0,0.0
17.02638888888889,0.0,0.0,0.0
17.02777777777778,0.0,0.0,0.0
17.029166666666665,0.0,0.0,0.0
17.030555555555555,0.0,0.0,0.0
17.031944444444445,0.0,0.0,0.0
17.033333333333335,0.0,0.0,0.0
17.03472222222222,0.0,0.0,0.0
17.03611111111111,0.0,0.0,0.0
17.0375,0.0,0.0,0.0
17.038888888888888,0.0,0.0,0.0
17.040277777777778,0.0,0.0,0.0
17.041666666666668,0.0,0.0,0.0
17.043055555555554,0.0,0.0,0.0
17.044444444444444,0.0,0.0,0.0
17.045833333333334,0.0,0.0,0.0
17.04722222222222,0.0,0.0,0.0
17.04861111111111,0.0,0.0,0.0
17.05,0.0,0.0,0.0
17.051388888888887,0.0,0.0,0.0
17.052777777777777,0.0,0.0,0.0
17.054166666666667,0.0,0.0,0.0
17.055555555555557,0.0,0.0,0.0
17.056944444444444,0.0,0.0,0.0
17.058333333333334,0.0,0.0,0.0
17.059722222222224,0.0,0.0,0.0
17.06111111111111,0.0,0.0,0.0
17.0625,0.0,0.0,0.0
17.06388888888889,0.0,0.0,0.0
17.065277777777776,0.0,0.0,0.0
17.066666666666666,0.0,0.0,0.0
17.068055555555556,0.0,0.0,0.0
17.069444444444443,0.0,0.0,0.0
17.070833333333333,0.0,0.0,0.0
17.072222222222223,0.0,0.0,0.0
17.073611111111113,0.0,0.0,0.0
17.075,0.0,0.0,0.0
17.07638888888889,0.0,0.0,0.0
17.07777777777778,0.0,0.0,0.0
17.079166666666666,0.0,0.0,0.0
17.080555555555556,0.0,0.0,0.0
17.081944444444446,0.0,0.0,0.0
17.083333333333332,0.0,0.0,0.0
17.084722222222222,0.0,0.0,0.0
17.086111111111112,0.0,0.0,0.0
17.0875,0.0,0.0,0.0
17.08888888888889,0.0,0.0,0.0
17.09027777777778,0.0,0.0,0.0
17.091666666666665,0.0,0.0,0.0
17.093055555555555,0.0,0.0,0.0
17.094444444444445,0.0,0.0,0.0
17.095833333333335,0.0,0.0,0.0
17.09722222222222,0.0,0.0,0.0
17.09861111111111,0.0,0.0,0.0
17.1,0.0,0.0,0.0
17.101388888888888,0.0,0.0,0.0
17.102777777777778,0.0,0.0,0.0
17.104166666666668,0.0,0.0,0.0
17.105555555555554,0.0,0.0,0.0
17.106944444444444,0.0,0.0,0.0
17.108333333333334,0.0,0.0,0.0
17.10972222222222,0.0,0.0,0.0
17.11111111111111,0.0,0.0,0.0
17.1125,0.0,0.0,0.0
17.113888888888887,0.0,0.0,0.0
17.115277777777777,0.0,0.0,0.0
17.116666666666667,0.0,0.0,0.0
17.118055555555557,0.0,0.0,0.0
17.119444444444444,0.0,0.0,0.0
17.120833333333334,0.0,0.0,0.0
17.122222222222224,0.0,0.0,0.0
17.12361111111111,0.0,0.0,0.0
17.125,0.0,0.0,0.0
17.12638888888889,0.0,0.0,0.0
17.127777777777776,0.0,0.0,0.0
17.129166666666666,0.0,0.0,0.0
17.130555555555556,0.0,0.0,0.0
17.131944444444443,0.0,0.0,0.0
17.133333333333333,0.0,0.0,0.0
17.134722222222223,0.0,0.0,0.0
17.136111111111113,0.0,0.0,0.0
17.1375,0.0,0.0,0.0
17.13888888888889,0.0,0.0,0.0
17.14027777777778,0.0,0.0,0.0
17.141666666666666,0.0,0.0,0.0
17.143055555555556,0.0,0.0,0.0
17.144444444444446,0.0,0.0,0.0
17.145833333333332,0.0,0.0,0.0
17.147222222222222,0.0,0.0,0.0
17.148611111111112,0.0,0.0,0.0
17.15,0.0,0.0,0.0
17.15138888888889,0.0,0.0,0.0
17.15277777777778,0.0,0.0,0.0
17.154166666666665,0.0,0.0,0.0
17.155555555555555,0.0,0.0,0.0
17.156944444444445,0.0,0.0,0.0
17.158333333333335,0.0,0.0,0.0
17.15972222222222,0.0,0.0,0.0
17.16111111111111,0.0,0.0,0.0
17.1625,0.0,0.0,0.0
17.163888888888888,0.0,0.0,0.0
17.165277777777778,0.0,0.0,0.0
17.166666666666668,0.0,0.0,0.0
17.168055555555554,0.0,0.0,0.0
17.169444444444444,0.0,0.0,0.0
17.170833333333334,0.0,0.0,0.0
17.17222222222222,0.0,0.0,0.0
17.17361111111111,0.0,0.0,0.0
17.175,0.0,0.0,0.0
17.176388888888887,0.0,0.0,0.0
17.177777777777777,0.0,0.0,0.0
17.179166666666667,0.0,0.0,0.0
17.180555555555557,0.0,0.0,0.0
17.181944444444444,0.0,0.0,0.0
17.183333333333334,0.0,0.0,0.0
17.184722222222224,0.0,0.0,0.0
17.18611111111111,0.0,0.0,0.0
17.1875,0.0,0.0,0.0
17.18888888888889,0.0,0.0,0.0
17.190277777777776,0.0,0.0,0.0
17.191666666666666,0.0,0.0,0.0
17.193055555555556,0.0,0.0,0.0
17.194444444444443,0.0,0.0,0.0
17.195833333333333,0.0,0.0,0.0
17.197222222222223,0.0,0.0,0.0
17.198611111111113,0.0,0.0,0.0
17.2,0.0,0.0,0.0
17.20138888888889,0.0,0.0,0.0
17.20277777777778,0.0,0.0,0.0
17.204166666666666,0.0,0.0,0.0
17.205555555555556,0.0,0.0,0.0
17.206944444444446,0.0,0.0,0.0
17.208333333333332,0.0,0.0,0.0
17.209722222222222,0.0,0.0,0.0
17.211111111111112,0.0,0.0,0.0
17.2125,0.0,0.0,0.0
17.21388888888889,0.0,0.0,0.0
17.21527777777778,0.0,0.0,0.0
17.216666666666665,0.0,0.0,0.0
17.218055555555555,0.0,0.0,0.0
17.219444444444445,0.0,0.0,0.0
17.220833333333335,0.0,0.0,0.0
17.22222222222222,0.0,0.0,0.0
17.22361111111111,0.0,0.0,0.0
17.225,0.0,0.0,0.0
17.226388888888888,0.0,0.0,0.0
17.227777777777778,0.0,0.0,0.0
17.229166666666668,0.0,0.0,0.0
17.230555555555554,0.0,0.0,0.0
17.231944444444444,0.0,0.0,0.0
17.233333333333334,0.0,0.0,0.0
17.23472222222222,0.0,0.0,0.0
17.23611111111111,0.0,0.0,0.0
17.2375,0.0,0.0,0.0
17.238888888888887,0.0,0.0,0.0
17.240277777777777,0.0,0.0,0.0
17.241666666666667,0.0,0.0,0.0
17.243055555555557,0.0,0.0,0.0
17.244444444444444,0.0,0.0,0.0
17.245833333333334,0.0,0.0,0.0
17.247222222222224,0.0,0.0,0.0
17.24861111111111,0.0,0.0,0.0
17.25,0.0,0.0,0.0
17.25138888888889,0.0,0.0,0.0
17.252777777777776,0.0,0.0,0.0
17.254166666666666,0.0,0.0,0.0
17.255555555555556,0.0,0.0,0.0
17.256944444444443,0.0,0.0,0.0
17.258333333333333,0.0,0.0,0.0
17.259722222222223,0.0,0.0,0.0
17.261111111111113,0.0,0.0,0.0
17.2625,0.0,0.0,0.0
17.26388888888889,0.0,0.0,0.0
17.26527777777778,0.0,0.0,0.0
17.266666666666666,0.0,0.0,0.0
17.268055555555556,0.0,0.0,0.0
17.269444444444446,0.0,0.0,0.0
17.270833333333332,0.0,0.0,0.0
17.272222222222222,0.0,0.0,0.0
17.273611111111112,0.0,0.0,0.0
17.275,0.0,0.0,0.0
17.27638888888889,0.0,0.0,0.0
17.27777777777778,0.0,0.0,0.0
17.279166666666665,0.0,0.0,0.0
17.280555555555555,0.0,0.0,0.0
17.281944444444445,0.0,0.0,0.0
17.283333333333335,0.0,0.0,0.0
17.28472222222222,0.0,0.0,0.0
17.28611111111111,0.0,0.0,0.0
17.2875,0.0,0.0,0.0
17.288888888888888,0.0,0.0,0.0
17.290277777777778,0.0,0.0,0.0
17.291666666666668,0.0,0.0,0.0
17.293055555555554,0.0,0.0,0.0
17.294444444444444,0.0,0.0,0.0
17.295833333333334,0.0,0.0,0.0
17.29722222222222,0.0,0.0,0.0
17.29861111111111,0.0,0.0,0.0
17.3,0.0,0.0,0.0
17.301388888888887,0.0,0.0,0.0
17.302777777777777,0.0,0.0,0.0
17.304166666666667,0.0,0.0,0.0
17.305555555555557,0.0,0.0,0.0
17.306944444444444,0.0,0.0,0.0
17.308333333333334,0.0,0.0,0.0
17.309722222222224,0.0,0.0,0.0
17.31111111111111,0.0,0.0,0.0
17.3125,0.0,0.0,0.0
17.31388888888889,0.0,0.0,0.0
17.315277777777776,0.0,0.0,0.0
17.316666666666666,0.0,0.0,0.0
17.318055555555556,0.0,0.0,0.0
17.319444444444443,0.0,0.0,0.0
17.320833333333333,0.0,0.0,0.0
17.322222222222223,0.0,0.0,0.0
17.323611111111113,0.0,0.0,0.0
17.325,0.0,0.0,0.0
17.32638888888889,0.0,0.0,0.0
17.32777777777778,0.0,0.0,0.0
17.329166666666666,0.0,0.0,0.0
17.330555555555556,0.0,0.0,0.0
17.331944444444446,0.0,0.0,0.0
17.333333333333332,0.0,0.0,0.0
17.334722222222222,0.0,0.0,0.0
17.336111111111112,0.0,0.0,0.0
17.3375,0.0,0.0,0.0
17.33888888888889,0.0,0.0,0.0
17.34027777777778,0.0,0.0,0.0
17.341666666666665,0.0,0.0,0.0
17.343055555555555,0.0,0.0,0.0
17.344444444444445,0.0,0.0,0.0
17.345833333333335,0.0,0.0,0.0
17.34722222222222,0.0,0.0,0.0
17.34861111111111,0.0,0.0,0.0
17.35,0.0,0.0,0.0
17.351388888888888,0.0,0.0,0.0
17.352777777777778,0.0,0.0,0.0
17.354166666666668,0.0,0.0,0.0
17.355555555555554,0.0,0.0,0.0
17.356944444444444,0.0,0.0,0.0
17.358333333333334,0.0,0.0,0.0
17.35972222222222,0.0,0.0,0.0
17.36111111111111,0.0,0.0,0.0
17.3625,0.0,0.0,0.0
17.363888888888887,0.0,0.0,0.0
17.365277777777777,0.0,0.0,0.0
17.366666666666667,0.0,0.0,0.0
17.368055555555557,0.0,0.0,0.0
17.369444444444444,0.0,0.0,0.0
17.370833333333334,0.0,0.0,0.0
17.372222222222224,0.0,0.0,0.0
17.37361111111111,0.0,0.0,0.0
17.375,0.0,0.0,0.0
17.37638888888889,0.0,0.0,0.0
17.377777777777776,0.0,0.0,0.0
17.379166666666666,0.0,0.0,0.0
17.380555555555556,0.0,0.0,0.0
17.381944444444443,0.0,0.0,0.0
17.383333333333333,0.0,0.0,0.0
17.384722222222223,0.0,0.0,0.0
17.386111111111113,0.0,0.0,0.0
17.3875,0.0,0.0,0.0
17.38888888888889,0.0,0.0,0.0
17.39027777777778,0.0,0.0,0.0
17.391666666666666,0.0,0.0,0.0
17.393055555555556,0.0,0.0,0.0
17.394444444444446,0.0,0.0,0.0
17.395833333333332,0.0,0.0,0.0
17.397222222222222,0.0,0.0,0.0
17.398611111111112,0.0,0.0,0.0
17.4,0.0,0.0,0.0
17.40138888888889,0.0,0.0,0.0
17.40277777777778,0.0,0.0,0.0
17.404166666666665,0.0,0.0,0.0
17.405555555555555,0.0,0.0,0.0
17.406944444444445,0.0,0.0,0.0
17.408333333333335,0.0,0.0,0.0
17.40972222222222,0.0,0.0,0.0
17.41111111111111,0.0,0.0,0.0
17.4125,0.0,0.0,0.0
17.413888888888888,0.0,0.0,0.0
17.415277777777778,0.0,0.0,0.0
17.416666666666668,0.0,0.0,0.0
17.418055555555554,0.0,0.0,0.0
17.419444444444444,0.0,0.0,0.0
17.420833333333334,0.0,0.0,0.0
17.42222222222222,0.0,0.0,0.0
17.42361111111111,0.0,0.0,0.0
17.425,0.0,0.0,0.0
17.426388888888887,0.0,0.0,0.0
17.427777777777777,0.0,0.0,0.0
17.429166666666667,0.0,0.0,0.0
17.430555555555557,0.0,0.0,0.0
17.431944444444444,0.0,0.0,0.0
17.433333333333334,0.0,0.0,0.0
17.434722222222224,0.0,0.0,0.0
17.43611111111111,0.0,0.0,0.0
17.4375,0.0,0.0,0.0
17.43888888888889,0.0,0.0,0.0
17.440277777777776,0.0,0.0,0.0
17.441666666666666,0.0,0.0,0.0
17.443055555555556,0.0,0.0,0.0
17.444444444444443,0.0,0.0,0.0
17.445833333333333,0.0,0.0,0.0
17.447222222222223,0.0,0.0,0.0
17.448611111111113,0.0,0.0,0.0
17.45,0.0,0.0,0.0
17.45138888888889,0.0,0.0,0.0
17.45277777777778,0.0,0.0,0.0
17.454166666666666,0.0,0.0,0.0
17.455555555555556,0.0,0.0,0.0
17.456944444444446,0.0,0.0,0.0
17.458333333333332,0.0,0.0,0.0
17.459722222222222,0.0,0.0,0.0
17.461111111111112,0.0,0.0,0.0
17.4625,0.0,0.0,0.0
17.46388888888889,0.0,0.0,0.0
17.46527777777778,0.0,0.0,0.0
17.466666666666665,0.0,0.0,0.0
17.468055555555555,0.0,0.0,0.0
17.469444444444445,0.0,0.0,0.0
17.470833333333335,0.0,0.0,0.0
17.47222222222222,0.0,0.0,0.0
17.47361111111111,0.0,0.0,0.0
17.475,0.0,0.0,0.0
17.476388888888888,0.0,0.0,0.0
17.477777777777778,0.0,0.0,0.0
17.479166666666668,0.0,0.0,0.0
17.480555555555554,0.0,0.0,0.0
17.481944444444444,0.0,0.0,0.0
17.483333333333334,0.0,0.0,0.0
17.48472222222222,0.0,0.0,0.0
17.48611111111111,0.0,0.0,0.0
17.4875,0.0,0.0,0.0
17.488888888888887,0.0,0.0,0.0
17.490277777777777,0.0,0.0,0.0
17.491666666666667,0.0,0.0,0.0
17.493055555555557,0.0,0.0,0.0
17.494444444444444,0.0,0.0,0.0
17.495833333333334,0.0,0.0,0.0
17.497222222222224,0.0,0.0,0.0
17.49861111111111,0.0,0.0,0.0
17.5,0.0,0.0,0.0
17.50138888888889,0.0,0.0,0.0
17.502777777777776,0.0,0.0,0.0
17.504166666666666,0.0,0.0,0.0
17.505555555555556,0.0,0.0,0.0
17.506944444444443,0.0,0.0,0.0
17.508333333333333,0.0,0.0,0.0
17.509722222222223,0.0,0.0,0.0
17.511111111111113,0.0,0.0,0.0
17.5125,0.0,0.0,0.0
17.51388888888889,0.0,0.0,0.0
17.51527777777778,0.0,0.0,0.0
17.516666666666666,0.0,0.0,0.0
17.518055555555556,0.0,0.0,0.0
17.519444444444446,0.0,0.0,0.0
17.520833333333332,0.0,0.0,0.0
17.522222222222222,0.0,0.0,0.0
17.523611111111112,0.0,0.0,0.0
17.525,0.0,0.0,0.0
17.52638888888889,0.0,0.0,0.0
17.52777777777778,0.0,0.0,0.0
17.529166666666665,0.0,0.0,0.0
17.530555555555555,0.0,0.0,0.0
17.531944444444445,0.0,0.0,0.0
17.533333333333335,0.0,0.0,0.0
17.53472222222222,0.0,0.0,0.0
17.53611111111111,0.0,0.0,0.0
17.5375,0.0,0.0,0.0
17.538888888888888,0.0,0.0,0.0
17.540277777777778,0.0,0.0,0.0
17.541666666666668,0.0,0.0,0.0
17.543055555555554,0.0,0.0,0.0
17.544444444444444,0.0,0.0,0.0
17.545833333333334,0.0,0.0,0.0
17.54722222222222,0.0,0.0,0.0
17.54861111111111,0.0,0.0,0.0
17.55,0.0,0.0,0.0
17.551388888888887,0.0,0.0,0.0
17.552777777777777,0.0,0.0,0.0
17.554166666666667,0.0,0.0,0.0
17.555555555555557,0.0,0.0,0.0
17.556944444444444,0.0,0.0,0.0
17.558333333333334,0.0,0.0,0.0
17.559722222222224,0.0,0.0,0.0
17.56111111111111,0.0,0.0,0.0
17.5625,0.0,0.0,0.0
17.56388888888889,0.0,0.0,0.0
17.565277777777776,0.0,0.0,0.0
17.566666666666666,0.0,0.0,0.0
17.568055555555556,0.0,0.0,0.0
17.569444444444443,0.0,0.0,0.0
17.570833333333333,0.0,0.0,0.0
17.572222222222223,0.0,0.0,0.0
17.573611111111113,0.0,0.0,0.0
17.575,0.0,0.0,0.0
17.57638888888889,0.0,0.0,0.0
17.57777777777778,0.0,0.0,0.0
17.579166666666666,0.0,0.0,0.0
17.580555555555556,0.0,0.0,0.0
17.581944444444446,0.0,0.0,0.0
17.583333333333332,0.0,0.0,0.0
17.584722222222222,0.0,0.0,0.0
17.586111111111112,0.0,0.0,0.0
17.5875,0.0,0.0,0.0
17.58888888888889,0.0,0.0,0.0
17.59027777777778,0.0,0.0,0.0
17.591666666666665,0.0,0.0,0.0
17.593055555555555,0.0,0.0,0.0
17.594444444444445,0.0,0.0,0.0
17.595833333333335,0.0,0.0,0.0
17.59722222222222,0.0,0.0,0.0
17.59861111111111,0.0,0.0,0.0
17.6,0.0,0.0,0.0
17.601388888888888,0.0,0.0,0.0
17.602777777777778,0.0,0.0,0.0
17.604166666666668,0.0,0.0,0.0
17.605555555555554,0.0,0.0,0.0
17.606944444444444,0.0,0.0,0.0
17.608333333333334,0.0,0.0,0.0
17.60972222222222,0.0,0.0,0.0
17.61111111111111,0.0,0.0,0.0
17.6125,0.0,0.0,0.0
17.613888888888887,0.0,0.0,0.0
17.615277777777777,0.0,0.0,0.0
17.616666666666667,0.0,0.0,0.0
17.618055555555557,0.0,0.0,0.0
17.619444444444444,0.0,0.0,0.0
17.620833333333334,0.0,0.0,0.0
17.622222222222224,0.0,0.0,0.0
17.62361111111111,0.0,0.0,0.0
17.625,0.0,0.0,0.0
17.62638888888889,0.0,0.0,0.0
17.627777777777776,0.0,0.0,0.0
17.629166666666666,0.0,0.0,0.0
17.630555555555556,0.0,0.0,0.0
17.631944444444443,0.0,0.0,0.0
17.633333333333333,0.0,0.0,0.0
17.634722222222223,0.0,0.0,0.0
17.636111111111113,0.0,0.0,0.0
17.6375,0.0,0.0,0.0
17.63888888888889,0.0,0.0,0.0
17.64027777777778,0.0,0.0,0.0
17.641666666666666,0.0,0.0,0.0
17.643055555555556,0.0,0.0,0.0
17.644444444444446,0.0,0.0,0.0
17.645833333333332,0.0,0.0,0.0
17.647222222222222,0.0,0.0,0.0
17.648611111111112,0.0,0.0,0.0
17.65,0.0,0.0,0.0
17.65138888888889,0.0,0.0,0.0
17.65277777777778,0.0,0.0,0.0
17.654166666666665,0.0,0.0,0.0
17.655555555555555,0.0,0.0,0.0
17.656944444444445,0.0,0.0,0.0
17.658333333333335,0.0,0.0,0.0
17.65972222222222,0.0,0.0,0.0
17.66111111111111,0.0,0.0,0.0
17.6625,0.0,0.0,0.0
17.663888888888888,0.0,0.0,0.0
17.665277777777778,0.0,0.0,0.0
17.666666666666668,0.0,0.0,0.0
17.668055555555554,0.0,0.0,0.0
17.669444444444444,0.0,0.0,0.0
17.670833333333334,0.0,0.0,0.0
17.67222222222222,0.0,0.0,0.0
17.67361111111111,0.0,0.0,0.0
17.675,0.0,0.0,0.0
17.676388888888887,0.0,0.0,0.0
17.677777777777777,0.0,0.0,0.0
17.679166666666667,0.0,0.0,0.0
17.680555555555557,0.0,0.0,0.0
17.681944444444444,0.0,0.0,0.0
17.683333333333334,0.0,0.0,0.0
17.684722222222224,0.0,0.0,0.0
17.68611111111111,0.0,0.0,0.0
17.6875,0.0,0.0,0.0
17.68888888888889,0.0,0.0,0.0
17.690277777777776,0.0,0.0,0.0
17.691666666666666,0.0,0.0,0.0
17.693055555555556,0.0,0.0,0.0
17.694444444444443,0.0,0.0,0.0
17.695833333333333,0.0,0.0,0.0
17.697222222222223,0.0,0.0,0.0
17.698611111111113,0.0,0.0,0.0
17.7,0.0,0.0,0.0
17.70138888888889,0.0,0.0,0.0
17.70277777777778,0.0,0.0,0.0
17.704166666666666,0.0,0.0,0.0
17.705555555555556,0.0,0.0,0.0
17.706944444444446,0.0,0.0,0.0
17.708333333333332,0.0,0.0,0.0
17.709722222222222,0.0,0.0,0.0
17.711111111111112,0.0,0.0,0.0
17.7125,0.0,0.0,0.0
17.71388888888889,0.0,0.0,0.0
17.71527777777778,0.0,0.0,0.0
17.716666666666665,0.0,0.0,0.0
17.718055555555555,0.0,0.0,0.0
17.719444444444445,0.0,0.0,0.0
17.720833333333335,0.0,0.0,0.0
17.72222222222222,0.0,0.0,0.0
17.72361111111111,0.0,0.0,0.0
17.725,0.0,0.0,0.0
17.726388888888888,0.0,0.0,0.0
17.727777777777778,0.0,0.0,0.0
17.729166666666668,0.0,0.0,0.0
17.730555555555554,0.0,0.0,0.0
17.731944444444444,0.0,0.0,0.0
17.733333333333334,0.0,0.0,0.0
17.73472222222222,0.0,0.0,0.0
17.73611111111111,0.0,0.0,0.0
17.7375,0.0,0.0,0.0
17.738888888888887,0.0,0.0,0.0
17.740277777777777,0.0,0.0,0.0
17.741666666666667,0.0,0.0,0.0
17.743055555555557,0.0,0.0,0.0
17.744444444444444,0.0,0.0,0.0
17.745833333333334,0.0,0.0,0.0
17.747222222222224,0.0,0.0,0.0
17.74861111111111,0.0,0.0,0.0
17.75,0.0,0.0,0.0
17.75138888888889,0.0,0.0,0.0
17.752777777777776,0.0,0.0,0.0
17.754166666666666,0.0,0.0,0.0
17.755555555555556,0.0,0.0,0.0
17.756944444444443,0.0,0.0,0.0
17.758333333333333,0.0,0.0,0.0
17.759722222222223,0.0,0.0,0.0
17.761111111111113,0.0,0.0,0.0
17.7625,0.0,0.0,0.0
17.76388888888889,0.0,0.0,0.0
17.76527777777778,0.0,0.0,0.0
17.766666666666666,0.0,0.0,0.0
17.768055555555556,0.0,0.0,0.0
17.769444444444446,0.0,0.0,0.0
17.770833333333332,0.0,0.0,0.0
17.772222222222222,0.0,0.0,0.0
17.773611111111112,0.0,0.0,0.0
17.775,0.0,0.0,0.0
17.77638888888889,0.0,0.0,0.0
17.77777777777778,0.0,0.0,0.0
17.779166666666665,0.0,0.0,0.0
17.780555555555555,0.0,0.0,0.0
17.781944444444445,0.0,0.0,0.0
17.783333333333335,0.0,0.0,0.0
17.78472222222222,0.0,0.0,0.0
17.78611111111111,0.0,0.0,0.0
17.7875,0.0,0.0,0.0
17.788888888888888,0.0,0.0,0.0
17.790277777777778,0.0,0.0,0.0
17.791666666666668,0.0,0.0,0.0
17.793055555555554,0.0,0.0,0.0
17.794444444444444,0.0,0.0,0.0
17.795833333333334,0.0,0.0,0.0
17.79722222222222,0.0,0.0,0.0
17.79861111111111,0.0,0.0,0.0
17.8,0.0,0.0,0.0
17.801388888888887,0.0,0.0,0.0
17.802777777777777,0.0,0.0,0.0
17.804166666666667,0.0,0.0,0.0
17.805555555555557,0.0,0.0,0.0
17.806944444444444,0.0,0.0,0.0
17.808333333333334,0.0,0.0,0.0
17.809722222222224,0.0,0.0,0.0
17.81111111111111,0.0,0.0,0.0
17.8125,0.0,0.0,0.0
17.81388888888889,0.0,0.0,0.0
17.815277777777776,0.0,0.0,0.0
17.816666666666666,0.0,0.0,0.0
17.818055555555556,0.0,0.0,0.0
17.819444444444443,0.0,0.0,0.0
17.820833333333333,0.0,0.0,0.0
17.822222222222223,0.0,0.0,0.0
17.823611111111113,0.0,0.0,0.0
17.825,0.0,0.0,0.0
17.82638888888889,0.0,0.0,0.0
17.82777777777778,0.0,0.0,0.0
17.829166666666666,0.0,0.0,0.0
17.830555555555556,0.0,0.0,0.0
17.831944444444446,0.0,0.0,0.0
17.833333333333332,0.0,0.0,0.0
17.834722222222222,0.0,0.0,0.0
17.836111111111112,0.0,0.0,0.0
17.8375,0.0,0.0,0.0
17.83888888888889,0.0,0.0,0.0
17.84027777777778,0.0,0.0,0.0
17.841666666666665,0.0,0.0,0.0
17.843055555555555,0.0,0.0,0.0
17.844444444444445,0.0,0.0,0.0
17.845833333333335,0.0,0.0,0.0
17.84722222222222,0.0,0.0,0.0
17.84861111111111,0.0,0.0,0.0
17.85,0.0,0.0,0.0
17.851388888888888,0.0,0.0,0.0
17.852777777777778,0.0,0.0,0.0
17.854166666666668,0.0,0.0,0.0
17.855555555555554,0.0,0.0,0.0
17.856944444444444,0.0,0.0,0.0
17.858333333333334,0.0,0.0,0.0
17.85972222222222,0.0,0.0,0.0
17.86111111111111,0.0,0.0,0.0
17.8625,0.0,0.0,0.0
17.863888888888887,0.0,0.0,0.0
17.865277777777777,0.0,0.0,0.0
17.866666666666667,0.0,0.0,0.0
17.868055555555557,0.0,0.0,0.0
17.869444444444444,0.0,0.0,0.0
17.870833333333334,0.0,0.0,0.0
17.872222222222224,0.0,0.0,0.0
17.87361111111111,0.0,0.0,0.0
17.875,0.0,0.0,0.0
17.87638888888889,0.0,0.0,0.0
17.877777777777776,0.0,0.0,0.0
17.879166666666666,0.0,0.0,0.0
17.880555555555556,0.0,0.0,0.0
17.881944444444443,0.0,0.0,0.0
17.883333333333333,0.0,0.0,0.0
17.884722222222223,0.0,0.0,0.0
17.886111111111113,0.0,0.0,0.0
17.8875,0.0,0.0,0.0
17.88888888888889,0.0,0.0,0.0
17.89027777777778,0.0,0.0,0.0
17.891666666666666,0.0,0.0,0.0
17.893055555555556,0.0,0.0,0.0
17.894444444444446,0.0,0.0,0.0
17.895833333333332,0.0,0.0,0.0
17.897222222222222,0.0,0.0,0.0
17.898611111111112,0.0,0.0,0.0
17.9,0.0,0.0,0.0
17.90138888888889,0.0,0.0,0.0
17.90277777777778,0.0,0.0,0.0
17.904166666666665,0.0,0.0,0.0
17.905555555555555,0.0,0.0,0.0
17.906944444444445,0.0,0.0,0.0
17.908333333333335,0.0,0.0,0.0
17.90972222222222,0.0,0.0,0.0
17.91111111111111,0.0,0.0,0.0
17.9125,0.0,0.0,0.0
17.913888888888888,0.0,0.0,0.0
17.915277777777778,0.0,0.0,0.0
17.916666666666668,0.0,0.0,0.0
17.918055555555554,0.0,0.0,0.0
17.919444444444444,0.0,0.0,0.0
17.920833333333334,0.0,0.0,0.0
17.92222222222222,0.0,0.0,0.0
17.92361111111111,0.0,0.0,0.0
17.925,0.0,0.0,0.0
17.926388888888887,0.0,0.0,0.0
17.927777777777777,0.0,0.0,0.0
17.929166666666667,0.0,0.0,0.0
17.930555555555557,0.0,0.0,0.0
17.931944444444444,0.0,0.0,0.0
17.933333333333334,0.0,0.0,0.0
17.934722222222224,0.0,0.0,0.0
17.93611111111111,0.0,0.0,0.0
17.9375,0.0,0.0,0.0
17.93888888888889,0.0,0.0,0.0
17.940277777777776,0.0,0.0,0.0
17.941666666666666,0.0,0.0,0.0
17.943055555555556,0.0,0.0,0.0
17.944444444444443,0.0,0.0,0.0
17.945833333333333,0.0,0.0,0.0
17.947222222222223,0.0,0.0,0.0
17.948611111111113,0.0,0.0,0.0
17.95,0.0,0.0,0.0
17.95138888888889,0.0,0.0,0.0
17.95277777777778,0.0,0.0,0.0
17.954166666666666,0.0,0.0,0.0
17.955555555555556,0.0,0.0,0.0
17.956944444444446,0.0,0.0,0.0
17.958333333333332,0.0,0.0,0.0
17.959722222222222,0.0,0.0,0.0
17.961111111111112,0.0,0.0,0.0
17.9625,0.0,0.0,0.0
17.96388888888889,0.0,0.0,0.0
17.96527777777778,0.0,0.0,0.0
17.966666666666665,0.0,0.0,0.0
17.968055555555555,0.0,0.0,0.0
17.969444444444445,0.0,0.0,0.0
17.970833333333335,0.0,0.0,0.0
17.97222222222222,0.0,0.0,0.0
17.97361111111111,0.0,0.0,0.0
17.975,0.0,0.0,0.0
17.976388888888888,0.0,0.0,0.0
17.977777777777778,0.0,0.0,0.0
17.979166666666668,0.0,0.0,0.0
17.980555555555554,0.0,0.0,0.0
17.981944444444444,0.0,0.0,0.0
17.983333333333334,0.0,0.0,0.0
17.98472222222222,0.0,0.0,0.0
17.98611111111111,0.0,0.0,0.0
17.9875,0.0,0.0,0.0
17.988888888888887,0.0,0.0,0.0
17.990277777777777,0.0,0.0,0.0
17.991666666666667,0.0,0.0,0.0
17.993055555555557,0.0,0.0,0.0
17.994444444444444,0.0,0.0,0.0
17.995833333333334,0.0,0.0,0.0
17.997222222222224,0.0,0.0,0.0
17.99861111111111,0.0,0.0,0.0
18.0,0.0,0.0,0.0
18.00138888888889,0.0,0.0,0.0
18.002777777777776,0.0,0.0,0.0
18.004166666666666,0.0,0.0,0.0
18.005555555555556,0.0,0.0,0.0
18.006944444444443,0.0,0.0,0.0
18.008333333333333,0.0,0.0,0.0
18.009722222222223,0.0,0.0,0.0
18.011111111111113,0.0,0.0,0.0
18.0125,0.0,0.0,0.0
18.01388888888889,0.0,0.0,0.0
18.01527777777778,0.0,0.0,0.0
18.016666666666666,0.0,0.0,0.0
18.018055555555556,0.0,0.0,0.0
18.019444444444446,0.0,0.0,0.0
18.020833333333332,0.0,0.0,0.0
18.022222222222222,0.0,0.0,0.0
18.023611111111112,0.0,0.0,0.0
18.025,0.0,0.0,0.0
18.02638888888889,0.0,0.0,0.0
18.02777777777778,0.0,0.0,0.0
18.029166666666665,0.0,0.0,0.0
18.030555555555555,0.0,0.0,0.0
18.031944444444445,0.0,0.0,0.0
18.033333333333335,0.0,0.0,0.0
18.03472222222222,0.0,0.0,0.0
18.03611111111111,0.0,0.0,0.0
18.0375,0.0,0.0,0.0
18.038888888888888,0.0,0.0,0.0
18.040277777777778,0.0,0.0,0.0
18.041666666666668,0.0,0.0,0.0
18.043055555555554,0.0,0.0,0.0
18.044444444444444,0.0,0.0,0.0
18.045833333333334,0.0,0.0,0.0
18.04722222222222,0.0,0.0,0.0
18.04861111111111,0.0,0.0,0.0
18.05,0.0,0.0,0.0
18.051388888888887,0.0,0.0,0.0
18.052777777777777,0.0,0.0,0.0
18.054166666666667,0.0,0.0,0.0
18.055555555555557,0.0,0.0,0.0
18.056944444444444,0.0,0.0,0.0
18.058333333333334,0.0,0.0,0.0
18.059722222222224,0.0,0.0,0.0
18.06111111111111,0.0,0.0,0.0
18.0625,0.0,0.0,0.0
18.06388888888889,0.0,0.0,0.0
18.065277777777776,0.0,0.0,0.0
18.066666666666666,0.0,0.0,0.0
18.068055555555556,0.0,0.0,0.0
18.069444444444443,0.0,0.0,0.0
18.070833333333333,0.0,0.0,0.0
18.072222222222223,0.0,0.0,0.0
18.073611111111113,0.0,0.0,0.0
18.075,0.0,0.0,0.0
18.07638888888889,0.0,0.0,0.0
18.07777777777778,0.0,0.0,0.0
18.079166666666666,0.0,0.0,0.0
18.080555555555556,0.0,0.0,0.0
18.081944444444446,0.0,0.0,0.0
18.083333333333332,0.0,0.0,0.0
18.084722222222222,0.0,0.0,0.0
18.086111111111112,0.0,0.0,0.0
18.0875,0.0,0.0,0.0
18.08888888888889,0.0,0.0,0.0
18.09027777777778,0.0,0.0,0.0
18.091666666666665,0.0,0.0,0.0
18.093055555555555,0.0,0.0,0.0
18.094444444444445,0.0,0.0,0.0
18.095833333333335,0.0,0.0,0.0
18.09722222222222,0.0,0.0,0.0
18.09861111111111,0.0,0.0,0.0
18.1,0.0,0.0,0.0
18.101388888888888,0.0,0.0,0.0
18.102777777777778,0.0,0.0,0.0
18.104166666666668,0.0,0.0,0.0
18.105555555555554,0.0,0.0,0.0
18.106944444444444,0.0,0.0,0.0
18.108333333333334,0.0,0.0,0.0
18.10972222222222,0.0,0.0,0.0
18.11111111111111,0.0,0.0,0.0
18.1125,0.0,0.0,0.0
18.113888888888887,0.0,0.0,0.0
18.115277777777777,0.0,0.0,0.0
18.116666666666667,0.0,0.0,0.0
18.118055555555557,0.0,0.0,0.0
18.119444444444444,0.0,0.0,0.0
18.120833333333334,0.0,0.0,0.0
18.122222222222224,0.0,0.0,0.0
18.12361111111111,0.0,0.0,0.0
18.125,0.0,0.0,0.0
18.12638888888889,0.0,0.0,0.0
18.127777777777776,0.0,0.0,0.0
18.129166666666666,0.0,0.0,0.0
18.130555555555556,0.0,0.0,0.0
18.131944444444443,0.0,0.0,0.0
18.133333333333333,0.0,0.0,0.0
18.134722222222223,0.0,0.0,0.0
18.136111111111113,0.0,0.0,0.0
18.1375,0.0,0.0,0.0
18.13888888888889,0.0,0.0,0.0
18.14027777777778,0.0,0.0,0.0
18.141666666666666,0.0,0.0,0.0
18.143055555555556,0.0,0.0,0.0
18.144444444444446,0.0,0.0,0.0
18.145833333333332,0.0,0.0,0.0
18.147222222222222,0.0,0.0,0.0
18.148611111111112,0.0,0.0,0.0
18.15,0.0,0.0,0.0
18.15138888888889,0.0,0.0,0.0
18.15277777777778,0.0,0.0,0.0
18.154166666666665,0.0,0.0,0.0
18.155555555555555,0.0,0.0,0.0
18.156944444444445,0.0,0.0,0.0
18.158333333333335,0.0,0.0,0.0
18.15972222222222,0.0,0.0,0.0
18.16111111111111,0.0,0.0,0.0
18.1625,0.0,0.0,0.0
18.163888888888888,0.0,0.0,0.0
18.165277777777778,0.0,0.0,0.0
18.166666666666668,0.0,0.0,0.0
18.168055555555554,0.0,0.0,0.0
18.169444444444444,0.0,0.0,0.0
18.170833333333334,0.0,0.0,0.0
18.17222222222222,0.0,0.0,0.0
18.17361111111111,0.0,0.0,0.0
18.175,0.0,0.0,0.0
18.176388888888887,0.0,0.0,0.0
18.177777777777777,0.0,0.0,0.0
18.179166666666667,0.0,0.0,0.0
18.180555555555557,0.0,0.0,0.0
18.181944444444444,0.0,0.0,0.0
18.183333333333334,0.0,0.0,0.0
18.184722222222224,0.0,0.0,0.0
18.18611111111111,0.0,0.0,0.0
18.1875,0.0,0.0,0.0
18.18888888888889,0.0,0.0,0.0
18.190277777777776,0.0,0.0,0.0
18.191666666666666,0.0,0.0,0.0
18.193055555555556,0.0,0.0,0.0
18.194444444444443,0.0,0.0,0.0
18.195833333333333,0.0,0.0,0.0
18.197222222222223,0.0,0.0,0.0
18.198611111111113,0.0,0.0,0.0
18.2,0.0,0.0,0.0
18.20138888888889,0.0,0.0,0.0
18.20277777777778,0.0,0.0,0.0
18.204166666666666,0.0,0.0,0.0
18.205555555555556,0.0,0.0,0.0
18.206944444444446,0.0,0.0,0.0
18.208333333333332,0.0,0.0,0.0
18.209722222222222,0.0,0.0,0.0
18.211111111111112,0.0,0.0,0.0
18.2125,0.0,0.0,0.0
18.21388888888889,0.0,0.0,0.0
18.21527777777778,0.0,0.0,0.0
18.216666666666665,0.0,0.0,0.0
18.218055555555555,0.0,0.0,0.0
18.219444444444445,0.0,0.0,0.0
18.220833333333335,0.0,0.0,0.0
18.22222222222222,0.0,0.0,0.0
18.22361111111111,0.0,0.0,0.0
18.225,0.0,0.0,0.0
18.226388888888888,0.0,0.0,0.0
18.227777777777778,0.0,0.0,0.0
18.229166666666668,0.0,0.0,0.0
18.230555555555554,0.0,0.0,0.0
18.231944444444444,0.0,0.0,0.0
18.233333333333334,0.0,0.0,0.0
18.23472222222222,0.0,0.0,0.0
18.23611111111111,0.0,0.0,0.0
18.2375,0.0,0.0,0.0
18.238888888888887,0.0,0.0,0.0
18.240277777777777,0.0,0.0,0.0
18.241666666666667,0.0,0.0,0.0
18.243055555555557,0.0,0.0,0.0
18.244444444444444,0.0,0.0,0.0
18.245833333333334,0.0,0.0,0.0
18.247222222222224,0.0,0.0,0.0
18.24861111111111,0.0,0.0,0.0
18.25,0.0,0.0,0.0
18.25138888888889,0.0,0.0,0.0
18.252777777777776,0.0,0.0,0.0
18.254166666666666,0.0,0.0,0.0
18.255555555555556,0.0,0.0,0.0
18.256944444444443,0.0,0.0,0.0
18.258333333333333,0.0,0.0,0.0
18.259722222222223,0.0,0.0,0.0
18.261111111111113,0.0,0.0,0.0
18.2625,0.0,0.0,0.0
18.26388888888889,0.0,0.0,0.0
18.26527777777778,0.0,0.0,0.0
18.266666666666666,0.0,0.0,0.0
18.268055555555556,0.0,0.0,0.0
18.269444444444446,0.0,0.0,0.0
18.270833333333332,0.0,0.0,0.0
18.272222222222222,0.0,0.0,0.0
18.273611111111112,0.0,0.0,0.0
18.275,0.0,0.0,0.0
18.27638888888889,0.0,0.0,0.0
18.27777777777778,0.0,0.0,0.0
18.279166666666665,0.0,0.0,0.0
18.280555555555555,0.0,0.0,0.0
18.281944444444445,0.0,0.0,0.0
18.283333333333335,0.0,0.0,0.0
18.28472222222222,0.0,0.0,0.0
18.28611111111111,0.0,0.0,0.0
18.2875,0.0,0.0,0.0
18.288888888888888,0.0,0.0,0.0
18.290277777777778,0.0,0.0,0.0
18.291666666666668,0.0,0.0,0.0
18.293055555555554,0.0,0.0,0.0
18.294444444444444,0.0,0.0,0.0
18.295833333333334,0.0,0.0,0.0
18.29722222222222,0.0,0.0,0.0
18.29861111111111,0.0,0.0,0.0
18.3,0.0,0.0,0.0
18.301388888888887,0.0,0.0,0.0
18.302777777777777,0.0,0.0,0.0
18.304166666666667,0.0,0.0,0.0
18.305555555555557,0.0,0.0,0.0
18.306944444444444,0.0,0.0,0.0
18.308333333333334,0.0,0.0,0.0
18.309722222222224,0.0,0.0,0.0
18.31111111111111,0.0,0.0,0.0
18.3125,0.0,0.0,0.0
18.31388888888889,0.0,0.0,0.0
18.315277777777776,0.0,0.0,0.0
18.316666666666666,0.0,0.0,0.0
18.318055555555556,0.0,0.0,0.0
18.319444444444443,0.0,0.0,0.0
18.320833333333333,0.0,0.0,0.0
18.322222222222223,0.0,0.0,0.0
18.323611111111113,0.0,0.0,0.0
18.325,0.0,0.0,0.0
18.32638888888889,0.0,0.0,0.0
18.32777777777778,0.0,0.0,0.0
18.329166666666666,0.0,0.0,0.0
18.330555555555556,0.0,0.0,0.0
18.331944444444446,0.0,0.0,0.0
18.333333333333332,0.0,0.0,0.0
18.334722222222222,0.0,0.0,0.0
18.336111111111112,0.0,0.0,0.0
18.3375,0.0,0.0,0.0
18.33888888888889,0.0,0.0,0.0
18.34027777777778,0.0,0.0,0.0
18.341666666666665,0.0,0.0,0.0
18.343055555555555,0.0,0.0,0.0
18.344444444444445,0.0,0.0,0.0
18.345833333333335,0.0,0.0,0.0
18.34722222222222,0.0,0.0,0.0
18.34861111111111,0.0,0.0,0.0
18.35,0.0,0.0,0.0
18.351388888888888,0.0,0.0,0.0
18.352777777777778,0.0,0.0,0.0
18.354166666666668,0.0,0.0,0.0
18.355555555555554,0.0,0.0,0.0
18.356944444444444,0.0,0.0,0.0
18.358333333333334,0.0,0.0,0.0
18.35972222222222,0.0,0.0,0.0
18.36111111111111,0.0,0.0,0.0
18.3625,0.0,0.0,0.0
18.363888888888887,0.0,0.0,0.0
18.365277777777777,0.0,0.0,0.0
18.366666666666667,0.0,0.0,0.0
18.368055555555557,0.0,0.0,0.0
18.369444444444444,0.0,0.0,0.0
18.370833333333334,0.0,0.0,0.0
18.372222222222224,0.0,0.0,0.0
18.37361111111111,0.0,0.0,0.0
18.375,0.0,0.0,0.0
18.37638888888889,0.0,0.0,0.0
18.377777777777776,0.0,0.0,0.0
18.379166666666666,0.0,0.0,0.0
18.380555555555556,0.0,0.0,0.0
18.381944444444443,0.0,0.0,0.0
18.383333333333333,0.0,0.0,0.0
18.384722222222223,0.0,0.0,0.0
18.386111111111113,0.0,0.0,0.0
18.3875,0.0,0.0,0.0
18.38888888888889,0.0,0.0,0.0
18.39027777777778,0.0,0.0,0.0
18.391666666666666,0.0,0.0,0.0
18.393055555555556,0.0,0.0,0.0
18.394444444444446,0.0,0.0,0.0
18.395833333333332,0.0,0.0,0.0
18.397222222222222,0.0,0.0,0.0
18.398611111111112,0.0,0.0,0.0
18.4,0.0,0.0,0.0
18.40138888888889,0.0,0.0,0.0
18.40277777777778,0.0,0.0,0.0
18.404166666666665,0.0,0.0,0.0
18.405555555555555,0.0,0.0,0.0
18.406944444444445,0.0,0.0,0.0
18.408333333333335,0.0,0.0,0.0
18.40972222222222,0.0,0.0,0.0
18.41111111111111,0.0,0.0,0.0
18.4125,0.0,0.0,0.0
18.413888888888888,0.0,0.0,0.0
18.415277777777778,0.0,0.0,0.0
18.416666666666668,0.0,0.0,0.0
18.418055555555554,0.0,0.0,0.0
18.419444444444444,0.0,0.0,0.0
18.420833333333334,0.0,0.0,0.0
18.42222222222222,0.0,0.0,0.0
18.42361111111111,0.0,0.0,0.0
18.425,0.0,0.0,0.0
18.426388888888887,0.0,0.0,0.0
18.427777777777777,0.0,0.0,0.0
18.429166666666667,0.0,0.0,0.0
18.430555555555557,0.0,0.0,0.0
18.431944444444444,0.0,0.0,0.0
18.433333333333334,0.0,0.0,0.0
18.434722222222224,0.0,0.0,0.0
18.43611111111111,0.0,0.0,0.0
18.4375,0.0,0.0,0.0
18.43888888888889,0.0,0.0,0.0
18.440277777777776,0.0,0.0,0.0
18.441666666666666,0.0,0.0,0.0
18.443055555555556,0.0,0.0,0.0
18.444444444444443,0.0,0.0,0.0
18.445833333333333,0.0,0.0,0.0
18.447222222222223,0.0,0.0,0.0
18.448611111111113,0.0,0.0,0.0
18.45,0.0,0.0,0.0
18.45138888888889,0.0,0.0,0.0
18.45277777777778,0.0,0.0,0.0
18.454166666666666,0.0,0.0,0.0
18.455555555555556,0.0,0.0,0.0
18.456944444444446,0.0,0.0,0.0
18.458333333333332,0.0,0.0,0.0
18.459722222222222,0.0,0.0,0.0
18.461111111111112,0.0,0.0,0.0
18.4625,0.0,0.0,0.0
18.46388888888889,0.0,0.0,0.0
18.46527777777778,0.0,0.0,0.0
18.466666666666665,0.0,0.0,0.0
18.468055555555555,0.0,0.0,0.0
18.469444444444445,0.0,0.0,0.0
18.470833333333335,0.0,0.0,0.0
18.47222222222222,0.0,0.0,0.0
18.47361111111111,0.0,0.0,0.0
18.475,0.0,0.0,0.0
18.476388888888888,0.0,0.0,0.0
18.477777777777778,0.0,0.0,0.0
18.479166666666668,0.0,0.0,0.0
18.480555555555554,0.0,0.0,0.0
18.481944444444444,0.0,0.0,0.0
18.483333333333334,0.0,0.0,0.0
18.48472222222222,0.0,0.0,0.0
18.48611111111111,0.0,0.0,0.0
18.4875,0.0,0.0,0.0
18.488888888888887,0.0,0.0,0.0
18.490277777777777,0.0,0.0,0.0
18.491666666666667,0.0,0.0,0.0
18.493055555555557,0.0,0.0,0.0
18.494444444444444,0.0,0.0,0.0
18.495833333333334,0.0,0.0,0.0
18.497222222222224,0.0,0.0,0.0
18.49861111111111,0.0,0.0,0.0
18.5,0.0,0.0,0.0
18.50138888888889,0.0,0.0,0.0
18.502777777777776,0.0,0.0,0.0
18.504166666666666,0.0,0.0,0.0
18.505555555555556,0.0,0.0,0.0
18.506944444444443,0.0,0.0,0.0
18.508333333333333,0.0,0.0,0.0
18.509722222222223,0.0,0.0,0.0
18.511111111111113,0.0,0.0,0.0
18.5125,0.0,0.0,0.0
18.51388888888889,0.0,0.0,0.0
18.51527777777778,0.0,0.0,0.0
18.516666666666666,0.0,0.0,0.0
18.518055555555556,0.0,0.0,0.0
18.519444444444446,0.0,0.0,0.0
18.520833333333332,0.0,0.0,0.0
18.522222222222222,0.0,0.0,0.0
18.523611111111112,0.0,0.0,0.0
18.525,0.0,0.0,0.0
18.52638888888889,0.0,0.0,0.0
18.52777777777778,0.0,0.0,0.0
18.529166666666665,0.0,0.0,0.0
18.530555555555555,0.0,0.0,0.0
18.531944444444445,0.0,0.0,0.0
18.533333333333335,0.0,0.0,0.0
18.53472222222222,0.0,0.0,0.0
18.53611111111111,0.0,0.0,0.0
18.5375,0.0,0.0,0.0
18.538888888888888,0.0,0.0,0.0
18.540277777777778,0.0,0.0,0.0
18.541666666666668,0.0,0.0,0.0
18.543055555555554,0.0,0.0,0.0
18.544444444444444,0.0,0.0,0.0
18.545833333333334,0.0,0.0,0.0
18.54722222222222,0.0,0.0,0.0
18.54861111111111,0.0,0.0,0.0
18.55,0.0,0.0,0.0
18.551388888888887,0.0,0.0,0.0
18.552777777777777,0.0,0.0,0.0
18.554166666666667,0.0,0.0,0.0
18.555555555555557,0.0,0.0,0.0
18.556944444444444,0.0,0.0,0.0
18.558333333333334,0.0,0.0,0.0
18.559722222222224,0.0,0.0,0.0
18.56111111111111,0.0,0.0,0.0
18.5625,0.0,0.0,0.0
18.56388888888889,0.0,0.0,0.0
18.565277777777776,0.0,0.0,0.0
18.566666666666666,0.0,0.0,0.0
18.568055555555556,0.0,0.0,0.0
18.569444444444443,0.0,0.0,0.0
18.570833333333333,0.0,0.0,0.0
18.572222222222223,0.0,0.0,0.0
18.573611111111113,0.0,0.0,0.0
18.575,0.0,0.0,0.0
18.57638888888889,0.0,0.0,0.0
18.57777777777778,0.0,0.0,0.0
18.579166666666666,0.0,0.0,0.0
18.580555555555556,0.0,0.0,0.0
18.581944444444446,0.0,0.0,0.0
18.583333333333332,0.0,0.0,0.0
18.584722222222222,0.0,0.0,0.0
18.586111111111112,0.0,0.0,0.0
18.5875,0.0,0.0,0.0
18.58888888888889,0.0,0.0,0.0
18.59027777777778,0.0,0.0,0.0
18.591666666666665,0.0,0.0,0.0
18.593055555555555,0.0,0.0,0.0
18.594444444444445,0.0,0.0,0.0
18.595833333333335,0.0,0.0,0.0
18.59722222222222,0.0,0.0,0.0
18.59861111111111,0.0,0.0,0.0
18.6,0.0,0.0,0.0
18.601388888888888,0.0,0.0,0.0
18.602777777777778,0.0,0.0,0.0
18.604166666666668,0.0,0.0,0.0
18.605555555555554,0.0,0.0,0.0
18.606944444444444,0.0,0.0,0.0
18.608333333333334,0.0,0.0,0.0
18.60972222222222,0.0,0.0,0.0
18.61111111111111,0.0,0.0,0.0
18.6125,0.0,0.0,0.0
18.613888888888887,0.0,0.0,0.0
18.615277777777777,0.0,0.0,0.0
18.616666666666667,0.0,0.0,0.0
18.618055555555557,0.0,0.0,0.0
18.619444444444444,0.0,0.0,0.0
18.620833333333334,0.0,0.0,0.0
18.622222222222224,0.0,0.0,0.0
18.62361111111111,0.0,0.0,0.0
18.625,0.0,0.0,0.0
18.62638888888889,0.0,0.0,0.0
18.627777777777776,0.0,0.0,0.0
18.629166666666666,0.0,0.0,0.0
18.630555555555556,0.0,0.0,0.0
18.631944444444443,0.0,0.0,0.0
18.633333333333333,0.0,0.0,0.0
18.634722222222223,0.0,0.0,0.0
18.636111111111113,0.0,0.0,0.0
18.6375,0.0,0.0,0.0
18.63888888888889,0.0,0.0,0.0
18.64027777777778,0.0,0.0,0.0
18.641666666666666,0.0,0.0,0.0
18.643055555555556,0.0,0.0,0.0
18.644444444444446,0.0,0.0,0.0
18.645833333333332,0.0,0.0,0.0
18.647222222222222,0.0,0.0,0.0
18.648611111111112,0.0,0.0,0.0
18.65,0.0,0.0,0.0
18.65138888888889,0.0,0.0,0.0
18.65277777777778,0.0,0.0,0.0
18.654166666666665,0.0,0.0,0.0
18.655555555555555,0.0,0.0,0.0
18.656944444444445,0.0,0.0,0.0
18.658333333333335,0.0,0.0,0.0
18.65972222222222,0.0,0.0,0.0
18.66111111111111,0.0,0.0,0.0
18.6625,0.0,0.0,0.0
18.663888888888888,0.0,0.0,0.0
18.665277777777778,0.0,0.0,0.0
18.666666666666668,0.0,0.0,0.0
18.668055555555554,0.0,0.0,0.0
18.669444444444444,0.0,0.0,0.0
18.670833333333334,0.0,0.0,0.0
18.67222222222222,0.0,0.0,0.0
18.67361111111111,0.0,0.0,0.0
18.675,0.0,0.0,0.0
18.676388888888887,0.0,0.0,0.0
18.677777777777777,0.0,0.0,0.0
18.679166666666667,0.0,0.0,0.0
18.680555555555557,0.0,0.0,0.0
18.681944444444444,0.0,0.0,0.0
18.683333333333334,0.0,0.0,0.0
18.684722222222224,0.0,0.0,0.0
18.68611111111111,0.0,0.0,0.0
18.6875,0.0,0.0,0.0
18.68888888888889,0.0,0.0,0.0
18.690277777777776,0.0,0.0,0.0
18.691666666666666,0.0,0.0,0.0
18.693055555555556,0.0,0.0,0.0
18.694444444444443,0.0,0.0,0.0
18.695833333333333,0.0,0.0,0.0
18.697222222222223,0.0,0.0,0.0
18.698611111111113,0.0,0.0,0.0
18.7,0.0,0.0,0.0
18.70138888888889,0.0,0.0,0.0
18.70277777777778,0.0,0.0,0.0
18.704166666666666,0.0,0.0,0.0
18.705555555555556,0.0,0.0,0.0
18.706944444444446,0.0,0.0,0.0
18.708333333333332,0.0,0.0,0.0
18.709722222222222,0.0,0.0,0.0
18.711111111111112,0.0,0.0,0.0
18.7125,0.0,0.0,0.0
18.71388888888889,0.0,0.0,0.0
18.71527777777778,0.0,0.0,0.0
18.716666666666665,0.0,0.0,0.0
18.718055555555555,0.0,0.0,0.0
18.719444444444445,0.0,0.0,0.0
18.720833333333335,0.0,0.0,0.0
18.72222222222222,0.0,0.0,0.0
18.72361111111111,0.0,0.0,0.0
18.725,0.0,0.0,0.0
18.726388888888888,0.0,0.0,0.0
18.727777777777778,0.0,0.0,0.0
18.729166666666668,0.0,0.0,0.0
18.730555555555554,0.0,0.0,0.0
18.731944444444444,0.0,0.0,0.0
18.733333333333334,0.0,0.0,0.0
18.73472222222222,0.0,0.0,0.0
18.73611111111111,0.0,0.0,0.0
18.7375,0.0,0.0,0.0
18.738888888888887,0.0,0.0,0.0
18.740277777777777,0.0,0.0,0.0
18.741666666666667,0.0,0.0,0.0
18.743055555555557,0.0,0.0,0.0
18.744444444444444,0.0,0.0,0.0
18.745833333333334,0.0,0.0,0.0
18.747222222222224,0.0,0.0,0.0
18.74861111111111,0.0,0.0,0.0
18.75,0.0,0.0,0.0
18.75138888888889,0.0,0.0,0.0
18.752777777777776,0.0,0.0,0.0
18.754166666666666,0.0,0.0,0.0
18.755555555555556,0.0,0.0,0.0
18.756944444444443,0.0,0.0,0.0
18.758333333333333,0.0,0.0,0.0
18.759722222222223,0.0,0.0,0.0
18.761111111111113,0.0,0.0,0.0
18.7625,0.0,0.0,0.0
18.76388888888889,0.0,0.0,0.0
18.76527777777778,0.0,0.0,0.0
18.766666666666666,0.0,0.0,0.0
18.768055555555556,0.0,0.0,0.0
18.769444444444446,0.0,0.0,0.0
18.770833333333332,0.0,0.0,0.0
18.772222222222222,0.0,0.0,0.0
18.773611111111112,0.0,0.0,0.0
18.775,0.0,0.0,0.0
18.77638888888889,0.0,0.0,0.0
18.77777777777778,0.0,0.0,0.0
18.779166666666665,0.0,0.0,0.0
18.780555555555555,0.0,0.0,0.0
18.781944444444445,0.0,0.0,0.0
18.783333333333335,0.0,0.0,0.0
18.78472222222222,0.0,0.0,0.0
18.78611111111111,0.0,0.0,0.0
18.7875,0.0,0.0,0.0
18.788888888888888,0.0,0.0,0.0
18.790277777777778,0.0,0.0,0.0
18.791666666666668,0.0,0.0,0.0
18.793055555555554,0.0,0.0,0.0
18.794444444444444,0.0,0.0,0.0
18.795833333333334,0.0,0.0,0.0
18.79722222222222,0.0,0.0,0.0
18.79861111111111,0.0,0.0,0.0
18.8,0.0,0.0,0.0
18.801388888888887,0.0,0.0,0.0
18.802777777777777,0.0,0.0,0.0
18.804166666666667,0.0,0.0,0.0
18.805555555555557,0.0,0.0,0.0
18.806944444444444,0.0,0.0,0.0
18.808333333333334,0.0,0.0,0.0
18.809722222222224,0.0,0.0,0.0
18.81111111111111,0.0,0.0,0.0
18.8125,0.0,0.0,0.0
18.81388888888889,0.0,0.0,0.0
18.815277777777776,0.0,0.0,0.0
18.816666666666666,0.0,0.0,0.0
18.818055555555556,0.0,0.0,0.0
18.819444444444443,0.0,0.0,0.0
18.820833333333333,0.0,0.0,0.0
18.822222222222223,0.0,0.0,0.0
18.823611111111113,0.0,0.0,0.0
18.825,0.0,0.0,0.0
18.82638888888889,0.0,0.0,0.0
18.82777777777778,0.0,0.0,0.0
18.829166666666666,0.0,0.0,0.0
18.830555555555556,0.0,0.0,0.0
18.831944444444446,0.0,0.0,0.0
18.833333333333332,0.0,0.0,0.0
18.834722222222222,0.0,0.0,0.0
18.836111111111112,0.0,0.0,0.0
18.8375,0.0,0.0,0.0
18.83888888888889,0.0,0.0,0.0
18.84027777777778,0.0,0.0,0.0
18.841666666666665,0.0,0.0,0.0
18.843055555555555,0.0,0.0,0.0
18.844444444444445,0.0,0.0,0.0
18.845833333333335,0.0,0.0,0.0
18.84722222222222,0.0,0.0,0.0
18.84861111111111,0.0,0.0,0.0
18.85,0.0,0.0,0.0
18.851388888888888,0.0,0.0,0.0
18.852777777777778,0.0,0.0,0.0
18.854166666666668,0.0,0.0,0.0
18.855555555555554,0.0,0.0,0.0
18.856944444444444,0.0,0.0,0.0
18.858333333333334,0.0,0.0,0.0
18.85972222222222,0.0,0.0,0.0
18.86111111111111,0.0,0.0,0.0
18.8625,0.0,0.0,0.0
18.863888888888887,0.0,0.0,0.0
18.865277777777777,0.0,0.0,0.0
18.866666666666667,0.0,0.0,0.0
18.868055555555557,0.0,0.0,0.0
18.869444444444444,0.0,0.0,0.0
18.870833333333334,0.0,0.0,0.0
18.872222222222224,0.0,0.0,0.0
18.87361111111111,0.0,0.0,0.0
18.875,0.0,0.0,0.0
18.87638888888889,0.0,0.0,0.0
18.877777777777776,0.0,0.0,0.0
18.879166666666666,0.0,0.0,0.0
18.880555555555556,0.0,0.0,0.0
18.881944444444443,0.0,0.0,0.0
18.883333333333333,0.0,0.0,0.0
18.884722222222223,0.0,0.0,0.0
18.886111111111113,0.0,0.0,0.0
18.8875,0.0,0.0,0.0
18.88888888888889,0.0,0.0,0.0
18.89027777777778,0.0,0.0,0.0
18.891666666666666,0.0,0.0,0.0
18.893055555555556,0.0,0.0,0.0
18.894444444444446,0.0,0.0,0.0
18.895833333333332,0.0,0.0,0.0
18.897222222222222,0.0,0.0,0.0
18.898611111111112,0.0,0.0,0.0
18.9,0.0,0.0,0.0
18.90138888888889,0.0,0.0,0.0
18.90277777777778,0.0,0.0,0.0
18.904166666666665,0.0,0.0,0.0
18.905555555555555,0.0,0.0,0.0
18.906944444444445,0.0,0.0,0.0
18.908333333333335,0.0,0.0,0.0
18.90972222222222,0.0,0.0,0.0
18.91111111111111,0.0,0.0,0.0
18.9125,0.0,0.0,0.0
18.913888888888888,0.0,0.0,0.0
18.915277777777778,0.0,0.0,0.0
18.916666666666668,0.0,0.0,0.0
18.918055555555554,0.0,0.0,0.0
18.919444444444444,0.0,0.0,0.0
18.920833333333334,0.0,0.0,0.0
18.92222222222222,0.0,0.0,0.0
18.92361111111111,0.0,0.0,0.0
18.925,0.0,0.0,0.0
18.926388888888887,0.0,0.0,0.0
18.927777777777777,0.0,0.0,0.0
18.929166666666667,0.0,0.0,0.0
18.930555555555557,0.0,0.0,0.0
18.931944444444444,0.0,0.0,0.0
18.933333333333334,0.0,0.0,0.0
18.934722222222224,0.0,0.0,0.0
18.93611111111111,0.0,0.0,0.0
18.9375,0.0,0.0,0.0
18.93888888888889,0.0,0.0,0.0
18.940277777777776,0.0,0.0,0.0
18.941666666666666,0.0,0.0,0.0
18.943055555555556,0.0,0.0,0.0
18.944444444444443,0.0,0.0,0.0
18.945833333333333,0.0,0.0,0.0
18.947222222222223,0.0,0.0,0.0
18.948611111111113,0.0,0.0,0.0
18.95,0.0,0.0,0.0
18.95138888888889,0.0,0.0,0.0
18.95277777777778,0.0,0.0,0.0
18.954166666666666,0.0,0.0,0.0
18.955555555555556,0.0,0.0,0.0
18.956944444444446,0.0,0.0,0.0
18.958333333333332,0.0,0.0,0.0
18.959722222222222,0.0,0.0,0.0
18.961111111111112,0.0,0.0,0.0
18.9625,0.0,0.0,0.0
18.96388888888889,0.0,0.0,0.0
18.96527777777778,0.0,0.0,0.0
18.966666666666665,0.0,0.0,0.0
18.968055555555555,0.0,0.0,0.0
18.969444444444445,0.0,0.0,0.0
18.970833333333335,0.0,0.0,0.0
18.97222222222222,0.0,0.0,0.0
18.97361111111111,0.0,0.0,0.0
18.975,0.0,0.0,0.0
18.976388888888888,0.0,0.0,0.0
18.977777777777778,0.0,0.0,0.0
18.979166666666668,0.0,0.0,0.0
18.980555555555554,0.0,0.0,0.0
18.981944444444444,0.0,0.0,0.0
18.983333333333334,0.0,0.0,0.0
18.98472222222222,0.0,0.0,0.0
18.98611111111111,0.0,0.0,0.0
18.9875,0.0,0.0,0.0
18.988888888888887,0.0,0.0,0.0
18.990277777777777,0.0,0.0,0.0
18.991666666666667,0.0,0.0,0.0
18.993055555555557,0.0,0.0,0.0
18.994444444444444,0.0,0.0,0.0
18.995833333333334,0.0,0.0,0.0
18.997222222222224,0.0,0.0,0.0
18.99861111111111,0.0,0.0,0.0
19.0,0.0,0.0,0.0
19.00138888888889,0.0,0.0,0.0
19.002777777777776,0.0,0.0,0.0
19.004166666666666,0.0,0.0,0.0
19.005555555555556,0.0,0.0,0.0
19.006944444444443,0.0,0.0,0.0
19.008333333333333,0.0,0.0,0.0
19.009722222222223,0.0,0.0,0.0
19.011111111111113,0.0,0.0,0.0
19.0125,0.0,0.0,0.0
19.01388888888889,0.0,0.0,0.0
19.01527777777778,0.0,0.0,0.0
19.016666666666666,0.0,0.0,0.0
19.018055555555556,0.0,0.0,0.0
19.019444444444446,0.0,0.0,0.0
19.020833333333332,0.0,0.0,0.0
19.022222222222222,0.0,0.0,0.0
19.023611111111112,0.0,0.0,0.0
19.025,0.0,0.0,0.0
19.02638888888889,0.0,0.0,0.0
19.02777777777778,0.0,0.0,0.0
19.029166666666665,0.0,0.0,0.0
19.030555555555555,0.0,0.0,0.0
19.031944444444445,0.0,0.0,0.0
19.033333333333335,0.0,0.0,0.0
19.03472222222222,0.0,0.0,0.0
19.03611111111111,0.0,0.0,0.0
19.0375,0.0,0.0,0.0
19.038888888888888,0.0,0.0,0.0
19.040277777777778,0.0,0.0,0.0
19.041666666666668,0.0,0.0,0.0
19.043055555555554,0.0,0.0,0.0
19.044444444444444,0.0,0.0,0.0
19.045833333333334,0.0,0.0,0.0
19.04722222222222,0.0,0.0,0.0
19.04861111111111,0.0,0.0,0.0
19.05,0.0,0.0,0.0
19.051388888888887,0.0,0.0,0.0
19.052777777777777,0.0,0.0,0.0
19.054166666666667,0.0,0.0,0.0
19.055555555555557,0.0,0.0,0.0
19.056944444444444,0.0,0.0,0.0
19.058333333333334,0.0,0.0,0.0
19.059722222222224,0.0,0.0,0.0
19.06111111111111,0.0,0.0,0.0
19.0625,0.0,0.0,0.0
19.06388888888889,0.0,0.0,0.0
19.065277777777776,0.0,0.0,0.0
19.066666666666666,0.0,0.0,0.0
19.068055555555556,0.0,0.0,0.0
19.069444444444443,0.0,0.0,0.0
19.070833333333333,0.0,0.0,0.0
19.072222222222223,0.0,0.0,0.0
19.073611111111113,0.0,0.0,0.0
19.075,0.0,0.0,0.0
19.07638888888889,0.0,0.0,0.0
19.07777777777778,0.0,0.0,0.0
19.079166666666666,0.0,0.0,0.0
19.080555555555556,0.0,0.0,0.0
19.081944444444446,0.0,0.0,0.0
19.083333333333332,0.0,0.0,0.0
19.084722222222222,0.0,0.0,0.0
19.086111111111112,0.0,0.0,0.0
19.0875,0.0,0.0,0.0
19.08888888888889,0.0,0.0,0.0
19.09027777777778,0.0,0.0,0.0
19.091666666666665,0.0,0.0,0.0
19.093055555555555,0.0,0.0,0.0
19.094444444444445,0.0,0.0,0.0
19.095833333333335,0.0,0.0,0.0
19.09722222222222,0.0,0.0,0.0
19.09861111111111,0.0,0.0,0.0
19.1,0.0,0.0,0.0
19.101388888888888,0.0,0.0,0.0
19.102777777777778,0.0,0.0,0.0
19.104166666666668,0.0,0.0,0.0
19.105555555555554,0.0,0.0,0.0
19.106944444444444,0.0,0.0,0.0
19.108333333333334,0.0,0.0,0.0
19.10972222222222,0.0,0.0,0.0
19.11111111111111,0.0,0.0,0.0
19.1125,0.0,0.0,0.0
19.113888888888887,0.0,0.0,0.0
19.115277777777777,0.0,0.0,0.0
19.116666666666667,0.0,0.0,0.0
19.118055555555557,0.0,0.0,0.0
19.119444444444444,0.0,0.0,0.0
19.120833333333334,0.0,0.0,0.0
19.122222222222224,0.0,0.0,0.0
19.12361111111111,0.0,0.0,0.0
19.125,0.0,0.0,0.0
19.12638888888889,0.0,0.0,0.0
19.127777777777776,0.0,0.0,0.0
19.129166666666666,0.0,0.0,0.0
19.130555555555556,0.0,0.0,0.0
19.131944444444443,0.0,0.0,0.0
19.133333333333333,0.0,0.0,0.0
19.134722222222223,0.0,0.0,0.0
19.136111111111113,0.0,0.0,0.0
19.1375,0.0,0.0,0.0
19.13888888888889,0.0,0.0,0.0
19.14027777777778,0.0,0.0,0.0
19.141666666666666,0.0,0.0,0.0
19.143055555555556,0.0,0.0,0.0
19.144444444444446,0.0,0.0,0.0
19.145833333333332,0.0,0.0,0.0
19.147222222222222,0.0,0.0,0.0
19.148611111111112,0.0,0.0,0.0
19.15,0.0,0.0,0.0
19.15138888888889,0.0,0.0,0.0
19.15277777777778,0.0,0.0,0.0
19.154166666666665,0.0,0.0,0.0
19.155555555555555,0.0,0.0,0.0
19.156944444444445,0.0,0.0,0.0
19.158333333333335,0.0,0.0,0.0
19.15972222222222,0.0,0.0,0.0
19.16111111111111,0.0,0.0,0.0
19.1625,0.0,0.0,0.0
19.163888888888888,0.0,0.0,0.0
19.165277777777778,0.0,0.0,0.0
19.166666666666668,0.0,0.0,0.0
19.168055555555554,0.0,0.0,0.0
19.169444444444444,0.0,0.0,0.0
19.170833333333334,0.0,0.0,0.0
19.17222222222222,0.0,0.0,0.0
19.17361111111111,0.0,0.0,0.0
19.175,0.0,0.0,0.0
19.176388888888887,0.0,0.0,0.0
19.177777777777777,0.0,0.0,0.0
19.179166666666667,0.0,0.0,0.0
19.180555555555557,0.0,0.0,0.0
19.181944444444444,0.0,0.0,0.0
19.183333333333334,0.0,0.0,0.0
19.184722222222224,0.0,0.0,0.0
19.18611111111111,0.0,0.0,0.0
19.1875,0.0,0.0,0.0
19.18888888888889,0.0,0.0,0.0
19.190277777777776,0.0,0.0,0.0
19.191666666666666,0.0,0.0,0.0
19.193055555555556,0.0,0.0,0.0
19.194444444444443,0.0,0.0,0.0
19.195833333333333,0.0,0.0,0.0
19.197222222222223,0.0,0.0,0.0
19.198611111111113,0.0,0.0,0.0
19.2,0.0,0.0,0.0
19.20138888888889,0.0,0.0,0.0
19.20277777777778,0.0,0.0,0.0
19.204166666666666,0.0,0.0,0.0
19.205555555555556,0.0,0.0,0.0
19.206944444444446,0.0,0.0,0.0
19.208333333333332,0.0,0.0,0.0
19.209722222222222,0.0,0.0,0.0
19.211111111111112,0.0,0.0,0.0
19.2125,0.0,0.0,0.0
19.21388888888889,0.0,0.0,0.0
19.21527777777778,0.0,0.0,0.0
19.216666666666665,0.0,0.0,0.0
19.218055555555555,0.0,0.0,0.0
19.219444444444445,0.0,0.0,0.0
19.220833333333335,0.0,0.0,0.0
19.22222222222222,0.0,0.0,0.0
19.22361111111111,0.0,0.0,0.0
19.225,0.0,0.0,0.0
19.226388888888888,0.0,0.0,0.0
19.227777777777778,0.0,0.0,0.0
19.229166666666668,0.0,0.0,0.0
19.230555555555554,0.0,0.0,0.0
19.231944444444444,0.0,0.0,0.0
19.233333333333334,0.0,0.0,0.0
19.23472222222222,0.0,0.0,0.0
19.23611111111111,0.0,0.0,0.0
19.2375,0.0,0.0,0.0
19.238888888888887,0.0,0.0,0.0
19.240277777777777,0.0,0.0,0.0
19.241666666666667,0.0,0.0,0.0
19.243055555555557,0.0,0.0,0.0
19.244444444444444,0.0,0.0,0.0
19.245833333333334,0.0,0.0,0.0
19.247222222222224,0.0,0.0,0.0
19.24861111111111,0.0,0.0,0.0
19.25,0.0,0.0,0.0
19.25138888888889,0.0,0.0,0.0
19.252777777777776,0.0,0.0,0.0
19.254166666666666,0.0,0.0,0.0
19.255555555555556,0.0,0.0,0.0
19.256944444444443,0.0,0.0,0.0
19.258333333333333,0.0,0.0,0.0
19.259722222222223,0.0,0.0,0.0
19.261111111111113,0.0,0.0,0.0
19.2625,0.0,0.0,0.0
19.26388888888889,0.0,0.0,0.0
19.26527777777778,0.0,0.0,0.0
19.266666666666666,0.0,0.0,0.0
19.268055555555556,0.0,0.0,0.0
19.269444444444446,0.0,0.0,0.0
19.270833333333332,0.0,0.0,0.0
19.272222222222222,0.0,0.0,0.0
19.273611111111112,0.0,0.0,0.0
19.275,0.0,0.0,0.0
19.27638888888889,0.0,0.0,0.0
19.27777777777778,0.0,0.0,0.0
19.279166666666665,0.0,0.0,0.0
19.280555555555555,0.0,0.0,0.0
19.281944444444445,0.0,0.0,0.0
19.283333333333335,0.0,0.0,0.0
19.28472222222222,0.0,0.0,0.0
19.28611111111111,0.0,0.0,0.0
19.2875,0.0,0.0,0.0
19.288888888888888,0.0,0.0,0.0
19.290277777777778,0.0,0.0,0.0
19.291666666666668,0.0,0.0,0.0
19.293055555555554,0.0,0.0,0.0
19.294444444444444,0.0,0.0,0.0
19.295833333333334,0.0,0.0,0.0
19.29722222222222,0.0,0.0,0.0
19.29861111111111,0.0,0.0,0.0
19.3,0.0,0.0,0.0
19.301388888888887,0.0,0.0,0.0
19.302777777777777,0.0,0.0,0.0
19.304166666666667,0.0,0.0,0.0
19.305555555555557,0.0,0.0,0.0
19.306944444444444,0.0,0.0,0.0
19.308333333333334,0.0,0.0,0.0
19.309722222222224,0.0,0.0,0.0
19.31111111111111,0.0,0.0,0.0
19.3125,0.0,0.0,0.0
19.31388888888889,0.0,0.0,0.0
19.315277777777776,0.0,0.0,0.0
19.316666666666666,0.0,0.0,0.0
19.318055555555556,0.0,0.0,0.0
19.319444444444443,0.0,0.0,0.0
19.320833333333333,0.0,0.0,0.0
19.322222222222223,0.0,0.0,0.0
19.323611111111113,0.0,0.0,0.0
19.325,0.0,0.0,0.0
19.32638888888889,0.0,0.0,0.0
19.32777777777778,0.0,0.0,0.0
19.329166666666666,0.0,0.0,0.0
19.330555555555556,0.0,0.0,0.0
19.331944444444446,0.0,0.0,0.0
19.333333333333332,0.0,0.0,0.0
19.334722222222222,0.0,0.0,0.0
19.336111111111112,0.0,0.0,0.0
19.3375,0.0,0.0,0.0
19.33888888888889,0.0,0.0,0.0
19.34027777777778,0.0,0.0,0.0
19.341666666666665,0.0,0.0,0.0
19.343055555555555,0.0,0.0,0.0
19.344444444444445,0.0,0.0,0.0
19.345833333333335,0.0,0.0,0.0
19.34722222222222,0.0,0.0,0.0
19.34861111111111,0.0,0.0,0.0
19.35,0.0,0.0,0.0
19.351388888888888,0.0,0.0,0.0
19.352777777777778,0.0,0.0,0.0
19.354166666666668,0.0,0.0,0.0
19.355555555555554,0.0,0.0,0.0
19.356944444444444,0.0,0.0,0.0
19.358333333333334,0.0,0.0,0.0
19.35972222222222,0.0,0.0,0.0
19.36111111111111,0.0,0.0,0.0
19.3625,0.0,0.0,0.0
19.363888888888887,0.0,0.0,0.0
19.365277777777777,0.0,0.0,0.0
19.366666666666667,0.0,0.0,0.0
19.368055555555557,0.0,0.0,0.0
19.369444444444444,0.0,0.0,0.0
19.370833333333334,0.0,0.0,0.0
19.372222222222224,0.0,0.0,0.0
19.37361111111111,0.0,0.0,0.0
19.375,0.0,0.0,0.0
19.37638888888889,0.0,0.0,0.0
19.377777777777776,0.0,0.0,0.0
19.379166666666666,0.0,0.0,0.0
19.380555555555556,0.0,0.0,0.0
19.381944444444443,0.0,0.0,0.0
19.383333333333333,0.0,0.0,0.0
19.384722222222223,0.0,0.0,0.0
19.386111111111113,0.0,0.0,0.0
19.3875,0.0,0.0,0.0
19.38888888888889,0.0,0.0,0.0
19.39027777777778,0.0,0.0,0.0
19.391666666666666,0.0,0.0,0.0
19.393055555555556,0.0,0.0,0.0
19.394444444444446,0.0,0.0,0.0
19.395833333333332,0.0,0.0,0.0
19.397222222222222,0.0,0.0,0.0
19.398611111111112,0.0,0.0,0.0
19.4,0.0,0.0,0.0
19.40138888888889,0.0,0.0,0.0
19.40277777777778,0.0,0.0,0.0
19.404166666666665,0.0,0.0,0.0
19.405555555555555,0.0,0.0,0.0
19.406944444444445,0.0,0.0,0.0
19.408333333333335,0.0,0.0,0.0
19.40972222222222,0.0,0.0,0.0
19.41111111111111,0.0,0.0,0.0
19.4125,0.0,0.0,0.0
19.413888888888888,0.0,0.0,0.0
19.415277777777778,0.0,0.0,0.0
19.416666666666668,0.0,0.0,0.0
19.418055555555554,0.0,0.0,0.0
19.419444444444444,0.0,0.0,0.0
19.420833333333334,0.0,0.0,0.0
19.42222222222222,0.0,0.0,0.0
19.42361111111111,0.0,0.0,0.0
19.425,0.0,0.0,0.0
19.426388888888887,0.0,0.0,0.0
19.427777777777777,0.0,0.0,0.0
19.429166666666667,0.0,0.0,0.0
19.430555555555557,0.0,0.0,0.0
19.431944444444444,0.0,0.0,0.0
19.433333333333334,0.0,0.0,0.0
19.434722222222224,0.0,0.0,0.0
19.43611111111111,0.0,0.0,0.0
19.4375,0.0,0.0,0.0
19.43888888888889,0.0,0.0,0.0
19.440277777777776,0.0,0.0,0.0
19.441666666666666,0.0,0.0,0.0
19.443055555555556,0.0,0.0,0.0
19.444444444444443,0.0,0.0,0.0
19.445833333333333,0.0,0.0,0.0
19.447222222222223,0.0,0.0,0.0
19.448611111111113,0.0,0.0,0.0
19.45,0.0,0.0,0.0
19.45138888888889,0.0,0.0,0.0
19.45277777777778,0.0,0.0,0.0
19.454166666666666,0.0,0.0,0.0
19.455555555555556,0.0,0.0,0.0
19.456944444444446,0.0,0.0,0.0
19.458333333333332,0.0,0.0,0.0
19.459722222222222,0.0,0.0,0.0
19.461111111111112,0.0,0.0,0.0
19.4625,0.0,0.0,0.0
19.46388888888889,0.0,0.0,0.0
19.46527777777778,0.0,0.0,0.0
19.466666666666665,0.0,0.0,0.0
19.468055555555555,0.0,0.0,0.0
19.469444444444445,0.0,0.0,0.0
19.470833333333335,0.0,0.0,0.0
19.47222222222222,0.0,0.0,0.0
19.47361111111111,0.0,0.0,0.0
19.475,0.0,0.0,0.0
19.476388888888888,0.0,0.0,0.0
19.477777777777778,0.0,0.0,0.0
19.479166666666668,0.0,0.0,0.0
19.480555555555554,0.0,0.0,0.0
19.481944444444444,0.0,0.0,0.0
19.483333333333334,0.0,0.0,0.0
19.48472222222222,0.0,0.0,0.0
19.48611111111111,0.0,0.0,0.0
19.4875,0.0,0.0,0.0
19.488888888888887,0.0,0.0,0.0
19.490277777777777,0.0,0.0,0.0
19.491666666666667,0.0,0.0,0.0
19.493055555555557,0.0,0.0,0.0
19.494444444444444,0.0,0.0,0.0
19.495833333333334,0.0,0.0,0.0
19.497222222222224,0.0,0.0,0.0
19.49861111111111,0.0,0.0,0.0
19.5,0.0,0.0,0.0
19.50138888888889,0.0,0.0,0.0
19.502777777777776,0.0,0.0,0.0
19.504166666666666,0.0,0.0,0.0
19.505555555555556,0.0,0.0,0.0
19.506944444444443,0.0,0.0,0.0
19.508333333333333,0.0,0.0,0.0
19.509722222222223,0.0,0.0,0.0
19.511111111111113,0.0,0.0,0.0
19.5125,0.0,0.0,0.0
19.51388888888889,0.0,0.0,0.0
19.51527777777778,0.0,0.0,0.0
19.516666666666666,0.0,0.0,0.0
19.518055555555556,0.0,0.0,0.0
19.519444444444446,0.0,0.0,0.0
19.520833333333332,0.0,0.0,0.0
19.522222222222222,0.0,0.0,0.0
19.523611111111112,0.0,0.0,0.0
19.525,0.0,0.0,0.0
19.52638888888889,0.0,0.0,0.0
19.52777777777778,0.0,0.0,0.0
19.529166666666665,0.0,0.0,0.0
19.530555555555555,0.0,0.0,0.0
19.531944444444445,0.0,0.0,0.0
19.533333333333335,0.0,0.0,0.0
19.53472222222222,0.0,0.0,0.0
19.53611111111111,0.0,0.0,0.0
19.5375,0.0,0.0,0.0
19.538888888888888,0.0,0.0,0.0
19.540277777777778,0.0,0.0,0.0
19.541666666666668,0.0,0.0,0.0
19.543055555555554,0.0,0.0,0.0
19.544444444444444,0.0,0.0,0.0
19.545833333333334,0.0,0.0,0.0
19.54722222222222,0.0,0.0,0.0
19.54861111111111,0.0,0.0,0.0
19.55,0.0,0.0,0.0
19.551388888888887,0.0,0.0,0.0
19.552777777777777,0.0,0.0,0.0
19.554166666666667,0.0,0.0,0.0
19.555555555555557,0.0,0.0,0.0
19.556944444444444,0.0,0.0,0.0
19.558333333333334,0.0,0.0,0.0
19.559722222222224,0.0,0.0,0.0
19.56111111111111,0.0,0.0,0.0
19.5625,0.0,0.0,0.0
19.56388888888889,0.0,0.0,0.0
19.565277777777776,0.0,0.0,0.0
19.566666666666666,0.0,0.0,0.0
19.568055555555556,0.0,0.0,0.0
19.569444444444443,0.0,0.0,0.0
19.570833333333333,0.0,0.0,0.0
19.572222222222223,0.0,0.0,0.0
19.573611111111113,0.0,0.0,0.0
19.575,0.0,0.0,0.0
19.57638888888889,0.0,0.0,0.0
19.57777777777778,0.0,0.0,0.0
19.579166666666666,0.0,0.0,0.0
19.580555555555556,0.0,0.0,0.0
19.581944444444446,0.0,0.0,0.0
19.583333333333332,0.0,0.0,0.0
19.584722222222222,0.0,0.0,0.0
19.586111111111112,0.0,0.0,0.0
19.5875,0.0,0.0,0.0
19.58888888888889,0.0,0.0,0.0
19.59027777777778,0.0,0.0,0.0
19.591666666666665,0.0,0.0,0.0
19.593055555555555,0.0,0.0,0.0
19.594444444444445,0.0,0.0,0.0
19.595833333333335,0.0,0.0,0.0
19.59722222222222,0.0,0.0,0.0
19.59861111111111,0.0,0.0,0.0
19.6,0.0,0.0,0.0
19.601388888888888,0.0,0.0,0.0
19.602777777777778,0.0,0.0,0.0
19.604166666666668,0.0,0.0,0.0
19.605555555555554,0.0,0.0,0.0
19.606944444444444,0.0,0.0,0.0
19.608333333333334,0.0,0.0,0.0
19.60972222222222,0.0,0.0,0.0
19.61111111111111,0.0,0.0,0.0
19.6125,0.0,0.0,0.0
19.613888888888887,0.0,0.0,0.0
19.615277777777777,0.0,0.0,0.0
19.616666666666667,0.0,0.0,0.0
19.618055555555557,0.0,0.0,0.0
19.619444444444444,0.0,0.0,0.0
19.620833333333334,0.0,0.0,0.0
19.622222222222224,0.0,0.0,0.0
19.62361111111111,0.0,0.0,0.0
19.625,0.0,0.0,0.0
19.62638888888889,0.0,0.0,0.0
19.627777777777776,0.0,0.0,0.0
19.629166666666666,0.0,0.0,0.0
19.630555555555556,0.0,0.0,0.0
19.631944444444443,0.0,0.0,0.0
19.633333333333333,0.0,0.0,0.0
19.634722222222223,0.0,0.0,0.0
19.636111111111113,0.0,0.0,0.0
19.6375,0.0,0.0,0.0
19.63888888888889,0.0,0.0,0.0
19.64027777777778,0.0,0.0,0.0
19.641666666666666,0.0,0.0,0.0
19.643055555555556,0.0,0.0,0.0
19.644444444444446,0.0,0.0,0.0
19.645833333333332,0.0,0.0,0.0
19.647222222222222,0.0,0.0,0.0
19.648611111111112,0.0,0.0,0.0
19.65,0.0,0.0,0.0
19.65138888888889,0.0,0.0,0.0
19.65277777777778,0.0,0.0,0.0
19.654166666666665,0.0,0.0,0.0
19.655555555555555,0.0,0.0,0.0
19.656944444444445,0.0,0.0,0.0
19.658333333333335,0.0,0.0,0.0
19.65972222222222,0.0,0.0,0.0
19.66111111111111,0.0,0.0,0.0
19.6625,0.0,0.0,0.0
19.663888888888888,0.0,0.0,0.0
19.665277777777778,0.0,0.0,0.0
19.666666666666668,0.0,0.0,0.0
19.668055555555554,0.0,0.0,0.0
19.669444444444444,0.0,0.0,0.0
19.670833333333334,0.0,0.0,0.0
19.67222222222222,0.0,0.0,0.0
19.67361111111111,0.0,0.0,0.0
19.675,0.0,0.0,0.0
19.676388888888887,0.0,0.0,0.0
19.677777777777777,0.0,0.0,0.0
19.679166666666667,0.0,0.0,0.0
19.680555555555557,0.0,0.0,0.0
19.681944444444444,0.0,0.0,0.0
19.683333333333334,0.0,0.0,0.0
19.684722222222224,0.0,0.0,0.0
19.68611111111111,0.0,0.0,0.0
19.6875,0.0,0.0,0.0
19.68888888888889,0.0,0.0,0.0
19.690277777777776,0.0,0.0,0.0
19.691666666666666,0.0,0.0,0.0
19.693055555555556,0.0,0.0,0.0
19.694444444444443,0.0,0.0,0.0
19.695833333333333,0.0,0.0,0.0
19.697222222222223,0.0,0.0,0.0
19.698611111111113,0.0,0.0,0.0
19.7,0.0,0.0,0.0
19.70138888888889,0.0,0.0,0.0
19.70277777777778,0.0,0.0,0.0
19.704166666666666,0.0,0.0,0.0
19.705555555555556,0.0,0.0,0.0
19.706944444444446,0.0,0.0,0.0
19.708333333333332,0.0,0.0,0.0
19.709722222222222,0.0,0.0,0.0
19.711111111111112,0.0,0.0,0.0
19.7125,0.0,0.0,0.0
19.71388888888889,0.0,0.0,0.0
19.71527777777778,0.0,0.0,0.0
19.716666666666665,0.0,0.0,0.0
19.718055555555555,0.0,0.0,0.0
19.719444444444445,0.0,0.0,0.0
19.720833333333335,0.0,0.0,0.0
19.72222222222222,0.0,0.0,0.0
19.72361111111111,0.0,0.0,0.0
19.725,0.0,0.0,0.0
19.726388888888888,0.0,0.0,0.0
19.727777777777778,0.0,0.0,0.0
19.729166666666668,0.0,0.0,0.0
19.730555555555554,0.0,0.0,0.0
19.731944444444444,0.0,0.0,0.0
19.733333333333334,0.0,0.0,0.0
19.73472222222222,0.0,0.0,0.0
19.73611111111111,0.0,0.0,0.0
19.7375,0.0,0.0,0.0
19.738888888888887,0.0,0.0,0.0
19.740277777777777,0.0,0.0,0.0
19.741666666666667,0.0,0.0,0.0
19.743055555555557,0.0,0.0,0.0
19.744444444444444,0.0,0.0,0.0
19.745833333333334,0.0,0.0,0.0
19.747222222222224,0.0,0.0,0.0
19.74861111111111,0.0,0.0,0.0
19.75,0.0,0.0,0.0
19.75138888888889,0.0,0.0,0.0
19.752777777777776,0.0,0.0,0.0
19.754166666666666,0.0,0.0,0.0
19.755555555555556,0.0,0.0,0.0
19.756944444444443,0.0,0.0,0.0
19.758333333333333,0.0,0.0,0.0
19.759722222222223,0.0,0.0,0.0
19.761111111111113,0.0,0.0,0.0
19.7625,0.0,0.0,0.0
19.76388888888889,0.0,0.0,0.0
19.76527777777778,0.0,0.0,0.0
19.766666666666666,0.0,0.0,0.0
19.768055555555556,0.0,0.0,0.0
19.769444444444446,0.0,0.0,0.0
19.770833333333332,0.0,0.0,0.0
19.772222222222222,0.0,0.0,0.0
19.773611111111112,0.0,0.0,0.0
19.775,0.0,0.0,0.0
19.77638888888889,0.0,0.0,0.0
19.77777777777778,0.0,0.0,0.0
19.779166666666665,0.0,0.0,0.0
19.780555555555555,0.0,0.0,0.0
19.781944444444445,0.0,0.0,0.0
19.783333333333335,0.0,0.0,0.0
19.78472222222222,0.0,0.0,0.0
19.78611111111111,0.0,0.0,0.0
19.7875,0.0,0.0,0.0
19.788888888888888,0.0,0.0,0.0
19.790277777777778,0.0,0.0,0.0
19.791666666666668,0.0,0.0,0.0
19.793055555555554,0.0,0.0,0.0
19.794444444444444,0.0,0.0,0.0
19.795833333333334,0.0,0.0,0.0
19.79722222222222,0.0,0.0,0.0
19.79861111111111,0.0,0.0,0.0
19.8,0.0,0.0,0.0
19.801388888888887,0.0,0.0,0.0
19.802777777777777,0.0,0.0,0.0
19.804166666666667,0.0,0.0,0.0
19.805555555555557,0.0,0.0,0.0
19.806944444444444,0.0,0.0,0.0
19.808333333333334,0.0,0.0,0.0
19.809722222222224,0.0,0.0,0.0
19.81111111111111,0.0,0.0,0.0
19.8125,0.0,0.0,0.0
19.81388888888889,0.0,0.0,0.0
19.815277777777776,0.0,0.0,0.0
19.816666666666666,0.0,0.0,0.0
19.818055555555556,0.0,0.0,0.0
19.819444444444443,0.0,0.0,0.0
19.820833333333333,0.0,0.0,0.0
19.822222222222223,0.0,0.0,0.0
19.823611111111113,0.0,0.0,0.0
19.825,0.0,0.0,0.0
19.82638888888889,0.0,0.0,0.0
19.82777777777778,0.0,0.0,0.0
19.829166666666666,0.0,0.0,0.0
19.830555555555556,0.0,0.0,0.0
19.831944444444446,0.0,0.0,0.0
19.833333333333332,0.0,0.0,0.0
19.834722222222222,0.0,0.0,0.0
19.836111111111112,0.0,0.0,0.0
19.8375,0.0,0.0,0.0
19.83888888888889,0.0,0.0,0.0
19.84027777777778,0.0,0.0,0.0
19.841666666666665,0.0,0.0,0.0
19.843055555555555,0.0,0.0,0.0
19.844444444444445,0.0,0.0,0.0
19.845833333333335,0.0,0.0,0.0
19.84722222222222,0.0,0.0,0.0
19.84861111111111,0.0,0.0,0.0
19.85,0.0,0.0,0.0
19.851388888888888,0.0,0.0,0.0
19.852777777777778,0.0,0.0,0.0
19.854166666666668,0.0,0.0,0.0
19.855555555555554,0.0,0.0,0.0
19.856944444444444,0.0,0.0,0.0
19.858333333333334,0.0,0.0,0.0
19.85972222222222,0.0,0.0,0.0
19.86111111111111,0.0,0.0,0.0
19.8625,0.0,0.0,0.0
19.863888888888887,0.0,0.0,0.0
19.865277777777777,0.0,0.0,0.0
19.866666666666667,0.0,0.0,0.0
19.868055555555557,0.0,0.0,0.0
19.869444444444444,0.0,0.0,0.0
19.870833333333334,0.0,0.0,0.0
19.872222222222224,0.0,0.0,0.0
19.87361111111111,0.0,0.0,0.0
19.875,0.0,0.0,0.0
19.87638888888889,0.0,0.0,0.0
19.877777777777776,0.0,0.0,0.0
19.879166666666666,0.0,0.0,0.0
19.880555555555556,0.0,0.0,0.0
19.881944444444443,0.0,0.0,0.0
19.883333333333333,0.0,0.0,0.0
19.884722222222223,0.0,0.0,0.0
19.886111111111113,0.0,0.0,0.0
19.8875,0.0,0.0,0.0
19.88888888888889,0.0,0.0,0.0
19.89027777777778,0.0,0.0,0.0
19.891666666666666,0.0,0.0,0.0
19.893055555555556,0.0,0.0,0.0
19.894444444444446,0.0,0.0,0.0
19.895833333333332,0.0,0.0,0.0
19.897222222222222,0.0,0.0,0.0
19.898611111111112,0.0,0.0,0.0
19.9,0.0,0.0,0.0
19.90138888888889,0.0,0.0,0.0
19.90277777777778,0.0,0.0,0.0
19.904166666666665,0.0,0.0,0.0
19.905555555555555,0.0,0.0,0.0
19.906944444444445,0.0,0.0,0.0
19.908333333333335,0.0,0.0,0.0
19.90972222222222,0.0,0.0,0.0
19.91111111111111,0.0,0.0,0.0
19.9125,0.0,0.0,0.0
19.913888888888888,0.0,0.0,0.0
19.915277777777778,0.0,0.0,0.0
19.916666666666668,0.0,0.0,0.0
19.918055555555554,0.0,0.0,0.0
19.919444444444444,0.0,0.0,0.0
19.920833333333334,0.0,0.0,0.0
19.92222222222222,0.0,0.0,0.0
19.92361111111111,0.0,0.0,0.0
19.925,0.0,0.0,0.0
19.926388888888887,0.0,0.0,0.0
19.927777777777777,0.0,0.0,0.0
19.929166666666667,0.0,0.0,0.0
19.930555555555557,0.0,0.0,0.0
19.931944444444444,0.0,0.0,0.0
19.933333333333334,0.0,0.0,0.0
19.934722222222224,0.0,0.0,0.0
19.93611111111111,0.0,0.0,0.0
19.9375,0.0,0.0,0.0
19.93888888888889,0.0,0.0,0.0
19.940277777777776,0.0,0.0,0.0
19.941666666666666,0.0,0.0,0.0
19.943055555555556,0.0,0.0,0.0
19.944444444444443,0.0,0.0,0.0
19.945833333333333,0.0,0.0,0.0
19.947222222222223,0.0,0.0,0.0
19.948611111111113,0.0,0.0,0.0
19.95,0.0,0.0,0.0
19.95138888888889,0.0,0.0,0.0
19.95277777777778,0.0,0.0,0.0
19.954166666666666,0.0,0.0,0.0
19.955555555555556,0.0,0.0,0.0
19.956944444444446,0.0,0.0,0.0
19.958333333333332,0.0,0.0,0.0
19.959722222222222,0.0,0.0,0.0
19.961111111111112,0.0,0.0,0.0
19.9625,0.0,0.0,0.0
19.96388888888889,0.0,0.0,0.0
19.96527777777778,0.0,0.0,0.0
19.966666666666665,0.0,0.0,0.0
19.968055555555555,0.0,0.0,0.0
19.969444444444445,0.0,0.0,0.0
19.970833333333335,0.0,0.0,0.0
19.97222222222222,0.0,0.0,0.0
19.97361111111111,0.0,0.0,0.0
19.975,0.0,0.0,0.0
19.976388888888888,0.0,0.0,0.0
19.977777777777778,0.0,0.0,0.0
19.979166666666668,0.0,0.0,0.0
19.980555555555554,0.0,0.0,0.0
19.981944444444444,0.0,0.0,0.0
19.983333333333334,0.0,0.0,0.0
19.98472222222222,0.0,0.0,0.0
19.98611111111111,0.0,0.0,0.0
19.9875,0.0,0.0,0.0
19.988888888888887,0.0,0.0,0.0
19.990277777777777,0.0,0.0,0.0
19.991666666666667,0.0,0.0,0.0
19.993055555555557,0.0,0.0,0.0
19.994444444444444,0.0,0.0,0.0
19.995833333333334,0.0,0.0,0.0
19.997222222222224,0.0,0.0,0.0
19.99861111111111,0.0,0.0,0.0
20.0,0.0,0.0,0.0
20.00138888888889,0.0,0.0,0.0
20.002777777777776,0.0,0.0,0.0
20.004166666666666,0.0,0.0,0.0
20.005555555555556,0.0,0.0,0.0
20.006944444444443,0.0,0.0,0.0
20.008333333333333,0.0,0.0,0.0
20.009722222222223,0.0,0.0,0.0
20.011111111111113,0.0,0.0,0.0
20.0125,0.0,0.0,0.0
20.01388888888889,0.0,0.0,0.0
20.01527777777778,0.0,0.0,0.0
20.016666666666666,0.0,0.0,0.0
20.018055555555556,0.0,0.0,0.0
20.019444444444446,0.0,0.0,0.0
20.020833333333332,0.0,0.0,0.0
20.022222222222222,0.0,0.0,0.0
20.023611111111112,0.0,0.0,0.0
20.025,0.0,0.0,0.0
20.02638888888889,0.0,0.0,0.0
20.02777777777778,0.0,0.0,0.0
20.029166666666665,0.0,0.0,0.0
20.030555555555555,0.0,0.0,0.0
20.031944444444445,0.0,0.0,0.0
20.033333333333335,0.0,0.0,0.0
20.03472222222222,0.0,0.0,0.0
20.03611111111111,0.0,0.0,0.0
20.0375,0.0,0.0,0.0
20.038888888888888,0.0,0.0,0.0
20.040277777777778,0.0,0.0,0.0
20.041666666666668,0.0,0.0,0.0
20.043055555555554,0.0,0.0,0.0
20.044444444444444,0.0,0.0,0.0
20.045833333333334,0.0,0.0,0.0
20.04722222222222,0.0,0.0,0.0
20.04861111111111,0.0,0.0,0.0
20.05,0.0,0.0,0.0
20.051388888888887,0.0,0.0,0.0
20.052777777777777,0.0,0.0,0.0
20.054166666666667,0.0,0.0,0.0
20.055555555555557,0.0,0.0,0.0
20.056944444444444,0.0,0.0,0.0
20.058333333333334,0.0,0.0,0.0
20.059722222222224,0.0,0.0,0.0
20.06111111111111,0.0,0.0,0.0
20.0625,0.0,0.0,0.0
20.06388888888889,0.0,0.0,0.0
20.065277777777776,0.0,0.0,0.0
20.066666666666666,0.0,0.0,0.0
20.068055555555556,0.0,0.0,0.0
20.069444444444443,0.0,0.0,0.0
20.070833333333333,0.0,0.0,0.0
20.072222222222223,0.0,0.0,0.0
20.073611111111113,0.0,0.0,0.0
20.075,0.0,0.0,0.0
20.07638888888889,0.0,0.0,0.0
20.07777777777778,0.0,0.0,0.0
20.079166666666666,0.0,0.0,0.0
20.080555555555556,0.0,0.0,0.0
20.081944444444446,0.0,0.0,0.0
20.083333333333332,0.0,0.0,0.0
20.084722222222222,0.0,0.0,0.0
20.086111111111112,0.0,0.0,0.0
20.0875,0.0,0.0,0.0
20.08888888888889,0.0,0.0,0.0
20.09027777777778,0.0,0.0,0.0
20.091666666666665,0.0,0.0,0.0
20.093055555555555,0.0,0.0,0.0
20.094444444444445,0.0,0.0,0.0
20.095833333333335,0.0,0.0,0.0
20.09722222222222,0.0,0.0,0.0
20.09861111111111,0.0,0.0,0.0
20.1,0.0,0.0,0.0
20.101388888888888,0.0,0.0,0.0
20.102777777777778,0.0,0.0,0.0
20.104166666666668,0.0,0.0,0.0
20.105555555555554,0.0,0.0,0.0
20.106944444444444,0.0,0.0,0.0
20.108333333333334,0.0,0.0,0.0
20.10972222222222,0.0,0.0,0.0
20.11111111111111,0.0,0.0,0.0
20.1125,0.0,0.0,0.0
20.113888888888887,0.0,0.0,0.0
20.115277777777777,0.0,0.0,0.0
20.116666666666667,0.0,0.0,0.0
20.118055555555557,0.0,0.0,0.0
20.119444444444444,0.0,0.0,0.0
20.120833333333334,0.0,0.0,0.0
20.122222222222224,0.0,0.0,0.0
20.12361111111111,0.0,0.0,0.0
20.125,0.0,0.0,0.0
20.12638888888889,0.0,0.0,0.0
20.127777777777776,0.0,0.0,0.0
20.129166666666666,0.0,0.0,0.0
20.130555555555556,0.0,0.0,0.0
20.131944444444443,0.0,0.0,0.0
20.133333333333333,0.0,0.0,0.0
20.134722222222223,0.0,0.0,0.0
20.136111111111113,0.0,0.0,0.0
20.1375,0.0,0.0,0.0
20.13888888888889,0.0,0.0,0.0
20.14027777777778,0.0,0.0,0.0
20.141666666666666,0.0,0.0,0.0
20.143055555555556,0.0,0.0,0.0
20.144444444444446,0.0,0.0,0.0
20.145833333333332,0.0,0.0,0.0
20.147222222222222,0.0,0.0,0.0
20.148611111111112,0.0,0.0,0.0
20.15,0.0,0.0,0.0
20.15138888888889,0.0,0.0,0.0
20.15277777777778,0.0,0.0,0.0
20.154166666666665,0.0,0.0,0.0
20.155555555555555,0.0,0.0,0.0
20.156944444444445,0.0,0.0,0.0
20.158333333333335,0.0,0.0,0.0
20.15972222222222,0.0,0.0,0.0
20.16111111111111,0.0,0.0,0.0
20.1625,0.0,0.0,0.0
20.163888888888888,0.0,0.0,0.0
20.165277777777778,0.0,0.0,0.0
20.166666666666668,0.0,0.0,0.0
20.168055555555554,0.0,0.0,0.0
20.169444444444444,0.0,0.0,0.0
20.170833333333334,0.0,0.0,0.0
20.17222222222222,0.0,0.0,0.0
20.17361111111111,0.0,0.0,0.0
20.175,0.0,0.0,0.0
20.176388888888887,0.0,0.0,0.0
20.177777777777777,0.0,0.0,0.0
20.179166666666667,0.0,0.0,0.0
20.180555555555557,0.0,0.0,0.0
20.181944444444444,0.0,0.0,0.0
20.183333333333334,0.0,0.0,0.0
20.184722222222224,0.0,0.0,0.0
20.18611111111111,0.0,0.0,0.0
20.1875,0.0,0.0,0.0
20.18888888888889,0.0,0.0,0.0
20.190277777777776,0.0,0.0,0.0
20.191666666666666,0.0,0.0,0.0
20.193055555555556,0.0,0.0,0.0
20.194444444444443,0.0,0.0,0.0
20.195833333333333,0.0,0.0,0.0
20.197222222222223,0.0,0.0,0.0
20.198611111111113,0.0,0.0,0.0
20.2,0.0,0.0,0.0
20.20138888888889,0.0,0.0,0.0
20.20277777777778,0.0,0.0,0.0
20.204166666666666,0.0,0.0,0.0
20.205555555555556,0.0,0.0,0.0
20.206944444444446,0.0,0.0,0.0
20.208333333333332,0.0,0.0,0.0
20.209722222222222,0.0,0.0,0.0
20.211111111111112,0.0,0.0,0.0
20.2125,0.0,0.0,0.0
20.21388888888889,0.0,0.0,0.0
20.21527777777778,0.0,0.0,0.0
20.216666666666665,0.0,0.0,0.0
20.218055555555555,0.0,0.0,0.0
20.219444444444445,0.0,0.0,0.0
20.220833333333335,0.0,0.0,0.0
20.22222222222222,0.0,0.0,0.0
20.22361111111111,0.0,0.0,0.0
20.225,0.0,0.0,0.0
20.226388888888888,0.0,0.0,0.0
20.227777777777778,0.0,0.0,0.0
20.229166666666668,0.0,0.0,0.0
20.230555555555554,0.0,0.0,0.0
20.231944444444444,0.0,0.0,0.0
20.233333333333334,0.0,0.0,0.0
20.23472222222222,0.0,0.0,0.0
20.23611111111111,0.0,0.0,0.0
20.2375,0.0,0.0,0.0
20.238888888888887,0.0,0.0,0.0
20.240277777777777,0.0,0.0,0.0
20.241666666666667,0.0,0.0,0.0
20.243055555555557,0.0,0.0,0.0
20.244444444444444,0.0,0.0,0.0
20.245833333333334,0.0,0.0,0.0
20.247222222222224,0.0,0.0,0.0
20.24861111111111,0.0,0.0,0.0
20.25,0.0,0.0,0.0
20.25138888888889,0.0,0.0,0.0
20.252777777777776,0.0,0.0,0.0
20.254166666666666,0.0,0.0,0.0
20.255555555555556,0.0,0.0,0.0
20.256944444444443,0.0,0.0,0.0
20.258333333333333,0.0,0.0,0.0
20.259722222222223,0.0,0.0,0.0
20.261111111111113,0.0,0.0,0.0
20.2625,0.0,0.0,0.0
20.26388888888889,0.0,0.0,0.0
20.26527777777778,0.0,0.0,0.0
20.266666666666666,0.0,0.0,0.0
20.268055555555556,0.0,0.0,0.0
20.269444444444446,0.0,0.0,0.0
20.270833333333332,0.0,0.0,0.0
20.272222222222222,0.0,0.0,0.0
20.273611111111112,0.0,0.0,0.0
20.275,0.0,0.0,0.0
20.27638888888889,0.0,0.0,0.0
20.27777777777778,0.0,0.0,0.0
20.279166666666665,0.0,0.0,0.0
20.280555555555555,0.0,0.0,0.0
20.281944444444445,0.0,0.0,0.0
20.283333333333335,0.0,0.0,0.0
20.28472222222222,0.0,0.0,0.0
20.28611111111111,0.0,0.0,0.0
20.2875,0.0,0.0,0.0
20.288888888888888,0.0,0.0,0.0
20.290277777777778,0.0,0.0,0.0
20.291666666666668,0.0,0.0,0.0
20.293055555555554,0.0,0.0,0.0
20.294444444444444,0.0,0.0,0.0
20.295833333333334,0.0,0.0,0.0
20.29722222222222,0.0,0.0,0.0
20.29861111111111,0.0,0.0,0.0
20.3,0.0,0.0,0.0
20.301388888888887,0.0,0.0,0.0
20.302777777777777,0.0,0.0,0.0
20.304166666666667,0.0,0.0,0.0
20.305555555555557,0.0,0.0,0.0
20.306944444444444,0.0,0.0,0.0
20.308333333333334,0.0,0.0,0.0
20.309722222222224,0.0,0.0,0.0
20.31111111111111,0.0,0.0,0.0
20.3125,0.0,0.0,0.0
20.31388888888889,0.0,0.0,0.0
20.315277777777776,0.0,0.0,0.0
20.316666666666666,0.0,0.0,0.0
20.318055555555556,0.0,0.0,0.0
20.319444444444443,0.0,0.0,0.0
20.320833333333333,0.0,0.0,0.0
20.322222222222223,0.0,0.0,0.0
20.323611111111113,0.0,0.0,0.0
20.325,0.0,0.0,0.0
20.32638888888889,0.0,0.0,0.0
20.32777777777778,0.0,0.0,0.0
20.329166666666666,0.0,0.0,0.0
20.330555555555556,0.0,0.0,0.0
20.331944444444446,0.0,0.0,0.0
20.333333333333332,0.0,0.0,0.0
20.334722222222222,0.0,0.0,0.0
20.336111111111112,0.0,0.0,0.0
20.3375,0.0,0.0,0.0
20.33888888888889,0.0,0.0,0.0
20.34027777777778,0.0,0.0,0.0
20.341666666666665,0.0,0.0,0.0
20.343055555555555,0.0,0.0,0.0
20.344444444444445,0.0,0.0,0.0
20.345833333333335,0.0,0.0,0.0
20.34722222222222,0.0,0.0,0.0
20.34861111111111,0.0,0.0,0.0
20.35,0.0,0.0,0.0
20.351388888888888,0.0,0.0,0.0
20.352777777777778,0.0,0.0,0.0
20.354166666666668,0.0,0.0,0.0
20.355555555555554,0.0,0.0,0.0
20.356944444444444,0.0,0.0,0.0
20.358333333333334,0.0,0.0,0.0
20.35972222222222,0.0,0.0,0.0
20.36111111111111,0.0,0.0,0.0
20.3625,0.0,0.0,0.0
20.363888888888887,0.0,0.0,0.0
20.365277777777777,0.0,0.0,0.0
20.366666666666667,0.0,0.0,0.0
20.368055555555557,0.0,0.0,0.0
20.369444444444444,0.0,0.0,0.0
20.370833333333334,0.0,0.0,0.0
20.372222222222224,0.0,0.0,0.0
20.37361111111111,0.0,0.0,0.0
20.375,0.0,0.0,0.0
20.37638888888889,0.0,0.0,0.0
20.377777777777776,0.0,0.0,0.0
20.379166666666666,0.0,0.0,0.0
20.380555555555556,0.0,0.0,0.0
20.381944444444443,0.0,0.0,0.0
20.383333333333333,0.0,0.0,0.0
20.384722222222223,0.0,0.0,0.0
20.386111111111113,0.0,0.0,0.0
20.3875,0.0,0.0,0.0
20.38888888888889,0.0,0.0,0.0
20.39027777777778,0.0,0.0,0.0
20.391666666666666,0.0,0.0,0.0
20.393055555555556,0.0,0.0,0.0
20.394444444444446,0.0,0.0,0.0
20.395833333333332,0.0,0.0,0.0
20.397222222222222,0.0,0.0,0.0
20.398611111111112,0.0,0.0,0.0
20.4,0.0,0.0,0.0
20.40138888888889,0.0,0.0,0.0
20.40277777777778,0.0,0.0,0.0
20.404166666666665,0.0,0.0,0.0
20.405555555555555,0.0,0.0,0.0
20.406944444444445,0.0,0.0,0.0
20.408333333333335,0.0,0.0,0.0
20.40972222222222,0.0,0.0,0.0
20.41111111111111,0.0,0.0,0.0
20.4125,0.0,0.0,0.0
20.413888888888888,0.0,0.0,0.0
20.415277777777778,0.0,0.0,0.0
20.416666666666668,0.0,0.0,0.0
20.418055555555554,0.0,0.0,0.0
20.419444444444444,0.0,0.0,0.0
20.420833333333334,0.0,0.0,0.0
20.42222222222222,0.0,0.0,0.0
20.42361111111111,0.0,0.0,0.0
20.425,0.0,0.0,0.0
20.426388888888887,0.0,0.0,0.0
20.427777777777777,0.0,0.0,0.0
20.429166666666667,0.0,0.0,0.0
20.430555555555557,0.0,0.0,0.0
20.431944444444444,0.0,0.0,0.0
20.433333333333334,0.0,0.0,0.0
20.434722222222224,0.0,0.0,0.0
20.43611111111111,0.0,0.0,0.0
20.4375,0.0,0.0,0.0
20.43888888888889,0.0,0.0,0.0
20.440277777777776,0.0,0.0,0.0
20.441666666666666,0.0,0.0,0.0
20.443055555555556,0.0,0.0,0.0
20.444444444444443,0.0,0.0,0.0
20.445833333333333,0.0,0.0,0.0
20.447222222222223,0.0,0.0,0.0
20.448611111111113,0.0,0.0,0.0
20.45,0.0,0.0,0.0
20.45138888888889,0.0,0.0,0.0
20.45277777777778,0.0,0.0,0.0
20.454166666666666,0.0,0.0,0.0
20.455555555555556,0.0,0.0,0.0
20.456944444444446,0.0,0.0,0.0
20.458333333333332,0.0,0.0,0.0
20.459722222222222,0.0,0.0,0.0
20.461111111111112,0.0,0.0,0.0
20.4625,0.0,0.0,0.0
20.46388888888889,0.0,0.0,0.0
20.46527777777778,0.0,0.0,0.0
20.466666666666665,0.0,0.0,0.0
20.468055555555555,0.0,0.0,0.0
20.469444444444445,0.0,0.0,0.0
20.470833333333335,0.0,0.0,0.0
20.47222222222222,0.0,0.0,0.0
20.47361111111111,0.0,0.0,0.0
20.475,0.0,0.0,0.0
20.476388888888888,0.0,0.0,0.0
20.477777777777778,0.0,0.0,0.0
20.479166666666668,0.0,0.0,0.0
20.480555555555554,0.0,0.0,0.0
20.481944444444444,0.0,0.0,0.0
20.483333333333334,0.0,0.0,0.0
20.48472222222222,0.0,0.0,0.0
20.48611111111111,0.0,0.0,0.0
20.4875,0.0,0.0,0.0
20.488888888888887,0.0,0.0,0.0
20.490277777777777,0.0,0.0,0.0
20.491666666666667,0.0,0.0,0.0
20.493055555555557,0.0,0.0,0.0
20.494444444444444,0.0,0.0,0.0
20.495833333333334,0.0,0.0,0.0
20.497222222222224,0.0,0.0,0.0
20.49861111111111,0.0,0.0,0.0
20.5,0.0,0.0,0.0
20.50138888888889,0.0,0.0,0.0
20.502777777777776,0.0,0.0,0.0
20.504166666666666,0.0,0.0,0.0
20.505555555555556,0.0,0.0,0.0
20.506944444444443,0.0,0.0,0.0
20.508333333333333,0.0,0.0,0.0
20.509722222222223,0.0,0.0,0.0
20.511111111111113,0.0,0.0,0.0
20.5125,0.0,0.0,0.0
20.51388888888889,0.0,0.0,0.0
20.51527777777778,0.0,0.0,0.0
20.516666666666666,0.0,0.0,0.0
20.518055555555556,0.0,0.0,0.0
20.519444444444446,0.0,0.0,0.0
20.520833333333332,0.0,0.0,0.0
20.522222222222222,0.0,0.0,0.0
20.523611111111112,0.0,0.0,0.0
20.525,0.0,0.0,0.0
20.52638888888889,0.0,0.0,0.0
20.52777777777778,0.0,0.0,0.0
20.529166666666665,0.0,0.0,0.0
20.530555555555555,0.0,0.0,0.0
20.531944444444445,0.0,0.0,0.0
20.533333333333335,0.0,0.0,0.0
20.53472222222222,0.0,0.0,0.0
20.53611111111111,0.0,0.0,0.0
20.5375,0.0,0.0,0.0
20.538888888888888,0.0,0.0,0.0
20.540277777777778,0.0,0.0,0.0
20.541666666666668,0.0,0.0,0.0
20.543055555555554,0.0,0.0,0.0
20.544444444444444,0.0,0.0,0.0
20.545833333333334,0.0,0.0,0.0
20.54722222222222,0.0,0.0,0.0
20.54861111111111,0.0,0.0,0.0
20.55,0.0,0.0,0.0
20.551388888888887,0.0,0.0,0.0
20.552777777777777,0.0,0.0,0.0
20.554166666666667,0.0,0.0,0.0
20.555555555555557,0.0,0.0,0.0
20.556944444444444,0.0,0.0,0.0
20.558333333333334,0.0,0.0,0.0
20.559722222222224,0.0,0.0,0.0
20.56111111111111,0.0,0.0,0.0
20.5625,0.0,0.0,0.0
20.56388888888889,0.0,0.0,0.0
20.565277777777776,0.0,0.0,0.0
20.566666666666666,0.0,0.0,0.0
20.568055555555556,0.0,0.0,0.0
20.569444444444443,0.0,0.0,0.0
20.570833333333333,0.0,0.0,0.0
20.572222222222223,0.0,0.0,0.0
20.573611111111113,0.0,0.0,0.0
20.575,0.0,0.0,0.0
20.57638888888889,0.0,0.0,0.0
20.57777777777778,0.0,0.0,0.0
20.579166666666666,0.0,0.0,0.0
20.580555555555556,0.0,0.0,0.0
20.581944444444446,0.0,0.0,0.0
20.583333333333332,0.0,0.0,0.0
20.584722222222222,0.0,0.0,0.0
20.586111111111112,0.0,0.0,0.0
20.5875,0.0,0.0,0.0
20.58888888888889,0.0,0.0,0.0
20.59027777777778,0.0,0.0,0.0
20.591666666666665,0.0,0.0,0.0
20.593055555555555,0.0,0.0,0.0
20.594444444444445,0.0,0.0,0.0
20.595833333333335,0.0,0.0,0.0
20.59722222222222,0.0,0.0,0.0
20.59861111111111,0.0,0.0,0.0
20.6,0.0,0.0,0.0
20.601388888888888,0.0,0.0,0.0
20.602777777777778,0.0,0.0,0.0
20.604166666666668,0.0,0.0,0.0
20.605555555555554,0.0,0.0,0.0
20.606944444444444,0.0,0.0,0.0
20.608333333333334,0.0,0.0,0.0
20.60972222222222,0.0,0.0,0.0
20.61111111111111,0.0,0.0,0.0
20.6125,0.0,0.0,0.0
20.613888888888887,0.0,0.0,0.0
20.615277777777777,0.0,0.0,0.0
20.616666666666667,0.0,0.0,0.0
20.618055555555557,0.0,0.0,0.0
20.619444444444444,0.0,0.0,0.0
20.620833333333334,0.0,0.0,0.0
20.622222222222224,0.0,0.0,0.0
20.62361111111111,0.0,0.0,0.0
20.625,0.0,0.0,0.0
20.62638888888889,0.0,0.0,0.0
20.627777777777776,0.0,0.0,0.0
20.629166666666666,0.0,0.0,0.0
20.630555555555556,0.0,0.0,0.0
20.631944444444443,0.0,0.0,0.0
20.633333333333333,0.0,0.0,0.0
20.634722222222223,0.0,0.0,0.0
20.636111111111113,0.0,0.0,0.0
20.6375,0.0,0.0,0.0
20.63888888888889,0.0,0.0,0.0
20.64027777777778,0.0,0.0,0.0
20.641666666666666,0.0,0.0,0.0
20.643055555555556,0.0,0.0,0.0
20.644444444444446,0.0,0.0,0.0
20.645833333333332,0.0,0.0,0.0
20.647222222222222,0.0,0.0,0.0
20.648611111111112,0.0,0.0,0.0
20.65,0.0,0.0,0.0
20.65138888888889,0.0,0.0,0.0
20.65277777777778,0.0,0.0,0.0
20.654166666666665,0.0,0.0,0.0
20.655555555555555,0.0,0.0,0.0
20.656944444444445,0.0,0.0,0.0
20.658333333333335,0.0,0.0,0.0
20.65972222222222,0.0,0.0,0.0
20.66111111111111,0.0,0.0,0.0
20.6625,0.0,0.0,0.0
20.663888888888888,0.0,0.0,0.0
20.665277777777778,0.0,0.0,0.0
20.666666666666668,0.0,0.0,0.0
20.668055555555554,0.0,0.0,0.0
20.669444444444444,0.0,0.0,0.0
20.670833333333334,0.0,0.0,0.0
20.67222222222222,0.0,0.0,0.0
20.67361111111111,0.0,0.0,0.0
20.675,0.0,0.0,0.0
20.676388888888887,0.0,0.0,0.0
20.677777777777777,0.0,0.0,0.0
20.679166666666667,0.0,0.0,0.0
20.680555555555557,0.0,0.0,0.0
20.681944444444444,0.0,0.0,0.0
20.683333333333334,0.0,0.0,0.0
20.684722222222224,0.0,0.0,0.0
20.68611111111111,0.0,0.0,0.0
20.6875,0.0,0.0,0.0
20.68888888888889,0.0,0.0,0.0
20.690277777777776,0.0,0.0,0.0
20.691666666666666,0.0,0.0,0.0
20.693055555555556,0.0,0.0,0.0
20.694444444444443,0.0,0.0,0.0
20.695833333333333,0.0,0.0,0.0
20.697222222222223,0.0,0.0,0.0
20.698611111111113,0.0,0.0,0.0
20.7,0.0,0.0,0.0
20.70138888888889,0.0,0.0,0.0
20.70277777777778,0.0,0.0,0.0
20.704166666666666,0.0,0.0,0.0
20.705555555555556,0.0,0.0,0.0
20.706944444444446,0.0,0.0,0.0
20.708333333333332,0.0,0.0,0.0
20.709722222222222,0.0,0.0,0.0
20.711111111111112,0.0,0.0,0.0
20.7125,0.0,0.0,0.0
20.71388888888889,0.0,0.0,0.0
20.71527777777778,0.0,0.0,0.0
20.716666666666665,0.0,0.0,0.0
20.718055555555555,0.0,0.0,0.0
20.719444444444445,0.0,0.0,0.0
20.720833333333335,0.0,0.0,0.0
20.72222222222222,0.0,0.0,0.0
20.72361111111111,0.0,0.0,0.0
20.725,0.0,0.0,0.0
20.726388888888888,0.0,0.0,0.0
20.727777777777778,0.0,0.0,0.0
20.729166666666668,0.0,0.0,0.0
20.730555555555554,0.0,0.0,0.0
20.731944444444444,0.0,0.0,0.0
20.733333333333334,0.0,0.0,0.0
20.73472222222222,0.0,0.0,0.0
20.73611111111111,0.0,0.0,0.0
20.7375,0.0,0.0,0.0
20.738888888888887,0.0,0.0,0.0
20.740277777777777,0.0,0.0,0.0
20.741666666666667,0.0,0.0,0.0
20.743055555555557,0.0,0.0,0.0
20.744444444444444,0.0,0.0,0.0
20.745833333333334,0.0,0.0,0.0
20.747222222222224,0.0,0.0,0.0
20.74861111111111,0.0,0.0,0.0
20.75,0.0,0.0,0.0
20.75138888888889,0.0,0.0,0.0
20.752777777777776,0.0,0.0,0.0
20.754166666666666,0.0,0.0,0.0
20.755555555555556,0.0,0.0,0.0
20.756944444444443,0.0,0.0,0.0
20.758333333333333,0.0,0.0,0.0
20.759722222222223,0.0,0.0,0.0
20.761111111111113,0.0,0.0,0.0
20.7625,0.0,0.0,0.0
20.76388888888889,0.0,0.0,0.0
20.76527777777778,0.0,0.0,0.0
20.766666666666666,0.0,0.0,0.0
20.768055555555556,0.0,0.0,0.0
20.769444444444446,0.0,0.0,0.0
20.770833333333332,0.0,0.0,0.0
20.772222222222222,0.0,0.0,0.0
20.773611111111112,0.0,0.0,0.0
20.775,0.0,0.0,0.0
20.77638888888889,0.0,0.0,0.0
20.77777777777778,0.0,0.0,0.0
20.779166666666665,0.0,0.0,0.0
20.780555555555555,0.0,0.0,0.0
20.781944444444445,0.0,0.0,0.0
20.783333333333335,0.0,0.0,0.0
20.78472222222222,0.0,0.0,0.0
20.78611111111111,0.0,0.0,0.0
20.7875,0.0,0.0,0.0
20.788888888888888,0.0,0.0,0.0
20.790277777777778,0.0,0.0,0.0
20.791666666666668,0.0,0.0,0.0
20.793055555555554,0.0,0.0,0.0
20.794444444444444,0.0,0.0,0.0
20.795833333333334,0.0,0.0,0.0
20.79722222222222,0.0,0.0,0.0
20.79861111111111,0.0,0.0,0.0
20.8,0.0,0.0,0.0
20.801388888888887,0.0,0.0,0.0
20.802777777777777,0.0,0.0,0.0
20.804166666666667,0.0,0.0,0.0
20.805555555555557,0.0,0.0,0.0
20.806944444444444,0.0,0.0,0.0
20.808333333333334,0.0,0.0,0.0
20.809722222222224,0.0,0.0,0.0
20.81111111111111,0.0,0.0,0.0
20.8125,0.0,0.0,0.0
20.81388888888889,0.0,0.0,0.0
20.815277777777776,0.0,0.0,0.0
20.816666666666666,0.0,0.0,0.0
20.818055555555556,0.0,0.0,0.0
20.819444444444443,0.0,0.0,0.0
20.820833333333333,0.0,0.0,0.0
20.822222222222223,0.0,0.0,0.0
20.823611111111113,0.0,0.0,0.0
20.825,0.0,0.0,0.0
20.82638888888889,0.0,0.0,0.0
20.82777777777778,0.0,0.0,0.0
20.829166666666666,0.0,0.0,0.0
20.830555555555556,0.0,0.0,0.0
20.831944444444446,0.0,0.0,0.0
20.833333333333332,0.0,0.0,0.0
20.834722222222222,0.0,0.0,0.0
20.836111111111112,0.0,0.0,0.0
20.8375,0.0,0.0,0.0
20.83888888888889,0.0,0.0,0.0
20.84027777777778,0.0,0.0,0.0
20.841666666666665,0.0,0.0,0.0
20.843055555555555,0.0,0.0,0.0
20.844444444444445,0.0,0.0,0.0
20.845833333333335,0.0,0.0,0.0
20.84722222222222,0.0,0.0,0.0
20.84861111111111,0.0,0.0,0.0
20.85,0.0,0.0,0.0
20.851388888888888,0.0,0.0,0.0
20.852777777777778,0.0,0.0,0.0
20.854166666666668,0.0,0.0,0.0
20.855555555555554,0.0,0.0,0.0
20.856944444444444,0.0,0.0,0.0
20.858333333333334,0.0,0.0,0.0
20.85972222222222,0.0,0.0,0.0
20.86111111111111,0.0,0.0,0.0
20.8625,0.0,0.0,0.0
20.863888888888887,0.0,0.0,0.0
20.865277777777777,0.0,0.0,0.0
20.866666666666667,0.0,0.0,0.0
20.868055555555557,0.0,0.0,0.0
20.869444444444444,0.0,0.0,0.0
20.870833333333334,0.0,0.0,0.0
20.872222222222224,0.0,0.0,0.0
20.87361111111111,0.0,0.0,0.0
20.875,0.0,0.0,0.0
20.87638888888889,0.0,0.0,0.0
20.877777777777776,0.0,0.0,0.0
20.879166666666666,0.0,0.0,0.0
20.880555555555556,0.0,0.0,0.0
20.881944444444443,0.0,0.0,0.0
20.883333333333333,0.0,0.0,0.0
20.884722222222223,0.0,0.0,0.0
20.886111111111113,0.0,0.0,0.0
20.8875,0.0,0.0,0.0
20.88888888888889,0.0,0.0,0.0
20.89027777777778,0.0,0.0,0.0
20.891666666666666,0.0,0.0,0.0
20.893055555555556,0.0,0.0,0.0
20.894444444444446,0.0,0.0,0.0
20.895833333333332,0.0,0.0,0.0
20.897222222222222,0.0,0.0,0.0
20.898611111111112,0.0,0.0,0.0
20.9,0.0,0.0,0.0
20.90138888888889,0.0,0.0,0.0
20.90277777777778,0.0,0.0,0.0
20.904166666666665,0.0,0.0,0.0
20.905555555555555,0.0,0.0,0.0
20.906944444444445,0.0,0.0,0.0
20.908333333333335,0.0,0.0,0.0
20.90972222222222,0.0,0.0,0.0
20.91111111111111,0.0,0.0,0.0
20.9125,0.0,0.0,0.0
20.913888888888888,0.0,0.0,0.0
20.915277777777778,0.0,0.0,0.0
20.916666666666668,0.0,0.0,0.0
20.918055555555554,0.0,0.0,0.0
20.919444444444444,0.0,0.0,0.0
20.920833333333334,0.0,0.0,0.0
20.92222222222222,0.0,0.0,0.0
20.92361111111111,0.0,0.0,0.0
20.925,0.0,0.0,0.0
20.926388888888887,0.0,0.0,0.0
20.927777777777777,0.0,0.0,0.0
20.929166666666667,0.0,0.0,0.0
20.930555555555557,0.0,0.0,0.0
20.931944444444444,0.0,0.0,0.0
20.933333333333334,0.0,0.0,0.0
20.934722222222224,0.0,0.0,0.0
20.93611111111111,0.0,0.0,0.0
20.9375,0.0,0.0,0.0
20.93888888888889,0.0,0.0,0.0
20.940277777777776,0.0,0.0,0.0
20.941666666666666,0.0,0.0,0.0
20.943055555555556,0.0,0.0,0.0
20.944444444444443,0.0,0.0,0.0
20.945833333333333,0.0,0.0,0.0
20.947222222222223,0.0,0.0,0.0
20.948611111111113,0.0,0.0,0.0
20.95,0.0,0.0,0.0
20.95138888888889,0.0,0.0,0.0
20.95277777777778,0.0,0.0,0.0
20.954166666666666,0.0,0.0,0.0
20.955555555555556,0.0,0.0,0.0
20.956944444444446,0.0,0.0,0.0
20.958333333333332,0.0,0.0,0.0
20.959722222222222,0.0,0.0,0.0
20.961111111111112,0.0,0.0,0.0
20.9625,0.0,0.0,0.0
20.96388888888889,0.0,0.0,0.0
20.96527777777778,0.0,0.0,0.0
20.966666666666665,0.0,0.0,0.0
20.968055555555555,0.0,0.0,0.0
20.969444444444445,0.0,0.0,0.0
20.970833333333335,0.0,0.0,0.0
20.97222222222222,0.0,0.0,0.0
20.97361111111111,0.0,0.0,0.0
20.975,0.0,0.0,0.0
20.976388888888888,0.0,0.0,0.0
20.977777777777778,0.0,0.0,0.0
20.979166666666668,0.0,0.0,0.0
20.980555555555554,0.0,0.0,0.0
20.981944444444444,0.0,0.0,0.0
20.983333333333334,0.0,0.0,0.0
20.98472222222222,0.0,0.0,0.0
20.98611111111111,0.0,0.0,0.0
20.9875,0.0,0.0,0.0
20.988888888888887,0.0,0.0,0.0
20.990277777777777,0.0,0.0,0.0
20.991666666666667,0.0,0.0,0.0
20.993055555555557,0.0,0.0,0.0
20.994444444444444,0.0,0.0,0.0
20.995833333333334,0.0,0.0,0.0
20.997222222222224,0.0,0.0,0.0
20.99861111111111,0.0,0.0,0.0
21.0,11.0,0.0,0.0
21.00138888888889,11.0,0.0,0.0
21.002777777777776,11.0,0.0,0.0
21.004166666666666,11.0,0.0,0.0
21.005555555555556,11.0,0.0,0.0
21.006944444444443,11.0,0.0,0.0
21.008333333333333,11.0,0.0,0.0
21.009722222222223,11.0,0.0,0.0
21.011111111111113,11.0,0.0,0.0
21.0125,11.0,0.0,0.0
21.01388888888889,11.0,0.0,0.0
21.01527777777778,11.0,0.0,0.0
21.016666666666666,22.0,0.0,0.0
21.018055555555556,22.0,0.0,0.0
21.019444444444446,22.0,0.0,0.0
21.020833333333332,22.0,0.0,0.0
21.022222222222222,22.0,0.0,0.0
21.023611111111112,22.0,0.0,0.0
21.025,22.0,0.0,0.0
21.02638888888889,22.0,0.0,0.0
21.02777777777778,22.0,0.0,0.0
21.029166666666665,22.0,0.0,0.0
21.030555555555555,22.0,0.0,0.0
21.031944444444445,22.0,0.0,0.0
21.033333333333335,33.0,0.0,0.0
21.03472222222222,33.0,0.0,0.0
21.03611111111111,33.0,0.0,0.0
21.0375,33.0,0.0,0.0
21.038888888888888,33.0,0.0,0.0
21.040277777777778,33.0,0.0,0.0
21.041666666666668,33.0,0.0,0.0
21.043055555555554,33.0,0.0,0.0
21.044444444444444,33.0,0.0,0.0
21.045833333333334,33.0,0.0,0.0
21.04722222222222,33.0,0.0,0.0
21.04861111111111,33.0,0.0,0.0
21.05,33.0,0.0,0.0
21.051388888888887,33.0,0.0,0.0
21.052777777777777,33.0,0.0,0.0
21.054166666666667,33.0,0.0,0.0
21.055555555555557,33.0,0.0,0.0
21.056944444444444,33.0,0.0,0.0
21.058333333333334,33.0,0.0,0.0
21.059722222222224,33.0,0.0,0.0
21.06111111111111,33.0,0.0,0.0
21.0625,33.0,0.0,0.0
21.06388888888889,33.0,0.0,0.0
21.065277777777776,33.0,0.0,0.0
21.066666666666666,33.0,0.0,0.0
21.068055555555556,33.0,0.0,0.0
21.069444444444443,33.0,0.0,0.0
21.070833333333333,33.0,0.0,0.0
21.072222222222223,33.0,0.0,0.0
21.073611111111113,33.0,0.0,0.0
21.075,33.0,0.0,0.0
21.07638888888889,33.0,0.0,0.0
21.07777777777778,33.0,0.0,0.0
21.079166666666666,33.0,0.0,0.0
21.080555555555556,33.0,0.0,0.0
21.081944444444446,33.0,0.0,0.0
21.083333333333332,33.0,0.0,0.0
21.084722222222222,33.0,0.0,0.0
21.086111111111112,33.0,0.0,0.0
21.0875,33.0,0.0,0.0
21.08888888888889,33.0,0.0,0.0
21.09027777777778,33.0,0.0,0.0
21.091666666666665,33.0,0.0,0.0
21.093055555555555,33.0,0.0,0.0
21.094444444444445,33.0,0.0,0.0
21.095833333333335,33.0,0.0,0.0
21.09722222222222,33.0,0.0,0.0
21.09861111111111,33.0,0.0,0.0
21.1,33.0,0.0,0.0
21.101388888888888,33.0,0.0,0.0
21.102777777777778,33.0,0.0,0.0
21.104166666666668,33.0,0.0,0.0
21.105555555555554,33.0,0.0,0.0
21.106944444444444,33.0,0.0,0.0
21.108333333333334,33.0,0.0,0.0
21.10972222222222,33.0,0.0,0.0
21.11111111111111,33.0,0.0,0.0
21.1125,33.0,0.0,0.0
21.113888888888887,33.0,0.0,0.0
21.115277777777777,33.0,0.0,0.0
21.116666666666667,55.0,0.0,0.0
21.118055555555557,55.0,0.0,0.0
21.119444444444444,55.0,0.0,0.0
21.120833333333334,55.0,0.0,0.0
21.122222222222224,55.0,0.0,0.0
21.12361111111111,55.0,0.0,0.0
21.125,55.0,0.0,0.0
21.12638888888889,55.0,0.0,0.0
21.127777777777776,55.0,0.0,0.0
21.129166666666666,55.0,0.0,0.0
21.130555555555556,55.0,0.0,0.0
21.131944444444443,55.0,0.0,0.0
21.133333333333333,55.0,0.0,0.0
21.134722222222223,55.0,0.0,0.0
21.136111111111113,55.0,0.0,0.0
21.1375,55.0,0.0,0.0
21.13888888888889,55.0,0.0,0.0
21.14027777777778,55.0,0.0,0.0
21.141666666666666,55.0,0.0,0.0
21.143055555555556,55.0,0.0,0.0
21.144444444444446,55.0,0.0,0.0
21.145833333333332,55.0,0.0,0.0
21.147222222222222,55.0,0.0,0.0
21.148611111111112,55.0,0.0,0.0
21.15,55.0,0.0,0.0
21.15138888888889,55.0,0.0,0.0
21.15277777777778,55.0,0.0,0.0
21.154166666666665,55.0,0.0,0.0
21.155555555555555,55.0,0.0,0.0
21.156944444444445,55.0,0.0,0.0
21.158333333333335,55.0,0.0,0.0
21.15972222222222,55.0,0.0,0.0
21.16111111111111,55.0,0.0,0.0
21.1625,55.0,0.0,0.0
21.163888888888888,55.0,0.0,0.0
21.165277777777778,55.0,0.0,0.0
21.166666666666668,77.0,0.0,0.0
21.168055555555554,77.0,0.0,0.0
21.169444444444444,77.0,0.0,0.0
21.170833333333334,77.0,0.0,0.0
21.17222222222222,77.0,0.0,0.0
21.17361111111111,77.0,0.0,0.0
21.175,77.0,0.0,0.0
21.176388888888887,77.0,0.0,0.0
21.177777777777777,77.0,0.0,0.0
21.179166666666667,77.0,0.0,0.0
21.180555555555557,77.0,0.0,0.0
21.181944444444444,77.0,0.0,0.0
21.183333333333334,88.0,0.0,0.0
21.184722222222224,88.0,0.0,0.0
21.18611111111111,88.0,0.0,0.0
21.1875,88.0,0.0,0.0
21.18888888888889,88.0,0.0,0.0
21.190277777777776,88.0,0.0,0.0
21.191666666666666,88.0,0.0,0.0
21.193055555555556,88.0,0.0,0.0
21.194444444444443,88.0,0.0,0.0
21.195833333333333,88.0,0.0,0.0
21.197222222222223,88.0,0.0,0.0
21.198611111111113,88.0,0.0,0.0
21.2,88.0,0.0,0.0
21.20138888888889,88.0,0.0,0.0
21.20277777777778,88.0,0.0,0.0
21.204166666666666,88.0,0.0,0.0
21.205555555555556,88.0,0.0,0.0
21.206944444444446,88.0,0.0,0.0
21.208333333333332,88.0,0.0,0.0
21.209722222222222,88.0,0.0,0.0
21.211111111111112,88.0,0.0,0.0
21.2125,88.0,0.0,0.0
21.21388888888889,88.0,0.0,0.0
21.21527777777778,88.0,0.0,0.0
21.216666666666665,88.0,0.0,0.0
21.218055555555555,88.0,0.0,0.0
21.219444444444445,88.0,0.0,0.0
21.220833333333335,88.0,0.0,0.0
21.22222222222222,88.0,0.0,0.0
21.22361111111111,88.0,0.0,0.0
21.225,88.0,0.0,0.0
21.226388888888888,88.0,0.0,0.0
21.227777777777778,88.0,0.0,0.0
21.229166666666668,88.0,0.0,0.0
21.230555555555554,88.0,0.0,0.0
21.231944444444444,88.0,0.0,0.0
21.233333333333334,99.0,0.0,0.0
21.23472222222222,99.0,0.0,0.0
21.23611111111111,99.0,0.0,0.0
21.2375,99.0,0.0,0.0
21.238888888888887,99.0,0.0,0.0
21.240277777777777,99.0,0.0,0.0
21.241666666666667,99.0,0.0,0.0
21.243055555555557,99.0,0.0,0.0
21.244444444444444,99.0,0.0,0.0
21.245833333333334,99.0,0.0,0.0
21.247222222222224,99.0,0.0,0.0
21.24861111111111,99.0,0.0,0.0
21.25,99.0,0.0,0.0
21.25138888888889,99.0,0.0,0.0
21.252777777777776,99.0,0.0,0.0
21.254166666666666,99.0,0.0,0.0
21.255555555555556,99.0,0.0,0.0
21.256944444444443,99.0,0.0,0.0
21.258333333333333,99.0,0.0,0.0
21.259722222222223,99.0,0.0,0.0
21.261111111111113,99.0,0.0,0.0
21.2625,99.0,0.0,0.0
21.26388888888889,99.0,0.0,0.0
21.26527777777778,99.0,0.0,0.0
21.266666666666666,99.0,0.0,0.0
21.268055555555556,99.0,0.0,0.0
21.269444444444446,99.0,0.0,0.0
21.270833333333332,99.0,0.0,0.0
21.272222222222222,99.0,0.0,0.0
21.273611111111112,99.0,0.0,0.0
21.275,99.0,0.0,0.0
21.27638888888889,99.0,0.0,0.0
21.27777777777778,99.0,0.0,0.0
21.279166666666665,99.0,0.0,0.0
21.280555555555555,99.0,0.0,0.0
21.281944444444445,99.0,0.0,0.0
21.283333333333335,110.0,0.0,0.0
21.28472222222222,110.0,0.0,0.0
21.28611111111111,110.0,0.0,0.0
21.2875,110.0,0.0,0.0
21.288888888888888,110.0,0.0,0.0
21.290277777777778,110.0,0.0,0.0
21.291666666666668,110.0,0.0,0.0
21.293055555555554,110.0,0.0,0.0
21.294444444444444,110.0,0.0,0.0
21.295833333333334,110.0,0.0,0.0
21.29722222222222,110.0,0.0,0.0
21.29861111111111,110.0,0.0,0.0
21.3,121.0,0.0,0.0
21.301388888888887,121.0,0.0,0.0
21.302777777777777,121.0,0.0,0.0
21.304166666666667,121.0,0.0,0.0
21.305555555555557,121.0,0.0,0.0
21.306944444444444,121.0,0.0,0.0
21.308333333333334,121.0,0.0,0.0
21.309722222222224,121.0,0.0,0.0
21.31111111111111,121.0,0.0,0.0
21.3125,121.0,0.0,0.0
21.31388888888889,121.0,0.0,0.0
21.315277777777776,121.0,0.0,0.0
21.316666666666666,121.0,0.0,0.0
21.318055555555556,121.0,0.0,0.0
21.319444444444443,121.0,0.0,0.0
21.320833333333333,121.0,0.0,0.0
21.322222222222223,121.0,0.0,0.0
21.323611111111113,121.0,0.0,0.0
21.325,121.0,0.0,0.0
21.32638888888889,121.0,0.0,0.0
21.32777777777778,121.0,0.0,0.0
21.329166666666666,121.0,0.0,0.0
21.330555555555556,121.0,0.0,0.0
21.331944444444446,121.0,0.0,0.0
21.333333333333332,121.0,0.0,0.0
21.334722222222222,121.0,0.0,0.0
21.336111111111112,121.0,0.0,0.0
21.3375,121.0,0.0,0.0
21.33888888888889,121.0,0.0,0.0
21.34027777777778,121.0,0.0,0.0
21.341666666666665,121.0,0.0,0.0
21.343055555555555,121.0,0.0,0.0
21.344444444444445,121.0,0.0,0.0
21.345833333333335,121.0,0.0,0.0
21.34722222222222,121.0,0.0,0.0
21.34861111111111,121.0,0.0,0.0
21.35,143.0,0.0,0.0
21.351388888888888,143.0,0.0,0.0
21.352777777777778,143.0,0.0,0.0
21.354166666666668,143.0,0.0,0.0
21.355555555555554,143.0,0.0,0.0
21.356944444444444,143.0,0.0,0.0
21.358333333333334,143.0,0.0,0.0
21.35972222222222,143.0,0.0,0.0
21.36111111111111,143.0,0.0,0.0
21.3625,143.0,0.0,0.0
21.363888888888887,143.0,0.0,0.0
21.365277777777777,143.0,0.0,0.0
21.366666666666667,165.0,0.0,0.0
21.368055555555557,165.0,0.0,0.0
21.369444444444444,165.0,0.0,0.0
21.370833333333334,165.0,0.0,0.0
21.372222222222224,165.0,0.0,0.0
21.37361111111111,165.0,0.0,0.0
21.375,165.0,0.0,0.0
21.37638888888889,165.0,0.0,0.0
21.377777777777776,165.0,0.0,0.0
21.379166666666666,165.0,0.0,0.0
21.380555555555556,165.0,0.0,0.0
21.381944444444443,165.0,0.0,0.0
21.383333333333333,165.0,0.0,0.0
21.384722222222223,165.0,0.0,0.0
21.386111111111113,165.0,0.0,0.0
21.3875,165.0,0.0,0.0
21.38888888888889,165.0,0.0,0.0
21.39027777777778,165.0,0.0,0.0
21.391666666666666,165.0,0.0,0.0
21.393055555555556,165.0,0.0,0.0
21.394444444444446,165.0,0.0,0.0
21.395833333333332,165.0,0.0,0.0
21.397222222222222,165.0,0.0,0.0
21.398611111111112,165.0,0.0,0.0
21.4,187.0,0.0,0.0
21.40138888888889,187.0,0.0,0.0
21.40277777777778,187.0,0.0,0.0
21.404166666666665,187.0,0.0,0.0
21.405555555555555,187.0,0.0,0.0
21.406944444444445,187.0,0.0,0.0
21.408333333333335,187.0,0.0,0.0
21.40972222222222,187.0,0.0,0.0
21.41111111111111,187.0,0.0,0.0
21.4125,187.0,0.0,0.0
21.413888888888888,187.0,0.0,0.0
21.415277777777778,187.0,0.0,0.0
21.416666666666668,187.0,0.0,0.0
21.418055555555554,187.0,0.0,0.0
21.419444444444444,187.0,0.0,0.0
21.420833333333334,187.0,0.0,0.0
21.42222222222222,187.0,0.0,0.0
21.42361111111111,187.0,0.0,0.0
21.425,187.0,0.0,0.0
21.426388888888887,187.0,0.0,0.0
21.427777777777777,187.0,0.0,0.0
21.429166666666667,187.0,0.0,0.0
21.430555555555557,187.0,0.0,0.0
21.431944444444444,187.0,0.0,0.0
21.433333333333334,209.0,0.0,0.0
21.434722222222224,209.0,0.0,0.0
21.43611111111111,209.0,0.0,0.0
21.4375,209.0,0.0,0.0
21.43888888888889,209.0,0.0,0.0
21.440277777777776,209.0,0.0,0.0
21.441666666666666,209.0,0.0,0.0
21.443055555555556,209.0,0.0,0.0
21.444444444444443,209.0,0.0,0.0
21.445833333333333,209.0,0.0,0.0
21.447222222222223,209.0,0.0,0.0
21.448611111111113,209.0,0.0,0.0
21.45,209.0,0.0,0.0
21.45138888888889,209.0,0.0,0.0
21.45277777777778,209.0,0.0,0.0
21.454166666666666,209.0,0.0,0.0
21.455555555555556,209.0,0.0,0.0
21.456944444444446,209.0,0.0,0.0
21.458333333333332,209.0,0.0,0.0
21.459722222222222,209.0,0.0,0.0
21.461111111111112,209.0,0.0,0.0
21.4625,209.0,0.0,0.0
21.46388888888889,209.0,0.0,0.0
21.46527777777778,209.0,0.0,0.0
21.466666666666665,231.0,0.0,0.0
21.468055555555555,231.0,0.0,0.0
21.469444444444445,231.0,0.0,0.0
21.470833333333335,231.0,0.0,0.0
21.47222222222222,231.0,0.0,0.0
21.47361111111111,231.0,0.0,0.0
21.475,231.0,0.0,0.0
21.476388888888888,231.0,0.0,0.0
21.477777777777778,231.0,0.0,0.0
21.479166666666668,231.0,0.0,0.0
21.480555555555554,231.0,0.0,0.0
21.481944444444444,231.0,0.0,0.0
21.483333333333334,231.0,0.0,0.0
21.48472222222222,231.0,0.0,0.0
21.48611111111111,231.0,0.0,0.0
21.4875,231.0,0.0,0.0
21.488888888888887,231.0,0.0,0.0
21.490277777777777,231.0,0.0,0.0
21.491666666666667,231.0,0.0,0.0
21.493055555555557,231.0,0.0,0.0
21.494444444444444,231.0,0.0,0.0
21.495833333333334,231.0,0.0,0.0
21.497222222222224,231.0,0.0,0.0
21.49861111111111,231.0,0.0,0.0
21.5,231.0,0.0,0.0
21.50138888888889,231.0,0.0,0.0
21.502777777777776,231.0,0.0,0.0
21.504166666666666,231.0,0.0,0.0
21.505555555555556,231.0,0.0,0.0
21.506944444444443,231.0,0.0,0.0
21.508333333333333,231.0,0.0,0.0
21.509722222222223,231.0,0.0,0.0
21.511111111111113,231.0,0.0,0.0
21.5125,231.0,0.0,0.0
21.51388888888889,231.0,0.0,0.0
21.51527777777778,231.0,0.0,0.0
21.516666666666666,242.0,0.0,0.0
21.518055555555556,242.0,0.0,0.0
21.519444444444446,242.0,0.0,0.0
21.520833333333332,242.0,0.0,0.0
21.522222222222222,242.0,0.0,0.0
21.523611111111112,242.0,0.0,0.0
21.525,242.0,0.0,0.0
21.52638888888889,242.0,0.0,0.0
21.52777777777778,242.0,0.0,0.0
21.529166666666665,242.0,0.0,0.0
21.530555555555555,242.0,0.0,0.0
21.531944444444445,242.0,0.0,0.0
21.533333333333335,253.0,0.0,0.0
21.53472222222222,253.0,0.0,0.0
21.53611111111111,253.0,0.0,0.0
21.5375,253.0,0.0,0.0
21.538888888888888,253.0,0.0,0.0
21.540277777777778,253.0,0.0,0.0
21.541666666666668,253.0,0.0,0.0
21.543055555555554,253.0,0.0,0.0
21.544444444444444,253.0,0.0,0.0
21.545833333333334,253.0,0.0,0.0
21.54722222222222,253.0,0.0,0.0
21.54861111111111,253.0,0.0,0.0
21.55,264.0,0.0,0.0
21.551388888888887,264.0,0.0,0.0
21.552777777777777,264.0,0.0,0.0
21.554166666666667,264.0,0.0,0.0
21.555555555555557,264.0,0.0,0.0
21.556944444444444,264.0,0.0,0.0
21.558333333333334,264.0,0.0,0.0
21.559722222222224,264.0,0.0,0.0
21.56111111111111,264.0,0.0,0.0
21.5625,264.0,0.0,0.0
21.56388888888889,264.0,0.0,0.0
21.565277777777776,264.0,0.0,0.0
21.566666666666666,297.0,0.0,0.0
21.568055555555556,297.0,0.0,0.0
21.569444444444443,297.0,0.0,0.0
21.570833333333333,297.0,0.0,0.0
21.572222222222223,297.0,0.0,0.0
21.573611111111113,297.0,0.0,0.0
21.575,297.0,0.0,0.0
21.57638888888889,297.0,0.0,0.0
21.57777777777778,297.0,0.0,0.0
21.579166666666666,297.0,0.0,0.0
21.580555555555556,297.0,0.0,0.0
21.581944444444446,297.0,0.0,0.0
21.583333333333332,319.0,0.0,0.0
21.584722222222222,319.0,0.0,0.0
21.586111111111112,319.0,0.0,0.0
21.5875,319.0,0.0,0.0
21.58888888888889,319.0,0.0,0.0
21.59027777777778,319.0,0.0,0.0
21.591666666666665,319.0,0.0,0.0
21.593055555555555,319.0,0.0,0.0
21.594444444444445,319.0,0.0,0.0
21.595833333333335,319.0,0.0,0.0
21.59722222222222,319.0,0.0,0.0
21.59861111111111,319.0,0.0,0.0
21.6,330.0,0.0,0.0
21.601388888888888,330.0,0.0,0.0
21.602777777777778,330.0,0.0,0.0
21.604166666666668,330.0,0.0,0.0
21.605555555555554,330.0,0.0,0.0
21.606944444444444,330.0,0.0,0.0
21.608333333333334,330.0,0.0,0.0
21.60972222222222,330.0,0.0,0.0
21.61111111111111,330.0,0.0,0.0
21.6125,330.0,0.0,0.0
21.613888888888887,330.0,0.0,0.0
21.615277777777777,330.0,0.0,0.0
21.616666666666667,341.0,0.0,0.0
21.618055555555557,341.0,0.0,0.0
21.619444444444444,341.0,0.0,0.0
21.620833333333334,341.0,0.0,0.0
21.622222222222224,341.0,0.0,0.0
21.62361111111111,341.0,0.0,0.0
21.625,341.0,0.0,0.0
21.62638888888889,341.0,0.0,0.0
21.627777777777776,341.0,0.0,0.0
21.629166666666666,341.0,0.0,0.0
21.630555555555556,341.0,0.0,0.0
21.631944444444443,341.0,0.0,0.0
21.633333333333333,341.0,0.0,0.0
21.634722222222223,341.0,0.0,0.0
21.636111111111113,341.0,0.0,0.0
21.6375,341.0,0.0,0.0
21.63888888888889,341.0,0.0,0.0
21.64027777777778,341.0,0.0,0.0
21.641666666666666,341.0,0.0,0.0
21.643055555555556,341.0,0.0,0.0
21.644444444444446,341.0,0.0,0.0
21.645833333333332,341.0,0.0,0.0
21.647222222222222,341.0,0.0,0.0
21.648611111111112,341.0,0.0,0.0
21.65,341.0,0.0,0.0
21.65138888888889,341.0,0.0,0.0
21.65277777777778,341.0,0.0,0.0
21.654166666666665,341.0,0.0,0.0
21.655555555555555,341.0,0.0,0.0
21.656944444444445,341.0,0.0,0.0
21.658333333333335,341.0,0.0,0.0
21.65972222222222,341.0,0.0,0.0
21.66111111111111,341.0,0.0,0.0
21.6625,341.0,0.0,0.0
21.663888888888888,341.0,0.0,0.0
21.665277777777778,341.0,0.0,0.0
21.666666666666668,341.0,0.0,0.0
21.668055555555554,341.0,0.0,0.0
21.669444444444444,341.0,0.0,0.0
21.670833333333334,341.0,0.0,0.0
21.67222222222222,341.0,0.0,0.0
21.67361111111111,341.0,0.0,0.0
21.675,341.0,0.0,0.0
21.676388888888887,341.0,0.0,0.0
21.677777777777777,341.0,0.0,0.0
21.679166666666667,341.0,0.0,0.0
21.680555555555557,341.0,0.0,0.0
21.681944444444444,341.0,0.0,0.0
21.683333333333334,341.0,0.0,0.0
21.684722222222224,341.0,0.0,0.0
21.68611111111111,341.0,0.0,0.0
21.6875,341.0,0.0,0.0
21.68888888888889,341.0,0.0,0.0
21.690277777777776,341.0,0.0,0.0
21.691666666666666,341.0,0.0,0.0
21.693055555555556,341.0,0.0,0.0
21.694444444444443,341.0,0.0,0.0
21.695833333333333,341.0,0.0,0.0
21.697222222222223,341.0,0.0,0.0
21.698611111111113,341.0,0.0,0.0
21.7,341.0,0.0,0.0
21.70138888888889,341.0,0.0,0.0
21.70277777777778,341.0,0.0,0.0
21.704166666666666,341.0,0.0,0.0
21.705555555555556,341.0,0.0,0.0
21.706944444444446,341.0,0.0,0.0
21.708333333333332,341.0,0.0,0.0
21.709722222222222,341.0,0.0,0.0
21.711111111111112,341.0,0.0,0.0
21.7125,341.0,0.0,0.0
21.71388888888889,341.0,0.0,0.0
21.71527777777778,341.0,0.0,0.0
21.716666666666665,352.0,0.0,0.0
21.718055555555555,352.0,0.0,0.0
21.719444444444445,352.0,0.0,0.0
21.720833333333335,352.0,0.0,0.0
21.72222222222222,352.0,0.0,0.0
21.72361111111111,352.0,0.0,0.0
21.725,352.0,0.0,0.0
21.726388888888888,352.0,0.0,0.0
21.727777777777778,352.0,0.0,0.0
21.729166666666668,352.0,0.0,0.0
21.730555555555554,352.0,0.0,0.0
21.731944444444444,352.0,0.0,0.0
21.733333333333334,352.0,0.0,0.0
21.73472222222222,352.0,0.0,0.0
21.73611111111111,352.0,0.0,0.0
21.7375,352.0,0.0,0.0
21.738888888888887,352.0,0.0,0.0
21.740277777777777,352.0,0.0,0.0
21.741666666666667,352.0,0.0,0.0
21.743055555555557,352.0,0.0,0.0
21.744444444444444,352.0,0.0,0.0
21.745833333333334,352.0,0.0,0.0
21.747222222222224,352.0,0.0,0.0
21.74861111111111,352.0,0.0,0.0
21.75,352.0,0.0,0.0
21.75138888888889,352.0,0.0,0.0
21.752777777777776,352.0,0.0,0.0
21.754166666666666,352.0,0.0,0.0
21.755555555555556,352.0,0.0,0.0
21.756944444444443,352.0,0.0,0.0
21.758333333333333,352.0,0.0,0.0
21.759722222222223,352.0,0.0,0.0
21.761111111111113,352.0,0.0,0.0
21.7625,352.0,0.0,0.0
21.76388888888889,352.0,0.0,0.0
21.76527777777778,352.0,0.0,0.0
21.766666666666666,352.0,0.0,0.0
21.768055555555556,352.0,0.0,0.0
21.769444444444446,352.0,0.0,0.0
21.770833333333332,352.0,0.0,0.0
21.772222222222222,352.0,0.0,0.0
21.773611111111112,352.0,0.0,0.0
21.775,352.0,0.0,0.0
21.77638888888889,352.0,0.0,0.0
21.77777777777778,352.0,0.0,0.0
21.779166666666665,352.0,0.0,0.0
21.780555555555555,352.0,0.0,0.0
21.781944444444445,352.0,0.0,0.0
21.783333333333335,352.0,0.0,0.0
21.78472222222222,352.0,0.0,0.0
21.78611111111111,352.0,0.0,0.0
21.7875,352.0,0.0,0.0
21.788888888888888,352.0,0.0,0.0
21.790277777777778,352.0,0.0,0.0
21.791666666666668,352.0,0.0,0.0
21.793055555555554,352.0,0.0,0.0
21.794444444444444,352.0,0.0,0.0
21.795833333333334,352.0,0.0,0.0
21.79722222222222,352.0,0.0,0.0
21.79861111111111,352.0,0.0,0.0
21.8,374.0,0.0,0.0
21.801388888888887,374.0,0.0,0.0
21.802777777777777,374.0,0.0,0.0
21.804166666666667,374.0,0.0,0.0
21.805555555555557,374.0,0.0,0.0
21.806944444444444,374.0,0.0,0.0
21.808333333333334,374.0,0.0,0.0
21.809722222222224,374.0,0.0,0.0
21.81111111111111,374.0,0.0,0.0
21.8125,374.0,0.0,0.0
21.81388888888889,374.0,0.0,0.0
21.815277777777776,374.0,0.0,0.0
21.816666666666666,374.0,0.0,0.0
21.818055555555556,374.0,0.0,0.0
21.819444444444443,374.0,0.0,0.0
21.820833333333333,374.0,0.0,0.0
21.822222222222223,374.0,0.0,0.0
21.823611111111113,374.0,0.0,0.0
21.825,374.0,0.0,0.0
21.82638888888889,374.0,0.0,0.0
21.82777777777778,374.0,0.0,0.0
21.829166666666666,374.0,0.0,0.0
21.830555555555556,374.0,0.0,0.0
21.831944444444446,374.0,0.0,0.0
21.833333333333332,385.0,0.0,0.0
21.834722222222222,385.0,0.0,0.0
21.836111111111112,385.0,0.0,0.0
21.8375,385.0,0.0,0.0
21.83888888888889,385.0,0.0,0.0
21.84027777777778,385.0,0.0,0.0
21.841666666666665,385.0,0.0,0.0
21.843055555555555,385.0,0.0,0.0
21.844444444444445,385.0,0.0,0.0
21.845833333333335,385.0,0.0,0.0
21.84722222222222,385.0,0.0,0.0
21.84861111111111,385.0,0.0,0.0
21.85,396.0,0.0,0.0
21.851388888888888,396.0,0.0,0.0
21.852777777777778,396.0,0.0,0.0
21.854166666666668,396.0,0.0,0.0
21.855555555555554,396.0,0.0,0.0
21.856944444444444,396.0,0.0,0.0
21.858333333333334,396.0,0.0,0.0
21.85972222222222,396.0,0.0,0.0
21.86111111111111,396.0,0.0,0.0
21.8625,396.0,0.0,0.0
21.863888888888887,396.0,0.0,0.0
21.865277777777777,396.0,0.0,0.0
21.866666666666667,396.0,0.0,0.0
21.868055555555557,396.0,0.0,0.0
21.869444444444444,396.0,0.0,0.0
21.870833333333334,396.0,0.0,0.0
21.872222222222224,396.0,0.0,0.0
21.87361111111111,396.0,0.0,0.0
21.875,396.0,0.0,0.0
21.87638888888889,396.0,0.0,0.0
21.877777777777776,396.0,0.0,0.0
21.879166666666666,396.0,0.0,0.0
21.880555555555556,396.0,0.0,0.0
21.881944444444443,396.0,0.0,0.0
21.883333333333333,396.0,0.0,0.0
21.884722222222223,396.0,0.0,0.0
21.886111111111113,396.0,0.0,0.0
21.8875,396.0,0.0,0.0
21.88888888888889,396.0,0.0,0.0
21.89027777777778,396.0,0.0,0.0
21.891666666666666,396.0,0.0,0.0
21.893055555555556,396.0,0.0,0.0
21.894444444444446,396.0,0.0,0.0
21.895833333333332,396.0,0.0,0.0
21.897222222222222,396.0,0.0,0.0
21.898611111111112,396.0,0.0,0.0
21.9,407.0,0.0,0.0
21.90138888888889,407.0,0.0,0.0
21.90277777777778,407.0,0.0,0.0
21.904166666666665,407.0,0.0,0.0
21.905555555555555,407.0,0.0,0.0
21.906944444444445,407.0,0.0,0.0
21.908333333333335,407.0,0.0,0.0
21.90972222222222,407.0,0.0,0.0
21.91111111111111,407.0,0.0,0.0
21.9125,407.0,0.0,0.0
21.913888888888888,407.0,0.0,0.0
21.915277777777778,407.0,0.0,0.0
21.916666666666668,407.0,0.0,0.0
21.918055555555554,407.0,0.0,0.0
21.919444444444444,407.0,0.0,0.0
21.920833333333334,407.0,0.0,0.0
21.92222222222222,407.0,0.0,0.0
21.92361111111111,407.0,0.0,0.0
21.925,407.0,0.0,0.0
21.926388888888887,407.0,0.0,0.0
21.927777777777777,407.0,0.0,0.0
21.929166666666667,407.0,0.0,0.0
21.930555555555557,407.0,0.0,0.0
21.931944444444444,407.0,0.0,0.0
21.933333333333334,418.0,0.0,0.0
21.934722222222224,418.0,0.0,0.0
21.93611111111111,418.0,0.0,0.0
21.9375,418.0,0.0,0.0
21.93888888888889,418.0,0.0,0.0
21.940277777777776,418.0,0.0,0.0
21.941666666666666,418.0,0.0,0.0
21.943055555555556,418.0,0.0,0.0
21.944444444444443,418.0,0.0,0.0
21.945833333333333,418.0,0.0,0.0
21.947222222222223,418.0,0.0,0.0
21.948611111111113,418.0,0.0,0.0
21.95,418.0,0.0,0.0
21.95138888888889,418.0,0.0,0.0
21.95277777777778,418.0,0.0,0.0
21.954166666666666,418.0,0.0,0.0
21.955555555555556,418.0,0.0,0.0
21.956944444444446,418.0,0.0,0.0
21.958333333333332,418.0,0.0,0.0
21.959722222222222,418.0,0.0,0.0
21.961111111111112,418.0,0.0,0.0
21.9625,418.0,0.0,0.0
21.96388888888889,418.0,0.0,0.0
21.96527777777778,418.0,0.0,0.0
21.966666666666665,418.0,0.0,0.0
21.968055555555555,418.0,0.0,0.0
21.969444444444445,418.0,0.0,0.0
21.970833333333335,418.0,0.0,0.0
21.97222222222222,418.0,0.0,0.0
21.97361111111111,418.0,0.0,0.0
21.975,418.0,0.0,0.0
21.976388888888888,418.0,0.0,0.0
21.977777777777778,418.0,0.0,0.0
21.979166666666668,418.0,0.0,0.0
21.980555555555554,418.0,0.0,0.0
21.981944444444444,418.0,0.0,0.0
21.983333333333334,418.0,0.0,0.0
21.98472222222222,418.0,0.0,0.0
21.98611111111111,418.0,0.0,0.0
21.9875,418.0,0.0,0.0
21.988888888888887,418.0,0.0,0.0
21.990277777777777,418.0,0.0,0.0
21.991666666666667,418.0,0.0,0.0
21.993055555555557,418.0,0.0,0.0
21.994444444444444,418.0,0.0,0.0
21.995833333333334,418.0,0.0,0.0
21.997222222222224,418.0,0.0,0.0
21.99861111111111,418.0,0.0,0.0
22.0,418.0,0.0,0.0
22.00138888888889,418.0,0.0,0.0
22.002777777777776,418.0,0.0,0.0
22.004166666666666,418.0,0.0,0.0
22.005555555555556,418.0,0.0,0.0
22.006944444444443,418.0,0.0,0.0
22.008333333333333,418.0,0.0,0.0
22.009722222222223,418.0,0.0,0.0
22.011111111111113,418.0,0.0,0.0
22.0125,418.0,0.0,0.0
22.01388888888889,418.0,0.0,0.0
22.01527777777778,418.0,0.0,0.0
22.016666666666666,418.0,0.0,0.0
22.018055555555556,418.0,0.0,0.0
22.019444444444446,418.0,0.0,0.0
22.020833333333332,418.0,0.0,0.0
22.022222222222222,418.0,0.0,0.0
22.023611111111112,418.0,0.0,0.0
22.025,418.0,0.0,0.0
22.02638888888889,418.0,0.0,0.0
22.02777777777778,418.0,0.0,0.0
22.029166666666665,418.0,0.0,0.0
22.030555555555555,418.0,0.0,0.0
22.031944444444445,418.0,0.0,0.0
22.033333333333335,418.0,0.0,0.0
22.03472222222222,418.0,0.0,0.0
22.03611111111111,418.0,0.0,0.0
22.0375,418.0,0.0,0.0
22.038888888888888,418.0,0.0,0.0
22.040277777777778,418.0,0.0,0.0
22.041666666666668,418.0,0.0,0.0
22.043055555555554,418.0,0.0,0.0
22.044444444444444,418.0,0.0,0.0
22.045833333333334,418.0,0.0,0.0
22.04722222222222,418.0,0.0,0.0
22.04861111111111,418.0,0.0,0.0
22.05,418.0,0.0,0.0
22.051388888888887,418.0,0.0,0.0
22.052777777777777,418.0,0.0,0.0
22.054166666666667,418.0,0.0,0.0
22.055555555555557,418.0,0.0,0.0
22.056944444444444,418.0,0.0,0.0
22.058333333333334,418.0,0.0,0.0
22.059722222222224,418.0,0.0,0.0
22.06111111111111,418.0,0.0,0.0
22.0625,418.0,0.0,0.0
22.06388888888889,418.0,0.0,0.0
22.065277777777776,418.0,0.0,0.0
22.066666666666666,418.0,0.0,0.0
22.068055555555556,418.0,0.0,0.0
22.069444444444443,418.0,0.0,0.0
22.070833333333333,418.0,0.0,0.0
22.072222222222223,418.0,0.0,0.0
22.073611111111113,418.0,0.0,0.0
22.075,418.0,0.0,0.0
22.07638888888889,418.0,0.0,0.0
22.07777777777778,418.0,0.0,0.0
22.079166666666666,418.0,0.0,0.0
22.080555555555556,418.0,0.0,0.0
22.081944444444446,418.0,0.0,0.0
22.083333333333332,418.0,0.0,0.0
22.084722222222222,418.0,0.0,0.0
22.086111111111112,418.0,0.0,0.0
22.0875,418.0,0.0,0.0
22.08888888888889,418.0,0.0,0.0
22.09027777777778,418.0,0.0,0.0
22.091666666666665,418.0,0.0,0.0
22.093055555555555,418.0,0.0,0.0
22.094444444444445,418.0,0.0,0.0
22.095833333333335,418.0,0.0,0.0
22.09722222222222,418.0,0.0,0.0
22.09861111111111,418.0,0.0,0.0
22.1,418.0,0.0,0.0
22.101388888888888,418.0,0.0,0.0
22.102777777777778,418.0,0.0,0.0
22.104166666666668,418.0,0.0,0.0
22.105555555555554,418.0,0.0,0.0
22.106944444444444,418.0,0.0,0.0
22.108333333333334,418.0,0.0,0.0
22.10972222222222,418.0,0.0,0.0
22.11111111111111,418.0,0.0,0.0
22.1125,418.0,0.0,0.0
22.113888888888887,418.0,0.0,0.0
22.115277777777777,418.0,0.0,0.0
22.116666666666667,418.0,0.0,0.0
22.118055555555557,418.0,0.0,0.0
22.119444444444444,418.0,0.0,0.0
22.120833333333334,418.0,0.0,0.0
22.122222222222224,418.0,0.0,0.0
22.12361111111111,418.0,0.0,0.0
22.125,418.0,0.0,0.0
22.12638888888889,418.0,0.0,0.0
22.127777777777776,418.0,0.0,0.0
22.129166666666666,418.0,0.0,0.0
22.130555555555556,418.0,0.0,0.0
22.131944444444443,418.0,0.0,0.0
22.133333333333333,418.0,0.0,0.0
22.134722222222223,418.0,0.0,0.0
22.136111111111113,418.0,0.0,0.0
22.1375,418.0,0.0,0.0
22.13888888888889,418.0,0.0,0.0
22.14027777777778,418.0,0.0,0.0
22.141666666666666,418.0,0.0,0.0
22.143055555555556,418.0,0.0,0.0
22.144444444444446,418.0,0.0,0.0
22.145833333333332,418.0,0.0,0.0
22.147222222222222,418.0,0.0,0.0
22.148611111111112,418.0,0.0,0.0
22.15,418.0,0.0,0.0
22.15138888888889,418.0,0.0,0.0
22.15277777777778,418.0,0.0,0.0
22.154166666666665,418.0,0.0,0.0
22.155555555555555,418.0,0.0,0.0
22.156944444444445,418.0,0.0,0.0
22.158333333333335,418.0,0.0,0.0
22.15972222222222,418.0,0.0,0.0
22.16111111111111,418.0,0.0,0.0
22.1625,418.0,0.0,0.0
22.163888888888888,418.0,0.0,0.0
22.165277777777778,418.0,0.0,0.0
22.166666666666668,429.0,0.0,0.0
22.168055555555554,429.0,0.0,0.0
22.169444444444444,429.0,0.0,0.0
22.170833333333334,429.0,0.0,0.0
22.17222222222222,429.0,0.0,0.0
22.17361111111111,429.0,0.0,0.0
22.175,429.0,0.0,0.0
22.176388888888887,429.0,0.0,0.0
22.177777777777777,429.0,0.0,0.0
22.179166666666667,429.0,0.0,0.0
22.180555555555557,429.0,0.0,0.0
22.181944444444444,429.0,0.0,0.0
22.183333333333334,429.0,0.0,0.0
22.184722222222224,429.0,0.0,0.0
22.18611111111111,429.0,0.0,0.0
22.1875,429.0,0.0,0.0
22.18888888888889,429.0,0.0,0.0
22.190277777777776,429.0,0.0,0.0
22.191666666666666,429.0,0.0,0.0
22.193055555555556,429.0,0.0,0.0
22.194444444444443,429.0,0.0,0.0
22.195833333333333,429.0,0.0,0.0
22.197222222222223,429.0,0.0,0.0
22.198611111111113,429.0,0.0,0.0
22.2,429.0,0.0,0.0
22.20138888888889,429.0,0.0,0.0
22.20277777777778,429.0,0.0,0.0
22.204166666666666,429.0,0.0,0.0
22.205555555555556,429.0,0.0,0.0
22.206944444444446,429.0,0.0,0.0
22.208333333333332,429.0,0.0,0.0
22.209722222222222,429.0,0.0,0.0
22.211111111111112,429.0,0.0,0.0
22.2125,429.0,0.0,0.0
22.21388888888889,429.0,0.0,0.0
22.21527777777778,429.0,0.0,0.0
22.216666666666665,429.0,0.0,0.0
22.218055555555555,429.0,0.0,0.0
22.219444444444445,429.0,0.0,0.0
22.220833333333335,429.0,0.0,0.0
22.22222222222222,429.0,0.0,0.0
22.22361111111111,429.0,0.0,0.0
22.225,429.0,0.0,0.0
22.226388888888888,429.0,0.0,0.0
22.227777777777778,429.0,0.0,0.0
22.229166666666668,429.0,0.0,0.0
22.230555555555554,429.0,0.0,0.0
22.231944444444444,429.0,0.0,0.0
22.233333333333334,429.0,0.0,0.0
22.23472222222222,429.0,0.0,0.0
22.23611111111111,429.0,0.0,0.0
22.2375,429.0,0.0,0.0
22.238888888888887,429.0,0.0,0.0
22.240277777777777,429.0,0.0,0.0
22.241666666666667,429.0,0.0,0.0
22.243055555555557,429.0,0.0,0.0
22.244444444444444,429.0,0.0,0.0
22.245833333333334,429.0,0.0,0.0
22.247222222222224,429.0,0.0,0.0
22.24861111111111,429.0,0.0,0.0
22.25,429.0,0.0,0.0
22.25138888888889,429.0,0.0,0.0
22.252777777777776,429.0,0.0,0.0
22.254166666666666,429.0,0.0,0.0
22.255555555555556,429.0,0.0,0.0
22.256944444444443,429.0,0.0,0.0
22.258333333333333,429.0,0.0,0.0
22.259722222222223,429.0,0.0,0.0
22.261111111111113,429.0,0.0,0.0
22.2625,429.0,0.0,0.0
22.26388888888889,429.0,0.0,0.0
22.26527777777778,429.0,0.0,0.0
22.266666666666666,429.0,0.0,0.0
22.268055555555556,429.0,0.0,0.0
22.269444444444446,429.0,0.0,0.0
22.270833333333332,429.0,0.0,0.0
22.272222222222222,429.0,0.0,0.0
22.273611111111112,429.0,0.0,0.0
22.275,429.0,0.0,0.0
22.27638888888889,429.0,0.0,0.0
22.27777777777778,429.0,0.0,0.0
22.279166666666665,429.0,0.0,0.0
22.280555555555555,429.0,0.0,0.0
22.281944444444445,429.0,0.0,0.0
22.283333333333335,429.0,0.0,0.0
22.28472222222222,429.0,0.0,0.0
22.28611111111111,429.0,0.0,0.0
22.2875,429.0,0.0,0.0
22.288888888888888,429.0,0.0,0.0
22.290277777777778,429.0,0.0,0.0
22.291666666666668,429.0,0.0,0.0
22.293055555555554,429.0,0.0,0.0
22.294444444444444,429.0,0.0,0.0
22.295833333333334,429.0,0.0,0.0
22.29722222222222,429.0,0.0,0.0
22.29861111111111,429.0,0.0,0.0
22.3,429.0,0.0,0.0
22.301388888888887,429.0,0.0,0.0
22.302777777777777,429.0,0.0,0.0
22.304166666666667,429.0,0.0,0.0
22.305555555555557,429.0,0.0,0.0
22.306944444444444,429.0,0.0,0.0
22.308333333333334,429.0,0.0,0.0
22.309722222222224,429.0,0.0,0.0
22.31111111111111,429.0,0.0,0.0
22.3125,429.0,0.0,0.0
22.31388888888889,429.0,0.0,0.0
22.315277777777776,429.0,0.0,0.0
22.316666666666666,429.0,0.0,0.0
22.318055555555556,429.0,0.0,0.0
22.319444444444443,429.0,0.0,0.0
22.320833333333333,429.0,0.0,0.0
22.322222222222223,429.0,0.0,0.0
22.323611111111113,429.0,0.0,0.0
22.325,429.0,0.0,0.0
22.32638888888889,429.0,0.0,0.0
22.32777777777778,429.0,0.0,0.0
22.329166666666666,429.0,0.0,0.0
22.330555555555556,429.0,0.0,0.0
22.331944444444446,429.0,0.0,0.0
22.333333333333332,429.0,0.0,0.0
22.334722222222222,429.0,0.0,0.0
22.336111111111112,429.0,0.0,0.0
22.3375,429.0,0.0,0.0
22.33888888888889,429.0,0.0,0.0
22.34027777777778,429.0,0.0,0.0
22.341666666666665,429.0,0.0,0.0
22.343055555555555,429.0,0.0,0.0
22.344444444444445,429.0,0.0,0.0
22.345833333333335,429.0,0.0,0.0
22.34722222222222,429.0,0.0,0.0
22.34861111111111,429.0,0.0,0.0
22.35,429.0,0.0,0.0
22.351388888888888,429.0,0.0,0.0
22.352777777777778,429.0,0.0,0.0
22.354166666666668,429.0,0.0,0.0
22.355555555555554,429.0,0.0,0.0
22.356944444444444,429.0,0.0,0.0
22.358333333333334,429.0,0.0,0.0
22.35972222222222,429.0,0.0,0.0
22.36111111111111,429.0,0.0,0.0
22.3625,429.0,0.0,0.0
22.363888888888887,429.0,0.0,0.0
22.365277777777777,429.0,0.0,0.0
22.366666666666667,429.0,0.0,0.0
22.368055555555557,429.0,0.0,0.0
22.369444444444444,429.0,0.0,0.0
22.370833333333334,429.0,0.0,0.0
22.372222222222224,429.0,0.0,0.0
22.37361111111111,429.0,0.0,0.0
22.375,429.0,0.0,0.0
22.37638888888889,429.0,0.0,0.0
22.377777777777776,429.0,0.0,0.0
22.379166666666666,429.0,0.0,0.0
22.380555555555556,429.0,0.0,0.0
22.381944444444443,429.0,0.0,0.0
22.383333333333333,429.0,0.0,0.0
22.384722222222223,429.0,0.0,0.0
22.386111111111113,429.0,0.0,0.0
22.3875,429.0,0.0,0.0
22.38888888888889,429.0,0.0,0.0
22.39027777777778,429.0,0.0,0.0
22.391666666666666,429.0,0.0,0.0
22.393055555555556,429.0,0.0,0.0
22.394444444444446,429.0,0.0,0.0
22.395833333333332,429.0,0.0,0.0
22.397222222222222,429.0,0.0,0.0
22.398611111111112,429.0,0.0,0.0
22.4,429.0,0.0,0.0
22.40138888888889,429.0,0.0,0.0
22.40277777777778,429.0,0.0,0.0
22.404166666666665,429.0,0.0,0.0
22.405555555555555,429.0,0.0,0.0
22.406944444444445,429.0,0.0,0.0
22.408333333333335,429.0,0.0,0.0
22.40972222222222,429.0,0.0,0.0
22.41111111111111,429.0,0.0,0.0
22.4125,429.0,0.0,0.0
22.413888888888888,429.0,0.0,0.0
22.415277777777778,429.0,0.0,0.0
22.416666666666668,429.0,0.0,0.0
22.418055555555554,429.0,0.0,0.0
22.419444444444444,429.0,0.0,0.0
22.420833333333334,429.0,0.0,0.0
22.42222222222222,429.0,0.0,0.0
22.42361111111111,429.0,0.0,0.0
22.425,429.0,0.0,0.0
22.426388888888887,429.0,0.0,0.0
22.427777777777777,429.0,0.0,0.0
22.429166666666667,429.0,0.0,0.0
22.430555555555557,429.0,0.0,0.0
22.431944444444444,429.0,0.0,0.0
22.433333333333334,429.0,0.0,0.0
22.434722222222224,429.0,0.0,0.0
22.43611111111111,429.0,0.0,0.0
22.4375,429.0,0.0,0.0
22.43888888888889,429.0,0.0,0.0
22.440277777777776,429.0,0.0,0.0
22.441666666666666,429.0,0.0,0.0
22.443055555555556,429.0,0.0,0.0
22.444444444444443,429.0,0.0,0.0
22.445833333333333,429.0,0.0,0.0
22.447222222222223,429.0,0.0,0.0
22.448611111111113,429.0,0.0,0.0
22.45,429.0,0.0,0.0
22.45138888888889,429.0,0.0,0.0
22.45277777777778,429.0,0.0,0.0
22.454166666666666,429.0,0.0,0.0
22.455555555555556,429.0,0.0,0.0
22.456944444444446,429.0,0.0,0.0
22.458333333333332,429.0,0.0,0.0
22.459722222222222,429.0,0.0,0.0
22.461111111111112,429.0,0.0,0.0
22.4625,429.0,0.0,0.0
22.46388888888889,429.0,0.0,0.0
22.46527777777778,429.0,0.0,0.0
22.466666666666665,429.0,0.0,0.0
22.468055555555555,429.0,0.0,0.0
22.469444444444445,429.0,0.0,0.0
22.470833333333335,429.0,0.0,0.0
22.47222222222222,429.0,0.0,0.0
22.47361111111111,429.0,0.0,0.0
22.475,429.0,0.0,0.0
22.476388888888888,429.0,0.0,0.0
22.477777777777778,429.0,0.0,0.0
22.479166666666668,429.0,0.0,0.0
22.480555555555554,429.0,0.0,0.0
22.481944444444444,429.0,0.0,0.0
22.483333333333334,429.0,0.0,0.0
22.48472222222222,429.0,0.0,0.0
22.48611111111111,429.0,0.0,0.0
22.4875,429.0,0.0,0.0
22.488888888888887,429.0,0.0,0.0
22.490277777777777,429.0,0.0,0.0
22.491666666666667,429.0,0.0,0.0
22.493055555555557,429.0,0.0,0.0
22.494444444444444,429.0,0.0,0.0
22.495833333333334,429.0,0.0,0.0
22.497222222222224,429.0,0.0,0.0
22.49861111111111,429.0,0.0,0.0
22.5,429.0,0.0,0.0
22.50138888888889,429.0,0.0,0.0
22.502777777777776,429.0,0.0,0.0
22.504166666666666,429.0,0.0,0.0
22.505555555555556,429.0,0.0,0.0
22.506944444444443,429.0,0.0,0.0
22.508333333333333,429.0,0.0,0.0
22.509722222222223,429.0,0.0,0.0
22.511111111111113,429.0,0.0,0.0
22.5125,429.0,0.0,0.0
22.51388888888889,429.0,0.0,0.0
22.51527777777778,429.0,0.0,0.0
22.516666666666666,429.0,0.0,0.0
22.518055555555556,429.0,0.0,0.0
22.519444444444446,429.0,0.0,0.0
22.520833333333332,429.0,0.0,0.0
22.522222222222222,429.0,0.0,0.0
22.523611111111112,429.0,0.0,0.0
22.525,429.0,0.0,0.0
22.52638888888889,429.0,0.0,0.0
22.52777777777778,429.0,0.0,0.0
22.529166666666665,429.0,0.0,0.0
22.530555555555555,429.0,0.0,0.0
22.531944444444445,429.0,0.0,0.0
22.533333333333335,429.0,0.0,0.0
22.53472222222222,429.0,0.0,0.0
22.53611111111111,429.0,0.0,0.0
22.5375,429.0,0.0,0.0
22.538888888888888,429.0,0.0,0.0
22.540277777777778,429.0,0.0,0.0
22.541666666666668,429.0,0.0,0.0
22.543055555555554,429.0,0.0,0.0
22.544444444444444,429.0,0.0,0.0
22.545833333333334,429.0,0.0,0.0
22.54722222222222,429.0,0.0,0.0
22.54861111111111,429.0,0.0,0.0
22.55,429.0,0.0,0.0
22.551388888888887,429.0,0.0,0.0
22.552777777777777,429.0,0.0,0.0
22.554166666666667,429.0,0.0,0.0
22.555555555555557,429.0,0.0,0.0
22.556944444444444,429.0,0.0,0.0
22.558333333333334,429.0,0.0,0.0
22.559722222222224,429.0,0.0,0.0
22.56111111111111,429.0,0.0,0.0
22.5625,429.0,0.0,0.0
22.56388888888889,429.0,0.0,0.0
22.565277777777776,429.0,0.0,0.0
22.566666666666666,429.0,0.0,0.0
22.568055555555556,429.0,0.0,0.0
22.569444444444443,429.0,0.0,0.0
22.570833333333333,429.0,0.0,0.0
22.572222222222223,429.0,0.0,0.0
22.573611111111113,429.0,0.0,0.0
22.575,429.0,0.0,0.0
22.57638888888889,429.0,0.0,0.0
22.57777777777778,429.0,0.0,0.0
22.579166666666666,429.0,0.0,0.0
22.580555555555556,429.0,0.0,0.0
22.581944444444446,429.0,0.0,0.0
22.583333333333332,429.0,0.0,0.0
22.584722222222222,429.0,0.0,0.0
22.586111111111112,429.0,0.0,0.0
22.5875,429.0,0.0,0.0
22.58888888888889,429.0,0.0,0.0
22.59027777777778,429.0,0.0,0.0
22.591666666666665,429.0,0.0,0.0
22.593055555555555,429.0,0.0,0.0
22.594444444444445,429.0,0.0,0.0
22.595833333333335,429.0,0.0,0.0
22.59722222222222,429.0,0.0,0.0
22.59861111111111,429.0,0.0,0.0
22.6,429.0,0.0,0.0
22.601388888888888,429.0,0.0,0.0
22.602777777777778,429.0,0.0,0.0
22.604166666666668,429.0,0.0,0.0
22.605555555555554,429.0,0.0,0.0
22.606944444444444,429.0,0.0,0.0
22.608333333333334,429.0,0.0,0.0
22.60972222222222,429.0,0.0,0.0
22.61111111111111,429.0,0.0,0.0
22.6125,429.0,0.0,0.0
22.613888888888887,429.0,0.0,0.0
22.615277777777777,429.0,0.0,0.0
22.616666666666667,429.0,0.0,0.0
22.618055555555557,429.0,0.0,0.0
22.619444444444444,429.0,0.0,0.0
22.620833333333334,429.0,0.0,0.0
22.622222222222224,429.0,0.0,0.0
22.62361111111111,429.0,0.0,0.0
22.625,429.0,0.0,0.0
22.62638888888889,429.0,0.0,0.0
22.627777777777776,429.0,0.0,0.0
22.629166666666666,429.0,0.0,0.0
22.630555555555556,429.0,0.0,0.0
22.631944444444443,429.0,0.0,0.0
22.633333333333333,429.0,0.0,0.0
22.634722222222223,429.0,0.0,0.0
22.636111111111113,429.0,0.0,0.0
22.6375,429.0,0.0,0.0
22.63888888888889,429.0,0.0,0.0
22.64027777777778,429.0,0.0,0.0
22.641666666666666,429.0,0.0,0.0
22.643055555555556,429.0,0.0,0.0
22.644444444444446,429.0,0.0,0.0
22.645833333333332,429.0,0.0,0.0
22.647222222222222,429.0,0.0,0.0
22.648611111111112,429.0,0.0,0.0
22.65,429.0,0.0,0.0
22.65138888888889,429.0,0.0,0.0
22.65277777777778,429.0,0.0,0.0
22.654166666666665,429.0,0.0,0.0
22.655555555555555,429.0,0.0,0.0
22.656944444444445,429.0,0.0,0.0
22.658333333333335,429.0,0.0,0.0
22.65972222222222,429.0,0.0,0.0
22.66111111111111,429.0,0.0,0.0
22.6625,429.0,0.0,0.0
22.663888888888888,429.0,0.0,0.0
22.665277777777778,429.0,0.0,0.0
22.666666666666668,429.0,0.0,0.0
22.668055555555554,429.0,0.0,0.0
22.669444444444444,429.0,0.0,0.0
22.670833333333334,429.0,0.0,0.0
22.67222222222222,429.0,0.0,0.0
22.67361111111111,429.0,0.0,0.0
22.675,429.0,0.0,0.0
22.676388888888887,429.0,0.0,0.0
22.677777777777777,429.0,0.0,0.0
22.679166666666667,429.0,0.0,0.0
22.680555555555557,429.0,0.0,0.0
22.681944444444444,429.0,0.0,0.0
22.683333333333334,429.0,0.0,0.0
22.684722222222224,429.0,0.0,0.0
22.68611111111111,429.0,0.0,0.0
22.6875,429.0,0.0,0.0
22.68888888888889,429.0,0.0,0.0
22.690277777777776,429.0,0.0,0.0
22.691666666666666,429.0,0.0,0.0
22.693055555555556,429.0,0.0,0.0
22.694444444444443,429.0,0.0,0.0
22.695833333333333,429.0,0.0,0.0
22.697222222222223,429.0,0.0,0.0
22.698611111111113,429.0,0.0,0.0
22.7,429.0,0.0,0.0
22.70138888888889,429.0,0.0,0.0
22.70277777777778,429.0,0.0,0.0
22.704166666666666,429.0,0.0,0.0
22.705555555555556,429.0,0.0,0.0
22.706944444444446,429.0,0.0,0.0
22.708333333333332,429.0,0.0,0.0
22.709722222222222,429.0,0.0,0.0
22.711111111111112,429.0,0.0,0.0
22.7125,429.0,0.0,0.0
22.71388888888889,429.0,0.0,0.0
22.71527777777778,429.0,0.0,0.0
22.716666666666665,429.0,0.0,0.0
22.718055555555555,429.0,0.0,0.0
22.719444444444445,429.0,0.0,0.0
22.720833333333335,429.0,0.0,0.0
22.72222222222222,429.0,0.0,0.0
22.72361111111111,429.0,0.0,0.0
22.725,429.0,0.0,0.0
22.726388888888888,429.0,0.0,0.0
22.727777777777778,429.0,0.0,0.0
22.729166666666668,429.0,0.0,0.0
22.730555555555554,429.0,0.0,0.0
22.731944444444444,429.0,0.0,0.0
22.733333333333334,429.0,0.0,0.0
22.73472222222222,429.0,0.0,0.0
22.73611111111111,429.0,0.0,0.0
22.7375,429.0,0.0,0.0
22.738888888888887,429.0,0.0,0.0
22.740277777777777,429.0,0.0,0.0
22.741666666666667,429.0,0.0,0.0
22.743055555555557,429.0,0.0,0.0
22.744444444444444,429.0,0.0,0.0
22.745833333333334,429.0,0.0,0.0
22.747222222222224,429.0,0.0,0.0
22.74861111111111,429.0,0.0,0.0
22.75,429.0,0.0,0.0
22.75138888888889,429.0,0.0,0.0
22.752777777777776,429.0,0.0,0.0
22.754166666666666,429.0,0.0,0.0
22.755555555555556,429.0,0.0,0.0
22.756944444444443,429.0,0.0,0.0
22.758333333333333,429.0,0.0,0.0
22.759722222222223,429.0,0.0,0.0
22.761111111111113,429.0,0.0,0.0
22.7625,429.0,0.0,0.0
22.76388888888889,429.0,0.0,0.0
22.76527777777778,429.0,0.0,0.0
22.766666666666666,429.0,0.0,0.0
22.768055555555556,429.0,0.0,0.0
22.769444444444446,429.0,0.0,0.0
22.770833333333332,429.0,0.0,0.0
22.772222222222222,429.0,0.0,0.0
22.773611111111112,429.0,0.0,0.0
22.775,429.0,0.0,0.0
22.77638888888889,429.0,0.0,0.0
22.77777777777778,429.0,0.0,0.0
22.779166666666665,429.0,0.0,0.0
22.780555555555555,429.0,0.0,0.0
22.781944444444445,429.0,0.0,0.0
22.783333333333335,429.0,0.0,0.0
22.78472222222222,429.0,0.0,0.0
22.78611111111111,429.0,0.0,0.0
22.7875,429.0,0.0,0.0
22.788888888888888,429.0,0.0,0.0
22.790277777777778,429.0,0.0,0.0
22.791666666666668,429.0,0.0,0.0
22.793055555555554,429.0,0.0,0.0
22.794444444444444,429.0,0.0,0.0
22.795833333333334,429.0,0.0,0.0
22.79722222222222,429.0,0.0,0.0
22.79861111111111,429.0,0.0,0.0
22.8,429.0,0.0,0.0
22.801388888888887,429.0,0.0,0.0
22.802777777777777,429.0,0.0,0.0
22.804166666666667,429.0,0.0,0.0
22.805555555555557,429.0,0.0,0.0
22.806944444444444,429.0,0.0,0.0
22.808333333333334,429.0,0.0,0.0
22.809722222222224,429.0,0.0,0.0
22.81111111111111,429.0,0.0,0.0
22.8125,429.0,0.0,0.0
22.81388888888889,429.0,0.0,0.0
22.815277777777776,429.0,0.0,0.0
22.816666666666666,429.0,0.0,0.0
22.818055555555556,429.0,0.0,0.0
22.819444444444443,429.0,0.0,0.0
22.820833333333333,429.0,0.0,0.0
22.822222222222223,429.0,0.0,0.0
22.823611111111113,429.0,0.0,0.0
22.825,429.0,0.0,0.0
22.82638888888889,429.0,0.0,0.0
22.82777777777778,429.0,0.0,0.0
22.829166666666666,429.0,0.0,0.0
22.830555555555556,429.0,0.0,0.0
22.831944444444446,429.0,0.0,0.0
22.833333333333332,429.0,0.0,0.0
22.834722222222222,429.0,0.0,0.0
22.836111111111112,429.0,0.0,0.0
22.8375,429.0,0.0,0.0
22.83888888888889,429.0,0.0,0.0
22.84027777777778,429.0,0.0,0.0
22.841666666666665,429.0,0.0,0.0
22.843055555555555,429.0,0.0,0.0
22.844444444444445,429.0,0.0,0.0
22.845833333333335,429.0,0.0,0.0
22.84722222222222,429.0,0.0,0.0
22.84861111111111,429.0,0.0,0.0
22.85,429.0,0.0,0.0
22.851388888888888,429.0,0.0,0.0
22.852777777777778,429.0,0.0,0.0
22.854166666666668,429.0,0.0,0.0
22.855555555555554,429.0,0.0,0.0
22.856944444444444,429.0,0.0,0.0
22.858333333333334,429.0,0.0,0.0
22.85972222222222,429.0,0.0,0.0
22.86111111111111,429.0,0.0,0.0
22.8625,429.0,0.0,0.0
22.863888888888887,429.0,0.0,0.0
22.865277777777777,429.0,0.0,0.0
22.866666666666667,429.0,0.0,0.0
22.868055555555557,429.0,0.0,0.0
22.869444444444444,429.0,0.0,0.0
22.870833333333334,429.0,0.0,0.0
22.872222222222224,429.0,0.0,0.0
22.87361111111111,429.0,0.0,0.0
22.875,429.0,0.0,0.0
22.87638888888889,429.0,0.0,0.0
22.877777777777776,429.0,0.0,0.0
22.879166666666666,429.0,0.0,0.0
22.880555555555556,429.0,0.0,0.0
22.881944444444443,429.0,0.0,0.0
22.883333333333333,429.0,0.0,0.0
22.884722222222223,429.0,0.0,0.0
22.886111111111113,429.0,0.0,0.0
22.8875,429.0,0.0,0.0
22.88888888888889,429.0,0.0,0.0
22.89027777777778,429.0,0.0,0.0
22.891666666666666,429.0,0.0,0.0
22.893055555555556,429.0,0.0,0.0
22.894444444444446,429.0,0.0,0.0
22.895833333333332,429.0,0.0,0.0
22.897222222222222,429.0,0.0,0.0
22.898611111111112,429.0,0.0,0.0
22.9,429.0,0.0,0.0
22.90138888888889,429.0,0.0,0.0
22.90277777777778,429.0,0.0,0.0
22.904166666666665,429.0,0.0,0.0
22.905555555555555,429.0,0.0,0.0
22.906944444444445,429.0,0.0,0.0
22.908333333333335,429.0,0.0,0.0
22.90972222222222,429.0,0.0,0.0
22.91111111111111,429.0,0.0,0.0
22.9125,429.0,0.0,0.0
22.913888888888888,429.0,0.0,0.0
22.915277777777778,429.0,0.0,0.0
22.916666666666668,429.0,0.0,0.0
22.918055555555554,429.0,0.0,0.0
22.919444444444444,429.0,0.0,0.0
22.920833333333334,429.0,0.0,0.0
22.92222222222222,429.0,0.0,0.0
22.92361111111111,429.0,0.0,0.0
22.925,429.0,0.0,0.0
22.926388888888887,429.0,0.0,0.0
22.927777777777777,429.0,0.0,0.0
22.929166666666667,429.0,0.0,0.0
22.930555555555557,429.0,0.0,0.0
22.931944444444444,429.0,0.0,0.0
22.933333333333334,429.0,0.0,0.0
22.934722222222224,429.0,0.0,0.0
22.93611111111111,429.0,0.0,0.0
22.9375,429.0,0.0,0.0
22.93888888888889,429.0,0.0,0.0
22.940277777777776,429.0,0.0,0.0
22.941666666666666,429.0,0.0,0.0
22.943055555555556,429.0,0.0,0.0
22.944444444444443,429.0,0.0,0.0
22.945833333333333,429.0,0.0,0.0
22.947222222222223,429.0,0.0,0.0
22.948611111111113,429.0,0.0,0.0
22.95,429.0,0.0,0.0
22.95138888888889,429.0,0.0,0.0
22.95277777777778,429.0,0.0,0.0
22.954166666666666,429.0,0.0,0.0
22.955555555555556,429.0,0.0,0.0
22.956944444444446,429.0,0.0,0.0
22.958333333333332,429.0,0.0,0.0
22.959722222222222,429.0,0.0,0.0
22.961111111111112,429.0,0.0,0.0
22.9625,429.0,0.0,0.0
22.96388888888889,429.0,0.0,0.0
22.96527777777778,429.0,0.0,0.0
22.966666666666665,429.0,0.0,0.0
22.968055555555555,429.0,0.0,0.0
22.969444444444445,429.0,0.0,0.0
22.970833333333335,429.0,0.0,0.0
22.97222222222222,429.0,0.0,0.0
22.97361111111111,429.0,0.0,0.0
22.975,429.0,0.0,0.0
22.976388888888888,429.0,0.0,0.0
22.977777777777778,429.0,0.0,0.0
22.979166666666668,429.0,0.0,0.0
22.980555555555554,429.0,0.0,0.0
22.981944444444444,429.0,0.0,0.0
22.983333333333334,429.0,0.0,0.0
22.98472222222222,429.0,0.0,0.0
22.98611111111111,429.0,0.0,0.0
22.9875,429.0,0.0,0.0
22.988888888888887,429.0,0.0,0.0
22.990277777777777,429.0,0.0,0.0
22.991666666666667,429.0,0.0,0.0
22.993055555555557,429.0,0.0,0.0
22.994444444444444,429.0,0.0,0.0
22.995833333333334,429.0,0.0,0.0
22.997222222222224,429.0,0.0,0.0
22.99861111111111,429.0,0.0,0.0
23.0,429.0,0.0,0.0
23.00138888888889,429.0,0.0,0.0
23.002777777777776,429.0,0.0,0.0
23.004166666666666,429.0,0.0,0.0
23.005555555555556,429.0,0.0,0.0
23.006944444444443,429.0,0.0,0.0
23.008333333333333,429.0,0.0,0.0
23.009722222222223,429.0,0.0,0.0
23.011111111111113,429.0,0.0,0.0
23.0125,429.0,0.0,0.0
23.01388888888889,429.0,0.0,0.0
23.01527777777778,429.0,0.0,0.0
23.016666666666666,429.0,0.0,0.0
23.018055555555556,429.0,0.0,0.0
23.019444444444446,429.0,0.0,0.0
23.020833333333332,429.0,0.0,0.0
23.022222222222222,429.0,0.0,0.0
23.023611111111112,429.0,0.0,0.0
23.025,429.0,0.0,0.0
23.02638888888889,429.0,0.0,0.0
23.02777777777778,429.0,0.0,0.0
23.029166666666665,429.0,0.0,0.0
23.030555555555555,429.0,0.0,0.0
23.031944444444445,429.0,0.0,0.0
23.033333333333335,429.0,0.0,0.0
23.03472222222222,429.0,0.0,0.0
23.03611111111111,429.0,0.0,0.0
23.0375,429.0,0.0,0.0
23.038888888888888,429.0,0.0,0.0
23.040277777777778,429.0,0.0,0.0
23.041666666666668,429.0,0.0,0.0
23.043055555555554,429.0,0.0,0.0
23.044444444444444,429.0,0.0,0.0
23.045833333333334,429.0,0.0,0.0
23.04722222222222,429.0,0.0,0.0
23.04861111111111,429.0,0.0,0.0
23.05,429.0,0.0,0.0
23.051388888888887,429.0,0.0,0.0
23.052777777777777,429.0,0.0,0.0
23.054166666666667,429.0,0.0,0.0
23.055555555555557,429.0,0.0,0.0
23.056944444444444,429.0,0.0,0.0
23.058333333333334,429.0,0.0,0.0
23.059722222222224,429.0,0.0,0.0
23.06111111111111,429.0,0.0,0.0
23.0625,429.0,0.0,0.0
23.06388888888889,429.0,0.0,0.0
23.065277777777776,429.0,0.0,0.0
23.066666666666666,429.0,0.0,0.0
23.068055555555556,429.0,0.0,0.0
23.069444444444443,429.0,0.0,0.0
23.070833333333333,429.0,0.0,0.0
23.072222222222223,429.0,0.0,0.0
23.073611111111113,429.0,0.0,0.0
23.075,429.0,0.0,0.0
23.07638888888889,429.0,0.0,0.0
23.07777777777778,429.0,0.0,0.0
23.079166666666666,429.0,0.0,0.0
23.080555555555556,429.0,0.0,0.0
23.081944444444446,429.0,0.0,0.0
23.083333333333332,429.0,0.0,0.0
23.084722222222222,429.0,0.0,0.0
23.086111111111112,429.0,0.0,0.0
23.0875,429.0,0.0,0.0
23.08888888888889,429.0,0.0,0.0
23.09027777777778,429.0,0.0,0.0
23.091666666666665,429.0,0.0,0.0
23.093055555555555,429.0,0.0,0.0
23.094444444444445,429.0,0.0,0.0
23.095833333333335,429.0,0.0,0.0
23.09722222222222,429.0,0.0,0.0
23.09861111111111,429.0,0.0,0.0
23.1,429.0,0.0,0.0
23.101388888888888,429.0,0.0,0.0
23.102777777777778,429.0,0.0,0.0
23.104166666666668,429.0,0.0,0.0
23.105555555555554,429.0,0.0,0.0
23.106944444444444,429.0,0.0,0.0
23.108333333333334,429.0,0.0,0.0
23.10972222222222,429.0,0.0,0.0
23.11111111111111,429.0,0.0,0.0
23.1125,429.0,0.0,0.0
23.113888888888887,429.0,0.0,0.0
23.115277777777777,429.0,0.0,0.0
23.116666666666667,429.0,0.0,0.0
23.118055555555557,429.0,0.0,0.0
23.119444444444444,429.0,0.0,0.0
23.120833333333334,429.0,0.0,0.0
23.122222222222224,429.0,0.0,0.0
23.12361111111111,429.0,0.0,0.0
23.125,429.0,0.0,0.0
23.12638888888889,429.0,0.0,0.0
23.127777777777776,429.0,0.0,0.0
23.129166666666666,429.0,0.0,0.0
23.130555555555556,429.0,0.0,0.0
23.131944444444443,429.0,0.0,0.0
23.133333333333333,429.0,0.0,0.0
23.134722222222223,429.0,0.0,0.0
23.136111111111113,429.0,0.0,0.0
23.1375,429.0,0.0,0.0
23.13888888888889,429.0,0.0,0.0
23.14027777777778,429.0,0.0,0.0
23.141666666666666,429.0,0.0,0.0
23.143055555555556,429.0,0.0,0.0
23.144444444444446,429.0,0.0,0.0
23.145833333333332,429.0,0.0,0.0
23.147222222222222,429.0,0.0,0.0
23.148611111111112,429.0,0.0,0.0
23.15,429.0,0.0,0.0
23.15138888888889,429.0,0.0,0.0
23.15277777777778,429.0,0.0,0.0
23.154166666666665,429.0,0.0,0.0
23.155555555555555,429.0,0.0,0.0
23.156944444444445,429.0,0.0,0.0
23.158333333333335,429.0,0.0,0.0
23.15972222222222,429.0,0.0,0.0
23.16111111111111,429.0,0.0,0.0
23.1625,429.0,0.0,0.0
23.163888888888888,429.0,0.0,0.0
23.165277777777778,429.0,0.0,0.0
23.166666666666668,429.0,0.0,0.0
23.168055555555554,429.0,0.0,0.0
23.169444444444444,429.0,0.0,0.0
23.170833333333334,429.0,0.0,0.0
23.17222222222222,429.0,0.0,0.0
23.17361111111111,429.0,0.0,0.0
23.175,429.0,0.0,0.0
23.176388888888887,429.0,0.0,0.0
23.177777777777777,429.0,0.0,0.0
23.179166666666667,429.0,0.0,0.0
23.180555555555557,429.0,0.0,0.0
23.181944444444444,429.0,0.0,0.0
23.183333333333334,429.0,0.0,0.0
23.184722222222224,429.0,0.0,0.0
23.18611111111111,429.0,0.0,0.0
23.1875,429.0,0.0,0.0
23.18888888888889,429.0,0.0,0.0
23.190277777777776,429.0,0.0,0.0
23.191666666666666,429.0,0.0,0.0
23.193055555555556,429.0,0.0,0.0
23.194444444444443,429.0,0.0,0.0
23.195833333333333,429.0,0.0,0.0
23.197222222222223,429.0,0.0,0.0
23.198611111111113,429.0,0.0,0.0
23.2,429.0,0.0,0.0
23.20138888888889,429.0,0.0,0.0
23.20277777777778,429.0,0.0,0.0
23.204166666666666,429.0,0.0,0.0
23.205555555555556,429.0,0.0,0.0
23.206944444444446,429.0,0.0,0.0
23.208333333333332,429.0,0.0,0.0
23.209722222222222,429.0,0.0,0.0
23.211111111111112,429.0,0.0,0.0
23.2125,429.0,0.0,0.0
23.21388888888889,429.0,0.0,0.0
23.21527777777778,429.0,0.0,0.0
23.216666666666665,429.0,0.0,0.0
23.218055555555555,429.0,0.0,0.0
23.219444444444445,429.0,0.0,0.0
23.220833333333335,429.0,0.0,0.0
23.22222222222222,429.0,0.0,0.0
23.22361111111111,429.0,0.0,0.0
23.225,429.0,0.0,0.0
23.226388888888888,429.0,0.0,0.0
23.227777777777778,429.0,0.0,0.0
23.229166666666668,429.0,0.0,0.0
23.230555555555554,429.0,0.0,0.0
23.231944444444444,429.0,0.0,0.0
23.233333333333334,429.0,0.0,0.0
23.23472222222222,429.0,0.0,0.0
23.23611111111111,429.0,0.0,0.0
23.2375,429.0,0.0,0.0
23.238888888888887,429.0,0.0,0.0
23.240277777777777,429.0,0.0,0.0
23.241666666666667,429.0,0.0,0.0
23.243055555555557,429.0,0.0,0.0
23.244444444444444,429.0,0.0,0.0
23.245833333333334,429.0,0.0,0.0
23.247222222222224,429.0,0.0,0.0
23.24861111111111,429.0,0.0,0.0
23.25,429.0,0.0,0.0
23.25138888888889,429.0,0.0,0.0
23.252777777777776,429.0,0.0,0.0
23.254166666666666,429.0,0.0,0.0
23.255555555555556,429.0,0.0,0.0
23.256944444444443,429.0,0.0,0.0
23.258333333333333,429.0,0.0,0.0
23.259722222222223,429.0,0.0,0.0
23.261111111111113,429.0,0.0,0.0
23.2625,429.0,0.0,0.0
23.26388888888889,429.0,0.0,0.0
23.26527777777778,429.0,0.0,0.0
23.266666666666666,429.0,0.0,0.0
23.268055555555556,429.0,0.0,0.0
23.269444444444446,429.0,0.0,0.0
23.270833333333332,429.0,0.0,0.0
23.272222222222222,429.0,0.0,0.0
23.273611111111112,429.0,0.0,0.0
23.275,429.0,0.0,0.0
23.27638888888889,429.0,0.0,0.0
23.27777777777778,429.0,0.0,0.0
23.279166666666665,429.0,0.0,0.0
23.280555555555555,429.0,0.0,0.0
23.281944444444445,429.0,0.0,0.0
23.283333333333335,429.0,0.0,0.0
23.28472222222222,429.0,0.0,0.0
23.28611111111111,429.0,0.0,0.0
23.2875,429.0,0.0,0.0
23.288888888888888,429.0,0.0,0.0
23.290277777777778,429.0,0.0,0.0
23.291666666666668,429.0,0.0,0.0
23.293055555555554,429.0,0.0,0.0
23.294444444444444,429.0,0.0,0.0
23.295833333333334,429.0,0.0,0.0
23.29722222222222,429.0,0.0,0.0
23.29861111111111,429.0,0.0,0.0
23.3,429.0,0.0,0.0
23.301388888888887,429.0,0.0,0.0
23.302777777777777,429.0,0.0,0.0
23.304166666666667,429.0,0.0,0.0
23.305555555555557,429.0,0.0,0.0
23.306944444444444,429.0,0.0,0.0
23.308333333333334,429.0,0.0,0.0
23.309722222222224,429.0,0.0,0.0
23.31111111111111,429.0,0.0,0.0
23.3125,429.0,0.0,0.0
23.31388888888889,429.0,0.0,0.0
23.315277777777776,429.0,0.0,0.0
23.316666666666666,429.0,0.0,0.0
23.318055555555556,429.0,0.0,0.0
23.319444444444443,429.0,0.0,0.0
23.320833333333333,429.0,0.0,0.0
23.322222222222223,429.0,0.0,0.0
23.323611111111113,429.0,0.0,0.0
23.325,429.0,0.0,0.0
23.32638888888889,429.0,0.0,0.0
23.32777777777778,429.0,0.0,0.0
23.329166666666666,429.0,0.0,0.0
23.330555555555556,429.0,0.0,0.0
23.331944444444446,429.0,0.0,0.0
23.333333333333332,429.0,0.0,0.0
23.334722222222222,429.0,0.0,0.0
23.336111111111112,429.0,0.0,0.0
23.3375,429.0,0.0,0.0
23.33888888888889,429.0,0.0,0.0
23.34027777777778,429.0,0.0,0.0
23.341666666666665,429.0,0.0,0.0
23.343055555555555,429.0,0.0,0.0
23.344444444444445,429.0,0.0,0.0
23.345833333333335,429.0,0.0,0.0
23.34722222222222,429.0,0.0,0.0
23.34861111111111,429.0,0.0,0.0
23.35,429.0,0.0,0.0
23.351388888888888,429.0,0.0,0.0
23.352777777777778,429.0,0.0,0.0
23.354166666666668,429.0,0.0,0.0
23.355555555555554,429.0,0.0,0.0
23.356944444444444,429.0,0.0,0.0
23.358333333333334,429.0,0.0,0.0
23.35972222222222,429.0,0.0,0.0
23.36111111111111,429.0,0.0,0.0
23.3625,429.0,0.0,0.0
23.363888888888887,429.0,0.0,0.0
23.365277777777777,429.0,0.0,0.0
23.366666666666667,429.0,0.0,0.0
23.368055555555557,429.0,0.0,0.0
23.369444444444444,429.0,0.0,0.0
23.370833333333334,429.0,0.0,0.0
23.372222222222224,429.0,0.0,0.0
23.37361111111111,429.0,0.0,0.0
23.375,429.0,0.0,0.0
23.37638888888889,429.0,0.0,0.0
23.377777777777776,429.0,0.0,0.0
23.379166666666666,429.0,0.0,0.0
23.380555555555556,429.0,0.0,0.0
23.381944444444443,429.0,0.0,0.0
23.383333333333333,429.0,0.0,0.0
23.384722222222223,429.0,0.0,0.0
23.386111111111113,429.0,0.0,0.0
23.3875,429.0,0.0,0.0
23.38888888888889,429.0,0.0,0.0
23.39027777777778,429.0,0.0,0.0
23.391666666666666,429.0,0.0,0.0
23.393055555555556,429.0,0.0,0.0
23.394444444444446,429.0,0.0,0.0
23.395833333333332,429.0,0.0,0.0
23.397222222222222,429.0,0.0,0.0
23.398611111111112,429.0,0.0,0.0
23.4,429.0,0.0,0.0
23.40138888888889,429.0,0.0,0.0
23.40277777777778,429.0,0.0,0.0
23.404166666666665,429.0,0.0,0.0
23.405555555555555,429.0,0.0,0.0
23.406944444444445,429.0,0.0,0.0
23.408333333333335,429.0,0.0,0.0
23.40972222222222,429.0,0.0,0.0
23.41111111111111,429.0,0.0,0.0
23.4125,429.0,0.0,0.0
23.413888888888888,429.0,0.0,0.0
23.415277777777778,429.0,0.0,0.0
23.416666666666668,429.0,0.0,0.0
23.418055555555554,429.0,0.0,0.0
23.419444444444444,429.0,0.0,0.0
23.420833333333334,429.0,0.0,0.0
23.42222222222222,429.0,0.0,0.0
23.42361111111111,429.0,0.0,0.0
23.425,429.0,0.0,0.0
23.426388888888887,429.0,0.0,0.0
23.427777777777777,429.0,0.0,0.0
23.429166666666667,429.0,0.0,0.0
23.430555555555557,429.0,0.0,0.0
23.431944444444444,429.0,0.0,0.0
23.433333333333334,429.0,0.0,0.0
23.434722222222224,429.0,0.0,0.0
23.43611111111111,429.0,0.0,0.0
23.4375,429.0,0.0,0.0
23.43888888888889,429.0,0.0,0.0
23.440277777777776,429.0,0.0,0.0
23.441666666666666,429.0,0.0,0.0
23.443055555555556,429.0,0.0,0.0
23.444444444444443,429.0,0.0,0.0
23.445833333333333,429.0,0.0,0.0
23.447222222222223,429.0,0.0,0.0
23.448611111111113,429.0,0.0,0.0
23.45,429.0,0.0,0.0
23.45138888888889,429.0,0.0,0.0
23.45277777777778,429.0,0.0,0.0
23.454166666666666,429.0,0.0,0.0
23.455555555555556,429.0,0.0,0.0
23.456944444444446,429.0,0.0,0.0
23.458333333333332,429.0,0.0,0.0
23.459722222222222,429.0,0.0,0.0
23.461111111111112,429.0,0.0,0.0
23.4625,429.0,0.0,0.0
23.46388888888889,429.0,0.0,0.0
23.46527777777778,429.0,0.0,0.0
23.466666666666665,429.0,0.0,0.0
23.468055555555555,429.0,0.0,0.0
23.469444444444445,429.0,0.0,0.0
23.470833333333335,429.0,0.0,0.0
23.47222222222222,429.0,0.0,0.0
23.47361111111111,429.0,0.0,0.0
23.475,429.0,0.0,0.0
23.476388888888888,429.0,0.0,0.0
23.477777777777778,429.0,0.0,0.0
23.479166666666668,429.0,0.0,0.0
23.480555555555554,429.0,0.0,0.0
23.481944444444444,429.0,0.0,0.0
23.483333333333334,429.0,0.0,0.0
23.48472222222222,429.0,0.0,0.0
23.48611111111111,429.0,0.0,0.0
23.4875,429.0,0.0,0.0
23.488888888888887,429.0,0.0,0.0
23.490277777777777,429.0,0.0,0.0
23.491666666666667,429.0,0.0,0.0
23.493055555555557,429.0,0.0,0.0
23.494444444444444,429.0,0.0,0.0
23.495833333333334,429.0,0.0,0.0
23.497222222222224,429.0,0.0,0.0
23.49861111111111,429.0,0.0,0.0
23.5,429.0,0.0,0.0
23.50138888888889,429.0,0.0,0.0
23.502777777777776,429.0,0.0,0.0
23.504166666666666,429.0,0.0,0.0
23.505555555555556,429.0,0.0,0.0
23.506944444444443,429.0,0.0,0.0
23.508333333333333,429.0,0.0,0.0
23.509722222222223,429.0,0.0,0.0
23.511111111111113,429.0,0.0,0.0
23.5125,429.0,0.0,0.0
23.51388888888889,429.0,0.0,0.0
23.51527777777778,429.0,0.0,0.0
23.516666666666666,429.0,0.0,0.0
23.518055555555556,429.0,0.0,0.0
23.519444444444446,429.0,0.0,0.0
23.520833333333332,429.0,0.0,0.0
23.522222222222222,429.0,0.0,0.0
23.523611111111112,429.0,0.0,0.0
23.525,429.0,0.0,0.0
23.52638888888889,429.0,0.0,0.0
23.52777777777778,429.0,0.0,0.0
23.529166666666665,429.0,0.0,0.0
23.530555555555555,429.0,0.0,0.0
23.531944444444445,429.0,0.0,0.0
23.533333333333335,429.0,0.0,0.0
23.53472222222222,429.0,0.0,0.0
23.53611111111111,429.0,0.0,0.0
23.5375,429.0,0.0,0.0
23.538888888888888,429.0,0.0,0.0
23.540277777777778,429.0,0.0,0.0
23.541666666666668,429.0,0.0,0.0
23.543055555555554,429.0,0.0,0.0
23.544444444444444,429.0,0.0,0.0
23.545833333333334,429.0,0.0,0.0
23.54722222222222,429.0,0.0,0.0
23.54861111111111,429.0,0.0,0.0
23.55,429.0,0.0,0.0
23.551388888888887,429.0,0.0,0.0
23.552777777777777,429.0,0.0,0.0
23.554166666666667,429.0,0.0,0.0
23.555555555555557,429.0,0.0,0.0
23.556944444444444,429.0,0.0,0.0
23.558333333333334,429.0,0.0,0.0
23.559722222222224,429.0,0.0,0.0
23.56111111111111,429.0,0.0,0.0
23.5625,429.0,0.0,0.0
23.56388888888889,429.0,0.0,0.0
23.565277777777776,429.0,0.0,0.0
23.566666666666666,429.0,0.0,0.0
23.568055555555556,429.0,0.0,0.0
23.569444444444443,429.0,0.0,0.0
23.570833333333333,429.0,0.0,0.0
23.572222222222223,429.0,0.0,0.0
23.573611111111113,429.0,0.0,0.0
23.575,429.0,0.0,0.0
23.57638888888889,429.0,0.0,0.0
23.57777777777778,429.0,0.0,0.0
23.579166666666666,429.0,0.0,0.0
23.580555555555556,429.0,0.0,0.0
23.581944444444446,429.0,0.0,0.0
23.583333333333332,429.0,0.0,0.0
23.584722222222222,429.0,0.0,0.0
23.586111111111112,429.0,0.0,0.0
23.5875,429.0,0.0,0.0
23.58888888888889,429.0,0.0,0.0
23.59027777777778,429.0,0.0,0.0
23.591666666666665,429.0,0.0,0.0
23.593055555555555,429.0,0.0,0.0
23.594444444444445,429.0,0.0,0.0
23.595833333333335,429.0,0.0,0.0
23.59722222222222,429.0,0.0,0.0
23.59861111111111,429.0,0.0,0.0
23.6,429.0,0.0,0.0
23.601388888888888,429.0,0.0,0.0
23.602777777777778,429.0,0.0,0.0
23.604166666666668,429.0,0.0,0.0
23.605555555555554,429.0,0.0,0.0
23.606944444444444,429.0,0.0,0.0
23.608333333333334,429.0,0.0,0.0
23.60972222222222,429.0,0.0,0.0
23.61111111111111,429.0,0.0,0.0
23.6125,429.0,0.0,0.0
23.613888888888887,429.0,0.0,0.0
23.615277777777777,429.0,0.0,0.0
23.616666666666667,429.0,0.0,0.0
23.618055555555557,429.0,0.0,0.0
23.619444444444444,429.0,0.0,0.0
23.620833333333334,429.0,0.0,0.0
23.622222222222224,429.0,0.0,0.0
23.62361111111111,429.0,0.0,0.0
23.625,429.0,0.0,0.0
23.62638888888889,429.0,0.0,0.0
23.627777777777776,429.0,0.0,0.0
23.629166666666666,429.0,0.0,0.0
23.630555555555556,429.0,0.0,0.0
23.631944444444443,429.0,0.0,0.0
23.633333333333333,429.0,0.0,0.0
23.634722222222223,429.0,0.0,0.0
23.636111111111113,429.0,0.0,0.0
23.6375,429.0,0.0,0.0
23.63888888888889,429.0,0.0,0.0
23.64027777777778,429.0,0.0,0.0
23.641666666666666,429.0,0.0,0.0
23.643055555555556,429.0,0.0,0.0
23.644444444444446,429.0,0.0,0.0
23.645833333333332,429.0,0.0,0.0
23.647222222222222,429.0,0.0,0.0
23.648611111111112,429.0,0.0,0.0
23.65,429.0,0.0,0.0
23.65138888888889,429.0,0.0,0.0
23.65277777777778,429.0,0.0,0.0
23.654166666666665,429.0,0.0,0.0
23.655555555555555,429.0,0.0,0.0
23.656944444444445,429.0,0.0,0.0
23.658333333333335,429.0,0.0,0.0
23.65972222222222,429.0,0.0,0.0
23.66111111111111,429.0,0.0,0.0
23.6625,429.0,0.0,0.0
23.663888888888888,429.0,0.0,0.0
23.665277777777778,429.0,0.0,0.0
23.666666666666668,429.0,0.0,0.0
23.668055555555554,429.0,0.0,0.0
23.669444444444444,429.0,0.0,0.0
23.670833333333334,429.0,0.0,0.0
23.67222222222222,429.0,0.0,0.0
23.67361111111111,429.0,0.0,0.0
23.675,429.0,0.0,0.0
23.676388888888887,429.0,0.0,0.0
23.677777777777777,429.0,0.0,0.0
23.679166666666667,429.0,0.0,0.0
23.680555555555557,429.0,0.0,0.0
23.681944444444444,429.0,0.0,0.0
23.683333333333334,429.0,0.0,0.0
23.684722222222224,429.0,0.0,0.0
23.68611111111111,429.0,0.0,0.0
23.6875,429.0,0.0,0.0
23.68888888888889,429.0,0.0,0.0
23.690277777777776,429.0,0.0,0.0
23.691666666666666,429.0,0.0,0.0
23.693055555555556,429.0,0.0,0.0
23.694444444444443,429.0,0.0,0.0
23.695833333333333,429.0,0.0,0.0
23.697222222222223,429.0,0.0,0.0
23.698611111111113,429.0,0.0,0.0
23.7,429.0,0.0,0.0
23.70138888888889,429.0,0.0,0.0
23.70277777777778,429.0,0.0,0.0
23.704166666666666,429.0,0.0,0.0
23.705555555555556,429.0,0.0,0.0
23.706944444444446,429.0,0.0,0.0
23.708333333333332,429.0,0.0,0.0
23.709722222222222,429.0,0.0,0.0
23.711111111111112,429.0,0.0,0.0
23.7125,429.0,0.0,0.0
23.71388888888889,429.0,0.0,0.0
23.71527777777778,429.0,0.0,0.0
23.716666666666665,429.0,0.0,0.0
23.718055555555555,429.0,0.0,0.0
23.719444444444445,429.0,0.0,0.0
23.720833333333335,429.0,0.0,0.0
23.72222222222222,429.0,0.0,0.0
23.72361111111111,429.0,0.0,0.0
23.725,429.0,0.0,0.0
23.726388888888888,429.0,0.0,0.0
23.727777777777778,429.0,0.0,0.0
23.729166666666668,429.0,0.0,0.0
23.730555555555554,429.0,0.0,0.0
23.731944444444444,429.0,0.0,0.0
23.733333333333334,429.0,0.0,0.0
23.73472222222222,429.0,0.0,0.0
23.73611111111111,429.0,0.0,0.0
23.7375,429.0,0.0,0.0
23.738888888888887,429.0,0.0,0.0
23.740277777777777,429.0,0.0,0.0
23.741666666666667,429.0,0.0,0.0
23.743055555555557,429.0,0.0,0.0
23.744444444444444,429.0,0.0,0.0
23.745833333333334,429.0,0.0,0.0
23.747222222222224,429.0,0.0,0.0
23.74861111111111,429.0,0.0,0.0
23.75,429.0,0.0,0.0
23.75138888888889,429.0,0.0,0.0
23.752777777777776,429.0,0.0,0.0
23.754166666666666,429.0,0.0,0.0
23.755555555555556,429.0,0.0,0.0
23.756944444444443,429.0,0.0,0.0
23.758333333333333,429.0,0.0,0.0
23.759722222222223,429.0,0.0,0.0
23.761111111111113,429.0,0.0,0.0
23.7625,429.0,0.0,0.0
23.76388888888889,429.0,0.0,0.0
23.76527777777778,429.0,0.0,0.0
23.766666666666666,429.0,0.0,0.0
23.768055555555556,429.0,0.0,0.0
23.769444444444446,429.0,0.0,0.0
23.770833333333332,429.0,0.0,0.0
23.772222222222222,429.0,0.0,0.0
23.773611111111112,429.0,0.0,0.0
23.775,429.0,0.0,0.0
23.77638888888889,429.0,0.0,0.0
23.77777777777778,429.0,0.0,0.0
23.779166666666665,429.0,0.0,0.0
23.780555555555555,429.0,0.0,0.0
23.781944444444445,429.0,0.0,0.0
23.783333333333335,429.0,0.0,0.0
23.78472222222222,429.0,0.0,0.0
23.78611111111111,429.0,0.0,0.0
23.7875,429.0,0.0,0.0
23.788888888888888,429.0,0.0,0.0
23.790277777777778,429.0,0.0,0.0
23.791666666666668,429.0,0.0,0.0
23.793055555555554,429.0,0.0,0.0
23.794444444444444,429.0,0.0,0.0
23.795833333333334,429.0,0.0,0.0
23.79722222222222,429.0,0.0,0.0
23.79861111111111,429.0,0.0,0.0
23.8,429.0,0.0,0.0
23.801388888888887,429.0,0.0,0.0
23.802777777777777,429.0,0.0,0.0
23.804166666666667,429.0,0.0,0.0
23.805555555555557,429.0,0.0,0.0
23.806944444444444,429.0,0.0,0.0
23.808333333333334,429.0,0.0,0.0
23.809722222222224,429.0,0.0,0.0
23.81111111111111,429.0,0.0,0.0
23.8125,429.0,0.0,0.0
23.81388888888889,429.0,0.0,0.0
23.815277777777776,429.0,0.0,0.0
23.816666666666666,429.0,0.0,0.0
23.818055555555556,429.0,0.0,0.0
23.819444444444443,429.0,0.0,0.0
23.820833333333333,429.0,0.0,0.0
23.822222222222223,429.0,0.0,0.0
23.823611111111113,429.0,0.0,0.0
23.825,429.0,0.0,0.0
23.82638888888889,429.0,0.0,0.0
23.82777777777778,429.0,0.0,0.0
23.829166666666666,429.0,0.0,0.0
23.830555555555556,429.0,0.0,0.0
23.831944444444446,429.0,0.0,0.0
23.833333333333332,429.0,0.0,0.0
23.834722222222222,429.0,0.0,0.0
23.836111111111112,429.0,0.0,0.0
23.8375,429.0,0.0,0.0
23.83888888888889,429.0,0.0,0.0
23.84027777777778,429.0,0.0,0.0
23.841666666666665,429.0,0.0,0.0
23.843055555555555,429.0,0.0,0.0
23.844444444444445,429.0,0.0,0.0
23.845833333333335,429.0,0.0,0.0
23.84722222222222,429.0,0.0,0.0
23.84861111111111,429.0,0.0,0.0
23.85,429.0,0.0,0.0
23.851388888888888,429.0,0.0,0.0
23.852777777777778,429.0,0.0,0.0
23.854166666666668,429.0,0.0,0.0
23.855555555555554,429.0,0.0,0.0
23.856944444444444,429.0,0.0,0.0
23.858333333333334,429.0,0.0,0.0
23.85972222222222,429.0,0.0,0.0
23.86111111111111,429.0,0.0,0.0
23.8625,429.0,0.0,0.0
23.863888888888887,429.0,0.0,0.0
23.865277777777777,429.0,0.0,0.0
23.866666666666667,429.0,0.0,0.0
23.868055555555557,429.0,0.0,0.0
23.869444444444444,429.0,0.0,0.0
23.870833333333334,429.0,0.0,0.0
23.872222222222224,429.0,0.0,0.0
23.87361111111111,429.0,0.0,0.0
23.875,429.0,0.0,0.0
23.87638888888889,429.0,0.0,0.0
23.877777777777776,429.0,0.0,0.0
23.879166666666666,429.0,0.0,0.0
23.880555555555556,429.0,0.0,0.0
23.881944444444443,429.0,0.0,0.0
23.883333333333333,429.0,0.0,0.0
23.884722222222223,429.0,0.0,0.0
23.886111111111113,429.0,0.0,0.0
23.8875,429.0,0.0,0.0
23.88888888888889,429.0,0.0,0.0
23.89027777777778,429.0,0.0,0.0
23.891666666666666,429.0,0.0,0.0
23.893055555555556,429.0,0.0,0.0
23.894444444444446,429.0,0.0,0.0
23.895833333333332,429.0,0.0,0.0
23.897222222222222,429.0,0.0,0.0
23.898611111111112,429.0,0.0,0.0
23.9,429.0,0.0,0.0
23.90138888888889,429.0,0.0,0.0
23.90277777777778,429.0,0.0,0.0
23.904166666666665,429.0,0.0,0.0
23.905555555555555,429.0,0.0,0.0
23.906944444444445,429.0,0.0,0.0
23.908333333333335,429.0,0.0,0.0
23.90972222222222,429.0,0.0,0.0
23.91111111111111,429.0,0.0,0.0
23.9125,429.0,0.0,0.0
23.913888888888888,429.0,0.0,0.0
23.915277777777778,429.0,0.0,0.0
23.916666666666668,429.0,0.0,0.0
23.918055555555554,429.0,0.0,0.0
23.919444444444444,429.0,0.0,0.0
23.920833333333334,429.0,0.0,0.0
23.92222222222222,429.0,0.0,0.0
23.92361111111111,429.0,0.0,0.0
23.925,429.0,0.0,0.0
23.926388888888887,429.0,0.0,0.0
23.927777777777777,429.0,0.0,0.0
23.929166666666667,429.0,0.0,0.0
23.930555555555557,429.0,0.0,0.0
23.931944444444444,429.0,0.0,0.0
23.933333333333334,429.0,0.0,0.0
23.934722222222224,429.0,0.0,0.0
23.93611111111111,429.0,0.0,0.0
23.9375,429.0,0.0,0.0
23.93888888888889,429.0,0.0,0.0
23.940277777777776,429.0,0.0,0.0
23.941666666666666,429.0,0.0,0.0
23.943055555555556,429.0,0.0,0.0
23.944444444444443,429.0,0.0,0.0
23.945833333333333,429.0,0.0,0.0
23.947222222222223,429.0,0.0,0.0
23.948611111111113,429.0,0.0,0.0
23.95,429.0,0.0,0.0
23.95138888888889,429.0,0.0,0.0
23.95277777777778,429.0,0.0,0.0
23.954166666666666,429.0,0.0,0.0
23.955555555555556,429.0,0.0,0.0
23.956944444444446,429.0,0.0,0.0
23.958333333333332,429.0,0.0,0.0
23.959722222222222,429.0,0.0,0.0
23.961111111111112,429.0,0.0,0.0
23.9625,429.0,0.0,0.0
23.96388888888889,429.0,0.0,0.0
23.96527777777778,429.0,0.0,0.0
23.966666666666665,429.0,0.0,0.0
23.968055555555555,429.0,0.0,0.0
23.969444444444445,429.0,0.0,0.0
23.970833333333335,429.0,0.0,0.0
23.97222222222222,429.0,0.0,0.0
23.97361111111111,429.0,0.0,0.0
23.975,429.0,0.0,0.0
23.976388888888888,429.0,0.0,0.0
23.977777777777778,429.0,0.0,0.0
23.979166666666668,429.0,0.0,0.0
23.980555555555554,429.0,0.0,0.0
23.981944444444444,429.0,0.0,0.0
23.983333333333334,429.0,0.0,0.0
23.98472222222222,429.0,0.0,0.0
23.98611111111111,429.0,0.0,0.0
23.9875,429.0,0.0,0.0
23.988888888888887,429.0,0.0,0.0
23.990277777777777,429.0,0.0,0.0
23.991666666666667,429.0,0.0,0.0
23.993055555555557,429.0,0.0,0.0
23.994444444444444,429.0,0.0,0.0
23.995833333333334,429.0,0.0,0.0
23.997222222222224,429.0,0.0,0.0
23.99861111111111,429.0,0.0,0.0
