,PV Production (W/m2),Performance Ratio,Capacity Factor,Temperature (C),POA Irradiance (W/m2)
2020-01-01 00:00:00,0.0,,0.0,19.4,0.0
2020-01-01 01:00:00,0.0,,0.0,19.11,0.0
2020-01-01 02:00:00,0.0,,0.0,18.99,0.0
2020-01-01 03:00:00,0.0,,0.0,18.21,0.0
2020-01-01 04:00:00,0.0,,0.0,18.22,0.0
2020-01-01 05:00:00,0.0,,0.0,18.05,0.0
2020-01-01 06:00:00,0.0,,0.0,17.94,0.0
2020-01-01 07:00:00,20.115790472155776,0.838856983826346,0.0914354112370717,23.945999999999998,109.0
2020-01-01 08:00:00,62.20573352398483,0.7832285371594445,0.28275333419993104,40.594539999999995,361.01
2020-01-01 09:00:00,96.05540228582176,0.7240600735237449,0.4366154649355534,58.30254000000001,603.01
2020-01-01 10:00:00,121.07746903333714,0.6862160471436943,0.5503521319697142,69.62854,802.01
2020-01-01 11:00:00,137.89504791023413,0.6577010443953851,0.626795672319246,78.16254,953.01
2020-01-01 12:00:00,146.6392788621626,0.639056362495272,0.6665421766461936,83.74254,1043.01
2020-01-01 13:00:00,142.2529067482267,0.644021594986951,0.6466041215828486,82.25654,1004.01
2020-01-01 14:00:00,131.63303904086777,0.6618643550849084,0.598331995640308,76.91654,904.01
2020-01-01 15:00:00,114.51308822157594,0.6885015242798371,0.5205140373707997,68.94454,756.01
2020-01-01 16:00:00,88.81963231950127,0.7248085338724233,0.4037256014522785,58.078540000000004,557.01
2020-01-01 17:00:00,14.804654223608875,0.8107696727058529,0.06729388283458579,32.352000000000004,83.0
2020-01-01 18:00:00,6.332255222449832,0.8223708081103678,0.02878297828386287,28.88,35.0
2020-01-01 19:00:00,0.0,,0.0,26.07,0.0
2020-01-01 20:00:00,0.0,,0.0,25.21,0.0
2020-01-01 21:00:00,0.0,,0.0,22.53,0.0
2020-01-01 22:00:00,0.0,,0.0,21.59,0.0
2020-01-01 23:00:00,0.0,,0.0,20.62,0.0
2020-01-02 00:00:00,0.0,,0.0,19.9,0.0
2020-01-02 01:00:00,0.0,,0.0,19.47,0.0
2020-01-02 02:00:00,0.0,,0.0,19.32,0.0
2020-01-02 03:00:00,0.0,,0.0,19.33,0.0
2020-01-02 04:00:00,0.0,,0.0,18.45,0.0
2020-01-02 05:00:00,0.0,,0.0,18.43,0.0
2020-01-02 06:00:00,0.0,,0.0,18.43,0.0
2020-01-02 07:00:00,14.272952669784935,0.8425591894796302,0.06487705758993152,22.838,77.0
2020-01-02 08:00:00,29.983358590112353,0.8160957700085016,0.1362879935914198,30.758,167.0
2020-01-02 09:00:00,71.81267877632307,0.7591192259653602,0.32642126716510483,47.81,430.0
2020-01-02 10:00:00,74.55076057760249,0.7530379856323484,0.33886709353455674,49.629999999999995,450.0
2020-01-02 11:00:00,118.40443532081645,0.6926666392934155,0.5382019787309839,67.69800000000001,777.0
2020-01-02 12:00:00,129.20764556778425,0.6712085484040741,0.5873074798535648,74.12,875.0
2020-01-02 13:00:00,129.9572542684833,0.6659693259633253,0.5907147921294695,75.688,887.0
2020-01-02 14:00:00,112.78416369733766,0.6899802012561951,0.512655289533353,68.502,743.0
2020-01-02 15:00:00,89.63264264321097,0.7223778420632735,0.4074211029236862,58.806000000000004,564.0
2020-01-02 16:00:00,75.79844023654759,0.7441433363101079,0.34453836471157995,52.292,463.0
2020-01-02 17:00:00,15.3630264936898,0.8119992861358244,0.0698319386076809,31.984,86.0
2020-01-02 18:00:00,6.513864849140362,0.822457682972268,0.029608476587001647,28.854,36.0
2020-01-02 19:00:00,0.0,,0.0,26.01,0.0
2020-01-02 20:00:00,0.0,,0.0,24.23,0.0
2020-01-02 21:00:00,0.0,,0.0,22.33,0.0
2020-01-02 22:00:00,0.0,,0.0,21.47,0.0
2020-01-02 23:00:00,0.0,,0.0,20.77,0.0
2020-01-03 00:00:00,0.0,,0.0,20.35,0.0
2020-01-03 01:00:00,0.0,,0.0,19.79,0.0
2020-01-03 02:00:00,0.0,,0.0,20.03,0.0
2020-01-03 03:00:00,0.0,,0.0,19.76,0.0
2020-01-03 04:00:00,0.0,,0.0,19.09,0.0
2020-01-03 05:00:00,0.0,,0.0,19.17,0.0
2020-01-03 06:00:00,0.0,,0.0,18.81,0.0
2020-01-03 07:00:00,18.618762183623897,0.8379280910721826,0.08463073719829044,24.224,101.0
2020-01-03 08:00:00,43.00124536653979,0.8010664188997726,0.1954602062115445,35.256,244.0
2020-01-03 09:00:00,33.71163685964269,0.8022759842846903,0.15323471299837585,34.894,191.0
2020-01-03 10:00:00,112.68644899113046,0.700699222678339,0.5122111317778657,65.29400000000001,731.0
2020-01-03 11:00:00,123.47996921600193,0.6803304089035919,0.5612725873454634,71.39,825.0
2020-01-03 12:00:00,112.54734549687043,0.6941368292640338,0.5115788431675928,67.25800000000001,737.0
2020-01-03 13:00:00,77.83543401672827,0.7386167585569204,0.35379742734876485,53.946,479.0
2020-01-03 14:00:00,106.35194290783562,0.6985808125843117,0.48341792230834374,65.92800000000001,692.0
2020-01-03 15:00:00,91.61518205706987,0.7179873201964724,0.41643264571395394,60.120000000000005,580.0
2020-01-03 16:00:00,77.6040687508621,0.7379618557518267,0.35274576704937316,54.141999999999996,478.0
2020-01-03 17:00:00,15.900777879242833,0.8120928436794091,0.07227626308746742,31.956,89.0
2020-01-03 18:00:00,6.7034002699624935,0.8235135466784389,0.030470001227102243,28.538,37.0
2020-01-03 19:00:00,0.0,,0.0,25.28,0.0
2020-01-03 20:00:00,0.0,,0.0,24.82,0.0
2020-01-03 21:00:00,0.0,,0.0,24.24,0.0
2020-01-03 22:00:00,0.0,,0.0,23.68,0.0
2020-01-03 23:00:00,0.0,,0.0,23.25,0.0
2020-01-04 00:00:00,0.0,,0.0,22.24,0.0
2020-01-04 01:00:00,0.0,,0.0,22.13,0.0
2020-01-04 02:00:00,0.0,,0.0,21.73,0.0
2020-01-04 03:00:00,0.0,,0.0,20.05,0.0
2020-01-04 04:00:00,0.0,,0.0,19.71,0.0
2020-01-04 05:00:00,0.0,,0.0,19.77,0.0
2020-01-04 06:00:00,0.0,,0.0,19.95,0.0
2020-01-04 07:00:00,10.540970991718616,0.8405877983826647,0.04791350450781189,23.428,57.0
2020-01-04 08:00:00,37.36833304969358,0.8088383776989952,0.16985605931678902,32.93,210.0
2020-01-04 09:00:00,53.8446682495839,0.7869726432268912,0.24474849204356317,39.474000000000004,311.0
2020-01-04 10:00:00,103.26370743144403,0.7210145749996092,0.4693804883247456,59.214,651.0
2020-01-04 11:00:00,118.71638169897219,0.6953864907390592,0.53961991681351,66.884,776.0
2020-01-04 12:00:00,125.63392542948505,0.6814597821082937,0.5710632974067502,71.052,838.0
2020-01-04 13:00:00,118.18925243595692,0.6896327018085945,0.5372238747088951,68.606,779.0
2020-01-04 14:00:00,123.88055922824609,0.6784258446234726,0.5630934510374822,71.96000000000001,830.0
2020-01-04 15:00:00,94.31161043610176,0.7192770777616059,0.4286891383459171,59.733999999999995,596.0
2020-01-04 16:00:00,65.13158128821486,0.7571678829134487,0.29605264221915845,48.394000000000005,391.0
2020-01-04 17:00:00,22.35208908551333,0.8063524201123136,0.1016004049341515,33.674,126.0
2020-01-04 18:00:00,6.712103794588555,0.8245827757479797,0.03050956270267525,28.218,37.0
2020-01-04 19:00:00,0.0,,0.0,24.85,0.0
2020-01-04 20:00:00,0.0,,0.0,24.65,0.0
2020-01-04 21:00:00,0.0,,0.0,23.8,0.0
2020-01-04 22:00:00,0.0,,0.0,23.39,0.0
2020-01-04 23:00:00,0.0,,0.0,21.74,0.0
2020-01-05 00:00:00,0.0,,0.0,20.91,0.0
2020-01-05 01:00:00,0.0,,0.0,20.53,0.0
2020-01-05 02:00:00,0.0,,0.0,20.16,0.0
2020-01-05 03:00:00,0.0,,0.0,20.2,0.0
2020-01-05 04:00:00,0.0,,0.0,20.28,0.0
2020-01-05 05:00:00,0.0,,0.0,19.8,0.0
2020-01-05 06:00:00,0.0,,0.0,19.65,0.0
2020-01-05 07:00:00,7.261324132102383,0.8463081739047067,0.03300601878228356,21.716,39.0
2020-01-05 08:00:00,39.65109407669258,0.8046082401926253,0.1802322458031481,34.196,224.0
2020-01-05 09:00:00,65.96264880461597,0.7648730148958253,0.29983022183916347,46.08800000000001,392.0
2020-01-05 10:00:00,115.15984891546833,0.6960730026285212,0.5234538587066743,66.67854,752.01
2020-01-05 11:00:00,125.85252797621627,0.6753919071386512,0.5720569453464376,72.86800000000001,847.0
2020-01-05 12:00:00,139.77170368373694,0.6482851459017438,0.6353259258351679,80.98054,980.01
2020-01-05 13:00:00,111.90987259580034,0.6911429878693203,0.5086812390718197,68.154,736.0
2020-01-05 14:00:00,114.16176257379631,0.6863982838732342,0.518917102608165,69.574,756.0
2020-01-05 15:00:00,90.36077480881926,0.7180608296950036,0.41073079458554207,60.098,572.0
2020-01-05 16:00:00,74.07802099255021,0.7400401697557464,0.3367182772388646,53.519999999999996,455.0
2020-01-05 17:00:00,14.435887943468671,0.8100947218557054,0.06561767247031214,32.554,81.0
2020-01-05 18:00:00,6.505925823299024,0.8214552807195737,0.029572390105904654,29.154,36.0
2020-01-05 19:00:00,0.0,,0.0,25.63,0.0
2020-01-05 20:00:00,0.0,,0.0,24.73,0.0
2020-01-05 21:00:00,0.0,,0.0,24.05,0.0
2020-01-05 22:00:00,0.0,,0.0,25.38,0.0
2020-01-05 23:00:00,0.0,,0.0,24.83,0.0
2020-01-06 00:00:00,0.0,,0.0,24.32,0.0
2020-01-06 01:00:00,0.0,,0.0,23.83,0.0
2020-01-06 02:00:00,0.0,,0.0,22.28,0.0
2020-01-06 03:00:00,0.0,,0.0,21.35,0.0
2020-01-06 04:00:00,0.0,,0.0,20.78,0.0
2020-01-06 05:00:00,0.0,,0.0,20.49,0.0
2020-01-06 06:00:00,0.0,,0.0,20.44,0.0
2020-01-06 07:00:00,1.4936424410295446,0.8486604778576958,0.006789283822861566,21.011999999999997,8.0
2020-01-06 08:00:00,5.706238041630789,0.8366917949605263,0.025937445643776317,24.594,31.0
2020-01-06 09:00:00,79.89891179903965,0.7472775140201987,0.3631768718138166,51.354,486.0
2020-01-06 10:00:00,91.24643929996923,0.7314930198811065,0.4147565422725874,56.078,567.0
2020-01-06 11:00:00,117.0592453120701,0.6910226995989971,0.5320874786912277,68.19,770.0
2020-01-06 12:00:00,111.17616546982347,0.6941568773090876,0.5053462066810158,67.25200000000001,728.0
2020-01-06 13:00:00,80.3212150469599,0.7346004668644586,0.36509643203163594,55.147999999999996,497.0
2020-01-06 14:00:00,86.9213330012965,0.7236208208566142,0.3950969681877114,58.434,546.0
2020-01-06 15:00:00,73.31937062353182,0.7389575753228363,0.3332698664705992,53.844,451.0
2020-01-06 16:00:00,67.11521893398185,0.7477185710113842,0.3050691769726448,51.222,408.0
2020-01-06 17:00:00,12.335177600151383,0.8125940448057565,0.056068989091597195,31.805999999999997,69.0
2020-01-06 18:00:00,6.523656314344681,0.8236939790839244,0.029652983247021276,28.483999999999998,36.0
2020-01-06 19:00:00,0.0,,0.0,25.31,0.0
2020-01-06 20:00:00,0.0,,0.0,25.15,0.0
2020-01-06 21:00:00,0.0,,0.0,23.66,0.0
2020-01-06 22:00:00,0.0,,0.0,24.58,0.0
2020-01-06 23:00:00,0.0,,0.0,23.63,0.0
2020-01-07 00:00:00,0.0,,0.0,21.63,0.0
2020-01-07 01:00:00,0.0,,0.0,20.51,0.0
2020-01-07 02:00:00,0.0,,0.0,20.38,0.0
2020-01-07 03:00:00,0.0,,0.0,20.02,0.0
2020-01-07 04:00:00,0.0,,0.0,19.71,0.0
2020-01-07 05:00:00,0.0,,0.0,19.67,0.0
2020-01-07 06:00:00,0.0,,0.0,19.79,0.0
2020-01-07 07:00:00,2.78891361951354,0.8451253392465273,0.01267688008869791,22.07,15.0
2020-01-07 08:00:00,19.98061679568722,0.8256453221358355,0.09082098543494191,27.900000000000002,110.0
2020-01-07 09:00:00,32.564909265220045,0.8088651084257339,0.1480223148419093,32.922,183.0
2020-01-07 10:00:00,77.57721573104877,0.7550828862278448,0.35262370786840347,49.018,467.0
2020-01-07 11:00:00,94.06488609561254,0.7308848958478054,0.4275676640709661,56.260000000000005,585.0
2020-01-07 12:00:00,105.49999134290188,0.7093867088683559,0.47954541519500854,62.694,676.0
2020-01-07 13:00:00,111.53573130112756,0.695446634874221,0.5069805968233071,66.866,729.0
2020-01-07 14:00:00,104.43751739531542,0.7085313256127234,0.4747159881605247,62.95,670.0
2020-01-07 15:00:00,85.30689093114114,0.7316199908331145,0.38775859514155064,56.040000000000006,530.0
2020-01-07 16:00:00,81.39496829200094,0.7370062322709249,0.36997712860000426,54.428,502.0
2020-01-07 17:00:00,16.32111254279244,0.8152403867528693,0.0741868751945111,31.014000000000003,91.0
2020-01-07 18:00:00,7.466489142502159,0.8277704149115476,0.03393858701137345,27.264,41.0
2020-01-07 19:00:00,0.0,,0.0,23.09,0.0
2020-01-07 20:00:00,0.0,,0.0,22.02,0.0
2020-01-07 21:00:00,0.0,,0.0,21.68,0.0
2020-01-07 22:00:00,0.0,,0.0,21.67,0.0
2020-01-07 23:00:00,0.0,,0.0,21.21,0.0
2020-01-08 00:00:00,0.0,,0.0,20.98,0.0
2020-01-08 01:00:00,0.0,,0.0,20.74,0.0
2020-01-08 02:00:00,0.0,,0.0,20.76,0.0
2020-01-08 03:00:00,0.0,,0.0,20.65,0.0
2020-01-08 04:00:00,0.0,,0.0,20.42,0.0
2020-01-08 05:00:00,0.0,,0.0,20.4,0.0
2020-01-08 06:00:00,0.0,,0.0,20.31,0.0
2020-01-08 07:00:00,2.7993887230541947,0.8482996130467257,0.012724494195700885,21.119999999999997,15.0
2020-01-08 08:00:00,18.77484343166461,0.8285456059869643,0.08534019741665733,27.032,103.0
2020-01-08 09:00:00,45.68872322903053,0.7956935428253313,0.2076760146774115,36.864,261.0
2020-01-08 10:00:00,89.79934013302952,0.7434951161866991,0.4081788187864978,52.486000000000004,549.0
2020-01-08 11:00:00,114.7322609707549,0.7066534920593427,0.5215102771397949,63.512,738.0
2020-01-08 12:00:00,119.16636862403924,0.6926666392934158,0.541665311927451,67.69800000000001,782.0
2020-01-08 13:00:00,102.79752048309076,0.7133762698340789,0.46726145674132163,61.5,655.0
2020-01-08 14:00:00,92.80471570267706,0.7248103381964781,0.42183961683035026,58.078,582.0
2020-01-08 15:00:00,109.59630814853695,0.7026305176851966,0.4981650370388043,64.71600000000001,709.0
2020-01-08 16:00:00,89.96407270998282,0.7302148233552875,0.4089276032271946,56.46054,560.01
2020-01-08 17:00:00,15.1235619512755,0.81837456446296,0.06874346341488864,30.076,84.0
2020-01-08 18:00:00,7.112533556125964,0.828966614933096,0.03232969798239074,26.906000000000002,39.0
2020-01-08 19:00:00,0.0,,0.0,23.77,0.0
2020-01-08 20:00:00,0.0,,0.0,22.41,0.0
2020-01-08 21:00:00,0.0,,0.0,21.75,0.0
2020-01-08 22:00:00,0.0,,0.0,22.06,0.0
2020-01-08 23:00:00,0.0,,0.0,21.86,0.0
2020-01-09 00:00:00,0.0,,0.0,21.38,0.0
2020-01-09 01:00:00,0.0,,0.0,20.27,0.0
2020-01-09 02:00:00,0.0,,0.0,20.29,0.0
2020-01-09 03:00:00,0.0,,0.0,20.47,0.0
2020-01-09 04:00:00,0.0,,0.0,20.19,0.0
2020-01-09 05:00:00,0.0,,0.0,20.42,0.0
2020-01-09 06:00:00,0.0,,0.0,19.79,0.0
2020-01-09 07:00:00,13.315969263160255,0.8406546251995111,0.0605271330143648,23.408,72.0
2020-01-09 08:00:00,8.854236740328012,0.8384693882886375,0.040246530637854605,24.061999999999998,48.0
2020-01-09 09:00:00,19.189842775810845,0.8228920572817686,0.08722655807186748,28.724,106.0
2020-01-09 10:00:00,94.9519722604641,0.729053841066217,0.43159987391120047,56.80800000000001,592.0
2020-01-09 11:00:00,136.30428016215663,0.6640495919957821,0.6195649098279847,76.26254,933.01
2020-01-09 12:00:00,129.62998998102367,0.6711016254971198,0.5892272271864712,74.152,878.0
2020-01-09 13:00:00,104.08058761462867,0.7082239222552305,0.47309358006649394,63.042,668.0
2020-01-09 14:00:00,95.66195346069513,0.7187224151817816,0.4348270611849779,59.900000000000006,605.0
2020-01-09 15:00:00,99.87451524692706,0.7137972787802106,0.4539750693042139,61.374,636.0
2020-01-09 16:00:00,85.3731229893175,0.7321880187763079,0.38805964995144315,55.870000000000005,530.0
2020-01-09 17:00:00,18.016638530207345,0.8108298168410146,0.08189381150094248,32.333999999999996,101.0
2020-01-09 18:00:00,6.892003590343257,0.8244023433424948,0.0313272890470148,28.272,38.0
2020-01-09 19:00:00,0.0,,0.0,24.88,0.0
2020-01-09 20:00:00,0.0,,0.0,23.3,0.0
2020-01-09 21:00:00,0.0,,0.0,22.65,0.0
2020-01-09 22:00:00,0.0,,0.0,22.12,0.0
2020-01-09 23:00:00,0.0,,0.0,20.88,0.0
2020-01-10 00:00:00,0.0,,0.0,20.26,0.0
2020-01-10 01:00:00,0.0,,0.0,19.68,0.0
2020-01-10 02:00:00,0.0,,0.0,19.42,0.0
2020-01-10 03:00:00,0.0,,0.0,18.84,0.0
2020-01-10 04:00:00,0.0,,0.0,18.64,0.0
2020-01-10 05:00:00,0.0,,0.0,18.3,0.0
2020-01-10 06:00:00,0.0,,0.0,18.03,0.0
2020-01-10 07:00:00,15.741985600896301,0.8418174118126365,0.07155448000407409,23.06,85.0
2020-01-10 08:00:00,58.19157011457103,0.7848876465412872,0.26450713688441374,40.098,337.0
2020-01-10 09:00:00,93.95809998987535,0.7325470792632228,0.4270822726812516,55.76254000000001,583.01
2020-01-10 10:00:00,104.95642535601506,0.7109905524726667,0.4770746607091594,62.214,671.0
2020-01-10 11:00:00,110.85642855501345,0.6979125444158489,0.5038928570682429,66.12800000000001,722.0
2020-01-10 12:00:00,107.69362063274221,0.6993092248879365,0.4895164574215555,65.71,700.0
2020-01-10 13:00:00,70.83279716090601,0.7487610693541862,0.32196725982230007,50.910000000000004,430.0
2020-01-10 14:00:00,63.41819984360679,0.7565998549702552,0.28826454474366725,48.564,381.0
2020-01-10 15:00:00,86.38067799055149,0.7284590823962851,0.3926394454115977,56.986000000000004,539.0
2020-01-10 16:00:00,91.5352713768412,0.7273813663210051,0.41606941534927816,57.30854,572.01
2020-01-10 17:00:00,27.7061240072129,0.8072879955481614,0.12593692730551317,33.394,156.0
2020-01-10 18:00:00,7.298317052143078,0.8293542104708043,0.033174168418832174,26.79,40.0
2020-01-10 19:00:00,0.0,,0.0,24.1,0.0
2020-01-10 20:00:00,0.0,,0.0,23.39,0.0
2020-01-10 21:00:00,0.0,,0.0,22.58,0.0
2020-01-10 22:00:00,0.0,,0.0,22.04,0.0
2020-01-10 23:00:00,0.0,,0.0,20.76,0.0
2020-01-11 00:00:00,0.0,,0.0,20.71,0.0
2020-01-11 01:00:00,0.0,,0.0,20.66,0.0
2020-01-11 02:00:00,0.0,,0.0,20.45,0.0
2020-01-11 03:00:00,0.0,,0.0,20.66,0.0
2020-01-11 04:00:00,0.0,,0.0,20.45,0.0
2020-01-11 05:00:00,0.0,,0.0,20.61,0.0
2020-01-11 06:00:00,0.0,,0.0,19.74,0.0
2020-01-11 07:00:00,14.61766223143591,0.8410622687822733,0.0664439192337996,23.286,79.0
2020-01-11 08:00:00,55.51672559449783,0.7885898521945713,0.25234875270226287,38.989999999999995,320.0
2020-01-11 09:00:00,80.23506632525158,0.7519687565628077,0.36470484693296173,49.95,485.0
2020-01-11 10:00:00,103.2693779541607,0.7166507838595468,0.4694062634280032,60.52,655.0
2020-01-11 11:00:00,133.59722966058703,0.6651188210653226,0.6072601348208502,75.94254000000001,913.01
2020-01-11 12:00:00,114.20168558244846,0.6912098146861667,0.5190985708293112,68.13399999999999,751.0
2020-01-11 13:00:00,118.21587022537496,0.6810454558438469,0.5373448646607952,71.176,789.0
2020-01-11 14:00:00,105.50243185825312,0.6990619656656051,0.4795565084466051,65.78399999999999,686.0
2020-01-11 15:00:00,100.60714619384542,0.7057179166234948,0.4573052099720247,63.792,648.0
2020-01-11 16:00:00,83.59791564587503,0.7279511985882535,0.37999052566306835,57.138,522.0
2020-01-11 17:00:00,14.590962111379511,0.8088116469722567,0.06632255505172505,32.938,82.0
2020-01-11 18:00:00,7.03398130599583,0.8198113410251551,0.03197264229998105,29.646,39.0
2020-01-11 19:00:00,0.0,,0.0,26.08,0.0
2020-01-11 20:00:00,0.0,,0.0,24.69,0.0
2020-01-11 21:00:00,0.0,,0.0,23.73,0.0
2020-01-11 22:00:00,0.0,,0.0,24.78,0.0
2020-01-11 23:00:00,0.0,,0.0,23.62,0.0
2020-01-12 00:00:00,0.0,,0.0,22.33,0.0
2020-01-12 01:00:00,0.0,,0.0,21.59,0.0
2020-01-12 02:00:00,0.0,,0.0,22.3,0.0
2020-01-12 03:00:00,0.0,,0.0,21.92,0.0
2020-01-12 04:00:00,0.0,,0.0,21.48,0.0
2020-01-12 05:00:00,0.0,,0.0,21.18,0.0
2020-01-12 06:00:00,0.0,,0.0,19.55,0.0
2020-01-12 07:00:00,12.763774731335866,0.8408283749233114,0.058017157869708486,23.355999999999998,69.0
2020-01-12 08:00:00,40.668541986238885,0.8037261262102546,0.18485700902835858,34.46,230.0
2020-01-12 09:00:00,88.07555268380942,0.7413767060926719,0.4003434212900428,53.120000000000005,540.0
2020-01-12 10:00:00,96.375845366248,0.7252848085960867,0.43807202439203635,57.936,604.0
2020-01-12 11:00:00,110.39027983159941,0.7017818171112487,0.5017739992345428,64.97,715.0
2020-01-12 12:00:00,91.15547129553723,0.7243759638869773,0.41434305134335103,58.208,572.0
2020-01-12 13:00:00,63.468612657699296,0.7572012963218717,0.28849369389863316,48.384,381.0
2020-01-12 14:00:00,35.70194328711639,0.7877745650290466,0.1622815603959836,39.234,206.0
2020-01-12 15:00:00,84.67698509784981,0.7317402791034376,0.38489538680840824,56.004000000000005,526.0
2020-01-12 16:00:00,91.73246750184134,0.7238863237999447,0.4169657613720061,58.35454,576.01
2020-01-12 17:00:00,18.06489751599289,0.8130016883885189,0.0821131705272404,31.684,101.0
2020-01-12 18:00:00,6.397090600154097,0.8307909870329996,0.029077684546154985,26.36,35.0
2020-01-12 19:00:00,0.0,,0.0,22.3,0.0
2020-01-12 20:00:00,0.0,,0.0,21.75,0.0
2020-01-12 21:00:00,0.0,,0.0,21.2,0.0
2020-01-12 22:00:00,0.0,,0.0,20.68,0.0
2020-01-12 23:00:00,0.0,,0.0,21.3,0.0
2020-01-13 00:00:00,0.0,,0.0,20.54,0.0
2020-01-13 01:00:00,0.0,,0.0,20.85,0.0
2020-01-13 02:00:00,0.0,,0.0,20.2,0.0
2020-01-13 03:00:00,0.0,,0.0,19.96,0.0
2020-01-13 04:00:00,0.0,,0.0,19.49,0.0
2020-01-13 05:00:00,0.0,,0.0,19.45,0.0
2020-01-13 06:00:00,0.0,,0.0,19.32,0.0
2020-01-13 07:00:00,2.8119588473029813,0.852108741606964,0.012781631124104461,19.98,15.0
2020-01-13 08:00:00,23.107926981117906,0.8270553679712922,0.10503603173235412,27.478,127.0
2020-01-13 09:00:00,54.65691145360121,0.786204134833159,0.24844050660727823,39.70400000000001,316.0
2020-01-13 10:00:00,12.828657155119192,0.8330296853973501,0.05831207797781451,25.69,70.0
2020-01-13 11:00:00,24.136517460451515,0.8187421119556144,0.10971144300205234,29.966,134.0
2020-01-13 12:00:00,42.128856690824485,0.8012334859418883,0.1914948031401113,35.206,239.0
2020-01-13 13:00:00,103.0119447499255,0.7248237035598473,0.4682361124996614,58.074,646.0
2020-01-13 14:00:00,104.02938236814201,0.7263607203473119,0.47286082894610004,57.614,651.0
2020-01-13 15:00:00,56.089830638274314,0.7796751548272771,0.2549537756285196,41.658,327.0
2020-01-13 16:00:00,13.222193195884367,0.8232997008645311,0.06010087816311076,28.602,73.0
2020-01-13 17:00:00,17.833658686464197,0.8188089387724609,0.08106208493847362,29.946,99.0
2020-01-13 18:00:00,1.4785876957304134,0.8401066453013712,0.00672085316241097,23.572,8.0
2020-01-13 19:00:00,0.0,,0.0,22.31,0.0
2020-01-13 20:00:00,0.0,,0.0,21.36,0.0
2020-01-13 21:00:00,0.0,,0.0,20.6,0.0
2020-01-13 22:00:00,0.0,,0.0,20.4,0.0
2020-01-13 23:00:00,0.0,,0.0,20.65,0.0
2020-01-14 00:00:00,0.0,,0.0,20.67,0.0
2020-01-14 01:00:00,0.0,,0.0,20.66,0.0
2020-01-14 02:00:00,0.0,,0.0,20.29,0.0
2020-01-14 03:00:00,0.0,,0.0,20.18,0.0
2020-01-14 04:00:00,0.0,,0.0,19.19,0.0
2020-01-14 05:00:00,0.0,,0.0,18.73,0.0
2020-01-14 06:00:00,0.0,,0.0,18.66,0.0
2020-01-14 07:00:00,3.192660129624663,0.853652441076113,0.014512091498293923,19.518,17.0
2020-01-14 08:00:00,12.352833111508534,0.8380483793425058,0.05614924141594788,24.188000000000002,67.0
2020-01-14 09:00:00,40.038024553919776,0.7982062311387514,0.18199102069963535,36.112,228.0
2020-01-14 10:00:00,0.0,,0.0,24.96,0.0
2020-01-14 11:00:00,109.61310065838133,0.7017484037028254,0.49824136662900603,64.98,710.0
2020-01-14 12:00:00,114.50137204643922,0.68935202917784,0.5204607820292692,68.69,755.0
2020-01-14 13:00:00,119.42637319053303,0.6794081988311129,0.5428471508660592,71.666,799.0
2020-01-14 14:00:00,77.49740793868374,0.7354090713482989,0.35226094517583517,54.906,479.0
2020-01-14 15:00:00,65.03197444751551,0.7521625543316622,0.2955998838523432,49.891999999999996,393.0
2020-01-14 16:00:00,39.882357899450774,0.7881888912934936,0.1812834449975035,39.11,230.0
2020-01-14 17:00:00,17.039501759465427,0.8152871655246616,0.07745228072484285,31.0,95.0
2020-01-14 18:00:00,8.709922892812125,0.8248033042435724,0.03959055860369148,28.151999999999997,48.0
2020-01-14 19:00:00,0.0,,0.0,24.0,0.0
2020-01-14 20:00:00,0.0,,0.0,23.12,0.0
2020-01-14 21:00:00,0.0,,0.0,22.58,0.0
2020-01-14 22:00:00,0.0,,0.0,22.05,0.0
2020-01-14 23:00:00,0.0,,0.0,21.35,0.0
2020-01-15 00:00:00,0.0,,0.0,21.07,0.0
2020-01-15 01:00:00,0.0,,0.0,20.68,0.0
2020-01-15 02:00:00,0.0,,0.0,19.95,0.0
2020-01-15 03:00:00,0.0,,0.0,19.45,0.0
2020-01-15 04:00:00,0.0,,0.0,19.59,0.0
2020-01-15 05:00:00,0.0,,0.0,19.29,0.0
2020-01-15 06:00:00,0.0,,0.0,18.59,0.0
2020-01-15 07:00:00,5.064741230611109,0.8526500388234189,0.02302155104823231,19.817999999999998,27.0
2020-01-15 08:00:00,15.58077927061801,0.8331967524394658,0.07082172395735459,25.64,85.0
2020-01-15 09:00:00,48.115307060095226,0.7867120186411907,0.21870594118225103,39.552,278.0
2020-01-15 10:00:00,61.29249480059902,0.7674993087978841,0.2786022490936319,45.30199999999999,363.0
2020-01-15 11:00:00,117.50462172138924,0.6900670761180951,0.5341119169154056,68.476,774.0
2020-01-15 12:00:00,125.50742440365316,0.6743360434324799,0.570488292743878,73.184,846.0
2020-01-15 13:00:00,115.26087659583051,0.690267556568634,0.5239130754355932,68.416,759.0
2020-01-15 14:00:00,90.37438876794717,0.7232265426372213,0.4107926762179417,58.552,568.0
2020-01-15 15:00:00,114.36259640454263,0.6912632761396436,0.5198299836570119,68.11800000000001,752.0
2020-01-15 16:00:00,93.92630792566331,0.7211664723543008,0.4269377632984696,59.16854,592.01
2020-01-15 17:00:00,14.923629346981157,0.8172852873483656,0.06783467884991434,30.402,83.0
2020-01-15 18:00:00,7.093038837115565,0.8266945031603223,0.03224108562325257,27.586000000000002,39.0
2020-01-15 19:00:00,0.0,,0.0,24.16,0.0
2020-01-15 20:00:00,0.0,,0.0,23.16,0.0
2020-01-15 21:00:00,0.0,,0.0,22.46,0.0
2020-01-15 22:00:00,0.0,,0.0,23.34,0.0
2020-01-15 23:00:00,0.0,,0.0,21.77,0.0
2020-01-16 00:00:00,0.0,,0.0,21.23,0.0
2020-01-16 01:00:00,0.0,,0.0,20.29,0.0
2020-01-16 02:00:00,0.0,,0.0,19.57,0.0
2020-01-16 03:00:00,0.0,,0.0,19.32,0.0
2020-01-16 04:00:00,0.0,,0.0,19.15,0.0
2020-01-16 05:00:00,0.0,,0.0,19.27,0.0
2020-01-16 06:00:00,0.0,,0.0,18.97,0.0
2020-01-16 07:00:00,12.632977810409843,0.8444503883963798,0.05742262641095383,22.272000000000002,68.0
2020-01-16 08:00:00,49.74583006814921,0.7961880612699938,0.22611740940067823,36.716,284.0
2020-01-16 09:00:00,59.130676011152985,0.7723442530192396,0.2687758000506954,43.852,348.0
2020-01-16 10:00:00,107.42652828040003,0.7087117580182084,0.4883024012745456,62.896,689.0
2020-01-16 11:00:00,133.76342952050433,0.6644906489869675,0.6080155887295652,76.13054,915.01
2020-01-16 12:00:00,114.27345290586418,0.6916441889956675,0.5194247859357463,68.00399999999999,751.0
2020-01-16 13:00:00,57.89611779769566,0.7627947008919058,0.2631641718077075,46.709999999999994,345.0
2020-01-16 14:00:00,67.72812349045294,0.7508661140848442,0.3078551067747861,50.28,410.0
2020-01-16 15:00:00,96.572292150122,0.7149266519849126,0.43896496431873633,61.036,614.0
2020-01-16 16:00:00,53.052476966575846,0.7704396887391206,0.24114762257534475,44.422,313.0
2020-01-16 17:00:00,25.287116065066797,0.8037862703454163,0.11494143665939453,34.442,143.0
2020-01-16 18:00:00,6.18017583150914,0.8262267154423983,0.028091708325041546,27.726,34.0
2020-01-16 19:00:00,0.0,,0.0,24.99,0.0
2020-01-16 20:00:00,0.0,,0.0,24.56,0.0
2020-01-16 21:00:00,0.0,,0.0,24.33,0.0
2020-01-16 22:00:00,0.0,,0.0,23.55,0.0
2020-01-16 23:00:00,0.0,,0.0,23.15,0.0
2020-01-17 00:00:00,0.0,,0.0,21.89,0.0
2020-01-17 01:00:00,0.0,,0.0,20.77,0.0
2020-01-17 02:00:00,0.0,,0.0,20.29,0.0
2020-01-17 03:00:00,0.0,,0.0,20.04,0.0
2020-01-17 04:00:00,0.0,,0.0,20.05,0.0
2020-01-17 05:00:00,0.0,,0.0,19.61,0.0
2020-01-17 06:00:00,0.0,,0.0,19.45,0.0
2020-01-17 07:00:00,12.411934748327392,0.842057988353283,0.056417885219669964,22.988,67.0
2020-01-17 08:00:00,56.56629127414224,0.7887101404648945,0.2571195057915556,38.95400000000001,326.0
2020-01-17 09:00:00,93.04058195116876,0.7291455942857471,0.4229117361416762,56.78054,580.01
2020-01-17 10:00:00,120.17207975314827,0.684498597950745,0.546236726150674,70.14254000000001,798.01
2020-01-17 11:00:00,138.15160871844265,0.6514059582484651,0.6279618578111029,80.04654000000001,964.01
2020-01-17 12:00:00,144.41255218524296,0.6366773278155443,0.6564206917511044,84.45454000000001,1031.01
2020-01-17 13:00:00,139.56034995276153,0.6420635692533546,0.6343652270580069,82.84254,988.01
2020-01-17 14:00:00,127.38395135911077,0.6594737593658665,0.5790179607232308,77.632,878.0
2020-01-17 15:00:00,115.52657201379876,0.6793195196451578,0.5251207818809034,71.69254000000001,773.01
2020-01-17 16:00:00,90.47494241098761,0.7177133302474029,0.41124973823176186,60.202000000000005,573.0
2020-01-17 17:00:00,17.033691568701546,0.8065194871544292,0.07742587076682521,33.624,96.0
2020-01-17 18:00:00,7.3965669074995555,0.8200185041573786,0.03362075867045253,29.584,41.0
2020-01-17 19:00:00,0.0,,0.0,25.77,0.0
2020-01-17 20:00:00,0.0,,0.0,24.44,0.0
2020-01-17 21:00:00,0.0,,0.0,23.6,0.0
2020-01-17 22:00:00,0.0,,0.0,23.19,0.0
2020-01-17 23:00:00,0.0,,0.0,22.3,0.0
2020-01-18 00:00:00,0.0,,0.0,21.7,0.0
2020-01-18 01:00:00,0.0,,0.0,21.42,0.0
2020-01-18 02:00:00,0.0,,0.0,20.99,0.0
2020-01-18 03:00:00,0.0,,0.0,20.64,0.0
2020-01-18 04:00:00,0.0,,0.0,20.38,0.0
2020-01-18 05:00:00,0.0,,0.0,20.66,0.0
2020-01-18 06:00:00,0.0,,0.0,20.64,0.0
2020-01-18 07:00:00,13.986134778606992,0.8364913145099876,0.06357333990275905,24.654000000000003,76.0
2020-01-18 08:00:00,56.80771704997735,0.7872466331759611,0.25821689568171524,39.391999999999996,328.0
2020-01-18 09:00:00,93.75263573700896,0.7296935741838866,0.4261483442591316,56.61654,584.01
2020-01-18 10:00:00,120.07950727159373,0.6831152828420268,0.5458159421436078,70.55654,799.01
2020-01-18 11:00:00,138.03488536743316,0.6495080766500307,0.6274312971246961,80.61454,966.01
2020-01-18 12:00:00,142.9986710932773,0.6359956942837123,0.6499939595148968,84.65853999999999,1022.01
2020-01-18 13:00:00,146.39742512872894,0.6254103264952608,0.6654428414942225,87.82654000000001,1064.01
2020-01-18 14:00:00,136.6528575142842,0.641014388228868,0.6211493523376554,83.15654,969.01
2020-01-18 15:00:00,118.31835851683199,0.670578572001664,0.5378107205310545,74.30854,802.01
2020-01-18 16:00:00,96.56391807639694,0.703397221754874,0.43892690034725884,64.48654,624.01
2020-01-18 17:00:00,14.841991168102695,0.8031380502220072,0.06746359621864861,34.636,84.0
2020-01-18 18:00:00,7.008179472011481,0.8168041342670723,0.03185536123641582,30.546000000000003,39.0
2020-01-18 19:00:00,0.0,,0.0,26.32,0.0
2020-01-18 20:00:00,0.0,,0.0,24.15,0.0
2020-01-18 21:00:00,0.0,,0.0,23.93,0.0
2020-01-18 22:00:00,0.0,,0.0,23.52,0.0
2020-01-18 23:00:00,0.0,,0.0,21.9,0.0
2020-01-19 00:00:00,0.0,,0.0,20.89,0.0
2020-01-19 01:00:00,0.0,,0.0,20.12,0.0
2020-01-19 02:00:00,0.0,,0.0,19.44,0.0
2020-01-19 03:00:00,0.0,,0.0,18.8,0.0
2020-01-19 04:00:00,0.0,,0.0,18.36,0.0
2020-01-19 05:00:00,0.0,,0.0,18.22,0.0
2020-01-19 06:00:00,0.0,,0.0,17.82,0.0
2020-01-19 07:00:00,11.208581316996419,0.8491349482573045,0.05094809689543827,20.869999999999997,60.0
2020-01-19 08:00:00,55.78488824513859,0.7923989807548094,0.25356767384153905,37.849999999999994,320.0
2020-01-19 09:00:00,92.29001101510343,0.7282986980358541,0.419500050068652,57.034,576.0
2020-01-19 10:00:00,109.85943098795843,0.6984070628605112,0.4993610499452656,65.98,715.0
2020-01-19 11:00:00,131.5022622067063,0.6619463515891789,0.5977375554850286,76.89200000000001,903.0
2020-01-19 12:00:00,133.92229928183184,0.6538536240690941,0.6087377240083266,79.314,931.0
2020-01-19 13:00:00,111.0929174329272,0.6860975631974259,0.5049678065133054,69.664,736.0
2020-01-19 14:00:00,102.73187356052273,0.6959211052738296,0.4669630616387397,66.724,671.0
2020-01-19 15:00:00,121.09168324162627,0.6671637216608188,0.5504167420073921,75.33054,825.01
2020-01-19 16:00:00,93.09581253368927,0.7088035112377383,0.42316278424404213,62.868539999999996,597.01
2020-01-19 17:00:00,17.101745192251496,0.8013938703023193,0.07773520541932498,35.158,97.0
2020-01-19 18:00:00,8.07828958630532,0.8159888471015475,0.03671949811956964,30.79,45.0
2020-01-19 19:00:00,0.0,,0.0,26.23,0.0
2020-01-19 20:00:00,0.0,,0.0,24.26,0.0
2020-01-19 21:00:00,0.0,,0.0,23.75,0.0
2020-01-19 22:00:00,0.0,,0.0,24.68,0.0
2020-01-19 23:00:00,0.0,,0.0,22.74,0.0
2020-01-20 00:00:00,0.0,,0.0,21.11,0.0
2020-01-20 01:00:00,0.0,,0.0,20.07,0.0
2020-01-20 02:00:00,0.0,,0.0,19.36,0.0
2020-01-20 03:00:00,0.0,,0.0,18.9,0.0
2020-01-20 04:00:00,0.0,,0.0,18.44,0.0
2020-01-20 05:00:00,0.0,,0.0,18.22,0.0
2020-01-20 06:00:00,0.0,,0.0,17.94,0.0
2020-01-20 07:00:00,10.45706136933555,0.8487874488097037,0.04753209713334341,20.974,56.0
2020-01-20 08:00:00,42.689028473429445,0.8051495374090804,0.19404103851558838,34.034,241.0
2020-01-20 09:00:00,62.93705077192256,0.7649131109859328,0.2860775035087389,46.07600000000001,374.0
2020-01-20 10:00:00,100.78652407216057,0.7135834329663026,0.45812056396436623,61.438,642.0
2020-01-20 11:00:00,125.98794717440991,0.6721508065216064,0.5726724871564087,73.83800000000001,852.0
2020-01-20 12:00:00,141.01428420929747,0.6409676094570758,0.6409740191331703,83.17054,1000.01
2020-01-20 13:00:00,141.25133675804594,0.6356882909262191,0.6420515307183906,84.75054,1010.01
2020-01-20 14:00:00,130.8641350710993,0.6508063212209035,0.5948369775959059,80.226,914.0
2020-01-20 15:00:00,120.71109713398691,0.6658739640956858,0.548686805154486,75.71654000000001,824.01
2020-01-20 16:00:00,93.61298664054895,0.7056492854825938,0.4255135756388589,63.812540000000006,603.01
2020-01-20 17:00:00,14.451117641374305,0.8010597362180879,0.0656868983698832,35.257999999999996,82.0
2020-01-20 18:00:00,7.338097452368066,0.8135363029232889,0.03335498841985485,31.523999999999997,41.0
2020-01-20 19:00:00,0.0,,0.0,27.16,0.0
2020-01-20 20:00:00,0.0,,0.0,25.35,0.0
2020-01-20 21:00:00,0.0,,0.0,23.8,0.0
2020-01-20 22:00:00,0.0,,0.0,23.35,0.0
2020-01-20 23:00:00,0.0,,0.0,22.08,0.0
2020-01-21 00:00:00,0.0,,0.0,21.27,0.0
2020-01-21 01:00:00,0.0,,0.0,20.68,0.0
2020-01-21 02:00:00,0.0,,0.0,20.03,0.0
2020-01-21 03:00:00,0.0,,0.0,19.58,0.0
2020-01-21 04:00:00,0.0,,0.0,19.32,0.0
2020-01-21 05:00:00,0.0,,0.0,19.15,0.0
2020-01-21 06:00:00,0.0,,0.0,18.94,0.0
2020-01-21 07:00:00,14.445472111887131,0.8418107291309517,0.06566123687221423,23.062,78.0
2020-01-21 08:00:00,58.185367383084994,0.787139710269007,0.26447894265038635,39.42400000000001,336.0
2020-01-21 09:00:00,93.95943509879147,0.7238662757548907,0.42708834135814305,58.36054,590.01
2020-01-21 10:00:00,120.9698207239593,0.6796737017744432,0.5498628214725423,71.58654000000001,809.01
2020-01-21 11:00:00,139.0873232690118,0.6451108721015453,0.6322151057682354,81.93054000000001,980.01
2020-01-21 12:00:00,148.04950478252522,0.6242542225638201,0.6729522944660237,88.17254,1078.01
2020-01-21 13:00:00,147.70325047757018,0.6204918727753742,0.6713784112616826,89.29854,1082.01
2020-01-21 14:00:00,137.9934768788347,0.636142713280774,0.627243076721976,84.61454,986.01
2020-01-21 15:00:00,122.98986205232869,0.6615836824541543,0.5590448275105849,77.00054,845.01
2020-01-21 16:00:00,94.55709047733981,0.7045867390947377,0.429804956715181,64.13054000000001,610.01
2020-01-21 17:00:00,60.95368364111017,0.7508460660397901,0.27706219836868257,50.286,369.0
2020-01-21 18:00:00,6.990404875266707,0.8147325029448377,0.03177456761484867,31.166,39.0
2020-01-21 19:00:00,0.0,,0.0,27.13,0.0
2020-01-21 20:00:00,0.0,,0.0,25.3,0.0
2020-01-21 21:00:00,0.0,,0.0,23.82,0.0
2020-01-21 22:00:00,0.0,,0.0,22.73,0.0
2020-01-21 23:00:00,0.0,,0.0,21.62,0.0
2020-01-22 00:00:00,0.0,,0.0,20.58,0.0
2020-01-22 01:00:00,0.0,,0.0,19.88,0.0
2020-01-22 02:00:00,0.0,,0.0,19.25,0.0
2020-01-22 03:00:00,0.0,,0.0,19.09,0.0
2020-01-22 04:00:00,0.0,,0.0,18.64,0.0
2020-01-22 05:00:00,0.0,,0.0,18.42,0.0
2020-01-22 06:00:00,0.0,,0.0,18.29,0.0
2020-01-22 07:00:00,11.73186897361851,0.8464551929017685,0.05332667715281141,21.672,63.0
2020-01-22 08:00:00,51.835146439194205,0.7959942635011394,0.2356143019963373,36.774,296.0
2020-01-22 09:00:00,82.26819644618948,0.7390244021396827,0.37394634748267946,53.824,506.0
2020-01-22 10:00:00,117.61051068383304,0.6880221755225988,0.5345932303810593,69.08800000000001,777.0
2020-01-22 11:00:00,136.82082441022908,0.6567120075060602,0.621912838228314,78.45854,947.01
2020-01-22 12:00:00,146.7880606317011,0.6330285836157371,0.6672184574168231,85.54654000000001,1054.01
2020-01-22 13:00:00,146.88235714622658,0.6274819578174956,0.6676470779373935,87.20654,1064.01
2020-01-22 14:00:00,136.9764213482897,0.6418697714845006,0.6226200970376805,82.90054,970.01
2020-01-22 15:00:00,119.34852736271426,0.6697365541094008,0.5424933061941557,74.56054,810.01
2020-01-22 16:00:00,92.08446669569123,0.7094334876401481,0.41856575770768745,62.68000000000001,590.0
2020-01-22 17:00:00,58.09712952142844,0.7545081756029668,0.2640778614610384,49.19,350.0
2020-01-22 18:00:00,6.8137894839063655,0.815046588984015,0.03097177038139257,31.072,38.0
2020-01-22 19:00:00,0.0,,0.0,27.1,0.0
2020-01-22 20:00:00,0.0,,0.0,25.15,0.0
2020-01-22 21:00:00,0.0,,0.0,24.76,0.0
2020-01-22 22:00:00,0.0,,0.0,24.84,0.0
2020-01-22 23:00:00,0.0,,0.0,23.17,0.0
2020-01-23 00:00:00,0.0,,0.0,22.13,0.0
2020-01-23 01:00:00,0.0,,0.0,21.5,0.0
2020-01-23 02:00:00,0.0,,0.0,21.15,0.0
2020-01-23 03:00:00,0.0,,0.0,21.08,0.0
2020-01-23 04:00:00,0.0,,0.0,21.17,0.0
2020-01-23 05:00:00,0.0,,0.0,21.21,0.0
2020-01-23 06:00:00,0.0,,0.0,21.04,0.0
2020-01-23 07:00:00,10.172648708949538,0.8407147693346726,0.04623931231340699,23.39,55.0
2020-01-23 08:00:00,17.263668975235447,0.8260128696284903,0.07847122261470658,27.79,95.0
2020-01-23 09:00:00,58.60931136301249,0.7744359323865285,0.26640596074096584,43.226,344.0
2020-01-23 10:00:00,91.87868714588376,0.7301230701357577,0.41763039611765346,56.488,572.0
2020-01-23 11:00:00,109.67654376618344,0.701167010396263,0.4985297443917429,65.154,711.0
2020-01-23 12:00:00,81.40403201316981,0.7356229171622068,0.37001832733259005,54.842,503.0
2020-01-23 13:00:00,92.78288338161336,0.7172455425294786,0.42174037900733347,60.342,588.0
2020-01-23 14:00:00,77.27728962609278,0.7348544087684745,0.3512604073913308,55.072,478.0
2020-01-23 15:00:00,98.0874331790919,0.7065799825608119,0.44585196899587226,63.534,631.0
2020-01-23 16:00:00,88.88322800758803,0.722745389555928,0.4040146727617638,58.696,559.0
2020-01-23 17:00:00,52.46443920326779,0.771762859712677,0.23847472365121722,44.025999999999996,309.0
2020-01-23 18:00:00,9.736977023626439,0.8196108605746161,0.04425898647102927,29.706,54.0
2020-01-23 19:00:00,0.0,,0.0,26.01,0.0
2020-01-23 20:00:00,0.0,,0.0,25.89,0.0
2020-01-23 21:00:00,0.0,,0.0,24.56,0.0
2020-01-23 22:00:00,0.0,,0.0,24.64,0.0
2020-01-23 23:00:00,0.0,,0.0,23.75,0.0
2020-01-24 00:00:00,0.0,,0.0,23.25,0.0
2020-01-24 01:00:00,0.0,,0.0,22.91,0.0
2020-01-24 02:00:00,0.0,,0.0,22.6,0.0
2020-01-24 03:00:00,0.0,,0.0,22.6,0.0
2020-01-24 04:00:00,0.0,,0.0,22.44,0.0
2020-01-24 05:00:00,0.0,,0.0,21.96,0.0
2020-01-24 06:00:00,0.0,,0.0,21.87,0.0
2020-01-24 07:00:00,9.394430111422244,0.8372932363121429,0.04270195505191929,24.414,51.0
2020-01-24 08:00:00,13.168832650900782,0.8313656976578777,0.05985833023136719,26.188000000000002,72.0
2020-01-24 09:00:00,32.496302850241136,0.8071610245961535,0.14771046750109607,33.432,183.0
2020-01-24 10:00:00,65.40861506513833,0.7682477691465626,0.2973118866597197,45.078,387.0
2020-01-24 11:00:00,93.48067964736791,0.7300896567273345,0.4249121802153087,56.498000000000005,582.0
2020-01-24 12:00:00,114.25295845767377,0.6961549991327917,0.5193316293530625,66.654,746.0
2020-01-24 13:00:00,122.3344604090649,0.6814530994266093,0.5560657291321132,71.054,816.0
2020-01-24 14:00:00,124.79883988389425,0.6753183976401204,0.5672674540177011,72.89,840.0
2020-01-24 15:00:00,110.01320109736531,0.6964624024902842,0.5000600049880242,66.56200000000001,718.0
2020-01-24 16:00:00,89.74361846295312,0.7258461538575957,0.40792553846796875,57.768,562.0
2020-01-24 17:00:00,59.67082086597818,0.7640309970035619,0.2712310039362644,46.34,355.0
2020-01-24 18:00:00,9.73578616975024,0.8195106203493467,0.044253573498864725,29.736,54.0
2020-01-24 19:00:00,0.0,,0.0,25.85,0.0
2020-01-24 20:00:00,0.0,,0.0,24.5,0.0
2020-01-24 21:00:00,0.0,,0.0,23.28,0.0
2020-01-24 22:00:00,0.0,,0.0,22.62,0.0
2020-01-24 23:00:00,0.0,,0.0,22.11,0.0
2020-01-25 00:00:00,0.0,,0.0,21.7,0.0
2020-01-25 01:00:00,0.0,,0.0,21.14,0.0
2020-01-25 02:00:00,0.0,,0.0,20.72,0.0
2020-01-25 03:00:00,0.0,,0.0,20.46,0.0
2020-01-25 04:00:00,0.0,,0.0,20.38,0.0
2020-01-25 05:00:00,0.0,,0.0,20.68,0.0
2020-01-25 06:00:00,0.0,,0.0,20.61,0.0
2020-01-25 07:00:00,1.1204435381279274,0.8488208622181268,0.005092925173308761,20.964000000000002,6.0
2020-01-25 08:00:00,27.31258943663769,0.8167640381769645,0.12414813380289859,30.558000000000003,152.0
2020-01-25 09:00:00,17.84603033506695,0.8193769667156542,0.08111831970484977,29.776,99.0
2020-01-25 10:00:00,39.89580719730199,0.8024096379183828,0.18134457816955452,34.854,226.0
2020-01-25 11:00:00,56.32299541666451,0.7829162554443219,0.2560136155302932,40.688,327.0
2020-01-25 12:00:00,104.93098665895346,0.7226651973757126,0.47695903026797026,58.72,660.0
2020-01-25 13:00:00,124.75693946973162,0.6915573141337673,0.5670769975896892,68.03,820.0
2020-01-25 14:00:00,115.75011465273309,0.6968700460730469,0.5261368847851504,66.44,755.0
2020-01-25 15:00:00,113.6381602965205,0.6961416337694223,0.5165370922569114,66.658,742.0
2020-01-25 16:00:00,85.78245769150695,0.7343131115520197,0.3899202622341225,55.233999999999995,531.0
2020-01-25 17:00:00,51.476089293619964,0.7773495816010263,0.23398222406190894,42.354,301.0
2020-01-25 18:00:00,9.945430848990489,0.8219364338008669,0.045206503859047675,29.009999999999998,55.0
2020-01-25 19:00:00,0.0,,0.0,24.97,0.0
2020-01-25 20:00:00,0.0,,0.0,23.33,0.0
2020-01-25 21:00:00,0.0,,0.0,22.24,0.0
2020-01-25 22:00:00,0.0,,0.0,23.25,0.0
2020-01-25 23:00:00,0.0,,0.0,22.96,0.0
2020-01-26 00:00:00,0.0,,0.0,21.06,0.0
2020-01-26 01:00:00,0.0,,0.0,21.16,0.0
2020-01-26 02:00:00,0.0,,0.0,20.97,0.0
2020-01-26 03:00:00,0.0,,0.0,20.54,0.0
2020-01-26 04:00:00,0.0,,0.0,20.19,0.0
2020-01-26 05:00:00,0.0,,0.0,19.97,0.0
2020-01-26 06:00:00,0.0,,0.0,19.79,0.0
2020-01-26 07:00:00,4.479974639987673,0.8484800454522108,0.02036352109085306,21.066,24.0
2020-01-26 08:00:00,6.124402704783767,0.8435816397773784,0.027838194112653487,22.532,33.0
2020-01-26 09:00:00,13.57282027216708,0.8337113189291817,0.06169463760075945,25.486,74.0
2020-01-26 10:00:00,24.931469760224388,0.8211946561338731,0.11332486254647449,29.232,138.0
2020-01-26 11:00:00,39.86424221863282,0.801774783158343,0.18120110099378553,35.044,226.0
2020-01-26 12:00:00,47.549086915951136,0.7888036980084794,0.21613221325432336,38.926,274.0
2020-01-26 13:00:00,67.84631500257089,0.7671451266685989,0.3083923409207768,45.408,402.0
2020-01-26 14:00:00,72.10348235251136,0.7621932595402893,0.3277431016023244,46.89,430.0
2020-01-26 15:00:00,83.89477346436233,0.7477252536930689,0.38133987938346514,51.22,510.0
2020-01-26 16:00:00,75.98254624580825,0.7574017767724107,0.3453752102082193,48.324,456.0
2020-01-26 17:00:00,33.3555789016085,0.8022024747861594,0.15161626773458411,34.916,189.0
2020-01-26 18:00:00,8.76743672446271,0.8302496898165445,0.03985198511119414,26.522,48.0
2020-01-26 19:00:00,0.0,,0.0,23.39,0.0
2020-01-26 20:00:00,0.0,,0.0,22.59,0.0
2020-01-26 21:00:00,0.0,,0.0,22.54,0.0
2020-01-26 22:00:00,0.0,,0.0,22.42,0.0
2020-01-26 23:00:00,0.0,,0.0,22.22,0.0
2020-01-27 00:00:00,0.0,,0.0,21.59,0.0
2020-01-27 01:00:00,0.0,,0.0,21.48,0.0
2020-01-27 02:00:00,0.0,,0.0,20.4,0.0
2020-01-27 03:00:00,0.0,,0.0,20.3,0.0
2020-01-27 04:00:00,0.0,,0.0,20.05,0.0
2020-01-27 05:00:00,0.0,,0.0,19.67,0.0
2020-01-27 06:00:00,0.0,,0.0,19.67,0.0
2020-01-27 07:00:00,2.9937301948902793,0.8504915326392839,0.013607864522228542,20.464000000000002,16.0
2020-01-27 08:00:00,6.871215104158714,0.8441296196755176,0.031232795927994154,22.368000000000002,37.0
2020-01-27 09:00:00,18.306805514138354,0.8321275233699251,0.08321275233699252,25.96,100.0
2020-01-27 10:00:00,24.5709438948695,0.8212213868606116,0.11168610861304319,29.224,136.0
2020-01-27 11:00:00,28.30082173108786,0.8141778403650133,0.1286400987776721,31.332,158.0
2020-01-27 12:00:00,28.835575399290807,0.8141043308664824,0.13107079726950366,31.354,161.0
2020-01-27 13:00:00,29.46393018216314,0.8116785174149626,0.13392695537346883,32.08,165.0
2020-01-27 14:00:00,53.19666584794424,0.7850747616284568,0.24180302658156472,40.042,308.0
2020-01-27 15:00:00,46.61812587180641,0.7877344689389391,0.2119005721445746,39.245999999999995,269.0
2020-01-27 16:00:00,59.14346666389738,0.7725113200613555,0.2688339393813517,43.802,348.0
2020-01-27 17:00:00,60.71082884062362,0.7729924731426485,0.2759583129119255,43.658,357.0
2020-01-27 18:00:00,10.054188152066974,0.8309246406666921,0.045700855236668066,26.32,55.0
2020-01-27 19:00:00,0.0,,0.0,22.7,0.0
2020-01-27 20:00:00,0.0,,0.0,21.78,0.0
2020-01-27 21:00:00,0.0,,0.0,20.82,0.0
2020-01-27 22:00:00,0.0,,0.0,20.64,0.0
2020-01-27 23:00:00,0.0,,0.0,20.05,0.0
2020-01-28 00:00:00,0.0,,0.0,20.27,0.0
2020-01-28 01:00:00,0.0,,0.0,20.29,0.0
2020-01-28 02:00:00,0.0,,0.0,20.11,0.0
2020-01-28 03:00:00,0.0,,0.0,19.65,0.0
2020-01-28 04:00:00,0.0,,0.0,19.57,0.0
2020-01-28 05:00:00,0.0,,0.0,19.6,0.0
2020-01-28 06:00:00,0.0,,0.0,18.94,0.0
2020-01-28 07:00:00,7.0892148730019855,0.8479922096892327,0.032223703968190846,21.212,38.0
2020-01-28 08:00:00,5.2188979999802845,0.8472237012955007,0.02372226363627402,21.442,28.0
2020-01-28 09:00:00,16.506557895116316,0.8336645401573897,0.07502980861416507,25.5,90.0
2020-01-28 10:00:00,24.266541061452994,0.8231526818674693,0.11030245937024089,28.646,134.0
2020-01-28 11:00:00,55.269795427412724,0.7900199460750819,0.251226342851876,38.562,318.0
2020-01-28 12:00:00,43.73790463397764,0.8016478122063351,0.1988086574271711,35.082,248.0
2020-01-28 13:00:00,50.19750771168244,0.7922586444394325,0.22817048959855654,37.891999999999996,288.0
2020-01-28 14:00:00,115.50356673504035,0.7075690194501368,0.5250162124320016,63.23800000000001,742.0
2020-01-28 15:00:00,96.72861009874799,0.731573212061322,0.4396755004488545,56.054,601.0
2020-01-28 16:00:00,85.84512747938447,0.7432478569643677,0.39020512490629305,52.56,525.0
2020-01-28 17:00:00,57.3480647910185,0.775812564813562,0.26067302177735685,42.81400000000001,336.0
2020-01-28 18:00:00,9.141641237304231,0.8310582943003847,0.041552914715019235,26.279999999999998,50.0
2020-01-28 19:00:00,0.0,,0.0,23.01,0.0
2020-01-28 20:00:00,0.0,,0.0,22.41,0.0
2020-01-28 21:00:00,0.0,,0.0,21.43,0.0
2020-01-28 22:00:00,0.0,,0.0,21.71,0.0
2020-01-28 23:00:00,0.0,,0.0,20.72,0.0
2020-01-29 00:00:00,0.0,,0.0,20.17,0.0
2020-01-29 01:00:00,0.0,,0.0,19.86,0.0
2020-01-29 02:00:00,0.0,,0.0,19.45,0.0
2020-01-29 03:00:00,0.0,,0.0,19.11,0.0
2020-01-29 04:00:00,0.0,,0.0,19.1,0.0
2020-01-29 05:00:00,0.0,,0.0,19.27,0.0
2020-01-29 06:00:00,0.0,,0.0,18.63,0.0
2020-01-29 07:00:00,5.253271041493338,0.8528037405021653,0.02387850473406063,19.772000000000002,28.0
2020-01-29 08:00:00,17.872087982106187,0.8289465668880421,0.08123676355502812,26.912000000000003,98.0
2020-01-29 09:00:00,20.80152382920139,0.8151067331191767,0.0945523810418245,31.054,116.0
2020-01-29 10:00:00,45.82284424948012,0.7859836063375664,0.2082856556794551,39.77,265.0
2020-01-29 11:00:00,107.05679755563911,0.706272579203319,0.4866218070710869,63.626000000000005,689.0
2020-01-29 12:00:00,89.88095625905841,0.7256657214521105,0.4085498011775382,57.822,563.0
2020-01-29 13:00:00,57.63532520937759,0.7727986753737944,0.2619787509517163,43.716,339.0
2020-01-29 14:00:00,84.04956682598878,0.7403943518850316,0.38204348557267626,53.414,516.0
2020-01-29 15:00:00,86.96154857775281,0.7347207551347821,0.39527976626251277,55.111999999999995,538.0
2020-01-29 16:00:00,70.45955562249526,0.7571411521867103,0.3202707073749784,48.402,423.0
2020-01-29 17:00:00,52.91591837115498,0.7809314989839873,0.24052690168706808,41.282,308.0
2020-01-29 18:00:00,8.398339651579118,0.8298754596422053,0.038174271143541445,26.634,46.0
2020-01-29 19:00:00,0.0,,0.0,22.88,0.0
2020-01-29 20:00:00,0.0,,0.0,21.65,0.0
2020-01-29 21:00:00,0.0,,0.0,20.78,0.0
2020-01-29 22:00:00,0.0,,0.0,22.29,0.0
2020-01-29 23:00:00,0.0,,0.0,21.41,0.0
2020-01-30 00:00:00,0.0,,0.0,20.2,0.0
2020-01-30 01:00:00,0.0,,0.0,19.5,0.0
2020-01-30 02:00:00,0.0,,0.0,19.48,0.0
2020-01-30 03:00:00,0.0,,0.0,19.41,0.0
2020-01-30 04:00:00,0.0,,0.0,19.19,0.0
2020-01-30 05:00:00,0.0,,0.0,18.64,0.0
2020-01-30 06:00:00,0.0,,0.0,18.21,0.0
2020-01-30 07:00:00,3.383718667256357,0.8544744109233224,0.015380539396619803,19.272000000000002,18.0
2020-01-30 08:00:00,13.411619822648676,0.8350946340379002,0.06096190828476671,25.072,73.0
2020-01-30 09:00:00,35.10171470857197,0.8058244882592279,0.15955324867532714,33.832,198.0
2020-01-30 10:00:00,66.15480410396574,0.7690630563120873,0.3007036550180261,44.834,391.0
2020-01-30 11:00:00,64.2668552426264,0.768742287591225,0.2921220692846655,44.93,380.0
2020-01-30 12:00:00,59.19462927487488,0.7731795882298181,0.2690664967039767,43.602,348.0
2020-01-30 13:00:00,91.21780735029144,0.7299760511386959,0.4146263970467793,56.532,568.0
2020-01-30 14:00:00,104.35557194673311,0.7100950731269264,0.47434350884878684,62.482,668.0
2020-01-30 15:00:00,94.05550922397991,0.7221706789310496,0.42752504192718144,58.86800000000001,592.0
2020-01-30 16:00:00,89.70210029818286,0.730711146124005,0.4077368195371948,56.312,558.0
2020-01-30 17:00:00,57.76685134452905,0.7722841088840783,0.2625765970205866,43.870000000000005,340.0
2020-01-30 18:00:00,9.626167335350972,0.8255718126373046,0.04375530606977715,27.922,53.0
2020-01-30 19:00:00,0.0,,0.0,23.88,0.0
2020-01-30 20:00:00,0.0,,0.0,22.94,0.0
2020-01-30 21:00:00,0.0,,0.0,22.13,0.0
2020-01-30 22:00:00,0.0,,0.0,22.62,0.0
2020-01-30 23:00:00,0.0,,0.0,21.86,0.0
2020-01-31 00:00:00,0.0,,0.0,20.74,0.0
2020-01-31 01:00:00,0.0,,0.0,20.2,0.0
2020-01-31 02:00:00,0.0,,0.0,19.87,0.0
2020-01-31 03:00:00,0.0,,0.0,19.64,0.0
2020-01-31 04:00:00,0.0,,0.0,19.4,0.0
2020-01-31 05:00:00,0.0,,0.0,19.15,0.0
2020-01-31 06:00:00,0.0,,0.0,18.72,0.0
2020-01-31 07:00:00,6.549144997865288,0.8505383114110764,0.029768840899387673,20.45,35.0
2020-01-31 08:00:00,23.890575261026676,0.8226782114678608,0.10859352391375762,28.788,132.0
2020-01-31 09:00:00,89.95500678749852,0.7367322423218552,0.4088863944886296,54.510000000000005,555.0
2020-01-31 10:00:00,112.57737118664036,0.7009798953090932,0.511715323575638,65.21000000000001,730.0
2020-01-31 11:00:00,100.05309040151825,0.713950980458957,0.45478677455235567,61.328,637.0
2020-01-31 12:00:00,126.3276933747201,0.6731732568193547,0.5742167880669096,73.53200000000001,853.0
2020-01-31 13:00:00,126.81594493415238,0.6710548467253274,0.5764361133370562,74.166,859.0
2020-01-31 14:00:00,70.65488653218155,0.7538933688879806,0.32115857514627977,49.37400000000001,426.0
2020-01-31 15:00:00,57.8070786825051,0.7660625322356892,0.26275944855684136,45.732,343.0
2020-01-31 16:00:00,66.7796642452779,0.7569674024629097,0.30354392838762684,48.45400000000001,401.0
2020-01-31 17:00:00,53.4458042403652,0.7786393391661597,0.24293547381984182,41.968,312.0
2020-01-31 18:00:00,7.880713696533879,0.8330564161240885,0.03582142589333581,25.682,43.0
2020-01-31 19:00:00,0.0,,0.0,21.86,0.0
2020-01-31 20:00:00,0.0,,0.0,21.25,0.0
2020-01-31 21:00:00,0.0,,0.0,20.67,0.0
2020-01-31 22:00:00,0.0,,0.0,21.52,0.0
2020-01-31 23:00:00,0.0,,0.0,21.04,0.0
2020-02-01 00:00:00,0.0,,0.0,21.02,0.0
2020-02-01 01:00:00,0.0,,0.0,20.4,0.0
2020-02-01 02:00:00,0.0,,0.0,20.27,0.0
2020-02-01 03:00:00,0.0,,0.0,19.87,0.0
2020-02-01 04:00:00,0.0,,0.0,19.61,0.0
2020-02-01 05:00:00,0.0,,0.0,19.59,0.0
2020-02-01 06:00:00,0.0,,0.0,19.64,0.0
2020-02-01 07:00:00,10.666383057836546,0.8437793135016095,0.04848355935380248,22.47284,57.46
2020-02-01 08:00:00,40.519329465740896,0.8042741061083941,0.18417877029882226,34.296,229.0
2020-02-01 09:00:00,73.5382304535079,0.7579698047156039,0.33426468387958136,48.154,441.0
2020-02-01 10:00:00,88.12172841040659,0.7363112333757235,0.40055331095639357,54.636,544.0
2020-02-01 11:00:00,98.24794410951411,0.7202928453776694,0.44658156413415506,59.42999999999999,620.0
2020-02-01 12:00:00,109.55633368323583,0.7003985020025306,0.49798333492379926,65.384,711.0
2020-02-01 13:00:00,68.15933314921521,0.7501577498262736,0.309815150678251,50.492000000000004,413.0
2020-02-01 14:00:00,56.72254894497943,0.765073495346364,0.2578297679317247,46.028,337.0
2020-02-01 15:00:00,49.472113039799446,0.7754249692758535,0.22487324108999748,42.93,290.0
2020-02-01 16:00:00,92.43707411786438,0.7320009036891383,0.4201685187175654,55.926,574.0
2020-02-01 17:00:00,20.13082904536523,0.8169979320359264,0.09150376838802377,30.488,112.0
2020-02-01 18:00:00,8.038951713261488,0.8304702183121372,0.036540689605734034,26.456,44.0
2020-02-01 19:00:00,0.0,,0.0,23.34,0.0
2020-02-01 20:00:00,0.0,,0.0,22.25,0.0
2020-02-01 21:00:00,0.0,,0.0,21.96,0.0
2020-02-01 22:00:00,0.0,,0.0,20.74,0.0
2020-02-01 23:00:00,0.0,,0.0,20.43,0.0
2020-02-02 00:00:00,0.0,,0.0,20.06,0.0
2020-02-02 01:00:00,0.0,,0.0,19.59,0.0
2020-02-02 02:00:00,0.0,,0.0,19.45,0.0
2020-02-02 03:00:00,0.0,,0.0,19.64,0.0
2020-02-02 04:00:00,0.0,,0.0,19.6,0.0
2020-02-02 05:00:00,0.0,,0.0,19.34,0.0
2020-02-02 06:00:00,0.0,,0.0,19.1,0.0
2020-02-02 07:00:00,5.383819676737124,0.849719014636541,0.024471907621532382,20.6952,28.8
2020-02-02 08:00:00,7.775367234189228,0.8414899604100896,0.03534257833722376,23.158,42.0
2020-02-02 09:00:00,26.101808605575155,0.8126341408958642,0.11864458457079616,31.794,146.0
2020-02-02 10:00:00,62.558204869343804,0.7664568104550821,0.2843554766788355,45.614000000000004,371.0
2020-02-02 11:00:00,67.82254203074599,0.7574552382258878,0.30828428195793633,48.308,407.0
2020-02-02 12:00:00,95.80060266625424,0.7173925615265406,0.43545728484661017,60.298,607.0
2020-02-02 13:00:00,111.42900580059047,0.693829425906541,0.5064954809117749,67.35,730.0
2020-02-02 14:00:00,40.22918747503939,0.7814527481553883,0.18285994306836087,41.126,234.0
2020-02-02 15:00:00,55.47835363626469,0.7641646506372548,0.25217433471029405,46.3,330.0
2020-02-02 16:00:00,71.90622255358359,0.7479324168252922,0.32684646615265267,51.158,437.0
2020-02-02 17:00:00,63.58527517224778,0.7605894159359783,0.28902397805567176,47.370000000000005,380.0
2020-02-02 18:00:00,8.021485856410546,0.8286658942572879,0.03646129934732067,26.996000000000002,44.0
2020-02-02 19:00:00,0.0,,0.0,24.12,0.0
2020-02-02 20:00:00,0.0,,0.0,22.85,0.0
2020-02-02 21:00:00,0.0,,0.0,22.1,0.0
2020-02-02 22:00:00,0.0,,0.0,23.54,0.0
2020-02-02 23:00:00,0.0,,0.0,22.85,0.0
2020-02-03 00:00:00,0.0,,0.0,21.91,0.0
2020-02-03 01:00:00,0.0,,0.0,21.21,0.0
2020-02-03 02:00:00,0.0,,0.0,20.56,0.0
2020-02-03 03:00:00,0.0,,0.0,21.63,0.0
2020-02-03 04:00:00,0.0,,0.0,21.26,0.0
2020-02-03 05:00:00,0.0,,0.0,20.18,0.0
2020-02-03 06:00:00,0.0,,0.0,20.21,0.0
2020-02-03 07:00:00,9.043722103680969,0.8435835777550668,0.0411078277440044,22.531419999999997,48.73
2020-02-03 08:00:00,27.11177324817101,0.8215688863082123,0.12323533294623186,29.119999999999997,150.0
2020-02-03 09:00:00,39.32774637531469,0.8052364122709804,0.1787624835241577,34.008,222.0
2020-02-03 10:00:00,56.03908115067854,0.7813591906118035,0.25472309613944794,41.154,326.0
2020-02-03 11:00:00,115.96340540310047,0.7056310417615946,0.5271063881959112,63.818,747.0
2020-02-03 12:00:00,69.31299121915936,0.7628548450270676,0.3150590509961789,46.692,413.0
2020-02-03 13:00:00,72.01386251228242,0.7559716828919002,0.3273357386921928,48.752,433.0
2020-02-03 14:00:00,80.9194441671443,0.7415638211798414,0.3678156553052014,53.06400000000001,496.0
2020-02-03 15:00:00,107.46639836221323,0.7048825814129163,0.48848362891915104,64.042,693.0
2020-02-03 16:00:00,63.460850054654436,0.7611039824256949,0.28845840933933836,47.216,379.0
2020-02-03 17:00:00,55.76611685959373,0.7728120407371637,0.2534823493617897,43.712,328.0
2020-02-03 18:00:00,10.524063807056505,0.8247698908351493,0.04783665366843866,28.162000000000003,58.0
2020-02-03 19:00:00,0.0,,0.0,23.77,0.0
2020-02-03 20:00:00,0.0,,0.0,22.96,0.0
2020-02-03 21:00:00,0.0,,0.0,22.32,0.0
2020-02-03 22:00:00,0.0,,0.0,23.06,0.0
2020-02-03 23:00:00,0.0,,0.0,22.58,0.0
2020-02-04 00:00:00,0.0,,0.0,20.83,0.0
2020-02-04 01:00:00,0.0,,0.0,19.79,0.0
2020-02-04 02:00:00,0.0,,0.0,19.16,0.0
2020-02-04 03:00:00,0.0,,0.0,18.78,0.0
2020-02-04 04:00:00,0.0,,0.0,18.18,0.0
2020-02-04 05:00:00,0.0,,0.0,18.08,0.0
2020-02-04 06:00:00,0.0,,0.0,17.96,0.0
2020-02-04 07:00:00,9.521566699349284,0.8521332670487466,0.04327984863340584,19.97266,50.79
2020-02-04 08:00:00,47.60438370112603,0.8014206010290578,0.2163835622778456,35.150000000000006,270.0
2020-02-04 09:00:00,46.50141484098887,0.7946243137557907,0.21137006745904033,37.184,266.0
2020-02-04 10:00:00,111.99220911491483,0.7050630138184011,0.5090554959768856,63.98800000000001,722.0
2020-02-04 11:00:00,121.33703795710836,0.6868393408644196,0.551531990714129,69.44200000000001,803.0
2020-02-04 12:00:00,132.70083458025283,0.6650337505274774,0.603185611728422,75.968,907.0
2020-02-04 13:00:00,132.45066705485243,0.6630489940671428,0.6020484866129656,76.56200000000001,908.0
2020-02-04 14:00:00,113.7905748907745,0.6914838046352363,0.5172298858671568,68.052,748.0
2020-02-04 15:00:00,108.64577152493344,0.6994963399751059,0.49384441602242474,65.654,706.0
2020-02-04 16:00:00,92.10122686135627,0.7217964487567106,0.4186419402788921,58.980000000000004,580.0
2020-02-04 17:00:00,55.03913438254248,0.7697781032523423,0.25017788355701126,44.620000000000005,325.0
2020-02-04 18:00:00,9.215603554346094,0.8213550404943042,0.04188910706520952,29.184,51.0
2020-02-04 19:00:00,0.0,,0.0,24.97,0.0
2020-02-04 20:00:00,0.0,,0.0,25.02,0.0
2020-02-04 21:00:00,0.0,,0.0,24.44,0.0
2020-02-04 22:00:00,0.0,,0.0,23.74,0.0
2020-02-04 23:00:00,0.0,,0.0,21.61,0.0
2020-02-05 00:00:00,0.0,,0.0,20.03,0.0
2020-02-05 01:00:00,0.0,,0.0,19.61,0.0
2020-02-05 02:00:00,0.0,,0.0,19.52,0.0
2020-02-05 03:00:00,0.0,,0.0,19.25,0.0
2020-02-05 04:00:00,0.0,,0.0,18.96,0.0
2020-02-05 05:00:00,0.0,,0.0,18.1,0.0
2020-02-05 06:00:00,0.0,,0.0,18.23,0.0
2020-02-05 07:00:00,7.667252830043939,0.8465180769364208,0.03485114922747245,21.65318,41.17
2020-02-05 08:00:00,19.359708525016078,0.8301761803180137,0.08799867511370944,26.544,106.0
2020-02-05 09:00:00,38.87019532284885,0.7994692579771463,0.17668270601294933,35.734,221.0
2020-02-05 10:00:00,121.00462065380171,0.6944709633482651,0.550021002971826,67.15800000000002,792.0
2020-02-05 11:00:00,140.23515534761933,0.6598680375852594,0.6374325243073605,77.51400000000001,966.0
2020-02-05 12:00:00,140.38998840437503,0.6571949649114083,0.6381363109289774,78.314,971.0
2020-02-05 13:00:00,126.15761444796911,0.6770291641513851,0.5734437020362232,72.37800000000001,847.0
2020-02-05 14:00:00,98.84651284358169,0.7165906397243852,0.44930233110718953,60.538000000000004,627.0
2020-02-05 15:00:00,89.56535204825578,0.7282920153541695,0.4071152365829808,57.036,559.0
2020-02-05 16:00:00,89.77528047416034,0.7273965360084292,0.4080694567007288,57.304,561.0
2020-02-05 17:00:00,57.815532274836166,0.7684148361886785,0.26279787397652804,45.028000000000006,342.0
2020-02-05 18:00:00,8.332063487703648,0.8233264315912696,0.0378730158531984,28.594,46.0
2020-02-05 19:00:00,0.0,,0.0,24.72,0.0
2020-02-05 20:00:00,0.0,,0.0,24.85,0.0
2020-02-05 21:00:00,0.0,,0.0,22.5,0.0
2020-02-05 22:00:00,0.0,,0.0,21.86,0.0
2020-02-05 23:00:00,0.0,,0.0,20.98,0.0
2020-02-06 00:00:00,0.0,,0.0,20.49,0.0
2020-02-06 01:00:00,0.0,,0.0,20.11,0.0
2020-02-06 02:00:00,0.0,,0.0,19.98,0.0
2020-02-06 03:00:00,0.0,,0.0,19.69,0.0
2020-02-06 04:00:00,0.0,,0.0,19.5,0.0
2020-02-06 05:00:00,0.0,,0.0,18.5,0.0
2020-02-06 06:00:00,0.0,,0.0,18.22,0.0
2020-02-06 07:00:00,4.695051671169357,0.8536457583944285,0.02134114395986071,19.520000000000003,25.0
2020-02-06 08:00:00,23.448314184255263,0.8262267154423983,0.10658324629206938,27.726000000000003,129.0
2020-02-06 09:00:00,55.830150983764014,0.7856762029800733,0.2537734135625637,39.862,323.0
2020-02-06 10:00:00,115.49665684217844,0.7027909020456276,0.5249848038280838,64.668,747.0
2020-02-06 11:00:00,137.70387634836698,0.6644657225842838,0.6259267106743953,76.138,942.0
2020-02-06 12:00:00,145.59346411156346,0.6456472909603701,0.6617884732343794,81.77000000000001,1025.0
2020-02-06 13:00:00,138.2235605693711,0.6551500643159119,0.6282889116789595,78.92600000000002,959.0
2020-02-06 14:00:00,109.06508734683338,0.6982399958183956,0.49575039703106083,66.03,710.0
2020-02-06 15:00:00,98.59864028472542,0.7125208865784465,0.4481756376578428,61.756,629.0
2020-02-06 16:00:00,99.02151690673422,0.7121800698125303,0.4500978041215192,61.858000000000004,632.0
2020-02-06 17:00:00,62.21437007072535,0.7601951377165854,0.28279259123056977,47.488,372.0
2020-02-06 18:00:00,8.842609007850392,0.8202791287430791,0.04019367730841087,29.506,49.0
2020-02-06 19:00:00,0.0,,0.0,25.18,0.0
2020-02-06 20:00:00,0.0,,0.0,25.41,0.0
2020-02-06 21:00:00,0.0,,0.0,24.54,0.0
2020-02-06 22:00:00,0.0,,0.0,22.31,0.0
2020-02-06 23:00:00,0.0,,0.0,21.22,0.0
2020-02-07 00:00:00,0.0,,0.0,20.55,0.0
2020-02-07 01:00:00,0.0,,0.0,20.13,0.0
2020-02-07 02:00:00,0.0,,0.0,19.63,0.0
2020-02-07 03:00:00,0.0,,0.0,19.35,0.0
2020-02-07 04:00:00,0.0,,0.0,18.75,0.0
2020-02-07 05:00:00,0.0,,0.0,18.6,0.0
2020-02-07 06:00:00,0.0,,0.0,18.76,0.0
2020-02-07 07:00:00,8.967066149856791,0.8500394492233188,0.04075939159025814,20.599300000000003,47.95
2020-02-07 08:00:00,37.99579836763368,0.8108364995226992,0.1727081743983349,32.332,213.0
2020-02-07 09:00:00,78.76029230230498,0.7568738449193252,0.3580013286468408,48.482,473.0
2020-02-07 10:00:00,88.40965041425247,0.7387169987821897,0.40186204733751124,53.916,544.0
2020-02-07 11:00:00,137.88029620446127,0.6597143359065133,0.6267286191111876,77.56,950.0
2020-02-07 12:00:00,148.42270798235108,0.635262403622458,0.6746486726470504,84.878,1062.0
2020-02-07 13:00:00,149.10985272176845,0.6293148169231385,0.6777720578262202,86.65800000000002,1077.0
2020-02-07 14:00:00,139.8393610950593,0.645313156876139,0.6356334595229969,81.87,985.0
2020-02-07 15:00:00,121.91430069812178,0.674155611026995,0.5541559122641899,73.238,822.0
2020-02-07 16:00:00,98.42473445348092,0.7101351692170341,0.44738515660673145,62.47,630.0
2020-02-07 17:00:00,61.542296248696736,0.7580967756676119,0.2797377102213488,48.116,369.0
2020-02-07 18:00:00,9.172865131900222,0.8175459119340661,0.04169484150863737,30.324,51.0
2020-02-07 19:00:00,0.0,,0.0,25.94,0.0
2020-02-07 20:00:00,0.0,,0.0,24.52,0.0
2020-02-07 21:00:00,0.0,,0.0,24.94,0.0
2020-02-07 22:00:00,0.0,,0.0,23.84,0.0
2020-02-07 23:00:00,0.0,,0.0,21.26,0.0
2020-02-08 00:00:00,0.0,,0.0,20.54,0.0
2020-02-08 01:00:00,0.0,,0.0,20.28,0.0
2020-02-08 02:00:00,0.0,,0.0,20.04,0.0
2020-02-08 03:00:00,0.0,,0.0,19.76,0.0
2020-02-08 04:00:00,0.0,,0.0,20.51,0.0
2020-02-08 05:00:00,0.0,,0.0,18.51,0.0
2020-02-08 06:00:00,0.0,,0.0,19.0,0.0
2020-02-08 07:00:00,1.126618336004524,0.8534987393973668,0.0051209924363842,19.564,6.0
2020-02-08 08:00:00,20.094630027908668,0.8303566127234987,0.09133922739958486,26.490000000000002,110.0
2020-02-08 09:00:00,78.4575287307057,0.762019509816489,0.3566251305941168,46.942,468.0
2020-02-08 10:00:00,110.70638096661217,0.7168245335833474,0.5032108225755099,60.468,702.0
2020-02-08 11:00:00,138.70872325967514,0.6700257137458947,0.630494196634887,74.474,941.0
2020-02-08 12:00:00,140.84663529000892,0.6620599571778176,0.6402119785909496,76.858,967.0
2020-02-08 13:00:00,146.55363341985452,0.6448720998849534,0.666152879181157,82.00200000000001,1033.0
2020-02-08 14:00:00,140.34969637804025,0.652971510086723,0.6379531653547285,79.578,977.0
2020-02-08 15:00:00,125.93346928504867,0.6758262814481522,0.5724248603865849,72.738,847.0
2020-02-08 16:00:00,95.6797427593396,0.7188560688154741,0.43490792163336184,59.86,605.0
2020-02-08 17:00:00,58.62672429302448,0.7657618115598809,0.26648511042283857,45.822,348.0
2020-02-08 18:00:00,9.57318168880989,0.8210275890917573,0.04351446222186314,29.282000000000004,53.0
2020-02-08 19:00:00,0.0,,0.0,24.67,0.0
2020-02-08 20:00:00,0.0,,0.0,24.42,0.0
2020-02-08 21:00:00,0.0,,0.0,22.75,0.0
2020-02-08 22:00:00,0.0,,0.0,21.89,0.0
2020-02-08 23:00:00,0.0,,0.0,20.25,0.0
2020-02-09 00:00:00,0.0,,0.0,19.45,0.0
2020-02-09 01:00:00,0.0,,0.0,19.22,0.0
2020-02-09 02:00:00,0.0,,0.0,19.15,0.0
2020-02-09 03:00:00,0.0,,0.0,18.61,0.0
2020-02-09 04:00:00,0.0,,0.0,18.01,0.0
2020-02-09 05:00:00,0.0,,0.0,19.27,0.0
2020-02-09 06:00:00,0.0,,0.0,20.49,0.0
2020-02-09 07:00:00,1.1224724002873805,0.8503578790055912,0.005102147274033548,20.504,6.0
2020-02-09 08:00:00,17.77628305267085,0.8330029546706115,0.0808012866030493,25.698,97.0
2020-02-09 09:00:00,92.25509253311128,0.7395790647195069,0.4193413296959604,53.658,567.0
2020-02-09 10:00:00,123.3355201110087,0.6929740426509086,0.560616000504585,67.60600000000001,809.0
2020-02-09 11:00:00,144.32505330384274,0.6540607872013176,0.6560229695629215,79.25200000000001,1003.0
2020-02-09 12:00:00,150.60148247272824,0.6367927377282377,0.6845521930578556,84.42,1075.0
2020-02-09 13:00:00,152.07976289875478,0.6278579923158896,0.6912716495397945,87.094,1101.0
2020-02-09 14:00:00,142.63265294030535,0.6393789355401889,0.6483302406377516,83.646,1014.0
2020-02-09 15:00:00,126.92523885656814,0.6639043773227751,0.5769329038934916,76.306,869.0
2020-02-09 16:00:00,99.63501247957352,0.7054305613110557,0.4528864203616978,63.87800000000001,642.0
2020-02-09 17:00:00,60.92142032220495,0.7565998549702553,0.2769155469191134,48.56400000000001,366.0
2020-02-09 18:00:00,10.056111160548543,0.8162427890055636,0.04570959618431156,30.714000000000002,56.0
2020-02-09 19:00:00,0.0,,0.0,25.71,0.0
2020-02-09 20:00:00,0.0,,0.0,25.51,0.0
2020-02-09 21:00:00,0.0,,0.0,22.78,0.0
2020-02-09 22:00:00,0.0,,0.0,21.3,0.0
2020-02-09 23:00:00,0.0,,0.0,20.19,0.0
2020-02-10 00:00:00,0.0,,0.0,19.47,0.0
2020-02-10 01:00:00,0.0,,0.0,19.02,0.0
2020-02-10 02:00:00,0.0,,0.0,18.73,0.0
2020-02-10 03:00:00,0.0,,0.0,18.28,0.0
2020-02-10 04:00:00,0.0,,0.0,17.81,0.0
2020-02-10 05:00:00,0.0,,0.0,17.83,0.0
2020-02-10 06:00:00,0.0,,0.0,17.77,0.0
2020-02-10 07:00:00,11.152703954978278,0.8500018257254343,0.0506941088862649,20.61056,59.64
2020-02-10 08:00:00,57.101872659298635,0.7913230690035842,0.2595539666331756,38.172,328.0
2020-02-10 09:00:00,94.57124598491292,0.7298290321416339,0.42986929993142237,56.576,589.0
2020-02-10 10:00:00,122.96243588292478,0.6841128067370912,0.5589201631042036,70.25800000000001,817.0
2020-02-10 11:00:00,143.46571256411664,0.6443842641219756,0.6521168752914392,82.148,1012.0
2020-02-10 12:00:00,149.12659230477394,0.6282188571268597,0.6778481468398815,86.98599999999999,1079.0
2020-02-10 13:00:00,150.95410753718102,0.6209547821356686,0.6861550342599138,89.16,1105.0
2020-02-10 14:00:00,143.20695912928784,0.633210820345277,0.6509407233149447,85.492,1028.0
2020-02-10 15:00:00,127.92798045583832,0.6592866442786968,0.5814908202538106,77.688,882.0
2020-02-10 16:00:00,100.23083636896598,0.7030782573580666,0.4555947107680272,64.58200000000001,648.0
2020-02-10 17:00:00,62.36052900665435,0.751875199019223,0.28345695003024707,49.978,377.0
2020-02-10 18:00:00,9.143623053384625,0.8149396660770609,0.04156192296993011,31.104000000000003,51.0
2020-02-10 19:00:00,0.0,,0.0,26.1,0.0
2020-02-10 20:00:00,0.0,,0.0,25.84,0.0
2020-02-10 21:00:00,0.0,,0.0,24.19,0.0
2020-02-10 22:00:00,0.0,,0.0,23.15,0.0
2020-02-10 23:00:00,0.0,,0.0,21.79,0.0
2020-02-11 00:00:00,0.0,,0.0,20.89,0.0
2020-02-11 01:00:00,0.0,,0.0,20.3,0.0
2020-02-11 02:00:00,0.0,,0.0,19.86,0.0
2020-02-11 03:00:00,0.0,,0.0,19.55,0.0
2020-02-11 04:00:00,0.0,,0.0,19.42,0.0
2020-02-11 05:00:00,0.0,,0.0,19.1,0.0
2020-02-11 06:00:00,0.0,,0.0,18.71,0.0
2020-02-11 07:00:00,10.113610792663337,0.8477034510136403,0.045970958148469715,21.29842,54.230000000000004
2020-02-11 08:00:00,54.62443495715025,0.7907416756970216,0.24829288616886477,38.346000000000004,314.0
2020-02-11 09:00:00,93.54958745129078,0.7293746097870792,0.4252253975058672,56.712,583.0
2020-02-11 10:00:00,121.89636585067024,0.6848879978125084,0.5540743902303192,70.02600000000001,809.0
2020-02-11 11:00:00,143.03647590029493,0.645005753518646,0.6501657995467951,81.962,1008.0
2020-02-11 12:00:00,148.4520647356844,0.6277042906371433,0.674782112434929,87.14,1075.0
2020-02-11 13:00:00,150.0483205559032,0.6194712268016811,0.6820378207086508,89.60399999999998,1101.0
2020-02-11 14:00:00,141.89156252029605,0.6323153409995368,0.6449616478195275,85.76,1020.0
2020-02-11 15:00:00,126.78338022630318,0.6556178520338359,0.5762880919377418,78.786,879.0
2020-02-11 16:00:00,99.59642881398463,0.6975516796048791,0.4527110400635665,66.236,649.0
2020-02-11 17:00:00,62.008572878638205,0.747631696149484,0.2818571494483555,51.248000000000005,377.0
2020-02-11 18:00:00,8.910453864424513,0.8100412604022285,0.040502063020111424,32.57,50.0
2020-02-11 19:00:00,0.0,,0.0,27.61,0.0
2020-02-11 20:00:00,0.0,,0.0,26.52,0.0
2020-02-11 21:00:00,0.0,,0.0,25.08,0.0
2020-02-11 22:00:00,0.0,,0.0,25.74,0.0
2020-02-11 23:00:00,0.0,,0.0,23.53,0.0
2020-02-12 00:00:00,0.0,,0.0,22.6,0.0
2020-02-12 01:00:00,0.0,,0.0,21.78,0.0
2020-02-12 02:00:00,0.0,,0.0,21.61,0.0
2020-02-12 03:00:00,0.0,,0.0,21.42,0.0
2020-02-12 04:00:00,0.0,,0.0,20.87,0.0
2020-02-12 05:00:00,0.0,,0.0,22.45,0.0
2020-02-12 06:00:00,0.0,,0.0,22.7,0.0
2020-02-12 07:00:00,10.503143403225222,0.8336225060895933,0.04774156092375101,25.51258,57.269999999999996
2020-02-12 08:00:00,54.5872244489939,0.7852017325804647,0.24812374749542682,40.004000000000005,316.0
2020-02-12 09:00:00,92.70727151142447,0.7303235505862964,0.42139668868829305,56.428000000000004,577.0
2020-02-12 10:00:00,120.40345997481595,0.6866856391856733,0.5472884544309816,69.488,797.0
2020-02-12 11:00:00,138.47068333134234,0.6542746330152256,0.629412196960647,79.188,962.0
2020-02-12 12:00:00,135.84644716062775,0.6541142486547946,0.6174838507301261,79.236,944.0
2020-02-12 13:00:00,138.64185460924148,0.6463489725372563,0.6301902482238249,81.56,975.0
2020-02-12 14:00:00,128.70614612652673,0.6603024118947606,0.5850279369387579,77.384,886.0
2020-02-12 15:00:00,105.8279966061067,0.6951392315167281,0.48103634820957586,66.95800000000001,692.0
2020-02-12 16:00:00,80.55905944002659,0.7323550858184236,0.3661775429092118,55.82,500.0
2020-02-12 17:00:00,40.002440075870936,0.787139710269007,0.1818292730721406,39.424,231.0
2020-02-12 18:00:00,8.57006372090721,0.8288262786177186,0.038954835095032773,26.948,47.0
2020-02-12 19:00:00,0.0,,0.0,23.82,0.0
2020-02-12 20:00:00,0.0,,0.0,23.0,0.0
2020-02-12 21:00:00,0.0,,0.0,22.38,0.0
2020-02-12 22:00:00,0.0,,0.0,22.61,0.0
2020-02-12 23:00:00,0.0,,0.0,22.22,0.0
2020-02-13 00:00:00,0.0,,0.0,21.71,0.0
2020-02-13 01:00:00,0.0,,0.0,21.09,0.0
2020-02-13 02:00:00,0.0,,0.0,20.81,0.0
2020-02-13 03:00:00,0.0,,0.0,20.35,0.0
2020-02-13 04:00:00,0.0,,0.0,20.71,0.0
2020-02-13 05:00:00,0.0,,0.0,20.86,0.0
2020-02-13 06:00:00,0.0,,0.0,20.66,0.0
2020-02-13 07:00:00,2.425257719711207,0.8479922096892332,0.01102389872596003,21.212000000000003,13.0
2020-02-13 08:00:00,12.630377044351821,0.8320406485080252,0.057410804747053734,25.986,69.0
2020-02-13 09:00:00,22.629028770278687,0.8163430292308329,0.10285922168308494,30.683999999999997,126.0
2020-02-13 10:00:00,59.846655586464145,0.7772292933307032,0.2720302526657461,42.39,350.0
2020-02-13 11:00:00,93.72529720562922,0.7307445595324281,0.4260240782074055,56.30200000000001,583.0
2020-02-13 12:00:00,133.48600423596122,0.6653010577948625,0.6067545647089146,75.888,912.0
2020-02-13 13:00:00,106.01341108444119,0.7045016685568926,0.4818791412929145,64.156,684.0
2020-02-13 14:00:00,79.95800461471867,0.7387103161005052,0.3634454755214485,53.918000000000006,492.0
2020-02-13 15:00:00,76.2143569792355,0.7418177630838574,0.34642889536016136,52.988,467.0
2020-02-13 16:00:00,88.57687570227047,0.7293879751504485,0.4026221622830476,56.708,552.0
2020-02-13 17:00:00,55.15619825895297,0.7714153602650765,0.25070999208614986,44.129999999999995,325.0
2020-02-13 18:00:00,10.312613734532338,0.8223774907920524,0.04687551697514699,28.878,57.0
2020-02-13 19:00:00,0.0,,0.0,24.53,0.0
2020-02-13 20:00:00,0.0,,0.0,23.2,0.0
2020-02-13 21:00:00,0.0,,0.0,22.58,0.0
2020-02-13 22:00:00,0.0,,0.0,23.45,0.0
2020-02-13 23:00:00,0.0,,0.0,22.55,0.0
2020-02-14 00:00:00,0.0,,0.0,21.94,0.0
2020-02-14 01:00:00,0.0,,0.0,21.63,0.0
2020-02-14 02:00:00,0.0,,0.0,21.27,0.0
2020-02-14 03:00:00,0.0,,0.0,20.66,0.0
2020-02-14 04:00:00,0.0,,0.0,20.15,0.0
2020-02-14 05:00:00,0.0,,0.0,19.86,0.0
2020-02-14 06:00:00,0.0,,0.0,20.66,0.0
2020-02-14 07:00:00,1.1188998386587783,0.8476513929233168,0.005085908357539901,21.314,6.0
2020-02-14 08:00:00,35.82682122322071,0.810194962080975,0.16284918737827597,32.524,201.0
2020-02-14 09:00:00,68.19164792476941,0.7691365658106183,0.30996203602167915,44.812,403.0
2020-02-14 10:00:00,112.61772790133385,0.7109705044276127,0.5118987631878812,62.22,720.0
2020-02-14 11:00:00,104.14987472756397,0.7172856386195866,0.47340852148892715,60.33,660.0
2020-02-14 12:00:00,103.54833620975573,0.7142249704080269,0.4706742554988897,61.24600000000001,659.0
2020-02-14 13:00:00,137.98118799119496,0.6567405425568537,0.6271872181417952,78.45,955.0
2020-02-14 14:00:00,139.6524264402952,0.6510602631249193,0.6347837565467963,80.15,975.0
2020-02-14 15:00:00,124.72237971409228,0.6741021495735179,0.5669199077913286,73.254,841.0
2020-02-14 16:00:00,97.92495513448904,0.713322808380602,0.44511343242949564,61.516000000000005,624.0
2020-02-14 17:00:00,60.15350187561181,0.7637570070544922,0.2734250085255082,46.422,358.0
2020-02-14 18:00:00,8.698984679430726,0.8237674885824551,0.03954083945195785,28.462,48.0
2020-02-14 19:00:00,0.0,,0.0,25.31,0.0
2020-02-14 20:00:00,0.0,,0.0,23.25,0.0
2020-02-14 21:00:00,0.0,,0.0,22.2,0.0
2020-02-14 22:00:00,0.0,,0.0,21.89,0.0
2020-02-14 23:00:00,0.0,,0.0,21.26,0.0
2020-02-15 00:00:00,0.0,,0.0,21.04,0.0
2020-02-15 01:00:00,0.0,,0.0,20.46,0.0
2020-02-15 02:00:00,0.0,,0.0,20.53,0.0
2020-02-15 03:00:00,0.0,,0.0,20.63,0.0
2020-02-15 04:00:00,0.0,,0.0,21.09,0.0
2020-02-15 05:00:00,0.0,,0.0,22.34,0.0
2020-02-15 06:00:00,0.0,,0.0,22.32,0.0
2020-02-15 07:00:00,8.027271368124524,0.8413095948314214,0.03648759712783874,23.21198,43.37
2020-02-15 08:00:00,15.700611514743162,0.8298420462337823,0.07136641597610528,26.644000000000002,86.0
2020-02-15 09:00:00,51.12526815226112,0.7877545169839926,0.23238758251027783,39.24,295.0
2020-02-15 10:00:00,23.598507321463657,0.8126207755324951,0.10726594237028934,31.798000000000002,132.0
2020-02-15 11:00:00,130.01356254435797,0.6738548903511867,0.5909707388379908,73.328,877.0
2020-02-15 12:00:00,120.00978132562363,0.6870264559515894,0.545499006025562,69.386,794.0
2020-02-15 13:00:00,92.82182871393503,0.7249439918301706,0.42191740324515925,58.038000000000004,582.0
2020-02-15 14:00:00,123.31147515403926,0.6785795463022192,0.560506705245633,71.914,826.0
2020-02-15 15:00:00,27.456132904608978,0.8000038725119166,0.12480060411185899,35.574,156.0
2020-02-15 16:00:00,72.00186576212218,0.7472173698850372,0.3272812080096463,51.372,438.0
2020-02-15 17:00:00,52.710740129045455,0.7703995926490128,0.23959427331384298,44.434,311.0
2020-02-15 18:00:00,8.517548535156727,0.8237474405374011,0.038716129705257854,28.468,47.0
2020-02-15 19:00:00,0.0,,0.0,24.9,0.0
2020-02-15 20:00:00,0.0,,0.0,23.85,0.0
2020-02-15 21:00:00,0.0,,0.0,22.8,0.0
2020-02-15 22:00:00,0.0,,0.0,22.24,0.0
2020-02-15 23:00:00,0.0,,0.0,21.46,0.0
2020-02-16 00:00:00,0.0,,0.0,20.84,0.0
2020-02-16 01:00:00,0.0,,0.0,20.83,0.0
2020-02-16 02:00:00,0.0,,0.0,21.76,0.0
2020-02-16 03:00:00,0.0,,0.0,19.96,0.0
2020-02-16 04:00:00,0.0,,0.0,20.52,0.0
2020-02-16 05:00:00,0.0,,0.0,20.7,0.0
2020-02-16 06:00:00,0.0,,0.0,20.55,0.0
2020-02-16 07:00:00,1.1216784977032468,0.8497564376539748,0.005098538625923849,20.684,6.0
2020-02-16 08:00:00,22.01479075150424,0.8270019065178151,0.10006723068865564,27.494,121.0
2020-02-16 09:00:00,23.849821595041135,0.8212748483140887,0.1084082799774597,29.208,132.0
2020-02-16 10:00:00,33.31231709153309,0.8054235273581501,0.1514196231433322,33.952000000000005,188.0
2020-02-16 11:00:00,109.35427665443397,0.7131490586568017,0.49706489388379077,61.568000000000005,697.0
2020-02-16 12:00:00,128.48590431797822,0.6783122390348338,0.5840268378089919,71.994,861.0
2020-02-16 13:00:00,123.48534570072442,0.6828430972170119,0.5612970259123837,70.638,822.0
2020-02-16 14:00:00,124.36967378919113,0.6778377686352253,0.5653166990417778,72.13600000000001,834.0
2020-02-16 15:00:00,119.48448244912171,0.6840192491935064,0.5431112838596441,70.286,794.0
2020-02-16 16:00:00,80.17119098159814,0.7376811831210723,0.36441450446180973,54.226,494.0
2020-02-16 17:00:00,60.43715738816295,0.763095421567714,0.27471435176437703,46.620000000000005,360.0
2020-02-16 18:00:00,9.039830581838917,0.8218027801671742,0.041090139008358714,29.05,50.0
2020-02-16 19:00:00,0.0,,0.0,25.31,0.0
2020-02-16 20:00:00,0.0,,0.0,24.06,0.0
2020-02-16 21:00:00,0.0,,0.0,23.17,0.0
2020-02-16 22:00:00,0.0,,0.0,22.3,0.0
2020-02-16 23:00:00,0.0,,0.0,21.97,0.0
2020-02-17 00:00:00,0.0,,0.0,21.56,0.0
2020-02-17 01:00:00,0.0,,0.0,20.77,0.0
2020-02-17 02:00:00,0.0,,0.0,21.64,0.0
2020-02-17 03:00:00,0.0,,0.0,21.22,0.0
2020-02-17 04:00:00,0.0,,0.0,20.75,0.0
2020-02-17 05:00:00,0.0,,0.0,20.63,0.0
2020-02-17 06:00:00,0.0,,0.0,20.09,0.0
2020-02-17 07:00:00,2.9896136629725487,0.849322063344474,0.013589153013511586,20.814,16.0
2020-02-17 08:00:00,24.006646759206983,0.820459561148564,0.10912112163275901,29.451999999999998,133.0
2020-02-17 09:00:00,38.91324101499858,0.7967494065315025,0.17687836824999356,36.548,222.0
2020-02-17 10:00:00,98.95756805358225,0.7196914040260527,0.44980712751628293,59.61,625.0
2020-02-17 11:00:00,118.36734683842766,0.6897864034873408,0.5380333947201258,68.56,780.0
2020-02-17 12:00:00,114.64333064962217,0.693882887360018,0.5211060484073735,67.334,751.0
2020-02-17 13:00:00,129.11597628273623,0.66768009247459,0.5868908012851647,75.176,879.0
2020-02-17 14:00:00,132.6457950783228,0.658945827512781,0.6029354321741945,77.78999999999999,915.0
2020-02-17 15:00:00,111.26265380541501,0.6927936102454235,0.5057393354791592,67.66,730.0
2020-02-17 16:00:00,83.30230454848282,0.7309784533913902,0.3786468388567401,56.232,518.0
2020-02-17 17:00:00,46.23688649995548,0.7783987626255132,0.21016766590888855,42.040000000000006,270.0
2020-02-17 18:00:00,10.090690028657484,0.8190495153131074,0.045866772857534016,29.874000000000002,56.0
2020-02-17 19:00:00,0.0,,0.0,25.51,0.0
2020-02-17 20:00:00,0.0,,0.0,24.63,0.0
2020-02-17 21:00:00,0.0,,0.0,23.76,0.0
2020-02-17 22:00:00,0.0,,0.0,24.14,0.0
2020-02-17 23:00:00,0.0,,0.0,23.69,0.0
2020-02-18 00:00:00,0.0,,0.0,22.78,0.0
2020-02-18 01:00:00,0.0,,0.0,21.78,0.0
2020-02-18 02:00:00,0.0,,0.0,21.74,0.0
2020-02-18 03:00:00,0.0,,0.0,22.37,0.0
2020-02-18 04:00:00,0.0,,0.0,21.96,0.0
2020-02-18 05:00:00,0.0,,0.0,20.72,0.0
2020-02-18 06:00:00,0.0,,0.0,20.37,0.0
2020-02-18 07:00:00,1.1239719940574113,0.8514939348919782,0.0051089636093518695,20.164,6.0
2020-02-18 08:00:00,11.738655370522883,0.833711318929182,0.05335752441146765,25.486,64.0
2020-02-18 09:00:00,22.80638366719425,0.8162628370506174,0.1036653803054284,30.708000000000002,127.0
2020-02-18 10:00:00,49.83760520687509,0.7865783650074982,0.2265345691221595,39.592,288.0
2020-02-18 11:00:00,97.1333680995589,0.7249840879202784,0.44151530954344953,58.026,609.0
2020-02-18 12:00:00,137.20954702359617,0.6613783236459856,0.6236797591981644,77.06200000000001,943.0
2020-02-18 13:00:00,139.89868767094367,0.6528779525431383,0.6359031257770167,79.60600000000001,974.0
2020-02-18 14:00:00,132.06435405741288,0.6625745236675341,0.6002925184427859,76.70400000000001,906.0
2020-02-18 15:00:00,113.189099591135,0.6896727978987022,0.5144959072324319,68.594,746.0
2020-02-18 16:00:00,93.6449380920252,0.7165973224060698,0.4256588095092054,60.536,594.0
2020-02-18 17:00:00,46.79176265828627,0.776240256441378,0.21268983026493757,42.686,274.0
2020-02-18 18:00:00,9.901766206863126,0.8183277856911675,0.04500802821301421,30.09,55.0
2020-02-18 19:00:00,0.0,,0.0,25.48,0.0
2020-02-18 20:00:00,0.0,,0.0,23.99,0.0
2020-02-18 21:00:00,0.0,,0.0,23.5,0.0
2020-02-18 22:00:00,0.0,,0.0,24.13,0.0
2020-02-18 23:00:00,0.0,,0.0,23.58,0.0
2020-02-19 00:00:00,0.0,,0.0,22.21,0.0
2020-02-19 01:00:00,0.0,,0.0,21.58,0.0
2020-02-19 02:00:00,0.0,,0.0,21.6,0.0
2020-02-19 03:00:00,0.0,,0.0,22.36,0.0
2020-02-19 04:00:00,0.0,,0.0,21.02,0.0
2020-02-19 05:00:00,0.0,,0.0,20.18,0.0
2020-02-19 06:00:00,0.0,,0.0,20.0,0.0
2020-02-19 07:00:00,1.5004641224932131,0.8525364332347802,0.006820291465878241,19.852,8.0
2020-02-19 08:00:00,24.867560602201614,0.8190896114032152,0.1130343663736437,29.862000000000002,138.0
2020-02-19 09:00:00,46.20420123652869,0.7895454756754732,0.21001909652967585,38.704,266.0
2020-02-19 10:00:00,75.47303720959079,0.7523229386920931,0.3430592600435945,49.844,456.0
2020-02-19 11:00:00,118.2787781840277,0.6919315443081063,0.5376308099273986,67.918,777.0
2020-02-19 12:00:00,127.83419703761258,0.6740887842101485,0.5810645319891481,73.25800000000001,862.0
2020-02-19 13:00:00,106.66680761308305,0.703699746754737,0.4848491255140139,64.396,689.0
2020-02-19 14:00:00,122.04250273374966,0.677336567508878,0.5547386487897712,72.286,819.0
2020-02-19 15:00:00,120.70698216444005,0.6782053161278798,0.5486681007474548,72.02600000000001,809.0
2020-02-19 16:00:00,95.15485259564954,0.7160961212797227,0.43252205725295245,60.686,604.0
2020-02-19 17:00:00,41.17135871771009,0.783023178351276,0.18714253962595495,40.656,239.0
2020-02-19 18:00:00,9.359070572438906,0.8181005745138904,0.0425412298747223,30.158,52.0
2020-02-19 19:00:00,0.0,,0.0,25.93,0.0
2020-02-19 20:00:00,0.0,,0.0,25.08,0.0
2020-02-19 21:00:00,0.0,,0.0,24.83,0.0
2020-02-19 22:00:00,0.0,,0.0,24.58,0.0
2020-02-19 23:00:00,0.0,,0.0,24.01,0.0
2020-02-20 00:00:00,0.0,,0.0,23.19,0.0
2020-02-20 01:00:00,0.0,,0.0,21.91,0.0
2020-02-20 02:00:00,0.0,,0.0,21.37,0.0
2020-02-20 03:00:00,0.0,,0.0,21.19,0.0
2020-02-20 04:00:00,0.0,,0.0,20.81,0.0
2020-02-20 05:00:00,0.0,,0.0,20.46,0.0
2020-02-20 06:00:00,0.0,,0.0,19.89,0.0
2020-02-20 07:00:00,10.651029232379766,0.8431516760377891,0.04841376923808985,22.66068,57.42
2020-02-20 08:00:00,55.32383667035272,0.7858499527038738,0.25147198486523964,39.81,320.0
2020-02-20 09:00:00,94.04213784619715,0.7282185058556384,0.42746426293725975,57.05800000000001,587.0
2020-02-20 10:00:00,118.61358601622659,0.6876947241200522,0.5391526637101208,69.186,784.0
2020-02-20 11:00:00,141.58664512038982,0.6435756596381356,0.6435756596381356,82.39,1000.0
2020-02-20 12:00:00,148.50024580140146,0.6267419844745566,0.6750011172790975,87.42800000000001,1077.0
2020-02-20 13:00:00,150.43120212995132,0.6193643038947271,0.6837781914997787,89.636,1104.0
2020-02-20 14:00:00,142.14775488419608,0.6328365901709379,0.6461261585645276,85.604,1021.0
2020-02-20 15:00:00,125.96632950108194,0.661171160513762,0.572574225004918,77.124,866.0
2020-02-20 16:00:00,97.81825462718142,0.7035259970309365,0.4446284301235519,64.44800000000001,632.0
2020-02-20 17:00:00,57.87719204220388,0.7559716828919002,0.26307814564638127,48.751999999999995,348.0
2020-02-20 18:00:00,10.171828342945934,0.8111505855618767,0.046235583377026976,32.238,57.0
2020-02-20 19:00:00,0.0,,0.0,27.38,0.0
2020-02-20 20:00:00,0.0,,0.0,27.26,0.0
2020-02-20 21:00:00,0.0,,0.0,26.76,0.0
2020-02-20 22:00:00,0.0,,0.0,26.39,0.0
2020-02-20 23:00:00,0.0,,0.0,25.55,0.0
2020-02-21 00:00:00,0.0,,0.0,25.16,0.0
2020-02-21 01:00:00,0.0,,0.0,24.71,0.0
2020-02-21 02:00:00,0.0,,0.0,23.72,0.0
2020-02-21 03:00:00,0.0,,0.0,22.61,0.0
2020-02-21 04:00:00,0.0,,0.0,21.34,0.0
2020-02-21 05:00:00,0.0,,0.0,21.05,0.0
2020-02-21 06:00:00,0.0,,0.0,21.02,0.0
2020-02-21 07:00:00,10.709101916758517,0.8392713100907928,0.04867773598526599,23.822000000000003,58.0
2020-02-21 08:00:00,50.928993380613676,0.7900867728919281,0.2314954244573349,38.542,293.0
2020-02-21 09:00:00,65.24641047587,0.768327961326778,0.29657459307213635,45.054,386.0
2020-02-21 10:00:00,115.86344865718807,0.6938762046783332,0.5266520393508549,67.33600000000001,759.0
2020-02-21 11:00:00,138.4552698596904,0.6528445391347151,0.6293421357258654,79.616,964.0
2020-02-21 12:00:00,140.1145071480605,0.6465828663962183,0.636884123400275,81.49000000000001,985.0
2020-02-21 13:00:00,146.3755419577637,0.6324556773149139,0.6653433725352895,85.718,1052.0
2020-02-21 14:00:00,137.85535737198964,0.6440033512659518,0.6266152607817711,82.262,973.0
2020-02-21 15:00:00,123.14787976505868,0.6671788913482428,0.5597630898411758,75.32600000000001,839.0
2020-02-21 16:00:00,90.47081264736015,0.7164302553639543,0.4112309665789098,60.586,574.0
2020-02-21 17:00:00,49.865352102190556,0.7683413266901472,0.22666069137359343,45.050000000000004,295.0
2020-02-21 18:00:00,11.258107606536633,0.8122732760848942,0.051173216393348334,31.902,63.0
2020-02-21 19:00:00,0.0,,0.0,27.49,0.0
2020-02-21 20:00:00,0.0,,0.0,26.14,0.0
2020-02-21 21:00:00,0.0,,0.0,25.63,0.0
2020-02-21 22:00:00,0.0,,0.0,25.59,0.0
2020-02-21 23:00:00,0.0,,0.0,23.81,0.0
2020-02-22 00:00:00,0.0,,0.0,23.22,0.0
2020-02-22 01:00:00,0.0,,0.0,23.95,0.0
2020-02-22 02:00:00,0.0,,0.0,24.02,0.0
2020-02-22 03:00:00,0.0,,0.0,22.43,0.0
2020-02-22 04:00:00,0.0,,0.0,21.45,0.0
2020-02-22 05:00:00,0.0,,0.0,21.8,0.0
2020-02-22 06:00:00,0.0,,0.0,21.11,0.0
2020-02-22 07:00:00,2.979733986369994,0.8465153370369302,0.013544245392590882,21.654,16.0
2020-02-22 08:00:00,25.009545668804044,0.8178399499281898,0.11367975304001839,30.236,139.0
2020-02-22 09:00:00,22.180326791246003,0.8130618325236805,0.10081966723293638,31.666,124.0
2020-02-22 10:00:00,56.52282363747095,0.7738612217616504,0.25692192562486793,43.397999999999996,332.0
2020-02-22 11:00:00,113.82817205889313,0.6944976940750038,0.5174007820858779,67.15,745.0
2020-02-22 12:00:00,147.7472292003505,0.6353626438477272,0.6715783145470476,84.848,1057.0
2020-02-22 13:00:00,145.34802618729861,0.6371001410857308,0.6606728463059028,84.328,1037.0
2020-02-22 14:00:00,137.69180020794835,0.6458945501827017,0.6258718191270379,81.696,969.0
2020-02-22 15:00:00,123.6409550177846,0.665093894662639,0.56200434098993,75.95,845.0
2020-02-22 16:00:00,89.70633444529822,0.7178803972895185,0.4077560656604465,60.152,568.0
2020-02-22 17:00:00,55.3109725081098,0.7618591254560579,0.2514135114004991,46.99,330.0
2020-02-22 18:00:00,11.084603137154122,0.812654188940918,0.05038455971433692,31.788,62.0
2020-02-22 19:00:00,0.0,,0.0,27.19,0.0
2020-02-22 20:00:00,0.0,,0.0,26.64,0.0
2020-02-22 21:00:00,0.0,,0.0,25.29,0.0
2020-02-22 22:00:00,0.0,,0.0,24.38,0.0
2020-02-22 23:00:00,0.0,,0.0,23.09,0.0
2020-02-23 00:00:00,0.0,,0.0,22.36,0.0
2020-02-23 01:00:00,0.0,,0.0,21.8,0.0
2020-02-23 02:00:00,0.0,,0.0,21.46,0.0
2020-02-23 03:00:00,0.0,,0.0,22.97,0.0
2020-02-23 04:00:00,0.0,,0.0,20.9,0.0
2020-02-23 05:00:00,0.0,,0.0,20.96,0.0
2020-02-23 06:00:00,0.0,,0.0,20.8,0.0
2020-02-23 07:00:00,2.7902367904870964,0.845526300147605,0.012682894502214074,21.95,15.0
2020-02-23 08:00:00,10.473511324916796,0.8352082396265387,0.047606869658712705,25.038,57.0
2020-02-23 09:00:00,28.48414853966408,0.8142981286353368,0.12947340245301855,31.296,159.0
2020-02-23 10:00:00,48.197571539901176,0.7909020600574529,0.21907987063591444,38.298,277.0
2020-02-23 11:00:00,72.89050738796266,0.7564394706098242,0.33132048812710296,48.611999999999995,438.0
2020-02-23 12:00:00,93.47013838527856,0.7225582744687581,0.42486426538762984,58.752,588.0
2020-02-23 13:00:00,146.99419789739986,0.6351287499887653,0.6681554449881811,84.918,1052.0
2020-02-23 14:00:00,140.86408350458026,0.6435088328212895,0.640291288657183,82.41,995.0
2020-02-23 15:00:00,124.82670292421737,0.6690968209917312,0.567394104200988,74.75200000000001,848.0
2020-02-23 16:00:00,98.43150026772571,0.7079365669427914,0.4474159103078441,63.12800000000001,632.0
2020-02-23 17:00:00,51.75532982568934,0.7687957490447019,0.2352514992076788,44.914,306.0
2020-02-23 18:00:00,8.813793284426275,0.8176060560692278,0.04006269674739216,30.306,49.0
2020-02-23 19:00:00,0.0,,0.0,25.86,0.0
2020-02-23 20:00:00,0.0,,0.0,25.79,0.0
2020-02-23 21:00:00,0.0,,0.0,24.05,0.0
2020-02-23 22:00:00,0.0,,0.0,22.84,0.0
2020-02-23 23:00:00,0.0,,0.0,21.85,0.0
2020-02-24 00:00:00,0.0,,0.0,21.33,0.0
2020-02-24 01:00:00,0.0,,0.0,20.7,0.0
2020-02-24 02:00:00,0.0,,0.0,20.33,0.0
2020-02-24 03:00:00,0.0,,0.0,21.46,0.0
2020-02-24 04:00:00,0.0,,0.0,20.54,0.0
2020-02-24 05:00:00,0.0,,0.0,19.61,0.0
2020-02-24 06:00:00,0.0,,0.0,20.26,0.0
2020-02-24 07:00:00,1.1191644728534895,0.8478518733738557,0.0050871112402431345,21.254,6.0
2020-02-24 08:00:00,33.58871280600932,0.8121062090427785,0.15267596730004235,31.952000000000005,188.0
2020-02-24 09:00:00,81.95489455288083,0.7525701979144245,0.37252224796764016,49.769999999999996,495.0
2020-02-24 10:00:00,111.79188102951838,0.7077227211288831,0.508144913770538,63.19200000000001,718.0
2020-02-24 11:00:00,138.0967816776348,0.6607501515676306,0.6277126439892491,77.25,950.0
2020-02-24 12:00:00,146.55228525565147,0.6374610058967006,0.6661467511620521,84.22,1045.0
2020-02-24 13:00:00,149.87626422364173,0.6255791978614313,0.6812557464710988,87.77600000000001,1089.0
2020-02-24 14:00:00,141.32822541868435,0.6379354762963093,0.6424010246303834,84.078,1007.0
2020-02-24 15:00:00,124.69668814435573,0.6637038968722362,0.5668031279288896,76.366,854.0
2020-02-24 16:00:00,98.51252978795635,0.7029579690877433,0.44778422630889253,64.618,637.0
2020-02-24 17:00:00,59.05801334204515,0.7540604359300963,0.2684455151911143,49.324,356.0
2020-02-24 18:00:00,9.815649829334165,0.8112107296970384,0.04461659013333711,32.22,55.0
2020-02-24 19:00:00,0.0,,0.0,27.36,0.0
2020-02-24 20:00:00,0.0,,0.0,27.52,0.0
2020-02-24 21:00:00,0.0,,0.0,24.29,0.0
2020-02-24 22:00:00,0.0,,0.0,22.74,0.0
2020-02-24 23:00:00,0.0,,0.0,21.63,0.0
2020-02-25 00:00:00,0.0,,0.0,20.76,0.0
2020-02-25 01:00:00,0.0,,0.0,20.27,0.0
2020-02-25 02:00:00,0.0,,0.0,19.99,0.0
2020-02-25 03:00:00,0.0,,0.0,19.82,0.0
2020-02-25 04:00:00,0.0,,0.0,19.4,0.0
2020-02-25 05:00:00,0.0,,0.0,19.28,0.0
2020-02-25 06:00:00,0.0,,0.0,21.19,0.0
2020-02-25 07:00:00,12.114318311815257,0.8343194429624833,0.05506508323552389,25.304,66.0
2020-02-25 08:00:00,55.771865302378856,0.7872934119477535,0.2535084786471766,39.378,322.0
2020-02-25 09:00:00,89.36694991172082,0.7332371998007945,0.4062134086896401,55.556,554.0
2020-02-25 10:00:00,109.42567054959713,0.6995631667919521,0.49738941158907785,65.634,711.0
2020-02-25 11:00:00,131.96109085425664,0.65914630796332,0.5998231402466211,77.73,910.0
2020-02-25 12:00:00,138.18992115265337,0.6422658540279483,0.6281360052393336,82.78200000000001,978.0
2020-02-25 13:00:00,141.0766362195824,0.6317807264647667,0.6412574373617382,85.91999999999999,1015.0
2020-02-25 14:00:00,123.93285094512103,0.658097126938833,0.5633311406596411,78.04400000000001,856.0
2020-02-25 15:00:00,120.44303013787514,0.6619931303609714,0.5474683188085233,76.87800000000001,827.0
2020-02-25 16:00:00,92.51971349611284,0.7056109937165409,0.42054415225505837,63.824,596.0
2020-02-25 17:00:00,54.409601977503684,0.7563191823395008,0.24731637262501674,48.647999999999996,327.0
2020-02-25 18:00:00,9.796243321722002,0.8096068860927275,0.04452837873510001,32.7,55.0
2020-02-25 19:00:00,0.0,,0.0,29.12,0.0
2020-02-25 20:00:00,0.0,,0.0,27.5,0.0
2020-02-25 21:00:00,0.0,,0.0,25.34,0.0
2020-02-25 22:00:00,0.0,,0.0,24.82,0.0
2020-02-25 23:00:00,0.0,,0.0,23.57,0.0
2020-02-26 00:00:00,0.0,,0.0,22.98,0.0
2020-02-26 01:00:00,0.0,,0.0,22.36,0.0
2020-02-26 02:00:00,0.0,,0.0,22.08,0.0
2020-02-26 03:00:00,0.0,,0.0,21.5,0.0
2020-02-26 04:00:00,0.0,,0.0,21.59,0.0
2020-02-26 05:00:00,0.0,,0.0,21.17,0.0
2020-02-26 06:00:00,0.0,,0.0,20.91,0.0
2020-02-26 07:00:00,3.903182359764872,0.8448446666157731,0.017741737998931237,22.154,21.0
2020-02-26 08:00:00,29.402071939149373,0.8099744335853822,0.13364578154158807,32.59,165.0
2020-02-26 09:00:00,59.939608347356476,0.7674725780711457,0.2724527652152567,45.31,355.0
2020-02-26 10:00:00,106.70619988315579,0.7049828216381857,0.48502818128707176,64.012,688.0
2020-02-26 11:00:00,133.3366417560862,0.6631024555206196,0.6060756443458464,76.546,914.0
2020-02-26 12:00:00,122.92111031304069,0.6805509373991844,0.5587323196047304,71.324,821.0
2020-02-26 13:00:00,139.77155152304448,0.6496168038810396,0.6353252341956567,80.58200000000001,978.0
2020-02-26 14:00:00,121.3408898548314,0.6750911864628429,0.5515494993401427,72.95800000000001,817.0
2020-02-26 15:00:00,120.14797918286173,0.6775771440495248,0.546127178103917,72.214,806.0
2020-02-26 16:00:00,51.18224095400252,0.7703528138772204,0.23264654979092056,44.448,302.0
2020-02-26 17:00:00,5.955566088557968,0.8203259075148717,0.027070754947990765,29.492,33.0
2020-02-26 18:00:00,9.207355788610927,0.8206199455089953,0.04185161722095876,29.404,51.0
2020-02-26 19:00:00,0.0,,0.0,24.7,0.0
2020-02-26 20:00:00,0.0,,0.0,23.48,0.0
2020-02-26 21:00:00,0.0,,0.0,22.92,0.0
2020-02-26 22:00:00,0.0,,0.0,24.02,0.0
2020-02-26 23:00:00,0.0,,0.0,21.72,0.0
2020-02-27 00:00:00,0.0,,0.0,21.37,0.0
2020-02-27 01:00:00,0.0,,0.0,21.56,0.0
2020-02-27 02:00:00,0.0,,0.0,21.08,0.0
2020-02-27 03:00:00,0.0,,0.0,21.06,0.0
2020-02-27 04:00:00,0.0,,0.0,20.94,0.0
2020-02-27 05:00:00,0.0,,0.0,20.79,0.0
2020-02-27 06:00:00,0.0,,0.0,20.7,0.0
2020-02-27 07:00:00,9.438293229195638,0.8412026050976504,0.04290133285998017,23.244,51.0
2020-02-27 08:00:00,22.133595332839928,0.8246496025648259,0.10060725151290877,28.198,122.0
2020-02-27 09:00:00,69.52220807311815,0.7633092673816222,0.3160100366959916,46.556,414.0
2020-02-27 10:00:00,115.55009824761042,0.7021760953306418,0.5252277193073202,64.852,748.0
2020-02-27 11:00:00,128.06104440969904,0.6768554144275848,0.5820956564077229,72.43,860.0
2020-02-27 12:00:00,79.44601242764084,0.7384831049232278,0.3611182383074584,53.986000000000004,489.0
2020-02-27 13:00:00,96.1058876136531,0.712634492167085,0.43684494369842314,61.72200000000001,613.0
2020-02-27 14:00:00,96.44001033732567,0.7104759859829503,0.43836368335148035,62.36800000000001,617.0
2020-02-27 15:00:00,97.82791377528841,0.7092062764628709,0.44467233534222006,62.748000000000005,627.0
2020-02-27 16:00:00,77.27130595291237,0.7363379641024621,0.3512332088768744,54.628,477.0
2020-02-27 17:00:00,64.27068802787983,0.7548824057773059,0.2921394910358174,49.078,387.0
2020-02-27 18:00:00,9.00307583257346,0.81846143932486,0.040923071966243,30.05,50.0
2020-02-27 19:00:00,0.0,,0.0,25.94,0.0
2020-02-27 20:00:00,0.0,,0.0,25.44,0.0
2020-02-27 21:00:00,0.0,,0.0,24.75,0.0
2020-02-27 22:00:00,0.0,,0.0,22.3,0.0
2020-02-27 23:00:00,0.0,,0.0,21.95,0.0
2020-02-28 00:00:00,0.0,,0.0,21.47,0.0
2020-02-28 01:00:00,0.0,,0.0,21.29,0.0
2020-02-28 02:00:00,0.0,,0.0,20.99,0.0
2020-02-28 03:00:00,0.0,,0.0,20.21,0.0
2020-02-28 04:00:00,0.0,,0.0,20.33,0.0
2020-02-28 05:00:00,0.0,,0.0,20.92,0.0
2020-02-28 06:00:00,0.0,,0.0,21.28,0.0
2020-02-28 07:00:00,1.1186793101631853,0.8474843258812009,0.005084905955287206,21.364,6.0
2020-02-28 08:00:00,10.463874229659396,0.8344397312328067,0.04756306468026998,25.268,57.0
2020-02-28 09:00:00,61.91782687289175,0.7731996362748721,0.2814446676040534,43.596000000000004,364.0
2020-02-28 10:00:00,104.27982187868699,0.7192703950799213,0.47399919035766813,59.736000000000004,659.0
2020-02-28 11:00:00,134.66272958654432,0.6675063427507897,0.6121033163024742,75.22800000000001,917.0
2020-02-28 12:00:00,150.46704536143497,0.6338657231503706,0.6839411152792498,85.29599999999999,1079.0
2020-02-28 13:00:00,148.20610489397987,0.6307716415303876,0.673664113154454,86.22200000000001,1068.0
2020-02-28 14:00:00,136.044231817375,0.6482000753638983,0.618382871897159,81.006,954.0
2020-02-28 15:00:00,125.85197812516726,0.6621000532679254,0.5720544460234875,76.846,864.0
2020-02-28 16:00:00,99.87355080230633,0.7016548461592407,0.4539706854650288,65.00800000000001,647.0
2020-02-28 17:00:00,61.440051887190094,0.7527573130015939,0.27927296312359134,49.714,371.0
2020-02-28 18:00:00,8.242793552687708,0.8145052917675601,0.037467243421307764,31.234,46.0
2020-02-28 19:00:00,0.0,,0.0,26.71,0.0
2020-02-28 20:00:00,0.0,,0.0,26.84,0.0
2020-02-28 21:00:00,0.0,,0.0,25.22,0.0
2020-02-28 22:00:00,0.0,,0.0,24.42,0.0
2020-02-28 23:00:00,0.0,,0.0,22.38,0.0
2020-02-29 00:00:00,0.0,,0.0,21.28,0.0
2020-02-29 01:00:00,0.0,,0.0,20.67,0.0
2020-02-29 02:00:00,0.0,,0.0,20.25,0.0
2020-02-29 03:00:00,0.0,,0.0,20.01,0.0
2020-02-29 04:00:00,0.0,,0.0,19.77,0.0
2020-02-29 05:00:00,0.0,,0.0,19.32,0.0
2020-02-29 06:00:00,0.0,,0.0,19.75,0.0
2020-02-29 07:00:00,11.744300900010058,0.8341122798302598,0.05338318590913663,25.366,64.0
2020-02-29 08:00:00,56.40093900814681,0.7864046152836979,0.2563679045824855,39.644000000000005,326.0
2020-02-29 09:00:00,93.97741273274069,0.7277173047292913,0.427170057876094,57.208000000000006,587.0
2020-02-29 10:00:00,123.45571108148671,0.6801967552698992,0.5611623230976669,71.42999999999999,825.0
2020-02-29 11:00:00,136.55344975597828,0.6533657883061161,0.6206974988908104,79.46,950.0
2020-02-29 12:00:00,117.59108212337135,0.6791676222904663,0.5345049187425971,71.738,787.0
2020-02-29 13:00:00,126.03873488694491,0.6638509158692979,0.5729033403952041,76.322,863.0
2020-02-29 14:00:00,123.24279081899189,0.6668982187174886,0.5601945037226904,75.41,840.0
2020-02-29 15:00:00,102.57221828066344,0.6969168248448392,0.4662373558211974,66.426,669.0
2020-02-29 16:00:00,55.053836282248675,0.758317304163205,0.2502447103738576,48.05,330.0
2020-02-29 17:00:00,61.774555390065046,0.7527974090917018,0.28079343359120473,49.702,373.0
2020-02-29 18:00:00,8.059765192675531,0.8141176962298516,0.03663529633034333,31.35,45.0
2020-02-29 19:00:00,0.0,,0.0,27.05,0.0
2020-02-29 20:00:00,0.0,,0.0,27.4,0.0
2020-02-29 21:00:00,0.0,,0.0,26.55,0.0
2020-02-29 22:00:00,0.0,,0.0,24.53,0.0
2020-02-29 23:00:00,0.0,,0.0,23.75,0.0
2020-03-01 00:00:00,0.0,,0.0,22.68,0.0
2020-03-01 01:00:00,0.0,,0.0,22.23,0.0
2020-03-01 02:00:00,0.0,,0.0,22.09,0.0
2020-03-01 03:00:00,0.0,,0.0,21.87,0.0
2020-03-01 04:00:00,0.0,,0.0,21.58,0.0
2020-03-01 05:00:00,0.0,,0.0,21.35,0.0
2020-03-01 06:00:00,0.0,,0.0,20.71,0.0
2020-03-01 07:00:00,11.095670727252937,0.8405811157009802,0.05043486694205881,23.43,60.0
2020-03-01 08:00:00,54.009629445047146,0.7843396666431477,0.24549831565930522,40.262,313.0
2020-03-01 09:00:00,94.4698308105497,0.7241287046646457,0.429408321866135,58.28200000000001,593.0
2020-03-01 10:00:00,114.12439769569305,0.6907420269682426,0.5187472622531503,68.274,751.0
2020-03-01 11:00:00,133.9838928906509,0.6541543447449024,0.6090176949575041,79.224,931.0
2020-03-01 12:00:00,134.59988043549035,0.6501781491425482,0.611817638343138,80.414,941.0
2020-03-01 13:00:00,126.43110800744336,0.6598012107684132,0.574686854579288,77.53399999999999,871.0
2020-03-01 14:00:00,122.73172779197547,0.6633430320612662,0.5578714899635249,76.474,841.0
2020-03-01 15:00:00,57.74231828448933,0.7520489487430233,0.2624650831113151,49.926,349.0
2020-03-01 16:00:00,68.81465562671859,0.7394654591308681,0.31279388921235723,53.692,423.0
2020-03-01 17:00:00,63.30119771517509,0.7473577062004143,0.2877327168871595,51.33,385.0
2020-03-01 18:00:00,8.951986731094477,0.8138169755540434,0.04069084877770217,31.439999999999998,50.0
2020-03-01 19:00:00,0.0,,0.0,27.45,0.0
2020-03-01 20:00:00,0.0,,0.0,27.88,0.0
2020-03-01 21:00:00,0.0,,0.0,27.34,0.0
2020-03-01 22:00:00,0.0,,0.0,25.36,0.0
2020-03-01 23:00:00,0.0,,0.0,23.52,0.0
2020-03-02 00:00:00,0.0,,0.0,23.02,0.0
2020-03-02 01:00:00,0.0,,0.0,22.37,0.0
2020-03-02 02:00:00,0.0,,0.0,22.39,0.0
2020-03-02 03:00:00,0.0,,0.0,22.1,0.0
2020-03-02 04:00:00,0.0,,0.0,21.6,0.0
2020-03-02 05:00:00,0.0,,0.0,22.43,0.0
2020-03-02 06:00:00,0.0,,0.0,21.32,0.0
2020-03-02 07:00:00,3.1641678479940816,0.8460341839556368,0.014382581127245825,21.798,17.0
2020-03-02 08:00:00,54.83967664960865,0.7838718789252237,0.24927125749822113,40.402,318.0
2020-03-02 09:00:00,88.71604094450927,0.7331904210290022,0.40325473156595126,55.57,550.0
2020-03-02 10:00:00,103.44075505865574,0.7081103166665919,0.470185250266617,63.076,664.0
2020-03-02 11:00:00,114.45522572364143,0.6872536671288666,0.5202510260165519,69.31800000000001,757.0
2020-03-02 12:00:00,67.67447919880502,0.7466292938967897,0.30761126908547737,51.548,412.0
2020-03-02 13:00:00,86.30287406711642,0.7237745225353608,0.39228579121416557,58.388000000000005,542.0
2020-03-02 14:00:00,111.05337226309751,0.6914904873169211,0.5047880557413523,68.05,730.0
2020-03-02 15:00:00,117.9986496572161,0.6823886748624572,0.5363574984418914,70.774,786.0
2020-03-02 16:00:00,78.2884215995253,0.7398263239418379,0.35585646181602404,53.584,481.0
2020-03-02 17:00:00,49.88357216649643,0.7791873190642992,0.22674350984771105,41.804,291.0
2020-03-02 18:00:00,1.8324447793785774,0.8329294451720806,0.008329294451720806,25.72,10.0
2020-03-02 19:00:00,0.0,,0.0,23.55,0.0
2020-03-02 20:00:00,0.0,,0.0,22.94,0.0
2020-03-02 21:00:00,0.0,,0.0,22.54,0.0
2020-03-02 22:00:00,0.0,,0.0,22.88,0.0
2020-03-02 23:00:00,0.0,,0.0,22.19,0.0
2020-03-03 00:00:00,0.0,,0.0,21.65,0.0
2020-03-03 01:00:00,0.0,,0.0,21.13,0.0
2020-03-03 02:00:00,0.0,,0.0,20.52,0.0
2020-03-03 03:00:00,0.0,,0.0,20.43,0.0
2020-03-03 04:00:00,0.0,,0.0,20.31,0.0
2020-03-03 05:00:00,0.0,,0.0,20.13,0.0
2020-03-03 06:00:00,0.0,,0.0,19.55,0.0
2020-03-03 07:00:00,4.866722813658508,0.8508256667235155,0.0221214673348114,20.364,26.0
2020-03-03 08:00:00,46.18632372648598,0.7952190724257229,0.20993783512039083,37.006,264.0
2020-03-03 09:00:00,79.95221206623444,0.7447113642533014,0.3634191457556111,52.122,488.0
2020-03-03 10:00:00,89.1100195124556,0.728499178486393,0.4050455432384345,56.974000000000004,556.0
2020-03-03 11:00:00,123.6769055731361,0.6740620534834102,0.562167752605164,73.266,834.0
2020-03-03 12:00:00,119.82803644145581,0.6757728199946752,0.5446728929157082,72.754,806.0
2020-03-03 13:00:00,70.58789585598038,0.7410024759183327,0.3208540720726381,53.232,433.0
2020-03-03 14:00:00,114.46275309629102,0.6818941564177947,0.5202852413467773,70.922,763.0
2020-03-03 15:00:00,95.93916072003513,0.7113981960554288,0.4360870941819779,62.092,613.0
2020-03-03 16:00:00,101.97108553528712,0.7044147936949926,0.46350493425130507,64.182,658.0
2020-03-03 17:00:00,60.03674820928513,0.7665570506803514,0.27289431004220516,45.584,356.0
2020-03-03 18:00:00,10.722687942277,0.8260930618087057,0.04873949064671364,27.766,59.0
2020-03-03 19:00:00,0.0,,0.0,23.79,0.0
2020-03-03 20:00:00,0.0,,0.0,23.0,0.0
2020-03-03 21:00:00,0.0,,0.0,22.45,0.0
2020-03-03 22:00:00,0.0,,0.0,22.75,0.0
2020-03-03 23:00:00,0.0,,0.0,22.09,0.0
2020-03-04 00:00:00,0.0,,0.0,21.72,0.0
2020-03-04 01:00:00,0.0,,0.0,21.21,0.0
2020-03-04 02:00:00,0.0,,0.0,21.03,0.0
2020-03-04 03:00:00,0.0,,0.0,20.33,0.0
2020-03-04 04:00:00,0.0,,0.0,20.09,0.0
2020-03-04 05:00:00,0.0,,0.0,20.5,0.0
2020-03-04 06:00:00,0.0,,0.0,20.98,0.0
2020-03-04 07:00:00,3.3516979296962917,0.8463883660849222,0.015234990589528598,21.692,18.0
2020-03-04 08:00:00,24.912195569709585,0.8205598013738336,0.11323725258958903,29.421999999999997,138.0
2020-03-04 09:00:00,83.34984314118276,0.7472641486568294,0.37886292336901256,51.358000000000004,507.0
2020-03-04 10:00:00,106.54575805166222,0.7143051625882423,0.48429890023482824,61.222,678.0
2020-03-04 11:00:00,134.8422765367061,0.664051396319837,0.6129194388032095,76.262,923.0
2020-03-04 12:00:00,141.85934771765986,0.6474048362434276,0.6448152168984539,81.244,996.0
2020-03-04 13:00:00,123.2515722636864,0.6741689763903643,0.5602344193803928,73.23400000000001,831.0
2020-03-04 14:00:00,128.19938928593425,0.6621869281298257,0.5827244967542465,76.82000000000001,880.0
2020-03-04 15:00:00,127.03715559789147,0.6614451504628318,0.5774416163540521,77.042,873.0
2020-03-04 16:00:00,99.98294028707018,0.702423354552973,0.45446791039577356,64.778,647.0
2020-03-04 17:00:00,59.08627333366038,0.7565463935167783,0.26857396969845626,48.58,355.0
2020-03-04 18:00:00,10.57522788822399,0.8147325029448375,0.04806921767374541,31.166,59.0
2020-03-04 19:00:00,0.0,,0.0,26.59,0.0
2020-03-04 20:00:00,0.0,,0.0,25.47,0.0
2020-03-04 21:00:00,0.0,,0.0,24.65,0.0
2020-03-04 22:00:00,0.0,,0.0,23.61,0.0
2020-03-04 23:00:00,0.0,,0.0,22.84,0.0
2020-03-05 00:00:00,0.0,,0.0,22.27,0.0
2020-03-05 01:00:00,0.0,,0.0,21.78,0.0
2020-03-05 02:00:00,0.0,,0.0,21.47,0.0
2020-03-05 03:00:00,0.0,,0.0,21.07,0.0
2020-03-05 04:00:00,0.0,,0.0,21.42,0.0
2020-03-05 05:00:00,0.0,,0.0,21.41,0.0
2020-03-05 06:00:00,0.0,,0.0,21.04,0.0
2020-03-05 07:00:00,9.826421911248884,0.8427463045667997,0.04466555414204038,22.782000000000004,53.0
2020-03-05 08:00:00,40.75128868835519,0.8018750233836125,0.1852331304016145,35.013999999999996,231.0
2020-03-05 09:00:00,76.02625499363472,0.7528842839536019,0.34557388633470326,49.676,459.0
2020-03-05 10:00:00,77.15586369603948,0.7461882369056042,0.350708471345634,51.68,470.0
2020-03-05 11:00:00,138.6090223268176,0.6522163670563599,0.6300410105764437,79.804,966.0
2020-03-05 12:00:00,140.65755856845763,0.6490888720279541,0.6393525389475346,80.74000000000001,985.0
2020-03-05 13:00:00,113.54407695954076,0.6890646738654009,0.5161094407251853,68.77600000000001,749.0
2020-03-05 14:00:00,82.81681253562539,0.7295349941475104,0.3764400569801154,56.664,516.0
2020-03-05 15:00:00,68.0075360347489,0.7484870794051166,0.30912516379431315,50.992000000000004,413.0
2020-03-05 16:00:00,58.9630596526028,0.759246196917368,0.2680139075118309,47.772000000000006,353.0
2020-03-05 17:00:00,41.431207444067,0.7814260174286495,0.18832367020030455,41.134,241.0
2020-03-05 18:00:00,10.447319890590233,0.8187554773189838,0.04748781768450106,29.962,58.0
2020-03-05 19:00:00,0.0,,0.0,26.78,0.0
2020-03-05 20:00:00,0.0,,0.0,25.34,0.0
2020-03-05 21:00:00,0.0,,0.0,23.13,0.0
2020-03-05 22:00:00,0.0,,0.0,22.01,0.0
2020-03-05 23:00:00,0.0,,0.0,21.31,0.0
2020-03-06 00:00:00,0.0,,0.0,21.0,0.0
2020-03-06 01:00:00,0.0,,0.0,21.48,0.0
2020-03-06 02:00:00,0.0,,0.0,21.76,0.0
2020-03-06 03:00:00,0.0,,0.0,21.23,0.0
2020-03-06 04:00:00,0.0,,0.0,21.02,0.0
2020-03-06 05:00:00,0.0,,0.0,22.38,0.0
2020-03-06 06:00:00,0.0,,0.0,22.23,0.0
2020-03-06 07:00:00,12.105585383389785,0.8337180016108667,0.055025388106317207,25.484,66.0
2020-03-06 08:00:00,55.550051860751786,0.7866050957342365,0.2525002357306899,39.584,321.0
2020-03-06 09:00:00,96.13219078241744,0.7270624019241978,0.4369645035564429,57.403999999999996,601.0
2020-03-06 10:00:00,123.15648037638681,0.6818540603276869,0.559802183529031,70.934,821.0
2020-03-06 11:00:00,142.2445080861624,0.6439899859025824,0.6465659458461928,82.266,1004.0
2020-03-06 12:00:00,147.9605537650872,0.6273768392345964,0.6725479716594873,87.238,1072.0
2020-03-06 13:00:00,151.6689844700142,0.6160897898692591,0.6894044748637009,90.616,1119.0
2020-03-06 14:00:00,142.77453362341987,0.6294618359202004,0.6489751528337266,86.614,1031.0
2020-03-06 15:00:00,124.85929115510613,0.6591663560083737,0.5675422325232097,77.724,861.0
2020-03-06 16:00:00,93.46879757202538,0.7080969513032226,0.42485817078193355,63.08,600.0
2020-03-06 17:00:00,58.85398625868264,0.7599946572660465,0.26751811935764835,47.548,352.0
2020-03-06 18:00:00,9.874273654412566,0.8160556739183938,0.04488306206551166,30.77,55.0
2020-03-06 19:00:00,0.0,,0.0,26.4,0.0
2020-03-06 20:00:00,0.0,,0.0,25.72,0.0
2020-03-06 21:00:00,0.0,,0.0,25.15,0.0
2020-03-06 22:00:00,0.0,,0.0,26.09,0.0
2020-03-06 23:00:00,0.0,,0.0,25.32,0.0
2020-03-07 00:00:00,0.0,,0.0,24.31,0.0
2020-03-07 01:00:00,0.0,,0.0,22.51,0.0
2020-03-07 02:00:00,0.0,,0.0,21.85,0.0
2020-03-07 03:00:00,0.0,,0.0,21.35,0.0
2020-03-07 04:00:00,0.0,,0.0,20.69,0.0
2020-03-07 05:00:00,0.0,,0.0,20.81,0.0
2020-03-07 06:00:00,0.0,,0.0,20.63,0.0
2020-03-07 07:00:00,11.063473566896397,0.8381419368860907,0.05028851621316544,24.160000000000004,60.0
2020-03-07 08:00:00,57.16711969019468,0.7826823615853598,0.25985054404633945,40.757999999999996,332.0
2020-03-07 09:00:00,95.54767118370908,0.7274834108703295,0.43430759628958676,57.278000000000006,597.0
2020-03-07 10:00:00,121.62659334201162,0.6816869932855713,0.5528481515545982,70.984,811.0
2020-03-07 11:00:00,140.7464727175007,0.6423259981631101,0.6397566941704577,82.764,996.0
2020-03-07 12:00:00,146.70932800793298,0.6267486671562413,0.6668605818542408,87.426,1064.0
2020-03-07 13:00:00,148.13317759067735,0.6228793944608416,0.6733326254121698,88.584,1081.0
2020-03-07 14:00:00,128.0710593437789,0.6555643905803588,0.5821411788353587,78.802,888.0
2020-03-07 15:00:00,121.95677889694284,0.6638910119594058,0.5543489949861038,76.31,835.0
2020-03-07 16:00:00,95.44385077855394,0.7054238786293713,0.43383568535706335,63.88,615.0
2020-03-07 17:00:00,5.906564656837261,0.813576399013397,0.026848021167442098,31.512,33.0
2020-03-07 18:00:00,9.473054400860935,0.8124403431270099,0.04305933818573152,31.852,53.0
2020-03-07 19:00:00,0.0,,0.0,27.66,0.0
2020-03-07 20:00:00,0.0,,0.0,26.11,0.0
2020-03-07 21:00:00,0.0,,0.0,25.25,0.0
2020-03-07 22:00:00,0.0,,0.0,25.17,0.0
2020-03-07 23:00:00,0.0,,0.0,23.72,0.0
2020-03-08 00:00:00,0.0,,0.0,23.32,0.0
2020-03-08 01:00:00,0.0,,0.0,22.6,0.0
2020-03-08 02:00:00,0.0,,0.0,22.18,0.0
2020-03-08 03:00:00,0.0,,0.0,22.02,0.0
2020-03-08 04:00:00,0.0,,0.0,21.13,0.0
2020-03-08 05:00:00,0.0,,0.0,20.96,0.0
2020-03-08 06:00:00,0.0,,0.0,21.11,0.0
2020-03-08 07:00:00,4.083161545777985,0.8436284185491705,0.018559825208081752,22.517999999999997,22.0
2020-03-08 08:00:00,18.005406278831817,0.8266945031603221,0.0818427558128719,27.586,99.0
2020-03-08 09:00:00,37.401944532801856,0.8019284848370896,0.170008838785463,34.998000000000005,212.0
2020-03-08 10:00:00,88.06788123254275,0.7385766624668128,0.40030855105701246,53.958000000000006,542.0
2020-03-08 11:00:00,124.73597162037068,0.6822884346371878,0.5669816891835031,70.804,831.0
2020-03-08 12:00:00,137.02859604201248,0.6577162140828092,0.6228572547364204,78.158,947.0
2020-03-08 13:00:00,126.27126013269792,0.6728725361435464,0.5739602733304451,73.622,853.0
2020-03-08 14:00:00,123.96453941974774,0.6724047484256223,0.5634751791806716,73.762,838.0
2020-03-08 15:00:00,102.84269648050794,0.701902105381572,0.467466802184127,64.934,666.0
2020-03-08 16:00:00,69.66862723267197,0.7451190078360638,0.3166755783303271,52.0,425.0
2020-03-08 17:00:00,54.814562864530544,0.766637242860567,0.2491571039296843,45.56,325.0
2020-03-08 18:00:00,9.921172714475286,0.8199316292954782,0.0450962396112513,29.61,55.0
2020-03-08 19:00:00,0.0,,0.0,25.64,0.0
2020-03-08 20:00:00,0.0,,0.0,24.59,0.0
2020-03-08 21:00:00,0.0,,0.0,23.65,0.0
2020-03-08 22:00:00,0.0,,0.0,23.92,0.0
2020-03-08 23:00:00,0.0,,0.0,23.13,0.0
2020-03-09 00:00:00,0.0,,0.0,22.62,0.0
2020-03-09 01:00:00,0.0,,0.0,22.18,0.0
2020-03-09 02:00:00,0.0,,0.0,21.51,0.0
2020-03-09 03:00:00,0.0,,0.0,20.97,0.0
2020-03-09 04:00:00,0.0,,0.0,20.71,0.0
2020-03-09 05:00:00,0.0,,0.0,20.55,0.0
2020-03-09 06:00:00,0.0,,0.0,20.47,0.0
2020-03-09 07:00:00,11.628132369291684,0.8389705894149845,0.05285514713314402,23.912000000000003,63.0
2020-03-09 08:00:00,47.93983400634206,0.795285899242569,0.2179083363924639,36.986000000000004,274.0
2020-03-09 09:00:00,80.15663169031912,0.7512336615774987,0.3643483258650869,50.17,485.0
2020-03-09 10:00:00,96.20139262433443,0.7215826029428025,0.43727905738333833,59.044000000000004,606.0
2020-03-09 11:00:00,111.20292292728872,0.6943239443512034,0.505467831487676,67.202,728.0
2020-03-09 12:00:00,126.17923359148705,0.6692438399887931,0.5735419708703957,74.708,857.0
2020-03-09 13:00:00,117.26224179226323,0.6789938725666661,0.5330101899648328,71.78999999999999,785.0
2020-03-09 14:00:00,105.26385678077105,0.6944442326215269,0.47847207627623206,67.166,689.0
2020-03-09 15:00:00,106.25211112807077,0.6909358247370969,0.48296414149123074,68.21600000000001,699.0
2020-03-09 16:00:00,88.08534708939368,0.7188293380887357,0.4003879413154258,59.867999999999995,557.0
2020-03-09 17:00:00,54.143697538657804,0.7666907043140442,0.2461077160848082,45.544000000000004,321.0
2020-03-09 18:00:00,9.513183236108961,0.8158819241945936,0.04324174198231346,30.822000000000003,53.0
2020-03-09 19:00:00,0.0,,0.0,27.34,0.0
2020-03-09 20:00:00,0.0,,0.0,25.52,0.0
2020-03-09 21:00:00,0.0,,0.0,24.75,0.0
2020-03-09 22:00:00,0.0,,0.0,24.02,0.0
2020-03-09 23:00:00,0.0,,0.0,23.46,0.0
2020-03-10 00:00:00,0.0,,0.0,23.19,0.0
2020-03-10 01:00:00,0.0,,0.0,22.96,0.0
2020-03-10 02:00:00,0.0,,0.0,22.56,0.0
2020-03-10 03:00:00,0.0,,0.0,21.89,0.0
2020-03-10 04:00:00,0.0,,0.0,21.63,0.0
2020-03-10 05:00:00,0.0,,0.0,21.3,0.0
2020-03-10 06:00:00,0.0,,0.0,21.28,0.0
2020-03-10 07:00:00,1.6778072578890095,0.8473774029742472,0.0076263966267682256,21.396,9.0
2020-03-10 08:00:00,15.687335699308479,0.8291403646568962,0.07130607136049308,26.854000000000003,86.0
2020-03-10 09:00:00,24.779305098265404,0.8161826448704019,0.11263320499211547,30.732,138.0
2020-03-10 10:00:00,76.41427488163015,0.7567268259222633,0.34733761309831884,48.525999999999996,459.0
2020-03-10 11:00:00,106.47630039669035,0.7127881938458318,0.48398318362131976,61.676,679.0
2020-03-10 12:00:00,139.24792278234924,0.6586317414736035,0.6329451035561329,77.884,961.0
2020-03-10 13:00:00,142.3183263245872,0.6508063212209035,0.6469014832935781,80.226,994.0
2020-03-10 14:00:00,133.14352789287562,0.6614184197360935,0.6051978540585256,77.05,915.0
2020-03-10 15:00:00,116.82254178642062,0.6842932391425762,0.5310115535746391,70.204,776.0
2020-03-10 16:00:00,91.84115025555391,0.719758230842899,0.41745977388888145,59.59,580.0
2020-03-10 17:00:00,50.15810368008991,0.7728521368272713,0.22799138036404504,43.7,295.0
2020-03-10 18:00:00,9.365568812109037,0.8186686024570837,0.04257076732776835,29.988,52.0
2020-03-10 19:00:00,0.0,,0.0,26.15,0.0
2020-03-10 20:00:00,0.0,,0.0,25.12,0.0
2020-03-10 21:00:00,0.0,,0.0,24.38,0.0
2020-03-10 22:00:00,0.0,,0.0,24.11,0.0
2020-03-10 23:00:00,0.0,,0.0,23.2,0.0
2020-03-11 00:00:00,0.0,,0.0,22.48,0.0
2020-03-11 01:00:00,0.0,,0.0,21.99,0.0
2020-03-11 02:00:00,0.0,,0.0,21.41,0.0
2020-03-11 03:00:00,0.0,,0.0,21.12,0.0
2020-03-11 04:00:00,0.0,,0.0,20.82,0.0
2020-03-11 05:00:00,0.0,,0.0,21.05,0.0
2020-03-11 06:00:00,0.0,,0.0,21.35,0.0
2020-03-11 07:00:00,3.1627932203715536,0.8456666364629822,0.014376332819870698,21.907999999999998,17.0
2020-03-11 08:00:00,16.41922861086159,0.8292539702455348,0.07463285732209814,26.82,90.0
2020-03-11 09:00:00,34.69056579195878,0.8086378972484565,0.15768438996344902,32.99,195.0
2020-03-11 10:00:00,38.10159029753942,0.805530450265104,0.17318904680699734,33.92,215.0
2020-03-11 11:00:00,76.52191778070889,0.7561454326157004,0.3478268990032222,48.7,460.0
2020-03-11 12:00:00,95.85983809036041,0.7274232667351678,0.4357265367743655,57.29600000000001,599.0
2020-03-11 13:00:00,123.35241112358112,0.6821080022317028,0.5606927778344596,70.858,822.0
2020-03-11 14:00:00,124.32359656532196,0.6751580132796892,0.5651072571150998,72.938,837.0
2020-03-11 15:00:00,110.28503922293264,0.6933549555069322,0.501295632831512,67.492,723.0
2020-03-11 16:00:00,96.77621337980665,0.7117991569565066,0.43989187899912113,61.972,618.0
2020-03-11 17:00:00,62.24973696065853,0.7565597588801474,0.28295334982117515,48.57600000000001,374.0
2020-03-11 18:00:00,9.171740436572698,0.8174456717087966,0.041689729257148624,30.354000000000003,51.0
2020-03-11 19:00:00,0.0,,0.0,26.45,0.0
2020-03-11 20:00:00,0.0,,0.0,25.07,0.0
2020-03-11 21:00:00,0.0,,0.0,24.2,0.0
2020-03-11 22:00:00,0.0,,0.0,23.6,0.0
2020-03-11 23:00:00,0.0,,0.0,23.08,0.0
2020-03-12 00:00:00,0.0,,0.0,22.37,0.0
2020-03-12 01:00:00,0.0,,0.0,21.85,0.0
2020-03-12 02:00:00,0.0,,0.0,21.24,0.0
2020-03-12 03:00:00,0.0,,0.0,20.89,0.0
2020-03-12 04:00:00,0.0,,0.0,20.87,0.0
2020-03-12 05:00:00,0.0,,0.0,20.39,0.0
2020-03-12 06:00:00,0.0,,0.0,20.47,0.0
2020-03-12 07:00:00,10.005316097063682,0.8421983246686601,0.04547870953210765,22.946,54.0
2020-03-12 08:00:00,31.368161397427055,0.8101281352641285,0.14258255180648663,32.544,176.0
2020-03-12 09:00:00,52.8819569828337,0.7804302978576402,0.2403725317401532,41.432,308.0
2020-03-12 10:00:00,86.41449530025567,0.7341928232816963,0.39279316045570756,55.269999999999996,535.0
2020-03-12 11:00:00,108.13100214900112,0.7021493646039034,0.49150455522273234,64.86,700.0
2020-03-12 12:00:00,140.3217936425879,0.6515080027977894,0.6378263347390358,80.01599999999999,979.0
2020-03-12 13:00:00,140.1439800464015,0.648694593808561,0.6370180911200068,80.858,982.0
2020-03-12 14:00:00,128.74400351827012,0.6642451940886912,0.5852000159921369,76.204,881.0
2020-03-12 15:00:00,114.024074872478,0.6864784760534497,0.5182912494203545,69.55000000000001,755.0
2020-03-12 16:00:00,94.46221669669188,0.7144321335402503,0.4293737122576904,61.184,601.0
2020-03-12 17:00:00,59.93518013516496,0.7588652840613441,0.27243263697802256,47.886,359.0
2020-03-12 18:00:00,8.985433552926041,0.8168575957205492,0.040842879786027464,30.529999999999998,50.0
2020-03-12 19:00:00,0.0,,0.0,26.17,0.0
2020-03-12 20:00:00,0.0,,0.0,26.24,0.0
2020-03-12 21:00:00,0.0,,0.0,25.48,0.0
2020-03-12 22:00:00,0.0,,0.0,23.58,0.0
2020-03-12 23:00:00,0.0,,0.0,23.35,0.0
2020-03-13 00:00:00,0.0,,0.0,22.82,0.0
2020-03-13 01:00:00,0.0,,0.0,22.44,0.0
2020-03-13 02:00:00,0.0,,0.0,22.12,0.0
2020-03-13 03:00:00,0.0,,0.0,22.01,0.0
2020-03-13 04:00:00,0.0,,0.0,21.26,0.0
2020-03-13 05:00:00,0.0,,0.0,21.14,0.0
2020-03-13 06:00:00,0.0,,0.0,20.73,0.0
2020-03-13 07:00:00,7.060163919182572,0.8445172152132264,0.0320916541781026,22.252,38.0
2020-03-13 08:00:00,25.214787129082293,0.8186619197753991,0.11461266876855587,29.990000000000002,140.0
2020-03-13 09:00:00,76.53531415172118,0.7595803310015996,0.3478877915987326,47.672000000000004,458.0
2020-03-13 10:00:00,117.82294725382752,0.7009932606724626,0.5355588511537615,65.206,764.0
2020-03-13 11:00:00,125.51070586766758,0.683237375436405,0.5705032084893981,70.52000000000001,835.0
2020-03-13 12:00:00,128.79162885217832,0.674442966339434,0.5854164947826287,73.152,868.0
2020-03-13 13:00:00,96.84939943654402,0.7181477045569036,0.4402245428933819,60.072,613.0
2020-03-13 14:00:00,104.47261818086393,0.7035193143492521,0.47487553718574516,64.45,675.0
2020-03-13 15:00:00,109.79152585359553,0.6950590393365126,0.49905239024361603,66.982,718.0
2020-03-13 16:00:00,97.7139534699059,0.7117857915931374,0.44415433395411774,61.976000000000006,624.0
2020-03-13 17:00:00,59.25916473382514,0.7609035019751559,0.2693598396992052,47.275999999999996,354.0
2020-03-13 18:00:00,8.64782206845321,0.8189225443610995,0.039308282129332774,29.912,48.0
2020-03-13 19:00:00,0.0,,0.0,26.01,0.0
2020-03-13 20:00:00,0.0,,0.0,24.89,0.0
2020-03-13 21:00:00,0.0,,0.0,23.76,0.0
2020-03-13 22:00:00,0.0,,0.0,23.28,0.0
2020-03-13 23:00:00,0.0,,0.0,22.49,0.0
2020-03-14 00:00:00,0.0,,0.0,22.2,0.0
2020-03-14 01:00:00,0.0,,0.0,21.71,0.0
2020-03-14 02:00:00,0.0,,0.0,21.56,0.0
2020-03-14 03:00:00,0.0,,0.0,21.71,0.0
2020-03-14 04:00:00,0.0,,0.0,21.34,0.0
2020-03-14 05:00:00,0.0,,0.0,21.13,0.0
2020-03-14 06:00:00,0.0,,0.0,21.58,0.0
2020-03-14 07:00:00,8.668875188832464,0.8383825134267373,0.03940397813105666,24.088,47.0
2020-03-14 08:00:00,50.397303588309505,0.789926388531497,0.2290786526741341,38.59,290.0
2020-03-14 09:00:00,67.54312654607011,0.7656214752445036,0.307014211573046,45.864000000000004,401.0
2020-03-14 10:00:00,84.10465484418783,0.7437624234540842,0.38229388565539923,52.406000000000006,514.0
2020-03-14 11:00:00,111.77316551119245,0.7027107098654121,0.5080598432326929,64.69200000000001,723.0
2020-03-14 12:00:00,119.02201949196406,0.6927134180652081,0.5410091795089276,67.684,781.0
2020-03-14 13:00:00,130.73517735782653,0.6684486008683226,0.5942508061719388,74.946,889.0
2020-03-14 14:00:00,129.005006343754,0.669390858985855,0.5863863924716091,74.66399999999999,876.0
2020-03-14 15:00:00,116.82662744434896,0.6869729944981122,0.5310301247470407,69.402,773.0
2020-03-14 16:00:00,98.49622538118219,0.7140512206842263,0.44771011536900995,61.298,627.0
2020-03-14 17:00:00,59.19295325830837,0.7643718137694779,0.2690588784468562,46.238,352.0
2020-03-14 18:00:00,8.129893254274021,0.8212013388155577,0.036954060246700095,29.23,45.0
2020-03-14 19:00:00,0.0,,0.0,25.57,0.0
2020-03-14 20:00:00,0.0,,0.0,24.14,0.0
2020-03-14 21:00:00,0.0,,0.0,23.59,0.0
2020-03-14 22:00:00,0.0,,0.0,23.55,0.0
2020-03-14 23:00:00,0.0,,0.0,23.33,0.0
2020-03-15 00:00:00,0.0,,0.0,22.33,0.0
2020-03-15 01:00:00,0.0,,0.0,21.34,0.0
2020-03-15 02:00:00,0.0,,0.0,21.2,0.0
2020-03-15 03:00:00,0.0,,0.0,21.47,0.0
2020-03-15 04:00:00,0.0,,0.0,21.28,0.0
2020-03-15 05:00:00,0.0,,0.0,21.48,0.0
2020-03-15 06:00:00,0.0,,0.0,20.66,0.0
2020-03-15 07:00:00,2.053984765671099,0.8487540354012807,0.009336294389414088,20.984,11.0
2020-03-15 08:00:00,31.04086770616803,0.8108899609761763,0.14109485320985468,32.316,174.0
2020-03-15 09:00:00,55.85906962048607,0.7764674676186554,0.2539048619113003,42.618,327.0
2020-03-15 10:00:00,91.02982297988831,0.7336381607018723,0.41377192263585594,55.43600000000001,564.0
2020-03-15 11:00:00,121.83030580472044,0.6836717497459059,0.5537741172941838,70.39,810.0
2020-03-15 12:00:00,129.41752694760976,0.667720188564698,0.5882614861254989,75.164,881.0
2020-03-15 13:00:00,110.42596869313618,0.6923258225274996,0.5019362213324372,67.8,725.0
2020-03-15 14:00:00,113.97281375877243,0.6852622279868472,0.5180582443580565,69.914,756.0
2020-03-15 15:00:00,106.1631528733286,0.6943306270328882,0.48255978578785724,67.2,695.0
2020-03-15 16:00:00,97.03564457221192,0.7125542999868697,0.44107111169187235,61.746,619.0
2020-03-15 17:00:00,53.144879876419175,0.7693236808977877,0.24156763580190535,44.756,314.0
2020-03-15 18:00:00,7.760283085090685,0.8203259075148714,0.035274014023139476,29.492,43.0
2020-03-15 19:00:00,0.0,,0.0,25.99,0.0
2020-03-15 20:00:00,0.0,,0.0,25.56,0.0
2020-03-15 21:00:00,0.0,,0.0,25.23,0.0
2020-03-15 22:00:00,0.0,,0.0,23.76,0.0
2020-03-15 23:00:00,0.0,,0.0,23.04,0.0
2020-03-16 00:00:00,0.0,,0.0,22.49,0.0
2020-03-16 01:00:00,0.0,,0.0,22.71,0.0
2020-03-16 02:00:00,0.0,,0.0,23.34,0.0
2020-03-16 03:00:00,0.0,,0.0,23.22,0.0
2020-03-16 04:00:00,0.0,,0.0,22.93,0.0
2020-03-16 05:00:00,0.0,,0.0,22.54,0.0
2020-03-16 06:00:00,0.0,,0.0,22.2,0.0
2020-03-16 07:00:00,1.3030470132385956,0.8461344241809062,0.005922940969266344,21.768,7.0
2020-03-16 08:00:00,17.57805733893239,0.8237140271289779,0.07990026063151086,28.477999999999998,97.0
2020-03-16 09:00:00,52.06803041130002,0.781098566026103,0.23667286550590919,41.232,303.0
2020-03-16 10:00:00,84.45225773970101,0.7410693027351791,0.38387389881682277,53.211999999999996,518.0
2020-03-16 11:00:00,122.16216002526832,0.6838454994697062,0.5552825455694015,70.338,812.0
2020-03-16 12:00:00,137.38958648739808,0.6552970833129738,0.6244981203972639,78.882,953.0
2020-03-16 13:00:00,147.14348980815623,0.6345674047272565,0.6688340445825284,85.08600000000001,1054.0
2020-03-16 14:00:00,114.72075673423481,0.6834311732052591,0.5214579851556128,70.462,763.0
2020-03-16 15:00:00,115.63925056742868,0.6808717061200463,0.5256329571246758,71.22800000000001,772.0
2020-03-16 16:00:00,96.1447520855264,0.7071546931856899,0.43702160038875637,63.361999999999995,618.0
2020-03-16 17:00:00,57.829234445362324,0.7575220650427341,0.26286015656982875,48.288,347.0
2020-03-16 18:00:00,8.620652957796187,0.8163497119125177,0.03918478617180085,30.682,48.0
2020-03-16 19:00:00,0.0,,0.0,26.73,0.0
2020-03-16 20:00:00,0.0,,0.0,27.03,0.0
2020-03-16 21:00:00,0.0,,0.0,25.7,0.0
2020-03-16 22:00:00,0.0,,0.0,23.81,0.0
2020-03-16 23:00:00,0.0,,0.0,22.68,0.0
2020-03-17 00:00:00,0.0,,0.0,22.08,0.0
2020-03-17 01:00:00,0.0,,0.0,21.53,0.0
2020-03-17 02:00:00,0.0,,0.0,21.64,0.0
2020-03-17 03:00:00,0.0,,0.0,20.9,0.0
2020-03-17 04:00:00,0.0,,0.0,20.43,0.0
2020-03-17 05:00:00,0.0,,0.0,20.58,0.0
2020-03-17 06:00:00,0.0,,0.0,21.65,0.0
2020-03-17 07:00:00,5.197903687199855,0.8438155336363401,0.023626834941817526,22.462,28.0
2020-03-17 08:00:00,19.071635091603227,0.8256119087274124,0.0866892504163783,27.909999999999997,105.0
2020-03-17 09:00:00,64.22341112899464,0.7784655894423593,0.2919245960408847,42.019999999999996,375.0
2020-03-17 10:00:00,66.1326542218684,0.7648930629408791,0.3006029737357655,46.081999999999994,393.0
2020-03-17 11:00:00,80.36668802275112,0.74248603125232,0.36530312737614146,52.788,492.0
2020-03-17 12:00:00,111.16676066458145,0.6969702862983163,0.5053034575662793,66.41,725.0
2020-03-17 13:00:00,117.82979833909059,0.6831505005745049,0.5355899924504117,70.546,784.0
2020-03-17 14:00:00,120.58586350409061,0.6766883473854692,0.54811756138223,72.48,810.0
2020-03-17 15:00:00,116.94089943000523,0.6823485787723493,0.5315495428636602,70.786,779.0
2020-03-17 16:00:00,95.74558227679381,0.7146259313091045,0.43520719216724457,61.126000000000005,609.0
2020-03-17 17:00:00,59.884177774894255,0.762467249489359,0.27220080806770114,46.80800000000001,357.0
2020-03-17 18:00:00,4.533698321894005,0.82430878579891,0.02060771964497275,28.3,25.0
2020-03-17 19:00:00,0.0,,0.0,25.7,0.0
2020-03-17 20:00:00,0.0,,0.0,24.43,0.0
2020-03-17 21:00:00,0.0,,0.0,23.57,0.0
2020-03-17 22:00:00,0.0,,0.0,22.94,0.0
2020-03-17 23:00:00,0.0,,0.0,22.31,0.0
2020-03-18 00:00:00,0.0,,0.0,21.77,0.0
2020-03-18 01:00:00,0.0,,0.0,21.73,0.0
2020-03-18 02:00:00,0.0,,0.0,21.29,0.0
2020-03-18 03:00:00,0.0,,0.0,21.15,0.0
2020-03-18 04:00:00,0.0,,0.0,20.75,0.0
2020-03-18 05:00:00,0.0,,0.0,20.6,0.0
2020-03-18 06:00:00,0.0,,0.0,20.44,0.0
2020-03-18 07:00:00,4.09496717124205,0.84606759736406,0.01861348714200932,21.788,22.0
2020-03-18 08:00:00,16.46355483847573,0.8314926686098854,0.07483434017488969,26.15,90.0
2020-03-18 09:00:00,51.342121172927314,0.7910958578263068,0.2333732780587605,38.24,295.0
2020-03-18 10:00:00,54.71338145037266,0.7796150106921154,0.2486971884107848,41.676,319.0
2020-03-18 11:00:00,51.9148366163616,0.7813792386568573,0.2359765300743709,41.147999999999996,302.0
2020-03-18 12:00:00,97.00408988487253,0.7228322644178281,0.44092768129487514,58.67,610.0
2020-03-18 13:00:00,110.72620794855588,0.6980595634129106,0.5033009452207086,66.084,721.0
2020-03-18 14:00:00,122.09452540586001,0.6801165630896836,0.5549751154811818,71.45400000000001,816.0
2020-03-18 15:00:00,103.38126235130471,0.7098411312229106,0.46991482886956687,62.55800000000001,662.0
2020-03-18 16:00:00,83.3402589727643,0.7341460445099041,0.37881935896711044,55.284000000000006,516.0
2020-03-18 17:00:00,37.03755794858413,0.7903874935677364,0.16835253612992787,38.452,213.0
2020-03-18 18:00:00,8.86674217621809,0.8225178271074295,0.04030337352826404,28.836000000000002,49.0
2020-03-18 19:00:00,0.0,,0.0,25.41,0.0
2020-03-18 20:00:00,0.0,,0.0,24.08,0.0
2020-03-18 21:00:00,0.0,,0.0,22.92,0.0
2020-03-18 22:00:00,0.0,,0.0,22.71,0.0
2020-03-18 23:00:00,0.0,,0.0,22.08,0.0
2020-03-19 00:00:00,0.0,,0.0,21.93,0.0
2020-03-19 01:00:00,0.0,,0.0,21.54,0.0
2020-03-19 02:00:00,0.0,,0.0,21.04,0.0
2020-03-19 03:00:00,0.0,,0.0,21.02,0.0
2020-03-19 04:00:00,0.0,,0.0,21.06,0.0
2020-03-19 05:00:00,0.0,,0.0,20.62,0.0
2020-03-19 06:00:00,0.0,,0.0,20.47,0.0
2020-03-19 07:00:00,11.629058588973177,0.8390374162318309,0.052859357222605347,23.892,63.0
2020-03-19 08:00:00,25.624267380078823,0.8202390326529714,0.11647394263672192,29.518,142.0
2020-03-19 09:00:00,81.04062016490259,0.7517682761122689,0.3683664552950118,50.010000000000005,490.0
2020-03-19 10:00:00,105.06300971831496,0.7127748284824624,0.4775591350832498,61.68,670.0
2020-03-19 11:00:00,106.06627764559465,0.7058849836656107,0.48211944384361205,63.742,683.0
2020-03-19 12:00:00,134.20278800518628,0.6580503481670407,0.6100126727508467,78.058,927.0
2020-03-19 13:00:00,116.50309890960469,0.6824220882708804,0.5295595404982031,70.764,776.0
2020-03-19 14:00:00,127.06497306232556,0.6631091382023043,0.5775680593742071,76.544,871.0
2020-03-19 15:00:00,74.2968102534077,0.7389776233678903,0.3377127738791259,53.838,457.0
2020-03-19 16:00:00,84.55252616588713,0.726521104707743,0.38432966439039606,57.566,529.0
2020-03-19 17:00:00,47.865714378973344,0.7742755480260974,0.21757142899533338,43.274,281.0
2020-03-19 18:00:00,7.7618635393091,0.8204929745569872,0.035281197905950454,29.442,43.0
2020-03-19 19:00:00,0.0,,0.0,25.61,0.0
2020-03-19 20:00:00,0.0,,0.0,24.23,0.0
2020-03-19 21:00:00,0.0,,0.0,23.6,0.0
2020-03-19 22:00:00,0.0,,0.0,24.63,0.0
2020-03-19 23:00:00,0.0,,0.0,24.12,0.0
2020-03-20 00:00:00,0.0,,0.0,23.83,0.0
2020-03-20 01:00:00,0.0,,0.0,23.3,0.0
2020-03-20 02:00:00,0.0,,0.0,21.44,0.0
2020-03-20 03:00:00,0.0,,0.0,21.14,0.0
2020-03-20 04:00:00,0.0,,0.0,20.91,0.0
2020-03-20 05:00:00,0.0,,0.0,20.87,0.0
2020-03-20 06:00:00,0.0,,0.0,20.62,0.0
2020-03-20 07:00:00,2.7982860805762315,0.8479654789624944,0.012719482184437416,21.22,15.0
2020-03-20 08:00:00,16.75447897024161,0.8277904629566014,0.07615672259200731,27.258,92.0
2020-03-20 09:00:00,17.761147446923335,0.8238009019908783,0.08073248839510606,28.452,98.0
2020-03-20 10:00:00,71.99067173568586,0.7627746528468518,0.32723032607129937,46.716,429.0
2020-03-20 11:00:00,71.49691431481362,0.7593130237342144,0.32498597415824376,47.752,428.0
2020-03-20 12:00:00,85.3826454097572,0.7364382043277317,0.3881029336807146,54.598,527.0
2020-03-20 13:00:00,144.96571210657916,0.6498373323766324,0.6589350550299052,80.516,1014.0
2020-03-20 14:00:00,118.75246310123113,0.6832707888448281,0.5397839231874142,70.50999999999999,790.0
2020-03-20 15:00:00,108.27267259494981,0.6961082203609992,0.4921485117952264,66.668,707.0
2020-03-20 16:00:00,79.06615797474224,0.7364582523727854,0.3593916271579193,54.592,488.0
2020-03-20 17:00:00,59.186219788242944,0.7621197500417582,0.26902827176474065,46.912000000000006,353.0
2020-03-20 18:00:00,9.218602741886155,0.8216223477616893,0.041902739735846156,29.104000000000003,51.0
2020-03-20 19:00:00,0.0,,0.0,25.57,0.0
2020-03-20 20:00:00,0.0,,0.0,24.27,0.0
2020-03-20 21:00:00,0.0,,0.0,22.91,0.0
2020-03-20 22:00:00,0.0,,0.0,22.94,0.0
2020-03-20 23:00:00,0.0,,0.0,22.19,0.0
2020-03-21 00:00:00,0.0,,0.0,21.73,0.0
2020-03-21 01:00:00,0.0,,0.0,21.03,0.0
2020-03-21 02:00:00,0.0,,0.0,20.53,0.0
2020-03-21 03:00:00,0.0,,0.0,20.84,0.0
2020-03-21 04:00:00,0.0,,0.0,20.67,0.0
2020-03-21 05:00:00,0.0,,0.0,20.7,0.0
2020-03-21 06:00:00,0.0,,0.0,20.63,0.0
2020-03-21 07:00:00,1.4932895954365961,0.8484599974071568,0.006787679979257255,21.072,8.0
2020-03-21 08:00:00,12.677040874019243,0.835114682082954,0.05762291306372383,25.066,69.0
2020-03-21 09:00:00,46.35075271317986,0.7950386400202377,0.21068523960536298,37.06,265.0
2020-03-21 10:00:00,99.94406111329718,0.7233936096793369,0.4542911868786236,58.50200000000001,628.0
2020-03-21 11:00:00,129.41800328916023,0.6738415249878175,0.5882636513143646,73.33200000000001,873.0
2020-03-21 12:00:00,115.29993219239996,0.6905014504275959,0.5240906008745453,68.346,759.0
2020-03-21 13:00:00,136.6680246007685,0.6518555022453901,0.6212182936398568,79.912,953.0
2020-03-21 14:00:00,119.44913026108823,0.676995750742962,0.5429505920958556,72.388,802.0
2020-03-21 15:00:00,98.0874331790919,0.7065799825608119,0.44585196899587226,63.534,631.0
2020-03-21 16:00:00,65.26292070924003,0.7491152514834715,0.2966496395874547,50.804,396.0
2020-03-21 17:00:00,40.94296470577454,0.7786794352562675,0.18610438502624793,41.956,239.0
2020-03-21 18:00:00,4.511461698588403,0.8202657633797096,0.02050664408449274,29.51,25.0
2020-03-21 19:00:00,0.0,,0.0,26.32,0.0
2020-03-21 20:00:00,0.0,,0.0,24.63,0.0
2020-03-21 21:00:00,0.0,,0.0,24.03,0.0
2020-03-21 22:00:00,0.0,,0.0,23.21,0.0
2020-03-21 23:00:00,0.0,,0.0,22.75,0.0
2020-03-22 00:00:00,0.0,,0.0,22.3,0.0
2020-03-22 01:00:00,0.0,,0.0,21.87,0.0
2020-03-22 02:00:00,0.0,,0.0,22.01,0.0
2020-03-22 03:00:00,0.0,,0.0,21.29,0.0
2020-03-22 04:00:00,0.0,,0.0,20.36,0.0
2020-03-22 05:00:00,0.0,,0.0,19.64,0.0
2020-03-22 06:00:00,0.0,,0.0,19.26,0.0
2020-03-22 07:00:00,9.85642113759935,0.8453191370153816,0.04480191426181523,22.012,53.0
2020-03-22 08:00:00,61.66108024737284,0.7807176531700789,0.28027763748805834,41.346000000000004,359.0
2020-03-22 09:00:00,99.62919052728986,0.7269020175637667,0.45285995694222664,57.452,623.0
2020-03-22 10:00:00,126.317840161537,0.6835380961122132,0.5741720007342591,70.43,840.0
2020-03-22 11:00:00,144.8099881147013,0.6472244038379427,0.6582272187031877,81.298,1017.0
2020-03-22 12:00:00,150.21430794396593,0.6322151007742675,0.6827923088362088,85.79,1080.0
2020-03-22 13:00:00,150.52203781728593,0.6271228973305805,0.6841910809876633,87.314,1091.0
2020-03-22 14:00:00,130.26187763039542,0.6600885660808524,0.5920994437745246,77.44800000000001,897.0
2020-03-22 15:00:00,120.70504886462868,0.674028640074987,0.5486593130210394,73.27600000000001,814.0
2020-03-22 16:00:00,80.71629184681429,0.7294080231955024,0.36689223566733764,56.702,503.0
2020-03-22 17:00:00,53.202775957462116,0.7652873411602721,0.24183079980664599,45.964,316.0
2020-03-22 18:00:00,8.087882575863604,0.8169578359458186,0.03676310261756184,30.5,45.0
2020-03-22 19:00:00,0.0,,0.0,25.97,0.0
2020-03-22 20:00:00,0.0,,0.0,24.86,0.0
2020-03-22 21:00:00,0.0,,0.0,23.56,0.0
2020-03-22 22:00:00,0.0,,0.0,22.65,0.0
2020-03-22 23:00:00,0.0,,0.0,21.95,0.0
2020-03-23 00:00:00,0.0,,0.0,21.73,0.0
2020-03-23 01:00:00,0.0,,0.0,21.44,0.0
2020-03-23 02:00:00,0.0,,0.0,20.92,0.0
2020-03-23 03:00:00,0.0,,0.0,20.48,0.0
2020-03-23 04:00:00,0.0,,0.0,20.27,0.0
2020-03-23 05:00:00,0.0,,0.0,20.26,0.0
2020-03-23 06:00:00,0.0,,0.0,20.27,0.0
2020-03-23 07:00:00,17.42428722952549,0.833697953565813,0.07920130558875223,25.49,95.0
2020-03-23 08:00:00,53.20087794221005,0.7876943728488309,0.24182217246459112,39.257999999999996,307.0
2020-03-23 09:00:00,97.18829292667122,0.7277841315461377,0.44176496784850555,57.188,607.0
2020-03-23 10:00:00,111.9591812972249,0.7038801791602219,0.5089053695328405,64.34200000000001,723.0
2020-03-23 11:00:00,129.02233106236773,0.6725517674226842,0.5864651411925805,73.718,872.0
2020-03-23 12:00:00,139.41897938543062,0.6506392541787877,0.6337226335701391,80.27600000000001,974.0
2020-03-23 13:00:00,135.58969318415896,0.6528779525431383,0.6163167872007226,79.606,944.0
2020-03-23 14:00:00,125.74368981269141,0.6661564410504949,0.5715622264213246,75.632,858.0
2020-03-23 15:00:00,102.43038170324806,0.7011937411230015,0.46559264410567297,65.146,664.0
2020-03-23 16:00:00,92.09418171101707,0.7167978028566087,0.41860991686825944,60.476,584.0
2020-03-23 17:00:00,57.912852970131205,0.7608099444315712,0.26324024077332364,47.304,346.0
2020-03-23 18:00:00,8.639706619815398,0.8181540359673671,0.03927139372643362,30.142,48.0
2020-03-23 19:00:00,0.0,,0.0,26.35,0.0
2020-03-23 20:00:00,0.0,,0.0,25.32,0.0
2020-03-23 21:00:00,0.0,,0.0,24.4,0.0
2020-03-23 22:00:00,0.0,,0.0,24.0,0.0
2020-03-23 23:00:00,0.0,,0.0,23.51,0.0
2020-03-24 00:00:00,0.0,,0.0,22.27,0.0
2020-03-24 01:00:00,0.0,,0.0,21.8,0.0
2020-03-24 02:00:00,0.0,,0.0,21.41,0.0
2020-03-24 03:00:00,0.0,,0.0,21.21,0.0
2020-03-24 04:00:00,0.0,,0.0,20.64,0.0
2020-03-24 05:00:00,0.0,,0.0,20.42,0.0
2020-03-24 06:00:00,0.0,,0.0,20.15,0.0
2020-03-24 07:00:00,3.543294556857231,0.8476781236500553,0.01610588434935105,21.306,19.0
2020-03-24 08:00:00,34.45507370284509,0.8114713542827389,0.1566139713765686,32.141999999999996,193.0
2020-03-24 09:00:00,80.50624727590204,0.7529577934521328,0.36593748761773653,49.654,486.0
2020-03-24 10:00:00,104.67987527159192,0.7198451057047994,0.4758176148708724,59.56399999999999,661.0
2020-03-24 11:00:00,133.69363622513168,0.6678003807449135,0.6076983464778712,75.14,910.0
2020-03-24 12:00:00,123.91106567013642,0.6785929116655883,0.5632321166824383,71.91000000000001,830.0
2020-03-24 13:00:00,123.72453531761423,0.6735140735852707,0.5623842514437011,73.43,835.0
2020-03-24 14:00:00,105.29811073689648,0.70077273217687,0.4786277760768022,65.27199999999999,683.0
2020-03-24 15:00:00,109.03744336481584,0.6951258661533586,0.49562474256734473,66.962,713.0
2020-03-24 16:00:00,86.27736333074625,0.7262404320769887,0.3921698333215739,57.650000000000006,540.0
2020-03-24 17:00:00,7.578391181925796,0.820172205836125,0.03444723264511725,29.538,42.0
2020-03-24 18:00:00,5.260454389689779,0.8245226316128181,0.023911156316771723,28.236,29.0
2020-03-24 19:00:00,0.0,,0.0,25.94,0.0
2020-03-24 20:00:00,0.0,,0.0,24.9,0.0
2020-03-24 21:00:00,0.0,,0.0,23.91,0.0
2020-03-24 22:00:00,0.0,,0.0,22.66,0.0
2020-03-24 23:00:00,0.0,,0.0,21.92,0.0
2020-03-25 00:00:00,0.0,,0.0,21.24,0.0
2020-03-25 01:00:00,0.0,,0.0,20.84,0.0
2020-03-25 02:00:00,0.0,,0.0,20.48,0.0
2020-03-25 03:00:00,0.0,,0.0,20.14,0.0
2020-03-25 04:00:00,0.0,,0.0,20.19,0.0
2020-03-25 05:00:00,0.0,,0.0,20.31,0.0
2020-03-25 06:00:00,0.0,,0.0,20.39,0.0
2020-03-25 07:00:00,1.6817767708096787,0.8493822074796357,0.007644439867316721,20.796,9.0
2020-03-25 08:00:00,62.391873456827945,0.7812656330682187,0.2835994248037634,41.181999999999995,363.0
2020-03-25 09:00:00,96.72820873688603,0.7327894601279245,0.43967367607675467,55.69,600.0
2020-03-25 10:00:00,123.28820204680434,0.6867658313658886,0.5604009183945652,69.464,816.0
2020-03-25 11:00:00,130.6092835204525,0.6693106668056394,0.5936785614566022,74.688,887.0
2020-03-25 12:00:00,141.87245446124797,0.6442305624432294,0.6448747930056726,82.19399999999999,1001.0
2020-03-25 13:00:00,140.97066198612026,0.6414171534540006,0.6407757363005466,83.036,999.0
2020-03-25 14:00:00,137.93459473064607,0.6457007524138473,0.6269754305938458,81.75399999999999,971.0
2020-03-25 15:00:00,120.21965094392937,0.6738014288977098,0.5464529588360426,73.344,811.0
2020-03-25 16:00:00,96.50364015925403,0.7097943524511182,0.43865290981479105,62.572,618.0
2020-03-25 17:00:00,58.00009698336763,0.7641646506372546,0.2636368044698528,46.3,345.0
2020-03-25 18:00:00,7.2383333013418545,0.8225378751524834,0.032901515006099336,28.830000000000002,40.0
2020-03-25 19:00:00,0.0,,0.0,25.47,0.0
2020-03-25 20:00:00,0.0,,0.0,24.16,0.0
2020-03-25 21:00:00,0.0,,0.0,22.91,0.0
2020-03-25 22:00:00,0.0,,0.0,23.39,0.0
2020-03-25 23:00:00,0.0,,0.0,22.8,0.0
2020-03-26 00:00:00,0.0,,0.0,22.33,0.0
2020-03-26 01:00:00,0.0,,0.0,21.96,0.0
2020-03-26 02:00:00,0.0,,0.0,21.42,0.0
2020-03-26 03:00:00,0.0,,0.0,21.11,0.0
2020-03-26 04:00:00,0.0,,0.0,21.02,0.0
2020-03-26 05:00:00,0.0,,0.0,21.38,0.0
2020-03-26 06:00:00,0.0,,0.0,22.09,0.0
2020-03-26 07:00:00,10.108364652484257,0.8354020373953931,0.04594711205674662,24.98,55.0
2020-03-26 08:00:00,18.64764259540672,0.8229321533718764,0.08476201179730326,28.712,103.0
2020-03-26 09:00:00,47.17162152175479,0.7882958142004476,0.21441646146252175,39.078,272.0
2020-03-26 10:00:00,50.72842712444199,0.7816398632425576,0.2305837596565545,41.07,295.0
2020-03-26 11:00:00,126.83345342651245,0.6766616166587305,0.5765156973932384,72.48800000000001,852.0
2020-03-26 12:00:00,138.35753751120356,0.6537400184804553,0.628897897778198,79.348,962.0
2020-03-26 13:00:00,143.9392313498534,0.639559367945674,0.6542692334084246,83.59200000000001,1023.0
2020-03-26 14:00:00,139.53230015817593,0.645206233969185,0.6342377279917087,81.902,983.0
2020-03-26 15:00:00,121.42270739688627,0.6763742613462915,0.5519213972585739,72.574,816.0
2020-03-26 16:00:00,94.2475101533828,0.7212083727684634,0.4283977734244673,59.156,594.0
2020-03-26 17:00:00,5.992681034366226,0.8254381590036124,0.027239459247119208,27.962,33.0
2020-03-26 18:00:00,8.371288156119743,0.8272023869683541,0.03805130980054428,27.433999999999997,46.0
2020-03-26 19:00:00,0.0,,0.0,24.0,0.0
2020-03-26 20:00:00,0.0,,0.0,23.56,0.0
2020-03-26 21:00:00,0.0,,0.0,22.5,0.0
2020-03-26 22:00:00,0.0,,0.0,21.57,0.0
2020-03-26 23:00:00,0.0,,0.0,21.99,0.0
2020-03-27 00:00:00,0.0,,0.0,21.62,0.0
2020-03-27 01:00:00,0.0,,0.0,20.96,0.0
2020-03-27 02:00:00,0.0,,0.0,20.86,0.0
2020-03-27 03:00:00,0.0,,0.0,20.77,0.0
2020-03-27 04:00:00,0.0,,0.0,20.74,0.0
2020-03-27 05:00:00,0.0,,0.0,20.57,0.0
2020-03-27 06:00:00,0.0,,0.0,20.5,0.0
2020-03-27 07:00:00,5.760473349646897,0.8446441861652342,0.02618396977112226,22.214,31.0
2020-03-27 08:00:00,27.45449217260176,0.8210075410467034,0.12479314623909891,29.288,152.0
2020-03-27 09:00:00,12.292253933769214,0.8339385301064596,0.05587388151713279,25.418,67.0
2020-03-27 10:00:00,29.958637345756404,0.810569192255314,0.13617562429889274,32.412,168.0
2020-03-27 11:00:00,80.37333328141833,0.7501711151896427,0.36533333309735605,50.488,487.0
2020-03-27 12:00:00,126.09239829106247,0.6872269364021282,0.5731472649593748,69.32600000000001,834.0
2020-03-27 13:00:00,93.80582686126984,0.7326290757674933,0.4263901220966811,55.738,582.0
2020-03-27 14:00:00,128.9413971044852,0.6830970391210277,0.5860972595658418,70.562,858.0
2020-03-27 15:00:00,111.31626869326351,0.7066802227860811,0.5059830395148341,63.504000000000005,716.0
2020-03-27 16:00:00,92.2318208960664,0.7342128713267505,0.4192355495275745,55.263999999999996,571.0
2020-03-27 17:00:00,58.33169833124058,0.7798355391877083,0.26514408332382083,41.61,340.0
2020-03-27 18:00:00,7.536712766448737,0.8355557390741394,0.03425778530203971,24.933999999999997,41.0
2020-03-27 19:00:00,0.0,,0.0,22.25,0.0
2020-03-27 20:00:00,0.0,,0.0,21.83,0.0
2020-03-27 21:00:00,0.0,,0.0,21.74,0.0
2020-03-27 22:00:00,0.0,,0.0,22.85,0.0
2020-03-27 23:00:00,0.0,,0.0,21.16,0.0
2020-03-28 00:00:00,0.0,,0.0,20.51,0.0
2020-03-28 01:00:00,0.0,,0.0,20.36,0.0
2020-03-28 02:00:00,0.0,,0.0,20.17,0.0
2020-03-28 03:00:00,0.0,,0.0,20.26,0.0
2020-03-28 04:00:00,0.0,,0.0,20.36,0.0
2020-03-28 05:00:00,0.0,,0.0,20.46,0.0
2020-03-28 06:00:00,0.0,,0.0,19.91,0.0
2020-03-28 07:00:00,16.70575099385544,0.8344530965961758,0.075935231790252,25.264000000000003,91.0
2020-03-28 08:00:00,11.349399052762175,0.8320673792347635,0.051588177512555344,25.977999999999998,62.0
2020-03-28 09:00:00,44.76672152256673,0.7917708086764544,0.20348509782984878,38.038000000000004,257.0
2020-03-28 10:00:00,110.90688547480505,0.7080368071680608,0.5041222067036594,63.098,712.0
2020-03-28 11:00:00,112.2219895159927,0.7035861411660984,0.5100999523454214,64.43,725.0
2020-03-28 12:00:00,85.45237652006361,0.737039645679348,0.3884198932730164,54.418000000000006,527.0
2020-03-28 13:00:00,76.55061147836544,0.7515276995716222,0.3479573249016611,50.081999999999994,463.0
2020-03-28 14:00:00,89.62499765536376,0.7327092679477089,0.40738635297892617,55.714,556.0
2020-03-28 15:00:00,79.18689438569932,0.7421452144864041,0.359940429025906,52.89,485.0
2020-03-28 16:00:00,74.63553614187825,0.7522226984668237,0.33925243700853747,49.874,451.0
2020-03-28 17:00:00,50.19265314439944,0.7867187013228754,0.22814842338363384,39.55,290.0
2020-03-28 18:00:00,8.239385652335816,0.8322611770036178,0.0374517529651628,25.919999999999998,45.0
2020-03-28 19:00:00,0.0,,0.0,22.8,0.0
2020-03-28 20:00:00,0.0,,0.0,21.24,0.0
2020-03-28 21:00:00,0.0,,0.0,20.41,0.0
2020-03-28 22:00:00,0.0,,0.0,20.54,0.0
2020-03-28 23:00:00,0.0,,0.0,20.21,0.0
2020-03-29 00:00:00,0.0,,0.0,19.93,0.0
2020-03-29 01:00:00,0.0,,0.0,19.72,0.0
2020-03-29 02:00:00,0.0,,0.0,19.33,0.0
2020-03-29 03:00:00,0.0,,0.0,19.32,0.0
2020-03-29 04:00:00,0.0,,0.0,19.09,0.0
2020-03-29 05:00:00,0.0,,0.0,18.9,0.0
2020-03-29 06:00:00,0.0,,0.0,18.83,0.0
2020-03-29 07:00:00,2.0642540426158673,0.8529975382710195,0.009382972920981215,19.714000000000002,11.0
2020-03-29 08:00:00,22.629899122741296,0.822905422645138,0.10286317783064225,28.72,125.0
2020-03-29 09:00:00,94.6937039883256,0.7332639305275328,0.4304259272196618,55.548,587.0
2020-03-29 10:00:00,118.64031995065231,0.6931544750563935,0.5392741815938742,67.552,778.0
2020-03-29 11:00:00,137.0087308351295,0.6590126543296273,0.6227669583414978,77.77,945.0
2020-03-29 12:00:00,148.22754026375148,0.6344270684118792,0.6737615466534158,85.128,1062.0
2020-03-29 13:00:00,139.88111890079477,0.6461618574500868,0.6358232677308854,81.616,984.0
2020-03-29 14:00:00,138.82402878888075,0.6491957949349081,0.6310183126767307,80.708,972.0
2020-03-29 15:00:00,120.74688606062259,0.68180059887421,0.5488494820937391,70.95,805.0
2020-03-29 16:00:00,89.40786382841317,0.7296218690094105,0.4063993810382417,56.638,557.0
2020-03-29 17:00:00,34.095690175097374,0.7947713327528526,0.15498040988680625,37.14,195.0
2020-03-29 18:00:00,7.616674928760694,0.8243154684805946,0.03462124967618497,28.298000000000002,42.0
2020-03-29 19:00:00,0.0,,0.0,24.84,0.0
2020-03-29 20:00:00,0.0,,0.0,23.49,0.0
2020-03-29 21:00:00,0.0,,0.0,22.52,0.0
2020-03-29 22:00:00,0.0,,0.0,22.96,0.0
2020-03-29 23:00:00,0.0,,0.0,22.8,0.0
2020-03-30 00:00:00,0.0,,0.0,22.38,0.0
2020-03-30 01:00:00,0.0,,0.0,21.57,0.0
2020-03-30 02:00:00,0.0,,0.0,20.55,0.0
2020-03-30 03:00:00,0.0,,0.0,20.03,0.0
2020-03-30 04:00:00,0.0,,0.0,19.87,0.0
2020-03-30 05:00:00,0.0,,0.0,19.52,0.0
2020-03-30 06:00:00,0.0,,0.0,19.91,0.0
2020-03-30 07:00:00,2.248790817537899,0.8518147036128404,0.010221776443354086,20.068,12.0
2020-03-30 08:00:00,22.475658552543795,0.8238877768527784,0.10216208432974452,28.426000000000002,124.0
2020-03-30 09:00:00,82.17844869943308,0.7485739542670166,0.37353840317924125,50.96600000000001,499.0
2020-03-30 10:00:00,99.73996640119603,0.7196245772092066,0.4533634836418001,59.63,630.0
2020-03-30 11:00:00,103.7433789622078,0.7101819479888266,0.4715608134645809,62.456,664.0
2020-03-30 12:00:00,131.5430423361113,0.6643587996773299,0.5979229197095969,76.17,900.0
2020-03-30 13:00:00,138.17043819516275,0.6508263692659573,0.6280474463416489,80.22,965.0
2020-03-30 14:00:00,134.609155864015,0.655798284439321,0.6118597993818864,78.732,933.0
2020-03-30 15:00:00,118.9313484659061,0.6799962748193602,0.5405970384813914,71.49,795.0
2020-03-30 16:00:00,52.62843889449025,0.7691967099457797,0.2392201767931375,44.794,311.0
2020-03-30 17:00:00,56.50608993522537,0.7667040696774133,0.2568458633419335,45.54,335.0
2020-03-30 18:00:00,7.247742517153812,0.823607104222024,0.03294428416888096,28.51,40.0
2020-03-30 19:00:00,0.0,,0.0,24.77,0.0
2020-03-30 20:00:00,0.0,,0.0,23.94,0.0
2020-03-30 21:00:00,0.0,,0.0,23.02,0.0
2020-03-30 22:00:00,0.0,,0.0,22.47,0.0
2020-03-30 23:00:00,0.0,,0.0,22.38,0.0
2020-03-31 00:00:00,0.0,,0.0,21.92,0.0
2020-03-31 01:00:00,0.0,,0.0,21.59,0.0
2020-03-31 02:00:00,0.0,,0.0,21.12,0.0
2020-03-31 03:00:00,0.0,,0.0,20.79,0.0
2020-03-31 04:00:00,0.0,,0.0,20.62,0.0
2020-03-31 05:00:00,0.0,,0.0,20.14,0.0
2020-03-31 06:00:00,0.0,,0.0,19.99,0.0
2020-03-31 07:00:00,18.733075334599352,0.8348072787254612,0.08515034242999706,25.157999999999998,102.0
2020-03-31 08:00:00,63.869048299996585,0.7762402564413781,0.2903138559090754,42.68600000000001,374.0
2020-03-31 09:00:00,98.04803061768936,0.7270356711974593,0.4456728664440426,57.412000000000006,613.0
2020-03-31 10:00:00,115.51793049105329,0.6982466785000804,0.5250815022320604,66.02800000000002,752.0
2020-03-31 11:00:00,135.47707663240962,0.6628685616616579,0.6158048937836801,76.616,929.0
2020-03-31 12:00:00,136.57803868323688,0.6569410230073924,0.6208092667419859,78.39,945.0
2020-03-31 13:00:00,137.18642828630823,0.6543280944687028,0.6235746740286737,79.172,953.0
2020-03-31 14:00:00,114.01428634765362,0.6882427040181917,0.5182467561256983,69.022,753.0
2020-03-31 15:00:00,86.09144016668192,0.7260199035813959,0.3913247280303724,57.716,539.0
2020-03-31 16:00:00,78.81249139721177,0.735602869117153,0.3582385972600535,54.848,487.0
2020-03-31 17:00:00,20.401054372534773,0.8063657854756827,0.09273206532970352,33.67,115.0
2020-03-31 18:00:00,7.587344638846859,0.8211411946803959,0.03448793017657663,29.248,42.0
2020-03-31 19:00:00,0.0,,0.0,25.14,0.0
2020-03-31 20:00:00,0.0,,0.0,24.21,0.0
2020-03-31 21:00:00,0.0,,0.0,23.25,0.0
2020-03-31 22:00:00,0.0,,0.0,23.55,0.0
2020-03-31 23:00:00,0.0,,0.0,22.94,0.0
2020-04-01 00:00:00,0.0,,0.0,22.32,0.0
2020-04-01 01:00:00,0.0,,0.0,22.03,0.0
2020-04-01 02:00:00,0.0,,0.0,21.8,0.0
2020-04-01 03:00:00,0.0,,0.0,22.08,0.0
2020-04-01 04:00:00,0.0,,0.0,21.92,0.0
2020-04-01 05:00:00,0.0,,0.0,21.03,0.0
2020-04-01 06:00:00,0.0,,0.0,20.96,0.0
2020-04-01 07:00:00,6.298893671636563,0.8420980844433907,0.028631334871075286,22.976,34.0
2020-04-01 08:00:00,58.93045966019433,0.7786794352562675,0.26786572572815603,41.956,344.0
2020-04-01 09:00:00,94.41754350424468,0.7311254723884518,0.4291706522920213,56.188,587.0
2020-04-01 10:00:00,124.74945914316113,0.6848345363590312,0.5670429961052779,70.042,828.0
2020-04-01 11:00:00,140.01295377584006,0.6561056877968138,0.6364225171629093,78.64,970.0
2020-04-01 12:00:00,126.12208436694918,0.6744496490211186,0.5732822016679509,73.15,850.0
2020-04-01 13:00:00,136.08238324711255,0.6552503045411814,0.6185562874868752,78.896,944.0
2020-04-01 14:00:00,124.64489335169087,0.6712887405842894,0.5665676970531404,74.096,844.0
2020-04-01 15:00:00,120.47505234562516,0.6769021931993773,0.5476138742982962,72.41600000000001,809.0
2020-04-01 16:00:00,80.19375398707723,0.7363981082376237,0.36451706357762376,54.61,495.0
2020-04-01 17:00:00,15.363658675377168,0.8120326995442477,0.06983481216080531,31.974,86.0
2020-04-01 18:00:00,6.713463720311375,0.8247498427900951,0.030515744183233523,28.168000000000003,37.0
2020-04-01 19:00:00,0.0,,0.0,25.61,0.0
2020-04-01 20:00:00,0.0,,0.0,25.0,0.0
2020-04-01 21:00:00,0.0,,0.0,24.43,0.0
2020-04-01 22:00:00,0.0,,0.0,24.39,0.0
2020-04-01 23:00:00,0.0,,0.0,23.94,0.0
2020-04-02 00:00:00,0.0,,0.0,23.32,0.0
2020-04-02 01:00:00,0.0,,0.0,22.7,0.0
2020-04-02 02:00:00,0.0,,0.0,22.4,0.0
2020-04-02 03:00:00,0.0,,0.0,22.15,0.0
2020-04-02 04:00:00,0.0,,0.0,20.89,0.0
2020-04-02 05:00:00,0.0,,0.0,19.98,0.0
2020-04-02 06:00:00,0.0,,0.0,19.68,0.0
2020-04-02 07:00:00,9.820577906115677,0.8422451034404526,0.04463899048234399,22.932000000000002,53.0
2020-04-02 08:00:00,60.672902349951585,0.7768617458380486,0.2757859197725072,42.5,355.0
2020-04-02 09:00:00,99.31481392511267,0.7234470711328138,0.4514309723868758,58.486000000000004,624.0
2020-04-02 10:00:00,115.18434585690997,0.6971574013854859,0.5235652084404999,66.354,751.0
2020-04-02 11:00:00,135.64600734079355,0.6615587560514707,0.6165727606399707,77.00800000000001,932.0
2020-04-02 12:00:00,141.5145734676502,0.6471308462943579,0.6432480612165918,81.326,994.0
2020-04-02 13:00:00,135.5018552141744,0.6538402587057248,0.6159175237007928,79.31800000000001,942.0
2020-04-02 14:00:00,137.39232251093338,0.6478325278712438,0.624510556867879,81.116,964.0
2020-04-02 15:00:00,83.51733453358545,0.7272495170113675,0.3796242478799339,57.348,522.0
2020-04-02 16:00:00,91.07481079298923,0.7187090498184124,0.4139764126954056,59.903999999999996,576.0
2020-04-02 17:00:00,14.294363046327048,0.8121797185413094,0.06497437748330476,31.93,80.0
2020-04-02 18:00:00,6.8936796069097594,0.8246028237930335,0.03133490730413527,28.212,38.0
2020-04-02 19:00:00,0.0,,0.0,25.58,0.0
2020-04-02 20:00:00,0.0,,0.0,24.79,0.0
2020-04-02 21:00:00,0.0,,0.0,24.59,0.0
2020-04-02 22:00:00,0.0,,0.0,24.57,0.0
2020-04-02 23:00:00,0.0,,0.0,24.22,0.0
2020-04-03 00:00:00,0.0,,0.0,23.44,0.0
2020-04-03 01:00:00,0.0,,0.0,21.73,0.0
2020-04-03 02:00:00,0.0,,0.0,21.35,0.0
2020-04-03 03:00:00,0.0,,0.0,21.19,0.0
2020-04-03 04:00:00,0.0,,0.0,20.48,0.0
2020-04-03 05:00:00,0.0,,0.0,20.94,0.0
2020-04-03 06:00:00,0.0,,0.0,20.72,0.0
2020-04-03 07:00:00,7.9777535855445345,0.843314332509993,0.0362625162979297,22.612,43.0
2020-04-03 08:00:00,27.52894259271387,0.8178533152915588,0.1251315572396085,30.232,153.0
2020-04-03 09:00:00,85.74486493395823,0.748079435822354,0.3897493860634465,51.114000000000004,521.0
2020-04-03 10:00:00,124.9925124192937,0.6937091376362177,0.5681477837240623,67.386,819.0
2020-04-03 11:00:00,117.43848081499108,0.7023832584628653,0.5338112764317776,64.78999999999999,760.0
2020-04-03 12:00:00,144.5319501980279,0.6504588217733028,0.6569634099910359,80.33,1010.0
2020-04-03 13:00:00,131.3429318388305,0.6715560478516746,0.5970133265401387,74.016,889.0
2020-04-03 14:00:00,139.88436802062986,0.6528111257262921,0.6358380364574084,79.626,974.0
2020-04-03 15:00:00,73.30319853385502,0.7470770335696598,0.3331963569720683,51.414,446.0
2020-04-03 16:00:00,73.81970861471257,0.745653622370834,0.3355441300668753,51.84,450.0
2020-04-03 17:00:00,20.25667142609027,0.8076822737675546,0.09207577920950123,33.276,114.0
2020-04-03 18:00:00,6.342289268999302,0.8236739310388703,0.028828587586360463,28.490000000000002,35.0
2020-04-03 19:00:00,0.0,,0.0,25.49,0.0
2020-04-03 20:00:00,0.0,,0.0,23.96,0.0
2020-04-03 21:00:00,0.0,,0.0,22.96,0.0
2020-04-03 22:00:00,0.0,,0.0,22.15,0.0
2020-04-03 23:00:00,0.0,,0.0,21.33,0.0
2020-04-04 00:00:00,0.0,,0.0,21.18,0.0
2020-04-04 01:00:00,0.0,,0.0,21.59,0.0
2020-04-04 02:00:00,0.0,,0.0,21.75,0.0
2020-04-04 03:00:00,0.0,,0.0,21.71,0.0
2020-04-04 04:00:00,0.0,,0.0,21.64,0.0
2020-04-04 05:00:00,0.0,,0.0,21.58,0.0
2020-04-04 06:00:00,0.0,,0.0,21.52,0.0
2020-04-04 07:00:00,10.322039122433972,0.8378278508469134,0.046918359647427146,24.254,56.0
2020-04-04 08:00:00,54.786993862201506,0.7880752857048549,0.24903179028273412,39.144000000000005,316.0
2020-04-04 09:00:00,85.9002331398632,0.7479992436421387,0.3904556051811964,51.138,522.0
2020-04-04 10:00:00,86.7756842212873,0.744216845808639,0.3944349282785787,52.269999999999996,530.0
2020-04-04 11:00:00,122.31855589396275,0.6864116492366036,0.5559934358816488,69.57,810.0
2020-04-04 12:00:00,119.67379881163824,0.6877014068017367,0.5439718127801738,69.184,791.0
2020-04-04 13:00:00,133.16659811389454,0.6629821672502964,0.6053027186995206,76.58200000000001,913.0
2020-04-04 14:00:00,118.00845582432014,0.6841863162356223,0.5364020719287279,70.236,784.0
2020-04-04 15:00:00,109.83902769154618,0.6953597600123207,0.4992683076888463,66.89200000000001,718.0
2020-04-04 16:00:00,92.85119575859814,0.7189964051308513,0.4220508898118097,59.818000000000005,587.0
2020-04-04 17:00:00,6.141936190373358,0.8211144639536575,0.027917891774424355,29.256,34.0
2020-04-04 18:00:00,6.6987765225049,0.8229455187352457,0.030448984193204093,28.708000000000002,37.0
2020-04-04 19:00:00,0.0,,0.0,25.62,0.0
2020-04-04 20:00:00,0.0,,0.0,24.47,0.0
2020-04-04 21:00:00,0.0,,0.0,23.5,0.0
2020-04-04 22:00:00,0.0,,0.0,23.37,0.0
2020-04-04 23:00:00,0.0,,0.0,23.03,0.0
2020-04-05 00:00:00,0.0,,0.0,22.02,0.0
2020-04-05 01:00:00,0.0,,0.0,21.21,0.0
2020-04-05 02:00:00,0.0,,0.0,21.0,0.0
2020-04-05 03:00:00,0.0,,0.0,20.5,0.0
2020-04-05 04:00:00,0.0,,0.0,20.25,0.0
2020-04-05 05:00:00,0.0,,0.0,20.33,0.0
2020-04-05 06:00:00,0.0,,0.0,19.92,0.0
2020-04-05 07:00:00,17.25566085046549,0.8344130005060681,0.07843482204757041,25.276,94.0
2020-04-05 08:00:00,53.033207186630946,0.7903607628409978,0.2410600326665043,38.46,305.0
2020-04-05 09:00:00,57.22817667967446,0.7811653928429492,0.2601280758167021,41.212,333.0
2020-04-05 10:00:00,112.16255708643045,0.7080969513032226,0.5098298049383202,63.08,720.0
2020-04-05 11:00:00,131.2834170786299,0.6758129160847828,0.5967428049028631,72.742,883.0
2020-04-05 12:00:00,138.56702488011697,0.6581505883923101,0.6298501130914408,78.028,957.0
2020-04-05 13:00:00,140.5558949319894,0.6519290117439211,0.6388904315090427,79.89,980.0
2020-04-05 14:00:00,112.60939633477035,0.692639908566677,0.5118608924307744,67.706,739.0
2020-04-05 15:00:00,119.0000401519033,0.6812459362943858,0.5409092734177423,71.116,794.0
2020-04-05 16:00:00,92.48913354472397,0.7198718364315378,0.42040515247601806,59.556,584.0
2020-04-05 17:00:00,26.376153405042377,0.8046416536010487,0.11989160638655626,34.186,149.0
2020-04-05 18:00:00,6.36827487672998,0.8270486852896077,0.028946703985136272,27.48,35.0
2020-04-05 19:00:00,0.0,,0.0,25.35,0.0
2020-04-05 20:00:00,0.0,,0.0,24.65,0.0
2020-04-05 21:00:00,0.0,,0.0,24.04,0.0
2020-04-05 22:00:00,0.0,,0.0,23.7,0.0
2020-04-05 23:00:00,0.0,,0.0,23.0,0.0
2020-04-06 00:00:00,0.0,,0.0,21.74,0.0
2020-04-06 01:00:00,0.0,,0.0,20.9,0.0
2020-04-06 02:00:00,0.0,,0.0,20.65,0.0
2020-04-06 03:00:00,0.0,,0.0,20.44,0.0
2020-04-06 04:00:00,0.0,,0.0,19.98,0.0
2020-04-06 05:00:00,0.0,,0.0,19.61,0.0
2020-04-06 06:00:00,0.0,,0.0,19.38,0.0
2020-04-06 07:00:00,13.860215948003482,0.8400130877577868,0.06300098158183401,23.6,75.0
2020-04-06 08:00:00,27.499700514198278,0.8169845666725571,0.12499863870090126,30.492000000000004,153.0
2020-04-06 09:00:00,75.7603961306779,0.7568471141925865,0.34436543695762684,48.49,455.0
2020-04-06 10:00:00,109.08784882795851,0.7114115614187981,0.49585385830890233,62.08800000000001,697.0
2020-04-06 11:00:00,119.66218284068037,0.691129622505951,0.5439190129121835,68.158,787.0
2020-04-06 12:00:00,125.63570435934949,0.6782320468546182,0.5710713834515886,72.018,842.0
2020-04-06 13:00:00,106.61516572017511,0.7043813802865692,0.4846143896371596,64.19200000000001,688.0
2020-04-06 14:00:00,81.96603124190825,0.7377680579829726,0.37257286928140115,54.2,505.0
2020-04-06 15:00:00,37.077100178033874,0.7875339884884001,0.16853227353651762,39.306,214.0
2020-04-06 16:00:00,52.33342322403614,0.7773829950094494,0.23787919647289155,42.34400000000001,306.0
2020-04-06 17:00:00,23.991736092524974,0.8078025620378779,0.10905334587511352,33.24,135.0
2020-04-06 18:00:00,7.082144729433285,0.825424793640243,0.03219156695196947,27.966,39.0
2020-04-06 19:00:00,0.0,,0.0,25.22,0.0
2020-04-06 20:00:00,0.0,,0.0,24.56,0.0
2020-04-06 21:00:00,0.0,,0.0,24.18,0.0
2020-04-06 22:00:00,0.0,,0.0,24.11,0.0
2020-04-06 23:00:00,0.0,,0.0,23.22,0.0
2020-04-07 00:00:00,0.0,,0.0,22.18,0.0
2020-04-07 01:00:00,0.0,,0.0,21.51,0.0
2020-04-07 02:00:00,0.0,,0.0,20.99,0.0
2020-04-07 03:00:00,0.0,,0.0,20.7,0.0
2020-04-07 04:00:00,0.0,,0.0,20.99,0.0
2020-04-07 05:00:00,0.0,,0.0,21.69,0.0
2020-04-07 06:00:00,0.0,,0.0,21.17,0.0
2020-04-07 07:00:00,1.8633922782600914,0.8469964901182233,0.008469964901182233,21.509999999999998,10.0
2020-04-07 08:00:00,19.219452401819098,0.824161766801848,0.0873611472809959,28.344,106.0
2020-04-07 09:00:00,60.28126138405853,0.7762202083963241,0.2740057335639024,42.692,353.0
2020-04-07 10:00:00,85.05250837109497,0.7448984793404709,0.3866023107777044,52.066,519.0
2020-04-07 11:00:00,105.14369080352255,0.7176064073404487,0.47792586728873887,60.23400000000001,666.0
2020-04-07 12:00:00,143.6689163410956,0.6504387737282489,0.6530405288231619,80.336,1004.0
2020-04-07 13:00:00,146.8836322606595,0.6401273958888674,0.6676528739120887,83.422,1043.0
2020-04-07 14:00:00,139.972376532651,0.6492225256616466,0.6362380751484136,80.7,980.0
2020-04-07 15:00:00,121.31538352903115,0.6774368077341476,0.5514335614955962,72.256,814.0
2020-04-07 16:00:00,70.8441808418485,0.7471438603865059,0.3220190038265841,51.394000000000005,431.0
2020-04-07 17:00:00,20.54826890486269,0.8051829508175036,0.09340122229483042,34.024,116.0
2020-04-07 18:00:00,7.080424607167661,0.825224313189704,0.032183748214398455,28.026000000000003,39.0
2020-04-07 19:00:00,0.0,,0.0,24.74,0.0
2020-04-07 20:00:00,0.0,,0.0,23.49,0.0
2020-04-07 21:00:00,0.0,,0.0,22.54,0.0
2020-04-07 22:00:00,0.0,,0.0,22.19,0.0
2020-04-07 23:00:00,0.0,,0.0,21.37,0.0
2020-04-08 00:00:00,0.0,,0.0,20.89,0.0
2020-04-08 01:00:00,0.0,,0.0,20.5,0.0
2020-04-08 02:00:00,0.0,,0.0,20.18,0.0
2020-04-08 03:00:00,0.0,,0.0,19.91,0.0
2020-04-08 04:00:00,0.0,,0.0,20.01,0.0
2020-04-08 05:00:00,0.0,,0.0,21.08,0.0
2020-04-08 06:00:00,0.0,,0.0,21.44,0.0
2020-04-08 07:00:00,16.464216423962508,0.8315260820183085,0.07483734738164777,26.14,90.0
2020-04-08 08:00:00,45.93041363906034,0.7968496467567721,0.20877460745027426,36.518,262.0
2020-04-08 09:00:00,89.75767347907224,0.739111277001583,0.40798942490487383,53.798,552.0
2020-04-08 10:00:00,127.25927630922243,0.6805308893541306,0.578451255951011,71.33,850.0
2020-04-08 11:00:00,132.2760173074828,0.6673192276636202,0.6012546241249218,75.28399999999999,901.0
2020-04-08 12:00:00,146.6453453404117,0.6384767735127642,0.6665697515473259,83.916,1044.0
2020-04-08 13:00:00,130.95895350306432,0.6628819270250269,0.5952679704684742,76.61200000000001,898.0
2020-04-08 14:00:00,128.48275076049123,0.6644055784491221,0.5840125034567784,76.156,879.0
2020-04-08 15:00:00,99.00491258120607,0.7098144004961721,0.450022329914573,62.566,634.0
2020-04-08 16:00:00,51.48141873226346,0.7697580552072886,0.2340064487830157,44.626000000000005,304.0
2020-04-08 17:00:00,16.219434204424488,0.8101615486725519,0.07372470092920222,32.534,91.0
2020-04-08 18:00:00,6.693608804758177,0.8223106639752059,0.03042549456708262,28.898,37.0
2020-04-08 19:00:00,0.0,,0.0,25.72,0.0
2020-04-08 20:00:00,0.0,,0.0,24.34,0.0
2020-04-08 21:00:00,0.0,,0.0,23.25,0.0
2020-04-08 22:00:00,0.0,,0.0,23.08,0.0
2020-04-08 23:00:00,0.0,,0.0,22.61,0.0
2020-04-09 00:00:00,0.0,,0.0,22.02,0.0
2020-04-09 01:00:00,0.0,,0.0,21.52,0.0
2020-04-09 02:00:00,0.0,,0.0,21.19,0.0
2020-04-09 03:00:00,0.0,,0.0,20.9,0.0
2020-04-09 04:00:00,0.0,,0.0,20.95,0.0
2020-04-09 05:00:00,0.0,,0.0,20.82,0.0
2020-04-09 06:00:00,0.0,,0.0,20.69,0.0
2020-04-09 07:00:00,1.8643479017409936,0.8474308644277243,0.008474308644277244,21.38,10.0
2020-04-09 08:00:00,18.74985755311396,0.8274429635090008,0.08522662524142709,27.362000000000002,103.0
2020-04-09 09:00:00,62.48726085231161,0.7760464586725238,0.28403300387414365,42.744,366.0
2020-04-09 10:00:00,96.34660181754242,0.726267162803727,0.4379390991706474,57.642,603.0
2020-04-09 11:00:00,122.89406469834121,0.682896558670489,0.55860938499246,70.622,818.0
2020-04-09 12:00:00,143.69967271528094,0.6428940261063034,0.6531803305240043,82.59400000000001,1016.0
2020-04-09 13:00:00,139.48971316529705,0.6469838272972962,0.6340441507513502,81.37,980.0
2020-04-09 14:00:00,140.6519718465693,0.6425398439770182,0.6393271447571331,82.7,995.0
2020-04-09 15:00:00,110.66164014542629,0.6890513085020317,0.5030074552064832,68.78,730.0
2020-04-09 16:00:00,80.15555404107064,0.7316133081514298,0.364343427459412,56.042,498.0
2020-04-09 17:00:00,25.775520524256027,0.7970167137988876,0.11716145692843649,36.468,147.0
2020-04-09 18:00:00,6.491370942589903,0.8196175432563009,0.02950623155722683,29.704,36.0
2020-04-09 19:00:00,0.0,,0.0,26.29,0.0
2020-04-09 20:00:00,0.0,,0.0,25.01,0.0
2020-04-09 21:00:00,0.0,,0.0,24.1,0.0
2020-04-09 22:00:00,0.0,,0.0,23.81,0.0
2020-04-09 23:00:00,0.0,,0.0,23.49,0.0
2020-04-10 00:00:00,0.0,,0.0,22.41,0.0
2020-04-10 01:00:00,0.0,,0.0,21.96,0.0
2020-04-10 02:00:00,0.0,,0.0,21.79,0.0
2020-04-10 03:00:00,0.0,,0.0,21.58,0.0
2020-04-10 04:00:00,0.0,,0.0,21.53,0.0
2020-04-10 05:00:00,0.0,,0.0,21.46,0.0
2020-04-10 06:00:00,0.0,,0.0,21.1,0.0
2020-04-10 07:00:00,8.50620748972338,0.8405343369291878,0.038664579498742635,23.444000000000003,46.0
2020-04-10 08:00:00,37.913991116908605,0.8053099217695115,0.17233632325867548,33.986000000000004,214.0
2020-04-10 09:00:00,74.10311419496871,0.7586313902023823,0.3368323372498578,47.956,444.0
2020-04-10 10:00:00,101.06909164413347,0.7178202531543569,0.4594049620187885,60.169999999999995,640.0
2020-04-10 11:00:00,115.6507298107193,0.69169096776746,0.5256851355032696,67.99,760.0
2020-04-10 12:00:00,119.28019955270432,0.6828497798986966,0.5421827252395651,70.636,794.0
2020-04-10 13:00:00,131.4116779218566,0.6593000096420661,0.5973258087357118,77.684,906.0
2020-04-10 14:00:00,123.55797308527299,0.6701994634696951,0.5616271503876045,74.422,838.0
2020-04-10 15:00:00,108.01258128724773,0.6934551957322017,0.49096627857839875,67.462,708.0
2020-04-10 16:00:00,66.1341111801293,0.7496498660182419,0.30060959627331496,50.644000000000005,401.0
2020-04-10 17:00:00,21.369039210709587,0.802743772002614,0.0971319964123163,34.754,121.0
2020-04-10 18:00:00,5.06802710519544,0.8227316729213376,0.023036486841797453,28.772000000000002,28.0
2020-04-10 19:00:00,0.0,,0.0,26.07,0.0
2020-04-10 20:00:00,0.0,,0.0,25.33,0.0
2020-04-10 21:00:00,0.0,,0.0,24.49,0.0
2020-04-10 22:00:00,0.0,,0.0,23.91,0.0
2020-04-10 23:00:00,0.0,,0.0,23.19,0.0
2020-04-11 00:00:00,0.0,,0.0,22.72,0.0
2020-04-11 01:00:00,0.0,,0.0,22.21,0.0
2020-04-11 02:00:00,0.0,,0.0,21.78,0.0
2020-04-11 03:00:00,0.0,,0.0,21.34,0.0
2020-04-11 04:00:00,0.0,,0.0,20.99,0.0
2020-04-11 05:00:00,0.0,,0.0,20.59,0.0
2020-04-11 06:00:00,0.0,,0.0,20.19,0.0
2020-04-11 07:00:00,19.433732590036705,0.8333504541182121,0.08833514813653047,25.594,106.0
2020-04-11 08:00:00,49.05305303095437,0.7906681661984909,0.22296842286797441,38.368,282.0
2020-04-11 09:00:00,90.91788271552542,0.7327359986744473,0.4132631032523883,55.706,564.0
2020-04-11 10:00:00,124.13747786599158,0.6781986334461954,0.5642612630272344,72.028,832.0
2020-04-11 11:00:00,141.88602284448675,0.6436491691366665,0.6449364674749397,82.36800000000001,1002.0
2020-04-11 12:00:00,151.38015094838656,0.6221442994755325,0.6880915952199389,88.804,1106.0
2020-04-11 13:00:00,147.81146915111668,0.626160591167994,0.6718703143232576,87.602,1073.0
2020-04-11 14:00:00,138.35149209004436,0.6417045087664396,0.6288704185911107,82.95,980.0
2020-04-11 15:00:00,119.50884937769477,0.6723045082003531,0.5432220426258854,73.792,808.0
2020-04-11 16:00:00,51.44041513398291,0.764117871865462,0.23382006879083142,46.31400000000001,306.0
2020-04-11 17:00:00,9.476950404283075,0.8127744772112414,0.043077047292195796,31.752000000000002,53.0
2020-04-11 18:00:00,1.2680564919378814,0.8234133064531697,0.0057638931451721885,28.568,7.0
2020-04-11 19:00:00,0.0,,0.0,26.98,0.0
2020-04-11 20:00:00,0.0,,0.0,25.82,0.0
2020-04-11 21:00:00,0.0,,0.0,24.82,0.0
2020-04-11 22:00:00,0.0,,0.0,24.72,0.0
2020-04-11 23:00:00,0.0,,0.0,24.07,0.0
2020-04-12 00:00:00,0.0,,0.0,23.42,0.0
2020-04-12 01:00:00,0.0,,0.0,23.09,0.0
2020-04-12 02:00:00,0.0,,0.0,22.53,0.0
2020-04-12 03:00:00,0.0,,0.0,21.95,0.0
2020-04-12 04:00:00,0.0,,0.0,21.63,0.0
2020-04-12 05:00:00,0.0,,0.0,21.04,0.0
2020-04-12 06:00:00,0.0,,0.0,20.95,0.0
2020-04-12 07:00:00,21.51164616766959,0.8286458462122338,0.09778020985304359,27.002,118.0
2020-04-12 08:00:00,64.88646974612341,0.7720903111152237,0.2949384988460155,43.928,382.0
2020-04-12 09:00:00,100.3628888321269,0.7206871235970623,0.45619494923694043,59.312,633.0
2020-04-12 10:00:00,127.46679362357517,0.6737145540358096,0.5793945164707962,73.37,860.0
2020-04-12 11:00:00,137.39876194300473,0.6512406955304044,0.6245398270136578,80.096,959.0
2020-04-12 12:00:00,148.09335749532312,0.6285262604843525,0.6731516249787415,86.89399999999999,1071.0
2020-04-12 13:00:00,141.8625821355952,0.6390782148643807,0.64482991879816,83.736,1009.0
2020-04-12 14:00:00,137.55966541414904,0.645941328954494,0.6252712064279502,81.682,968.0
2020-04-12 15:00:00,117.1209315428573,0.6790406513384585,0.5323678706493514,71.77600000000001,784.0
2020-04-12 16:00:00,62.88693493620412,0.7522360638301929,0.2858497042554733,49.870000000000005,380.0
2020-04-12 17:00:00,21.10225853864121,0.8060450167548209,0.09591935699382367,33.766,119.0
2020-04-12 18:00:00,6.558588028046569,0.8281045489957789,0.029811763763848042,27.163999999999998,36.0
2020-04-12 19:00:00,0.0,,0.0,23.34,0.0
2020-04-12 20:00:00,0.0,,0.0,22.25,0.0
2020-04-12 21:00:00,0.0,,0.0,22.1,0.0
2020-04-12 22:00:00,0.0,,0.0,22.94,0.0
2020-04-12 23:00:00,0.0,,0.0,22.46,0.0
2020-04-13 00:00:00,0.0,,0.0,21.94,0.0
2020-04-13 01:00:00,0.0,,0.0,21.61,0.0
2020-04-13 02:00:00,0.0,,0.0,21.51,0.0
2020-04-13 03:00:00,0.0,,0.0,21.66,0.0
2020-04-13 04:00:00,0.0,,0.0,21.8,0.0
2020-04-13 05:00:00,0.0,,0.0,21.76,0.0
2020-04-13 06:00:00,0.0,,0.0,21.84,0.0
2020-04-13 07:00:00,7.563536382462668,0.8385295324237991,0.03437971082937576,24.043999999999997,41.0
2020-04-13 08:00:00,43.964193333875265,0.799348969706823,0.19983724242670575,35.769999999999996,250.0
2020-04-13 09:00:00,68.7047883302143,0.7654276774756494,0.312294492410065,45.922,408.0
2020-04-13 10:00:00,78.17627550856655,0.7496765967449803,0.35534670685712066,50.636,474.0
2020-04-13 11:00:00,66.03432938682343,0.757969804715604,0.3001560426673792,48.154,396.0
2020-04-13 12:00:00,132.53637618975955,0.66201986108771,0.6024380735898162,76.87,910.0
2020-04-13 13:00:00,128.69925681632435,0.6700992232444254,0.5849966218923834,74.45200000000001,873.0
2020-04-13 14:00:00,134.40830733136895,0.6611978912405005,0.6109468515062225,77.116,924.0
2020-04-13 15:00:00,106.60038296002054,0.6992023019809821,0.48454719527282064,65.742,693.0
2020-04-13 16:00:00,89.32672110355482,0.7315865774246915,0.4060305504707037,56.05,555.0
2020-04-13 17:00:00,23.379671014527098,0.8112307777420922,0.10627123188421408,32.214,131.0
2020-04-13 18:00:00,6.019850145023249,0.829180460747004,0.027362955204651134,26.842,33.0
2020-04-13 19:00:00,0.0,,0.0,24.45,0.0
2020-04-13 20:00:00,0.0,,0.0,23.3,0.0
2020-04-13 21:00:00,0.0,,0.0,22.4,0.0
2020-04-13 22:00:00,0.0,,0.0,22.53,0.0
2020-04-13 23:00:00,0.0,,0.0,22.08,0.0
2020-04-14 00:00:00,0.0,,0.0,21.26,0.0
2020-04-14 01:00:00,0.0,,0.0,20.88,0.0
2020-04-14 02:00:00,0.0,,0.0,20.75,0.0
2020-04-14 03:00:00,0.0,,0.0,20.95,0.0
2020-04-14 04:00:00,0.0,,0.0,20.95,0.0
2020-04-14 05:00:00,0.0,,0.0,20.9,0.0
2020-04-14 06:00:00,0.0,,0.0,20.76,0.0
2020-04-14 07:00:00,8.332007620484765,0.8416169313620975,0.037872761911294385,23.12,45.0
2020-04-14 08:00:00,51.56533717578634,0.7918510008566698,0.23438789625357428,38.014,296.0
2020-04-14 09:00:00,82.67245752279031,0.75156779566173,0.375783897830865,50.07,500.0
2020-04-14 10:00:00,111.40131036192396,0.7052501289055707,0.5063695925541998,63.932,718.0
2020-04-14 11:00:00,106.0784287657018,0.7070009915069435,0.48217467620773546,63.408,682.0
2020-04-14 12:00:00,124.10605402555956,0.6764009920730301,0.564118427388907,72.566,834.0
2020-04-14 13:00:00,122.24938345584512,0.6776573362297401,0.555679015708387,72.19,820.0
2020-04-14 14:00:00,105.77762789771332,0.7049961870015551,0.4808073995350605,64.00800000000001,682.0
2020-04-14 15:00:00,82.3211747417807,0.7351417640809135,0.374187157917185,54.986000000000004,509.0
2020-04-14 16:00:00,56.42728775280023,0.7656348406078729,0.25648767160363745,45.86,335.0
2020-04-14 17:00:00,23.484008926551905,0.8086779933385643,0.10674549512069048,32.978,132.0
2020-04-14 18:00:00,6.196171498389465,0.8283651735814793,0.028164415901770296,27.086,34.0
2020-04-14 19:00:00,0.0,,0.0,24.29,0.0
2020-04-14 20:00:00,0.0,,0.0,23.31,0.0
2020-04-14 21:00:00,0.0,,0.0,22.33,0.0
2020-04-14 22:00:00,0.0,,0.0,21.51,0.0
2020-04-14 23:00:00,0.0,,0.0,20.95,0.0
2020-04-15 00:00:00,0.0,,0.0,20.78,0.0
2020-04-15 01:00:00,0.0,,0.0,20.65,0.0
2020-04-15 02:00:00,0.0,,0.0,20.6,0.0
2020-04-15 03:00:00,0.0,,0.0,20.7,0.0
2020-04-15 04:00:00,0.0,,0.0,20.92,0.0
2020-04-15 05:00:00,0.0,,0.0,20.85,0.0
2020-04-15 06:00:00,0.0,,0.0,20.48,0.0
2020-04-15 07:00:00,10.1758831268849,0.8409820766020578,0.04625401421311318,23.31,55.0
2020-04-15 08:00:00,46.091231839186385,0.7935818154129888,0.20950559926902904,37.495999999999995,264.0
2020-04-15 09:00:00,88.18171216120781,0.7368124345020706,0.40082596436912643,54.486000000000004,544.0
2020-04-15 10:00:00,110.94665411351029,0.6984805723590424,0.5043029732432286,65.958,722.0
2020-04-15 11:00:00,132.93707940663148,0.6589525101944655,0.604259451848325,77.78800000000001,917.0
2020-04-15 12:00:00,131.18280903856055,0.6588790006959345,0.5962854956298207,77.81,905.0
2020-04-15 13:00:00,120.7743006930047,0.6752448881415894,0.5489740940591122,72.912,813.0
2020-04-15 14:00:00,131.69679774361848,0.6556646308056281,0.5986218079255385,78.772,913.0
2020-04-15 15:00:00,109.3350245167687,0.6931344270113395,0.49697738416713044,67.558,717.0
2020-04-15 16:00:00,84.44112252086353,0.7297020611896261,0.3838232841857433,56.614000000000004,526.0
2020-04-15 17:00:00,16.780260221566373,0.8114245755109465,0.07627391009802896,32.156,94.0
2020-04-15 18:00:00,5.090462204147075,0.8263737344394602,0.023138464564304885,27.682000000000002,28.0
2020-04-15 19:00:00,0.0,,0.0,25.48,0.0
2020-04-15 20:00:00,0.0,,0.0,24.26,0.0
2020-04-15 21:00:00,0.0,,0.0,23.8,0.0
2020-04-15 22:00:00,0.0,,0.0,22.72,0.0
2020-04-15 23:00:00,0.0,,0.0,22.38,0.0
2020-04-16 00:00:00,0.0,,0.0,21.71,0.0
2020-04-16 01:00:00,0.0,,0.0,21.45,0.0
2020-04-16 02:00:00,0.0,,0.0,20.96,0.0
2020-04-16 03:00:00,0.0,,0.0,21.07,0.0
2020-04-16 04:00:00,0.0,,0.0,21.17,0.0
2020-04-16 05:00:00,0.0,,0.0,20.29,0.0
2020-04-16 06:00:00,0.0,,0.0,20.1,0.0
2020-04-16 07:00:00,9.811227497902545,0.8414431816382971,0.04459648862682975,23.172,53.0
2020-04-16 08:00:00,49.80224125732183,0.7915168667724385,0.22637382389691743,38.114000000000004,286.0
2020-04-16 09:00:00,61.636717729369735,0.7718096384844695,0.28016689876986245,44.012,363.0
2020-04-16 10:00:00,123.17434318452983,0.6836182882924289,0.5598833781114992,70.406,819.0
2020-04-16 11:00:00,119.10089812426767,0.6852755933502167,0.5413677187466712,69.91,790.0
2020-04-16 12:00:00,142.59138470783012,0.6455604160984703,0.6481426577628642,81.79599999999999,1004.0
2020-04-16 13:00:00,145.09567542979184,0.6384567254677103,0.6595257974081448,83.922,1033.0
2020-04-16 14:00:00,122.26099795661305,0.6736143138105403,0.5557318088936957,73.4,825.0
2020-04-16 15:00:00,114.02838693966183,0.6855963620710789,0.5183108497257356,69.814,756.0
2020-04-16 16:00:00,90.85693452010348,0.7220036118889341,0.4129860660004704,58.918000000000006,572.0
2020-04-16 17:00:00,15.538852393035917,0.8118522671387626,0.07063114724107235,32.028,87.0
2020-04-16 18:00:00,5.282838031992442,0.828031039497248,0.024012900145420193,27.186,29.0
2020-04-16 19:00:00,0.0,,0.0,24.0,0.0
2020-04-16 20:00:00,0.0,,0.0,22.57,0.0
2020-04-16 21:00:00,0.0,,0.0,21.8,0.0
2020-04-16 22:00:00,0.0,,0.0,22.43,0.0
2020-04-16 23:00:00,0.0,,0.0,21.81,0.0
2020-04-17 00:00:00,0.0,,0.0,21.73,0.0
2020-04-17 01:00:00,0.0,,0.0,21.69,0.0
2020-04-17 02:00:00,0.0,,0.0,21.74,0.0
2020-04-17 03:00:00,0.0,,0.0,21.46,0.0
2020-04-17 04:00:00,0.0,,0.0,20.87,0.0
2020-04-17 05:00:00,0.0,,0.0,21.15,0.0
2020-04-17 06:00:00,0.0,,0.0,21.19,0.0
2020-04-17 07:00:00,3.5315624408916984,0.8448713973425116,0.01605255654950772,22.146,19.0
2020-04-17 08:00:00,51.339045535508774,0.788376006380663,0.23335929788867624,39.054,296.0
2020-04-17 09:00:00,98.07506741124902,0.727236151647998,0.44579576096022283,57.352000000000004,613.0
2020-04-17 10:00:00,124.99511024497177,0.6804306491288611,0.5681595920225989,71.36,835.0
2020-04-17 11:00:00,139.59570210065883,0.6528044430446073,0.6345259186393583,79.62800000000001,972.0
2020-04-17 12:00:00,124.57654716033674,0.6741155149368872,0.5662570325469852,73.25,840.0
2020-04-17 13:00:00,121.1897263922424,0.6767351261572615,0.550862392692011,72.46600000000001,814.0
2020-04-17 14:00:00,123.3362831396035,0.6738214769427638,0.5606194688163795,73.33800000000001,832.0
2020-04-17 15:00:00,99.3319769228297,0.7088053155617932,0.45150898601286227,62.868,637.0
2020-04-17 16:00:00,51.39650055956054,0.7684883456872091,0.23362045708891155,45.006,304.0
2020-04-17 17:00:00,24.679637979777254,0.8012869473953654,0.11218017263535116,35.19,140.0
2020-04-17 18:00:00,5.8158833394495275,0.8261197925354442,0.026435833361134215,27.758000000000003,32.0
2020-04-17 19:00:00,0.0,,0.0,25.02,0.0
2020-04-17 20:00:00,0.0,,0.0,24.32,0.0
2020-04-17 21:00:00,0.0,,0.0,23.72,0.0
2020-04-17 22:00:00,0.0,,0.0,23.67,0.0
2020-04-17 23:00:00,0.0,,0.0,23.35,0.0
2020-04-18 00:00:00,0.0,,0.0,22.66,0.0
2020-04-18 01:00:00,0.0,,0.0,22.0,0.0
2020-04-18 02:00:00,0.0,,0.0,21.7,0.0
2020-04-18 03:00:00,0.0,,0.0,21.23,0.0
2020-04-18 04:00:00,0.0,,0.0,20.99,0.0
2020-04-18 05:00:00,0.0,,0.0,20.73,0.0
2020-04-18 06:00:00,0.0,,0.0,20.64,0.0
2020-04-18 07:00:00,3.903491099658701,0.8449114934326193,0.017743141362085005,22.134,21.0
2020-04-18 08:00:00,53.50684652794527,0.7896523985824272,0.2432129387633876,38.672,308.0
2020-04-18 09:00:00,84.96334428975692,0.749897125240573,0.38619701949889507,50.57000000000001,515.0
2020-04-18 10:00:00,103.36242333702118,0.7162030441866768,0.4698291969864599,60.653999999999996,656.0
2020-04-18 11:00:00,91.35015385144649,0.7375274814423259,0.4152279720520295,54.272,563.0
2020-04-18 12:00:00,122.04133393272302,0.6899668358928258,0.5547333360578319,68.506,804.0
2020-04-18 13:00:00,135.5931981170489,0.6641516365451063,0.6163327187138586,76.232,928.0
2020-04-18 14:00:00,115.01150297301426,0.6933415901435632,0.5227795589682467,67.49600000000001,754.0
2020-04-18 15:00:00,70.37865253860211,0.7544881275579128,0.31990296608455504,49.196000000000005,424.0
2020-04-18 16:00:00,70.51890866179909,0.7559917309369542,0.3205404939172686,48.74600000000001,424.0
2020-04-18 17:00:00,21.235809125382197,0.8180203823336747,0.09652640511537362,30.182,118.0
2020-04-18 18:00:00,6.070307064814868,0.8361304496990176,0.02759230484006758,24.762,33.0
2020-04-18 19:00:00,0.0,,0.0,22.44,0.0
2020-04-18 20:00:00,0.0,,0.0,21.82,0.0
2020-04-18 21:00:00,0.0,,0.0,21.48,0.0
2020-04-18 22:00:00,0.0,,0.0,21.31,0.0
2020-04-18 23:00:00,0.0,,0.0,21.2,0.0
2020-04-19 00:00:00,0.0,,0.0,21.0,0.0
2020-04-19 01:00:00,0.0,,0.0,21.04,0.0
2020-04-19 02:00:00,0.0,,0.0,21.02,0.0
2020-04-19 03:00:00,0.0,,0.0,21.0,0.0
2020-04-19 04:00:00,0.0,,0.0,21.12,0.0
2020-04-19 05:00:00,0.0,,0.0,20.98,0.0
2020-04-19 06:00:00,0.0,,0.0,20.97,0.0
2020-04-19 07:00:00,5.749990895156389,0.8431071693777696,0.026136322250710862,22.674,31.0
2020-04-19 08:00:00,13.723488280735982,0.8317265624688474,0.06237949218516355,26.080000000000002,75.0
2020-04-19 09:00:00,23.117314144080304,0.8209273488664881,0.10507870065491047,29.311999999999998,128.0
2020-04-19 10:00:00,74.18010069278013,0.7645856595833862,0.3371822758762733,46.17400000000001,441.0
2020-04-19 11:00:00,102.12208874716929,0.7230394275500516,0.46419131248713313,58.608000000000004,642.0
2020-04-19 12:00:00,63.24771661461391,0.768688826137748,0.2874896209755178,44.946000000000005,374.0
2020-04-19 13:00:00,64.62250595803873,0.7709676205922062,0.2937386634456306,44.264,381.0
2020-04-19 14:00:00,37.59809727868174,0.8023494937832212,0.1709004421758261,34.872,213.0
2020-04-19 15:00:00,119.81272294272182,0.7000042237831375,0.544603286103281,65.50200000000001,778.0
2020-04-19 16:00:00,65.48038679912398,0.7730860306862335,0.2976381218141999,43.63,385.0
2020-04-19 17:00:00,22.97162566894189,0.8221770103415136,0.10441648031337222,28.938,127.0
2020-04-19 18:00:00,5.380473347941199,0.8433343805550468,0.024456697036096358,22.605999999999998,29.0
2020-04-19 19:00:00,0.0,,0.0,20.72,0.0
2020-04-19 20:00:00,0.0,,0.0,20.59,0.0
2020-04-19 21:00:00,0.0,,0.0,20.59,0.0
2020-04-19 22:00:00,0.0,,0.0,20.84,0.0
2020-04-19 23:00:00,0.0,,0.0,21.04,0.0
2020-04-20 00:00:00,0.0,,0.0,21.3,0.0
2020-04-20 01:00:00,0.0,,0.0,20.93,0.0
2020-04-20 02:00:00,0.0,,0.0,20.35,0.0
2020-04-20 03:00:00,0.0,,0.0,20.29,0.0
2020-04-20 04:00:00,0.0,,0.0,20.02,0.0
2020-04-20 05:00:00,0.0,,0.0,19.76,0.0
2020-04-20 06:00:00,0.0,,0.0,19.56,0.0
2020-04-20 07:00:00,15.302519355259033,0.8380350139791365,0.06955690616026833,24.192,83.0
2020-04-20 08:00:00,24.768330130134736,0.8217760494404358,0.11258331877333971,29.058,137.0
2020-04-20 09:00:00,68.57234332633121,0.7696110362102269,0.31169246966514186,44.67,405.0
2020-04-20 10:00:00,90.47242838613784,0.7383093551994274,0.4112383108460811,54.038,557.0
2020-04-20 11:00:00,116.54197661318771,0.6997836952875448,0.5297362573326714,65.56800000000001,757.0
2020-04-20 12:00:00,127.8467318773021,0.6788802669780274,0.5811215085331913,71.82400000000001,856.0
2020-04-20 13:00:00,61.95001962267839,0.7714821870819227,0.28159099828490175,44.11,365.0
2020-04-20 14:00:00,16.77566440771822,0.8199249466137938,0.07625302003508282,29.612000000000002,93.0
2020-04-20 15:00:00,23.222606209396044,0.8119792380907708,0.1055573009518002,31.99,130.0
2020-04-20 16:00:00,34.73347622663121,0.7973708959281729,0.15787943739377824,36.362,198.0
2020-04-20 17:00:00,24.7602308535866,0.8096870782729431,0.11254650387993909,32.676,139.0
2020-04-20 18:00:00,1.8355321783168757,0.8343328083258525,0.008343328083258526,25.3,10.0
2020-04-20 19:00:00,0.0,,0.0,23.87,0.0
2020-04-20 20:00:00,0.0,,0.0,23.27,0.0
2020-04-20 21:00:00,0.0,,0.0,22.14,0.0
2020-04-20 22:00:00,0.0,,0.0,20.92,0.0
2020-04-20 23:00:00,0.0,,0.0,20.72,0.0
2020-04-21 00:00:00,0.0,,0.0,20.35,0.0
2020-04-21 01:00:00,0.0,,0.0,20.14,0.0
2020-04-21 02:00:00,0.0,,0.0,19.87,0.0
2020-04-21 03:00:00,0.0,,0.0,19.58,0.0
2020-04-21 04:00:00,0.0,,0.0,19.22,0.0
2020-04-21 05:00:00,0.0,,0.0,19.23,0.0
2020-04-21 06:00:00,0.0,,0.0,19.02,0.0
2020-04-21 07:00:00,2.065386088893243,0.8534653259889434,0.009388118585878378,19.574,11.0
2020-04-21 08:00:00,43.997272608214175,0.7999504110584396,0.1999876027646099,35.59,250.0
2020-04-21 09:00:00,52.31081023209806,0.7847406275442255,0.23777641014590029,40.142,303.0
2020-04-21 10:00:00,116.21631189241613,0.6996767723805908,0.528255963147346,65.6,755.0
2020-04-21 11:00:00,122.34238473300654,0.687394003444244,0.5561017487863934,69.27600000000001,809.0
2020-04-21 12:00:00,68.22045629724367,0.7618992215461656,0.3100929831692894,46.978,407.0
2020-04-21 13:00:00,22.299106379352192,0.810876595612807,0.10135957445160088,32.32,125.0
2020-04-21 14:00:00,17.58897349946423,0.8158150973777473,0.07994987954301923,30.842000000000002,98.0
2020-04-21 15:00:00,56.66248580391979,0.7711280049526373,0.2575567536541809,44.216,334.0
2020-04-21 16:00:00,56.65461146643715,0.7756655458164998,0.257520961211078,42.858000000000004,332.0
2020-04-21 17:00:00,24.23784589360647,0.8160890873268172,0.11017202678912032,30.759999999999998,135.0
2020-04-21 18:00:00,5.729481745066264,0.8400999626196867,0.02604309884121029,23.573999999999998,31.0
2020-04-21 19:00:00,0.0,,0.0,21.07,0.0
2020-04-21 20:00:00,0.0,,0.0,21.01,0.0
2020-04-21 21:00:00,0.0,,0.0,20.32,0.0
2020-04-21 22:00:00,0.0,,0.0,21.93,0.0
2020-04-21 23:00:00,0.0,,0.0,20.96,0.0
2020-04-22 00:00:00,0.0,,0.0,21.1,0.0
2020-04-22 01:00:00,0.0,,0.0,21.38,0.0
2020-04-22 02:00:00,0.0,,0.0,21.24,0.0
2020-04-22 03:00:00,0.0,,0.0,20.39,0.0
2020-04-22 04:00:00,0.0,,0.0,19.72,0.0
2020-04-22 05:00:00,0.0,,0.0,19.21,0.0
2020-04-22 06:00:00,0.0,,0.0,18.82,0.0
2020-04-22 07:00:00,2.064011461270715,0.8528972980457501,0.00938187027850325,19.744,11.0
2020-04-22 08:00:00,9.192362791290561,0.8356693446627783,0.041783467233138916,24.9,50.0
2020-04-22 09:00:00,35.99558285975801,0.8059915553013436,0.16361628572617276,33.782,203.0
2020-04-22 10:00:00,59.27828014382312,0.781005008482518,0.26944672792646873,41.26,345.0
2020-04-22 11:00:00,79.20314439544457,0.7563325477028702,0.3600142927065662,48.644000000000005,476.0
2020-04-22 12:00:00,50.199048470771636,0.7868189415481448,0.22817749304896198,39.519999999999996,290.0
2020-04-22 13:00:00,111.7809148825276,0.7047088316891161,0.5080950676478527,64.094,721.0
2020-04-22 14:00:00,65.1753120888909,0.7615717701436189,0.29625141858586773,47.07600000000001,389.0
2020-04-22 15:00:00,53.08801880911554,0.7734268474521494,0.24130917640507063,43.528000000000006,312.0
2020-04-22 16:00:00,14.36728446886971,0.816322981185779,0.06530583849486232,30.69,80.0
2020-04-22 17:00:00,6.199170685929527,0.8287661344825571,0.028178048572406942,26.965999999999998,34.0
2020-04-22 18:00:00,1.4702370166973022,0.8353619413052854,0.0066828955304422824,24.991999999999997,8.0
2020-04-22 19:00:00,0.0,,0.0,24.04,0.0
2020-04-22 20:00:00,0.0,,0.0,22.12,0.0
2020-04-22 21:00:00,0.0,,0.0,21.43,0.0
2020-04-22 22:00:00,0.0,,0.0,21.12,0.0
2020-04-22 23:00:00,0.0,,0.0,20.9,0.0
2020-04-23 00:00:00,0.0,,0.0,20.73,0.0
2020-04-23 01:00:00,0.0,,0.0,20.53,0.0
2020-04-23 02:00:00,0.0,,0.0,20.33,0.0
2020-04-23 03:00:00,0.0,,0.0,20.12,0.0
2020-04-23 04:00:00,0.0,,0.0,19.94,0.0
2020-04-23 05:00:00,0.0,,0.0,19.84,0.0
2020-04-23 06:00:00,0.0,,0.0,19.81,0.0
2020-04-23 07:00:00,2.9916131213325885,0.8498900912876672,0.013598241460602675,20.644000000000002,16.0
2020-04-23 08:00:00,15.645136836581825,0.8366383335070495,0.0711142583480992,24.61,85.0
2020-04-23 09:00:00,10.163349757385378,0.8399462609409404,0.04619704435175172,23.619999999999997,55.0
2020-04-23 10:00:00,35.02061314903278,0.8121663531779403,0.15918460522287628,31.934000000000005,196.0
2020-04-23 11:00:00,49.81695785892773,0.7917507606314006,0.2264407175405806,38.044000000000004,286.0
2020-04-23 12:00:00,101.18950020272707,0.7300829740456499,0.45995227364875946,56.5,630.0
2020-04-23 13:00:00,80.50624727590204,0.7529577934521328,0.36593748761773653,49.654,486.0
2020-04-23 14:00:00,84.01269446152567,0.7473109274286218,0.3818758839160258,51.344,511.0
2020-04-23 15:00:00,37.051874658518,0.8019886289722511,0.16841761208417275,34.980000000000004,210.0
2020-04-23 16:00:00,29.174931999258764,0.8086178492034026,0.132613327269358,32.996,164.0
2020-04-23 17:00:00,24.89817142757986,0.8141978884100673,0.11317350648899936,31.326,139.0
2020-04-23 18:00:00,5.514535560791965,0.8355356910290856,0.02506607073087257,24.94,30.0
2020-04-23 19:00:00,0.0,,0.0,22.62,0.0
2020-04-23 20:00:00,0.0,,0.0,21.85,0.0
2020-04-23 21:00:00,0.0,,0.0,21.61,0.0
2020-04-23 22:00:00,0.0,,0.0,21.4,0.0
2020-04-23 23:00:00,0.0,,0.0,21.5,0.0
2020-04-24 00:00:00,0.0,,0.0,21.74,0.0
2020-04-24 01:00:00,0.0,,0.0,21.69,0.0
2020-04-24 02:00:00,0.0,,0.0,21.24,0.0
2020-04-24 03:00:00,0.0,,0.0,20.15,0.0
2020-04-24 04:00:00,0.0,,0.0,20.82,0.0
2020-04-24 05:00:00,0.0,,0.0,20.72,0.0
2020-04-24 06:00:00,0.0,,0.0,20.62,0.0
2020-04-24 07:00:00,7.776293453870716,0.8415902006353588,0.03534678842668507,23.128,42.0
2020-04-24 08:00:00,39.07015145018273,0.8072345340946845,0.1775915975008306,33.410000000000004,220.0
2020-04-24 09:00:00,59.66834653625764,0.7816131325158192,0.2712197569829893,41.078,347.0
2020-04-24 10:00:00,93.01910321476252,0.7353288791680832,0.42281410552164783,54.93,575.0
2020-04-24 11:00:00,75.3282381993846,0.7541874068821046,0.34240108272447545,49.286,454.0
2020-04-24 12:00:00,38.35551121793482,0.7960878210447243,0.17434323280879463,36.746,219.0
2020-04-24 13:00:00,16.351214682440848,0.8167439901319105,0.07432370310200385,30.564,91.0
2020-04-24 14:00:00,25.944042519828113,0.8077223698576623,0.11792746599921869,33.263999999999996,146.0
2020-04-24 15:00:00,71.20148846135771,0.7633092673816221,0.32364312936980777,46.556000000000004,424.0
2020-04-24 16:00:00,52.04137586713271,0.7832838029369763,0.23655170848696686,40.578,302.0
2020-04-24 17:00:00,22.78397797204203,0.8154609152484621,0.10356353623655469,30.948,127.0
2020-04-24 18:00:00,5.322489055500016,0.8342459334639524,0.02419313207045462,25.326,29.0
2020-04-24 19:00:00,0.0,,0.0,22.44,0.0
2020-04-24 20:00:00,0.0,,0.0,21.56,0.0
2020-04-24 21:00:00,0.0,,0.0,20.83,0.0
2020-04-24 22:00:00,0.0,,0.0,20.05,0.0
2020-04-24 23:00:00,0.0,,0.0,19.75,0.0
2020-04-25 00:00:00,0.0,,0.0,19.67,0.0
2020-04-25 01:00:00,0.0,,0.0,19.48,0.0
2020-04-25 02:00:00,0.0,,0.0,19.4,0.0
2020-04-25 03:00:00,0.0,,0.0,19.52,0.0
2020-04-25 04:00:00,0.0,,0.0,18.87,0.0
2020-04-25 05:00:00,0.0,,0.0,18.86,0.0
2020-04-25 06:00:00,0.0,,0.0,18.83,0.0
2020-04-25 07:00:00,2.0632837172352594,0.8525965773699419,0.009378562351069361,19.834,11.0
2020-04-25 08:00:00,8.717589933508897,0.8430938040144001,0.039625408788676805,22.678,47.0
2020-04-25 09:00:00,22.62806138527802,0.8228385958282917,0.10285482447853646,28.74,125.0
2020-04-25 10:00:00,29.387109815818384,0.8144986090858755,0.13357777189008357,31.235999999999997,164.0
2020-04-25 11:00:00,58.65521657465506,0.7795749146020077,0.26661462079388665,41.688,342.0
2020-04-25 12:00:00,142.88276459848686,0.6627215426645958,0.6494671118113039,76.66,980.0
2020-04-25 13:00:00,145.420809411984,0.6570613112777156,0.6610036791453818,78.354,1006.0
2020-04-25 14:00:00,117.20161556844482,0.7046754182806928,0.5327346162202037,64.104,756.0
2020-04-25 15:00:00,28.23113472648056,0.8121730358596249,0.1283233396658207,31.932000000000002,158.0
2020-04-25 16:00:00,14.681203841966031,0.8238610461260399,0.06673274473620923,28.433999999999997,81.0
2020-04-25 17:00:00,10.393481533866195,0.8288262786177188,0.04724309788120998,26.948,57.0
2020-04-25 18:00:00,2.765427334732914,0.8380082832523983,0.012570124248785973,24.2,15.0
2020-04-25 19:00:00,0.0,,0.0,22.6,0.0
2020-04-25 20:00:00,0.0,,0.0,21.93,0.0
2020-04-25 21:00:00,0.0,,0.0,21.37,0.0
2020-04-25 22:00:00,0.0,,0.0,20.59,0.0
2020-04-25 23:00:00,0.0,,0.0,20.27,0.0
2020-04-26 00:00:00,0.0,,0.0,20.17,0.0
2020-04-26 01:00:00,0.0,,0.0,19.97,0.0
2020-04-26 02:00:00,0.0,,0.0,19.78,0.0
2020-04-26 03:00:00,0.0,,0.0,19.64,0.0
2020-04-26 04:00:00,0.0,,0.0,19.7,0.0
2020-04-26 05:00:00,0.0,,0.0,19.72,0.0
2020-04-26 06:00:00,0.0,,0.0,19.64,0.0
2020-04-26 07:00:00,21.761829865159665,0.8312387267058696,0.09891740847799847,26.226000000000003,119.0
2020-04-26 08:00:00,65.00061529544222,0.7816331805608733,0.2954573422520101,41.072,378.0
2020-04-26 09:00:00,98.52563065078452,0.7353756579398756,0.4478437756853842,54.916000000000004,609.0
2020-04-26 10:00:00,107.55615787048939,0.7137104039183105,0.4888916266840427,61.400000000000006,685.0
2020-04-26 11:00:00,131.25921922190352,0.6734004679966321,0.596632814645016,73.464,886.0
2020-04-26 12:00:00,130.00038376146134,0.6707273953227806,0.5909108352793697,74.264,881.0
2020-04-26 13:00:00,101.72854829583419,0.7092062764628708,0.46240249225379176,62.748000000000005,652.0
2020-04-26 14:00:00,106.97385678844668,0.6986275913561042,0.48624480358384853,65.91399999999999,696.0
2020-04-26 15:00:00,88.97472086983954,0.7221974096577884,0.40443054940836154,58.86,560.0
2020-04-26 16:00:00,58.45039117813849,0.7612710494678104,0.26568359626426585,47.166000000000004,349.0
2020-04-26 17:00:00,20.043595323458597,0.8062588625687288,0.09110725147026635,33.702,113.0
2020-04-26 18:00:00,4.906754616368472,0.826052965718598,0.022303430074402147,27.778,27.0
2020-04-26 19:00:00,0.0,,0.0,25.22,0.0
2020-04-26 20:00:00,0.0,,0.0,24.28,0.0
2020-04-26 21:00:00,0.0,,0.0,23.99,0.0
2020-04-26 22:00:00,0.0,,0.0,23.42,0.0
2020-04-26 23:00:00,0.0,,0.0,22.67,0.0
2020-04-27 00:00:00,0.0,,0.0,22.12,0.0
2020-04-27 01:00:00,0.0,,0.0,20.9,0.0
2020-04-27 02:00:00,0.0,,0.0,20.43,0.0
2020-04-27 03:00:00,0.0,,0.0,20.44,0.0
2020-04-27 04:00:00,0.0,,0.0,20.12,0.0
2020-04-27 05:00:00,0.0,,0.0,19.9,0.0
2020-04-27 06:00:00,0.0,,0.0,19.56,0.0
2020-04-27 07:00:00,3.369428420741948,0.8508657628136232,0.015315583730645219,20.352,18.0
2020-04-27 08:00:00,58.24647435902376,0.7833038509820301,0.26475670163192616,40.572,338.0
2020-04-27 09:00:00,97.86951721107694,0.7292810522434944,0.44486144186853155,56.74000000000001,610.0
2020-04-27 10:00:00,118.48323897343154,0.6958141823668754,0.5385601771519616,66.756,774.0
2020-04-27 11:00:00,127.9788607903415,0.6764210401180841,0.5817220945015523,72.56,860.0
2020-04-27 12:00:00,130.21409792654026,0.6718300378007444,0.5918822633024557,73.934,881.0
2020-04-27 13:00:00,135.40195727586087,0.6625010141690032,0.615463442163004,76.726,929.0
2020-04-27 14:00:00,97.58296542428371,0.7188961649055821,0.44355893374674416,59.848000000000006,617.0
2020-04-27 15:00:00,96.8686589251591,0.7194641928487752,0.44031208602345046,59.67800000000001,612.0
2020-04-27 16:00:00,58.43171241456179,0.7676262797498921,0.26559869279346265,45.264,346.0
2020-04-27 17:00:00,24.163054389421173,0.8075887162239697,0.10983206540645987,33.304,136.0
2020-04-27 18:00:00,4.7707782161759615,0.8340521356950982,0.02168535552807255,25.384,26.0
2020-04-27 19:00:00,0.0,,0.0,22.78,0.0
2020-04-27 20:00:00,0.0,,0.0,22.31,0.0
2020-04-27 21:00:00,0.0,,0.0,21.89,0.0
2020-04-27 22:00:00,0.0,,0.0,21.36,0.0
2020-04-27 23:00:00,0.0,,0.0,21.05,0.0
2020-04-28 00:00:00,0.0,,0.0,20.73,0.0
2020-04-28 01:00:00,0.0,,0.0,20.68,0.0
2020-04-28 02:00:00,0.0,,0.0,20.56,0.0
2020-04-28 03:00:00,0.0,,0.0,20.44,0.0
2020-04-28 04:00:00,0.0,,0.0,20.31,0.0
2020-04-28 05:00:00,0.0,,0.0,20.03,0.0
2020-04-28 06:00:00,0.0,,0.0,19.86,0.0
2020-04-28 07:00:00,22.300403086906275,0.8308644965315304,0.10136546857684671,26.338,122.0
2020-04-28 08:00:00,63.37525853494499,0.7785658296676288,0.2880693569770227,41.99,370.0
2020-04-28 09:00:00,97.28967428666513,0.7309517226646517,0.4422257922121142,56.24,605.0
2020-04-28 10:00:00,124.326097358462,0.6858235732483561,0.5651186243566454,69.74600000000001,824.0
2020-04-28 11:00:00,138.83113127662878,0.656660350376638,0.631050596711949,78.47399999999999,961.0
2020-04-28 12:00:00,146.3855098457645,0.6410295579162921,0.6653886811171114,83.15200000000002,1038.0
2020-04-28 13:00:00,134.9351719601896,0.6587988085157191,0.6133416907281345,77.834,931.0
2020-04-28 14:00:00,117.97644096751993,0.6857500637498253,0.5362565498523634,69.768,782.0
2020-04-28 15:00:00,102.20393128245367,0.7147128061710046,0.464563324011153,61.1,650.0
2020-04-28 16:00:00,80.19756618967102,0.7424325697988431,0.3645343917712319,52.804,491.0
2020-04-28 17:00:00,16.86801586091258,0.8156680783806857,0.07667279936778444,30.886,94.0
2020-04-28 18:00:00,2.2047733298175887,0.8351414128096927,0.010021696953716313,25.058,12.0
2020-04-28 19:00:00,0.0,,0.0,22.35,0.0
2020-04-28 20:00:00,0.0,,0.0,21.53,0.0
2020-04-28 21:00:00,0.0,,0.0,21.23,0.0
2020-04-28 22:00:00,0.0,,0.0,21.08,0.0
2020-04-28 23:00:00,0.0,,0.0,21.25,0.0
2020-04-29 00:00:00,0.0,,0.0,20.79,0.0
2020-04-29 01:00:00,0.0,,0.0,20.67,0.0
2020-04-29 02:00:00,0.0,,0.0,20.59,0.0
2020-04-29 03:00:00,0.0,,0.0,20.59,0.0
2020-04-29 04:00:00,0.0,,0.0,20.59,0.0
2020-04-29 05:00:00,0.0,,0.0,20.37,0.0
2020-04-29 06:00:00,0.0,,0.0,20.02,0.0
2020-04-29 07:00:00,20.117270953456188,0.8312921881593467,0.09144214069752812,26.21,110.0
2020-04-29 08:00:00,58.33840533788652,0.7845401470936864,0.265174569717666,40.202,338.0
2020-04-29 09:00:00,97.78280246622995,0.733444362933018,0.44446728393740886,55.494,606.0
2020-04-29 10:00:00,121.1053183754593,0.692426062752769,0.5504787198884514,67.77,795.0
2020-04-29 11:00:00,129.6460562170226,0.677356615553932,0.5893002555319209,72.28,870.0
2020-04-29 12:00:00,147.2573913059399,0.6511204072600809,0.6693517786633632,80.132,1028.0
2020-04-29 13:00:00,132.81990232559323,0.6708075875029961,0.6037268287526966,74.24000000000001,900.0
2020-04-29 14:00:00,129.28190192282023,0.6708276355480501,0.587645008740092,74.234,876.0
2020-04-29 15:00:00,112.30482442950722,0.6935821666842097,0.5104764746795782,67.424,736.0
2020-04-29 16:00:00,75.40204761666952,0.749970634739104,0.34273658007577057,50.548,457.0
2020-04-29 17:00:00,13.95654573525833,0.8238810941710939,0.06343884425117423,28.427999999999997,77.0
2020-04-29 18:00:00,4.056477597811265,0.8381152061593522,0.018438534535505747,24.168,22.0
2020-04-29 19:00:00,0.0,,0.0,22.62,0.0
2020-04-29 20:00:00,0.0,,0.0,21.79,0.0
2020-04-29 21:00:00,0.0,,0.0,21.27,0.0
2020-04-29 22:00:00,0.0,,0.0,21.03,0.0
2020-04-29 23:00:00,0.0,,0.0,20.96,0.0
2020-04-30 00:00:00,0.0,,0.0,20.74,0.0
2020-04-30 01:00:00,0.0,,0.0,20.74,0.0
2020-04-30 02:00:00,0.0,,0.0,20.69,0.0
2020-04-30 03:00:00,0.0,,0.0,20.45,0.0
2020-04-30 04:00:00,0.0,,0.0,20.31,0.0
2020-04-30 05:00:00,0.0,,0.0,20.04,0.0
2020-04-30 06:00:00,0.0,,0.0,19.71,0.0
2020-04-30 07:00:00,22.659785144464024,0.8306372853542531,0.10299902338392738,26.406000000000002,124.0
2020-04-30 08:00:00,63.04269715302122,0.780811210713664,0.2865577143319146,41.318,367.0
2020-04-30 09:00:00,73.52157173095082,0.7629884986607599,0.33418896241341284,46.652,438.0
2020-04-30 10:00:00,120.14748960960152,0.695700576778237,0.546124952770916,66.78999999999999,785.0
2020-04-30 11:00:00,138.4770360222054,0.6618728420906481,0.6294410728282064,76.914,951.0
2020-04-30 12:00:00,147.6196681675498,0.6433350830974889,0.6709984916706809,82.462,1043.0
2020-04-30 13:00:00,128.51593882888798,0.669912108157256,0.5841633583131272,74.50800000000001,872.0
2020-04-30 14:00:00,107.49044478937265,0.6989884561670741,0.48859293086078476,65.806,699.0
2020-04-30 15:00:00,105.23618633533404,0.7013875388918558,0.4783463015242456,65.08800000000001,682.0
2020-04-30 16:00:00,84.59306665432693,0.7338052277439879,0.3845139393378497,55.386,524.0
2020-04-30 17:00:00,25.517511005552354,0.8054769888116273,0.11598868638887434,33.936,144.0
2020-04-30 18:00:00,4.940693951840194,0.8317666585589552,0.02245769978109179,26.067999999999998,27.0
2020-04-30 19:00:00,0.0,,0.0,23.36,0.0
2020-04-30 20:00:00,0.0,,0.0,22.01,0.0
2020-04-30 21:00:00,0.0,,0.0,21.27,0.0
2020-04-30 22:00:00,0.0,,0.0,20.64,0.0
2020-04-30 23:00:00,0.0,,0.0,20.41,0.0
2020-05-01 00:00:00,0.0,,0.0,20.32,0.0
2020-05-01 01:00:00,0.0,,0.0,20.16,0.0
2020-05-01 02:00:00,0.0,,0.0,20.09,0.0
2020-05-01 03:00:00,0.0,,0.0,20.03,0.0
2020-05-01 04:00:00,0.0,,0.0,20.1,0.0
2020-05-01 05:00:00,0.0,,0.0,20.03,0.0
2020-05-01 06:00:00,0.0,,0.0,19.72,0.0
2020-05-01 07:00:00,7.252723520774265,0.8453057716520123,0.03296692509442848,22.016000000000002,39.0
2020-05-01 08:00:00,50.61526366202357,0.7960878210447243,0.23006938028192533,36.746,289.0
2020-05-01 09:00:00,91.02927753940921,0.7428535787449747,0.41376944336095095,52.678,557.0
2020-05-01 10:00:00,114.63023125698396,0.7050696965000858,0.5210465057135635,63.986,739.0
2020-05-01 11:00:00,132.1702518409965,0.6742692166156337,0.6007738720045296,73.20400000000001,891.0
2020-05-01 12:00:00,126.48268080142265,0.6819943966430639,0.5749212763701029,70.89200000000001,843.0
2020-05-01 13:00:00,108.46789177019836,0.7073685389995981,0.49303587168271984,63.298,697.0
2020-05-01 14:00:00,96.34994649972559,0.7203195761044079,0.43795430227147997,59.42200000000001,608.0
2020-05-01 15:00:00,85.57948326416339,0.7325756143140163,0.38899765120074264,55.754,531.0
2020-05-01 16:00:00,50.65797121048007,0.7752979983238455,0.23026350550218214,42.968,297.0
2020-05-01 17:00:00,7.256563656977521,0.8246095064747182,0.032984380258988734,28.21,40.0
2020-05-01 18:00:00,3.294007675249232,0.8318201200124324,0.014972762160223783,26.052,18.0
2020-05-01 19:00:00,0.0,,0.0,24.08,0.0
2020-05-01 20:00:00,0.0,,0.0,23.43,0.0
2020-05-01 21:00:00,0.0,,0.0,22.93,0.0
2020-05-01 22:00:00,0.0,,0.0,21.98,0.0
2020-05-01 23:00:00,0.0,,0.0,21.37,0.0
2020-05-02 00:00:00,0.0,,0.0,21.04,0.0
2020-05-02 01:00:00,0.0,,0.0,20.89,0.0
2020-05-02 02:00:00,0.0,,0.0,20.69,0.0
2020-05-02 03:00:00,0.0,,0.0,20.5,0.0
2020-05-02 04:00:00,0.0,,0.0,20.31,0.0
2020-05-02 05:00:00,0.0,,0.0,20.14,0.0
2020-05-02 06:00:00,0.0,,0.0,19.73,0.0
2020-05-02 07:00:00,22.482831609410436,0.830851131168161,0.1021946891336838,26.342,123.0
2020-05-02 08:00:00,64.76470273199693,0.7767414575677253,0.2943850124181679,42.536,379.0
2020-05-02 09:00:00,80.66249024483952,0.7513272191210835,0.36664768293108874,50.141999999999996,488.0
2020-05-02 10:00:00,105.24257578094632,0.7150603056186052,0.47837534445884694,60.995999999999995,669.0
2020-05-02 11:00:00,103.67810840827222,0.7118793491367221,0.4712641291285101,61.94800000000001,662.0
2020-05-02 12:00:00,115.10094933082665,0.6920451498967451,0.5231861333219393,67.884,756.0
2020-05-02 13:00:00,64.52387679366984,0.7578561991269654,0.29329034906213564,48.188,387.0
2020-05-02 14:00:00,121.46379038542524,0.6799361306841986,0.5521081381155692,71.508,812.0
2020-05-02 15:00:00,104.47341649401798,0.7045684953737388,0.47487916588189993,64.136,674.0
2020-05-02 16:00:00,74.84857990033056,0.7428402133816054,0.34022081772877527,52.682,458.0
2020-05-02 17:00:00,25.23771033110417,0.8022158401495286,0.1147168651413826,34.912,143.0
2020-05-02 18:00:00,0.7316076946988147,0.8313723803395622,0.0033254895213582487,26.186,4.0
2020-05-02 19:00:00,0.0,,0.0,24.72,0.0
2020-05-02 20:00:00,0.0,,0.0,23.53,0.0
2020-05-02 21:00:00,0.0,,0.0,23.03,0.0
2020-05-02 22:00:00,0.0,,0.0,23.22,0.0
2020-05-02 23:00:00,0.0,,0.0,22.78,0.0
2020-05-03 00:00:00,0.0,,0.0,21.86,0.0
2020-05-03 01:00:00,0.0,,0.0,21.53,0.0
2020-05-03 02:00:00,0.0,,0.0,21.07,0.0
2020-05-03 03:00:00,0.0,,0.0,20.63,0.0
2020-05-03 04:00:00,0.0,,0.0,20.45,0.0
2020-05-03 05:00:00,0.0,,0.0,20.18,0.0
2020-05-03 06:00:00,0.0,,0.0,20.04,0.0
2020-05-03 07:00:00,9.817850703720179,0.8420112095814904,0.044626594107818995,23.002000000000002,53.0
2020-05-03 08:00:00,20.64885930265239,0.8233197489095849,0.09385845137569268,28.596000000000004,114.0
2020-05-03 09:00:00,51.98942082376103,0.7851014923551952,0.23631554919891376,40.034000000000006,301.0
2020-05-03 10:00:00,96.44525891552077,0.7282185058556385,0.4383875405250944,57.05800000000001,602.0
2020-05-03 11:00:00,123.74188796983745,0.6850951609447318,0.5624631271356247,69.964,821.0
2020-05-03 12:00:00,98.97316382879056,0.7152273726607209,0.44987801740359346,60.946,629.0
2020-05-03 13:00:00,118.8569936081421,0.6838722301964447,0.5402590618551913,70.33,790.0
2020-05-03 14:00:00,102.82879436414578,0.7049828216381857,0.4674036107461172,64.012,663.0
2020-05-03 15:00:00,94.37155008120386,0.7161295346881459,0.4289615912781994,60.676,599.0
2020-05-03 16:00:00,75.82435380496972,0.7427934346098131,0.34465615365895325,52.696,464.0
2020-05-03 17:00:00,25.07938557316829,0.8027972334560913,0.11399720715076496,34.738,142.0
2020-05-03 18:00:00,4.366005513465347,0.8268949836108611,0.01984547960666067,27.526,24.0
2020-05-03 19:00:00,0.0,,0.0,25.12,0.0
2020-05-03 20:00:00,0.0,,0.0,23.81,0.0
2020-05-03 21:00:00,0.0,,0.0,23.69,0.0
2020-05-03 22:00:00,0.0,,0.0,23.53,0.0
2020-05-03 23:00:00,0.0,,0.0,23.72,0.0
2020-05-04 00:00:00,0.0,,0.0,23.34,0.0
2020-05-04 01:00:00,0.0,,0.0,23.11,0.0
2020-05-04 02:00:00,0.0,,0.0,22.26,0.0
2020-05-04 03:00:00,0.0,,0.0,21.55,0.0
2020-05-04 04:00:00,0.0,,0.0,21.17,0.0
2020-05-04 05:00:00,0.0,,0.0,20.74,0.0
2020-05-04 06:00:00,0.0,,0.0,20.44,0.0
2020-05-04 07:00:00,19.39633095718418,0.8317466105139013,0.08816514071447354,26.074,106.0
2020-05-04 08:00:00,61.06258796318372,0.779655106782223,0.2775572180144714,41.664,356.0
2020-05-04 09:00:00,83.615779924208,0.7467028033953206,0.38007172692821817,51.525999999999996,509.0
2020-05-04 10:00:00,115.17381194577048,0.6989550427586508,0.5235173270262294,65.816,749.0
2020-05-04 11:00:00,128.90254145375172,0.672698786419746,0.5859206429715987,73.674,871.0
2020-05-04 12:00:00,128.77318678918687,0.6681879762826217,0.5853326672235767,75.024,876.0
2020-05-04 13:00:00,139.17578056049098,0.6481733446371599,0.6326171843658681,81.014,976.0
2020-05-04 14:00:00,122.4310518901345,0.6737346020808634,0.5565047813187932,73.364,826.0
2020-05-04 15:00:00,39.24862075109603,0.7824685157714518,0.17840282159589102,40.822,228.0
2020-05-04 16:00:00,42.24565152247033,0.7837783213816388,0.1920256887385015,40.43,245.0
2020-05-04 17:00:00,4.539762855522805,0.8254114282768736,0.02063528570692184,27.970000000000002,25.0
2020-05-04 18:00:00,1.099052274055432,0.8326153591329031,0.004995692154797418,25.814,6.0
2020-05-04 19:00:00,0.0,,0.0,24.4,0.0
2020-05-04 20:00:00,0.0,,0.0,23.64,0.0
2020-05-04 21:00:00,0.0,,0.0,22.91,0.0
2020-05-04 22:00:00,0.0,,0.0,22.53,0.0
2020-05-04 23:00:00,0.0,,0.0,22.63,0.0
2020-05-05 00:00:00,0.0,,0.0,22.46,0.0
2020-05-05 01:00:00,0.0,,0.0,21.92,0.0
2020-05-05 02:00:00,0.0,,0.0,21.27,0.0
2020-05-05 03:00:00,0.0,,0.0,20.62,0.0
2020-05-05 04:00:00,0.0,,0.0,20.19,0.0
2020-05-05 05:00:00,0.0,,0.0,20.0,0.0
2020-05-05 06:00:00,0.0,,0.0,19.43,0.0
2020-05-05 07:00:00,11.138453255397927,0.8438222163180248,0.05062933297908149,22.46,60.0
2020-05-05 08:00:00,43.64675285579931,0.799977141785178,0.19839433116272415,35.582,248.0
2020-05-05 09:00:00,92.85901863943182,0.7353422445314525,0.42208644836105375,54.926,574.0
2020-05-05 10:00:00,121.85058266479518,0.689746307397233,0.5538662848399781,68.572,803.0
2020-05-05 11:00:00,136.68459070135742,0.6609506320181693,0.6212935940970792,77.19,940.0
2020-05-05 12:00:00,141.31691230686044,0.6501514184158099,0.6423496013948202,80.422,988.0
2020-05-05 13:00:00,127.33399577409911,0.672230998701822,0.5787908898822687,73.814,861.0
2020-05-05 14:00:00,121.73761032707294,0.6789604591582428,0.5533527742139679,71.8,815.0
2020-05-05 15:00:00,109.53881931011584,0.6963688449466995,0.49790372413689016,66.59,715.0
2020-05-05 16:00:00,76.2727161701192,0.7423857910270508,0.3466941644096327,52.818000000000005,467.0
2020-05-05 17:00:00,24.491206671623054,0.8066932368782297,0.1113236666891957,33.572,138.0
2020-05-05 18:00:00,4.573760998593352,0.8315929088351549,0.020789822720878873,26.12,25.0
2020-05-05 19:00:00,0.0,,0.0,23.78,0.0
2020-05-05 20:00:00,0.0,,0.0,22.86,0.0
2020-05-05 21:00:00,0.0,,0.0,22.4,0.0
2020-05-05 22:00:00,0.0,,0.0,22.71,0.0
2020-05-05 23:00:00,0.0,,0.0,22.05,0.0
2020-05-06 00:00:00,0.0,,0.0,21.88,0.0
2020-05-06 01:00:00,0.0,,0.0,22.19,0.0
2020-05-06 02:00:00,0.0,,0.0,21.86,0.0
2020-05-06 03:00:00,0.0,,0.0,21.41,0.0
2020-05-06 04:00:00,0.0,,0.0,20.79,0.0
2020-05-06 05:00:00,0.0,,0.0,20.42,0.0
2020-05-06 06:00:00,0.0,,0.0,20.13,0.0
2020-05-06 07:00:00,20.13748606555219,0.8321275233699251,0.09153402757069176,25.96,110.0
2020-05-06 08:00:00,64.0312543594549,0.7782116475383435,0.29105115617934046,42.096000000000004,374.0
2020-05-06 09:00:00,97.40415503929722,0.7306042232170509,0.4427461592695328,56.34400000000001,606.0
2020-05-06 10:00:00,119.656997480654,0.6928604370622699,0.5438954430938818,67.64,785.0
2020-05-06 11:00:00,135.0399891541448,0.6643053382238527,0.61381813251884,76.186,924.0
2020-05-06 12:00:00,123.14752250889583,0.6826359340847884,0.5597614659495265,70.7,820.0
2020-05-06 13:00:00,120.70486362069238,0.6841128067370913,0.5486584710031471,70.25800000000001,802.0
2020-05-06 14:00:00,107.71841097602675,0.7014744137537559,0.4896291408001216,65.06200000000001,698.0
2020-05-06 15:00:00,76.36965314583189,0.7513739978928757,0.3471347870265086,50.128,462.0
2020-05-06 16:00:00,47.420180659327336,0.7866652398693984,0.21554627572421517,39.566,274.0
2020-05-06 17:00:00,14.996844807517943,0.8212948963591425,0.06816747639780883,29.201999999999998,83.0
2020-05-06 18:00:00,4.231327291016891,0.8362306899242868,0.019233305868258596,24.732,23.0
2020-05-06 19:00:00,0.0,,0.0,22.45,0.0
2020-05-06 20:00:00,0.0,,0.0,22.02,0.0
2020-05-06 21:00:00,0.0,,0.0,21.65,0.0
2020-05-06 22:00:00,0.0,,0.0,21.53,0.0
2020-05-06 23:00:00,0.0,,0.0,21.26,0.0
2020-05-07 00:00:00,0.0,,0.0,21.06,0.0
2020-05-07 01:00:00,0.0,,0.0,20.73,0.0
2020-05-07 02:00:00,0.0,,0.0,20.54,0.0
2020-05-07 03:00:00,0.0,,0.0,20.34,0.0
2020-05-07 04:00:00,0.0,,0.0,20.21,0.0
2020-05-07 05:00:00,0.0,,0.0,20.04,0.0
2020-05-07 06:00:00,0.0,,0.0,19.72,0.0
2020-05-07 07:00:00,23.168609072155174,0.8292272395187965,0.10531185941888715,26.828,127.0
2020-05-07 08:00:00,64.89564520173005,0.778311887763613,0.29498020546240933,42.066,379.0
2020-05-07 09:00:00,98.63495397699968,0.7301965796342884,0.4483406998954531,56.465999999999994,614.0
2020-05-07 10:00:00,120.59250582237784,0.692980725332593,0.5481477537380811,67.60400000000001,791.0
2020-05-07 11:00:00,134.69615876609626,0.6654948555637167,0.6122552671186193,75.83,920.0
2020-05-07 12:00:00,130.8930610587712,0.6677536019731211,0.5949684593580509,75.154,891.0
2020-05-07 13:00:00,110.80588342382359,0.6966294695324002,0.5036631064719254,66.512,723.0
2020-05-07 14:00:00,60.78016299963798,0.7610839343806409,0.2762734681801726,47.221999999999994,363.0
2020-05-07 15:00:00,75.53759913196052,0.7431877128292063,0.34335272332709327,52.578,462.0
2020-05-07 16:00:00,33.35080078420399,0.7936887383199426,0.15159454901910904,37.464,191.0
2020-05-07 17:00:00,10.819127993779645,0.8196309086196701,0.04917785451718021,29.700000000000003,60.0
2020-05-07 18:00:00,4.562550800067388,0.8295546909213433,0.020738867273033583,26.73,25.0
2020-05-07 19:00:00,0.0,,0.0,24.25,0.0
2020-05-07 20:00:00,0.0,,0.0,23.45,0.0
2020-05-07 21:00:00,0.0,,0.0,22.6,0.0
2020-05-07 22:00:00,0.0,,0.0,22.26,0.0
2020-05-07 23:00:00,0.0,,0.0,21.71,0.0
2020-05-08 00:00:00,0.0,,0.0,21.48,0.0
2020-05-08 01:00:00,0.0,,0.0,20.98,0.0
2020-05-08 02:00:00,0.0,,0.0,20.83,0.0
2020-05-08 03:00:00,0.0,,0.0,20.48,0.0
2020-05-08 04:00:00,0.0,,0.0,20.29,0.0
2020-05-08 05:00:00,0.0,,0.0,20.14,0.0
2020-05-08 06:00:00,0.0,,0.0,20.07,0.0
2020-05-08 07:00:00,23.511848443835532,0.8284654138067489,0.10687203838107061,27.056,129.0
2020-05-08 08:00:00,64.30875859716899,0.7753648251406919,0.29231253907804083,42.948,377.0
2020-05-08 09:00:00,98.1655517231807,0.7267215851582817,0.446207053287185,57.506,614.0
2020-05-08 10:00:00,122.33014393131116,0.6881758772013454,0.5560461087786871,69.042,808.0
2020-05-08 11:00:00,135.48344549536233,0.6621869281298257,0.6158338431607379,76.82000000000001,930.0
2020-05-08 12:00:00,113.07114624979228,0.6954800482826441,0.513959755680874,66.856,739.0
2020-05-08 13:00:00,125.98462160469639,0.6737145540358096,0.5726573709304381,73.37,850.0
2020-05-08 14:00:00,128.9820772609722,0.668508745003484,0.5862821693680554,74.92800000000001,877.0
2020-05-08 15:00:00,87.49688591137406,0.7297488399614184,0.397713117778973,56.6,545.0
2020-05-08 16:00:00,32.88252175552255,0.795031957338553,0.14946600797964796,37.062000000000005,188.0
2020-05-08 17:00:00,21.701330077678755,0.8085443397048716,0.09864240944399434,33.018,122.0
2020-05-08 18:00:00,4.557037587677569,0.8285522886686489,0.020713807216716222,27.03,25.0
2020-05-08 19:00:00,0.0,,0.0,24.71,0.0
2020-05-08 20:00:00,0.0,,0.0,23.91,0.0
2020-05-08 21:00:00,0.0,,0.0,23.39,0.0
2020-05-08 22:00:00,0.0,,0.0,22.74,0.0
2020-05-08 23:00:00,0.0,,0.0,22.03,0.0
2020-05-09 00:00:00,0.0,,0.0,21.46,0.0
2020-05-09 01:00:00,0.0,,0.0,20.87,0.0
2020-05-09 02:00:00,0.0,,0.0,20.5,0.0
2020-05-09 03:00:00,0.0,,0.0,19.86,0.0
2020-05-09 04:00:00,0.0,,0.0,19.24,0.0
2020-05-09 05:00:00,0.0,,0.0,18.97,0.0
2020-05-09 06:00:00,0.0,,0.0,19.08,0.0
2020-05-09 07:00:00,11.49433038006572,0.8426928431133226,0.052246956273026,22.798,62.0
2020-05-09 08:00:00,63.56726975567764,0.7788197715716447,0.2889421352530802,41.914,371.0
2020-05-09 09:00:00,96.14450950418124,0.7320276344158767,0.4370204977462784,55.918000000000006,597.0
2020-05-09 10:00:00,121.41745881869119,0.6907353442865581,0.55189754008496,68.276,799.0
2020-05-09 11:00:00,136.14999287329135,0.6618862074540173,0.6188636039695061,76.91,935.0
2020-05-09 12:00:00,131.08199076132544,0.6657287494226787,0.5958272307332975,75.76,895.0
2020-05-09 13:00:00,126.14748189869162,0.6706405204608805,0.5733976449940529,74.29,855.0
2020-05-09 14:00:00,109.55639102064467,0.6945377901651113,0.49798359554838484,67.138,717.0
2020-05-09 15:00:00,83.18481431698086,0.7313593662474139,0.378112792349913,56.118,517.0
2020-05-09 16:00:00,83.07315485890237,0.7346405629545665,0.37760524935864714,55.136,514.0
2020-05-09 17:00:00,4.5373737968205505,0.8249770539673729,0.02062442634918432,28.1,25.0
2020-05-09 18:00:00,4.73389114981315,0.8276033478694319,0.021517687044605226,27.314,26.0
2020-05-09 19:00:00,0.0,,0.0,24.99,0.0
2020-05-09 20:00:00,0.0,,0.0,24.33,0.0
2020-05-09 21:00:00,0.0,,0.0,23.48,0.0
2020-05-09 22:00:00,0.0,,0.0,23.23,0.0
2020-05-09 23:00:00,0.0,,0.0,22.42,0.0
2020-05-10 00:00:00,0.0,,0.0,21.75,0.0
2020-05-10 01:00:00,0.0,,0.0,21.23,0.0
2020-05-10 02:00:00,0.0,,0.0,20.7,0.0
2020-05-10 03:00:00,0.0,,0.0,20.39,0.0
2020-05-10 04:00:00,0.0,,0.0,20.21,0.0
2020-05-10 05:00:00,0.0,,0.0,20.04,0.0
2020-05-10 06:00:00,0.0,,0.0,19.87,0.0
2020-05-10 07:00:00,16.186838622585906,0.8360970362905944,0.07357653919357231,24.772,88.0
2020-05-10 08:00:00,55.842022767776754,0.785843270022189,0.25382737621716706,39.812,323.0
2020-05-10 09:00:00,71.14635192688962,0.7609235500202098,0.3233925087585892,47.269999999999996,425.0
2020-05-10 10:00:00,120.69789197985172,0.6944642806665806,0.5486267817265987,67.16,790.0
2020-05-10 11:00:00,136.80190892063283,0.6693507628957472,0.6218268587301492,74.676,929.0
2020-05-10 12:00:00,139.88001184774689,0.6588790006959344,0.6358182356715768,77.81,965.0
2020-05-10 13:00:00,127.51134037968488,0.6778912300887022,0.5795970017258404,72.12,855.0
2020-05-10 14:00:00,120.4483463448089,0.6852221318967396,0.5474924833854949,69.926,799.0
2020-05-10 15:00:00,97.76823288362114,0.7179338587429955,0.44440105856191425,60.136,619.0
2020-05-10 16:00:00,54.28894495680503,0.7735671837675268,0.24676793162184105,43.486000000000004,319.0
2020-05-10 17:00:00,17.23481355668212,0.8160423085550246,0.07834006162128236,30.774,96.0
2020-05-10 18:00:00,2.201509508082816,0.8339051166980364,0.010006861400376436,25.428,12.0
2020-05-10 19:00:00,0.0,,0.0,23.61,0.0
2020-05-10 20:00:00,0.0,,0.0,22.72,0.0
2020-05-10 21:00:00,0.0,,0.0,21.96,0.0
2020-05-10 22:00:00,0.0,,0.0,21.47,0.0
2020-05-10 23:00:00,0.0,,0.0,20.89,0.0
2020-05-11 00:00:00,0.0,,0.0,20.19,0.0
2020-05-11 01:00:00,0.0,,0.0,19.79,0.0
2020-05-11 02:00:00,0.0,,0.0,19.6,0.0
2020-05-11 03:00:00,0.0,,0.0,19.79,0.0
2020-05-11 04:00:00,0.0,,0.0,19.43,0.0
2020-05-11 05:00:00,0.0,,0.0,19.31,0.0
2020-05-11 06:00:00,0.0,,0.0,19.21,0.0
2020-05-11 07:00:00,23.410881677413354,0.8313523322945083,0.10641309853369706,26.192,128.0
2020-05-11 08:00:00,64.19895892940332,0.780249865452155,0.291813449679106,41.486000000000004,374.0
2020-05-11 09:00:00,98.69691366312142,0.7318472020103916,0.4486223348323701,55.97200000000001,613.0
2020-05-11 10:00:00,122.00110071398709,0.69492538570282,0.5545504577908504,67.022,798.0
2020-05-11 11:00:00,132.35972110326998,0.6775169999143631,0.6016350959239545,72.232,888.0
2020-05-11 12:00:00,139.92026123857252,0.6638843292777212,0.6360011874480569,76.312,958.0
2020-05-11 13:00:00,123.61105429416213,0.6877214548467905,0.5618684286098279,69.17800000000001,817.0
2020-05-11 14:00:00,114.19024309390714,0.7014142696185942,0.5190465595177597,65.08,740.0
2020-05-11 15:00:00,98.38439538106711,0.7236275035382987,0.4472017971866687,58.432,618.0
2020-05-11 16:00:00,55.988872692991954,0.7782717916735051,0.2544948758772362,42.078,327.0
2020-05-11 17:00:00,24.358001579525155,0.8141043308664824,0.11071818899784161,31.354000000000003,136.0
2020-05-11 18:00:00,4.237752021188493,0.8375003994443663,0.019262509187220424,24.352,23.0
2020-05-11 19:00:00,0.0,,0.0,22.27,0.0
2020-05-11 20:00:00,0.0,,0.0,21.59,0.0
2020-05-11 21:00:00,0.0,,0.0,21.17,0.0
2020-05-11 22:00:00,0.0,,0.0,21.52,0.0
2020-05-11 23:00:00,0.0,,0.0,21.12,0.0
2020-05-12 00:00:00,0.0,,0.0,20.58,0.0
2020-05-12 01:00:00,0.0,,0.0,20.31,0.0
2020-05-12 02:00:00,0.0,,0.0,20.03,0.0
2020-05-12 03:00:00,0.0,,0.0,19.77,0.0
2020-05-12 04:00:00,0.0,,0.0,19.38,0.0
2020-05-12 05:00:00,0.0,,0.0,18.92,0.0
2020-05-12 06:00:00,0.0,,0.0,18.74,0.0
2020-05-12 07:00:00,22.36138656688752,0.833136608304304,0.1016426662131251,25.658,122.0
2020-05-12 08:00:00,63.68829432386895,0.7782049648566587,0.2894922469266771,42.098,372.0
2020-05-12 09:00:00,97.2571507441351,0.7295015807390872,0.44207795792788684,56.67400000000001,606.0
2020-05-12 10:00:00,122.9854340646352,0.6901539509799955,0.5590247002937964,68.45,810.0
2020-05-12 11:00:00,137.05296444077547,0.6613248621925085,0.622968020185343,77.078,942.0
2020-05-12 12:00:00,143.6231738608114,0.6457359701463254,0.6528326084582335,81.74346,1010.99
2020-05-12 13:00:00,141.58742430240284,0.6461703444558262,0.6435792013745584,81.61346,995.99
2020-05-12 14:00:00,130.63113054341588,0.6619597169525483,0.5937778661064358,76.888,897.0
2020-05-12 15:00:00,112.10961995615838,0.6895658749917479,0.5095891816189018,68.626,739.0
2020-05-12 16:00:00,84.65378550011346,0.7315397986528989,0.3847899340914248,56.06400000000001,526.0
2020-05-12 17:00:00,22.013519037179655,0.8069471787822454,0.10006145016899844,33.496,124.0
2020-05-12 18:00:00,4.372709579731366,0.8281646931309405,0.019875952635142576,27.146,24.0
2020-05-12 19:00:00,0.0,,0.0,24.57,0.0
2020-05-12 20:00:00,0.0,,0.0,23.63,0.0
2020-05-12 21:00:00,0.0,,0.0,23.08,0.0
2020-05-12 22:00:00,0.0,,0.0,23.19,0.0
2020-05-12 23:00:00,0.0,,0.0,22.2,0.0
2020-05-13 00:00:00,0.0,,0.0,21.54,0.0
2020-05-13 01:00:00,0.0,,0.0,20.86,0.0
2020-05-13 02:00:00,0.0,,0.0,20.11,0.0
2020-05-13 03:00:00,0.0,,0.0,20.19,0.0
2020-05-13 04:00:00,0.0,,0.0,20.96,0.0
2020-05-13 05:00:00,0.0,,0.0,20.73,0.0
2020-05-13 06:00:00,0.0,,0.0,20.43,0.0
2020-05-13 07:00:00,21.956699135195198,0.8316931490604242,0.0998031778872509,26.09,120.0
2020-05-13 08:00:00,63.46636326704426,0.7775834754599884,0.2884834693956557,42.284000000000006,371.0
2020-05-13 09:00:00,96.76770097987676,0.7294414366039256,0.43985318627216713,56.69200000000001,603.0
2020-05-13 10:00:00,121.97876264757355,0.6879018872522759,0.5544489211253343,69.124,806.0
2020-05-13 11:00:00,137.211247250222,0.6579051334940337,0.623687487501009,78.10146,947.99
2020-05-13 12:00:00,143.04066862818934,0.6424815041659113,0.6501848574008606,82.71746,1011.99
2020-05-13 13:00:00,140.5196857515506,0.6445330874430923,0.63872584432523,82.10346000000001,990.99
2020-05-13 14:00:00,130.0394158349913,0.6619129381807559,0.591088253795415,76.902,893.0
2020-05-13 15:00:00,111.66099883757407,0.6896059710818557,0.5075499947162457,68.614,736.0
2020-05-13 16:00:00,76.46691503352814,0.7379551730701422,0.347576886516037,54.144000000000005,471.0
2020-05-13 17:00:00,23.423951666252147,0.8005451697283714,0.1064725075738734,35.412,133.0
2020-05-13 18:00:00,4.167418132994117,0.8236004215403393,0.018942809695427804,28.512,23.0
2020-05-13 19:00:00,0.0,,0.0,25.74,0.0
2020-05-13 20:00:00,0.0,,0.0,24.59,0.0
2020-05-13 21:00:00,0.0,,0.0,24.01,0.0
2020-05-13 22:00:00,0.0,,0.0,24.02,0.0
2020-05-13 23:00:00,0.0,,0.0,23.34,0.0
2020-05-14 00:00:00,0.0,,0.0,22.71,0.0
2020-05-14 01:00:00,0.0,,0.0,22.14,0.0
2020-05-14 02:00:00,0.0,,0.0,21.78,0.0
2020-05-14 03:00:00,0.0,,0.0,21.4,0.0
2020-05-14 04:00:00,0.0,,0.0,20.8,0.0
2020-05-14 05:00:00,0.0,,0.0,20.23,0.0
2020-05-14 06:00:00,0.0,,0.0,19.73,0.0
2020-05-14 07:00:00,12.371548629834509,0.8393180888625854,0.05623431195379322,23.808,67.0
2020-05-14 08:00:00,61.694169813041555,0.7789667905687064,0.28042804460473436,41.870000000000005,360.0
2020-05-14 09:00:00,85.1384071605083,0.7442168458086389,0.38699275982049225,52.269999999999996,520.0
2020-05-14 10:00:00,90.34677860029895,0.7307245114873742,0.4106671754559043,56.30800000000001,562.0
2020-05-14 11:00:00,135.55890299560429,0.6590126543296271,0.6161768317982013,77.77000000000001,935.0
2020-05-14 12:00:00,142.61310502585226,0.6431029935625816,0.6482413864811466,82.53146000000001,1007.99
2020-05-14 13:00:00,134.7265740562084,0.6521762709662522,0.6123935184373108,79.816,939.0
2020-05-14 14:00:00,127.04576503035942,0.6630088979770349,0.5774807501379974,76.574,871.0
2020-05-14 15:00:00,109.5348894923244,0.6895926057184865,0.49788586132874724,68.61800000000001,722.0
2020-05-14 16:00:00,81.45515786939806,0.728839995252309,0.370250717588173,56.872,508.0
2020-05-14 17:00:00,14.230850839596338,0.80857107043161,0.06468568563452881,33.01,80.0
2020-05-14 18:00:00,4.1593026843563035,0.8219965779360284,0.018905921292528653,28.992,23.0
2020-05-14 19:00:00,0.0,,0.0,26.13,0.0
2020-05-14 20:00:00,0.0,,0.0,24.88,0.0
2020-05-14 21:00:00,0.0,,0.0,24.05,0.0
2020-05-14 22:00:00,0.0,,0.0,23.14,0.0
2020-05-14 23:00:00,0.0,,0.0,22.93,0.0
2020-05-15 00:00:00,0.0,,0.0,22.91,0.0
2020-05-15 01:00:00,0.0,,0.0,22.15,0.0
2020-05-15 02:00:00,0.0,,0.0,21.84,0.0
2020-05-15 03:00:00,0.0,,0.0,21.44,0.0
2020-05-15 04:00:00,0.0,,0.0,21.24,0.0
2020-05-15 05:00:00,0.0,,0.0,21.07,0.0
2020-05-15 06:00:00,0.0,,0.0,20.8,0.0
2020-05-15 07:00:00,2.4204796023066972,0.846321539268076,0.011002180010484988,21.712000000000003,13.0
2020-05-15 08:00:00,11.544309488116888,0.832922762490396,0.052474134036894944,25.722,63.0
2020-05-15 09:00:00,22.3115853518228,0.8178733633366129,0.10141629705374,30.226000000000003,124.0
2020-05-15 10:00:00,73.83005434153581,0.757542113087788,0.3355911560978901,48.282,443.0
2020-05-15 11:00:00,101.54633295087578,0.7189629917224283,0.461574240685799,59.828,642.0
2020-05-15 12:00:00,98.36806304068352,0.720012172746915,0.4471275592758342,59.513999999999996,621.0
2020-05-15 13:00:00,119.52482740229544,0.6877147721651061,0.5432946700104339,69.17999999999999,790.0
2020-05-15 14:00:00,108.93639867832526,0.7013674908468018,0.4951654485378421,65.094,706.0
2020-05-15 15:00:00,103.4749222735729,0.7083442105255537,0.4703405557889677,63.006,664.0
2020-05-15 16:00:00,72.01865533158663,0.7491018861201022,0.32735752423448466,50.80800000000001,437.0
2020-05-15 17:00:00,14.724778802505185,0.8162294236421943,0.06693081273865993,30.718,82.0
2020-05-15 18:00:00,2.5639201569800365,0.8324416094091027,0.011654182531727439,25.866,14.0
2020-05-15 19:00:00,0.0,,0.0,23.92,0.0
2020-05-15 20:00:00,0.0,,0.0,23.12,0.0
2020-05-15 21:00:00,0.0,,0.0,22.61,0.0
2020-05-15 22:00:00,0.0,,0.0,22.58,0.0
2020-05-15 23:00:00,0.0,,0.0,22.26,0.0
2020-05-16 00:00:00,0.0,,0.0,21.86,0.0
2020-05-16 01:00:00,0.0,,0.0,21.39,0.0
2020-05-16 02:00:00,0.0,,0.0,21.03,0.0
2020-05-16 03:00:00,0.0,,0.0,20.71,0.0
2020-05-16 04:00:00,0.0,,0.0,20.5,0.0
2020-05-16 05:00:00,0.0,,0.0,20.04,0.0
2020-05-16 06:00:00,0.0,,0.0,19.2,0.0
2020-05-16 07:00:00,10.579519372748226,0.8436618319575937,0.048088724421582844,22.508,57.0
2020-05-16 08:00:00,54.12926615390621,0.7885965348762559,0.24604211888139185,38.988,312.0
2020-05-16 09:00:00,82.83782743106538,0.7500708749643732,0.37653557923211534,50.518,502.0
2020-05-16 10:00:00,118.62834231296166,0.695767403595083,0.5392197377861894,66.77000000000001,775.0
2020-05-16 11:00:00,129.4710330414004,0.674890706012304,0.5885046956427291,73.018,872.0
2020-05-16 12:00:00,109.25645021378901,0.7014410003453326,0.4966202282444955,65.072,708.0
2020-05-16 13:00:00,118.40887676471772,0.6847610268605003,0.5382221671123533,70.064,786.0
2020-05-16 14:00:00,118.78645683373176,0.6817404547390482,0.5399384401533261,70.968,792.0
2020-05-16 15:00:00,99.93405058978725,0.7086516138830466,0.45424568449903296,62.914,641.0
2020-05-16 16:00:00,79.7373879077277,0.7366720981866934,0.36244267230785315,54.528000000000006,492.0
2020-05-16 17:00:00,16.244184852579842,0.811397844784208,0.07383720387536293,32.164,91.0
2020-05-16 18:00:00,4.728348533623919,0.8266343590251607,0.021492493334654177,27.604,26.0
2020-05-16 19:00:00,0.0,,0.0,24.92,0.0
2020-05-16 20:00:00,0.0,,0.0,23.91,0.0
2020-05-16 21:00:00,0.0,,0.0,23.37,0.0
2020-05-16 22:00:00,0.0,,0.0,23.13,0.0
2020-05-16 23:00:00,0.0,,0.0,22.93,0.0
2020-05-17 00:00:00,0.0,,0.0,22.34,0.0
2020-05-17 01:00:00,0.0,,0.0,21.81,0.0
2020-05-17 02:00:00,0.0,,0.0,21.14,0.0
2020-05-17 03:00:00,0.0,,0.0,20.77,0.0
2020-05-17 04:00:00,0.0,,0.0,20.38,0.0
2020-05-17 05:00:00,0.0,,0.0,19.99,0.0
2020-05-17 06:00:00,0.0,,0.0,19.69,0.0
2020-05-17 07:00:00,2.8036890287182534,0.8496027359752284,0.012744041039628425,20.73,15.0
2020-05-17 08:00:00,34.54587263543047,0.8136098124218198,0.15702669379741122,31.502,193.0
2020-05-17 09:00:00,53.60016095557038,0.7884695639242479,0.24363709525259264,39.025999999999996,309.0
2020-05-17 10:00:00,89.48421520415728,0.739538968629399,0.40674643274616945,53.67,550.0
2020-05-17 11:00:00,102.31244894456492,0.7176799168389795,0.46505658611165873,60.212,648.0
2020-05-17 12:00:00,87.65797756683466,0.7337851796989341,0.3984453525765212,55.391999999999996,543.0
2020-05-17 13:00:00,85.96798831484911,0.7317670098301763,0.39076358324931415,55.996,534.0
2020-05-17 14:00:00,115.03619040300086,0.6880154928409142,0.5228917745590949,69.09,760.0
2020-05-17 15:00:00,108.58000257659782,0.6961149030426839,0.4935454662572628,66.66600000000001,709.0
2020-05-17 16:00:00,66.89919363026912,0.7508327006764212,0.3040872437739506,50.290000000000006,405.0
2020-05-17 17:00:00,15.157144030584364,0.8105424615285757,0.06889610922992893,32.42,85.0
2020-05-17 18:00:00,4.537190023074223,0.8249436405589496,0.020623591013973742,28.110000000000003,25.0
2020-05-17 19:00:00,0.0,,0.0,25.56,0.0
2020-05-17 20:00:00,0.0,,0.0,24.78,0.0
2020-05-17 21:00:00,0.0,,0.0,23.94,0.0
2020-05-17 22:00:00,0.0,,0.0,23.07,0.0
2020-05-17 23:00:00,0.0,,0.0,22.25,0.0
2020-05-18 00:00:00,0.0,,0.0,21.45,0.0
2020-05-18 01:00:00,0.0,,0.0,21.03,0.0
2020-05-18 02:00:00,0.0,,0.0,20.63,0.0
2020-05-18 03:00:00,0.0,,0.0,20.03,0.0
2020-05-18 04:00:00,0.0,,0.0,19.73,0.0
2020-05-18 05:00:00,0.0,,0.0,19.45,0.0
2020-05-18 06:00:00,0.0,,0.0,18.86,0.0
2020-05-18 07:00:00,19.89027656237267,0.8371328519517116,0.09041034801078486,24.462,108.0
2020-05-18 08:00:00,62.23334434248614,0.7835978889761539,0.28287883792039153,40.484,361.0
2020-05-18 09:00:00,96.8958103935365,0.7340591696480038,0.44043550178880225,55.31,600.0
2020-05-18 10:00:00,121.6080748291417,0.6926866873384695,0.5527639764960987,67.69200000000001,798.0
2020-05-18 11:00:00,136.71013904121753,0.6631978173882593,0.6214097229146252,76.51746,936.99
2020-05-18 12:00:00,127.47956663403987,0.6729995070955542,0.5794525756092721,73.584,861.0
2020-05-18 13:00:00,121.74661965121291,0.6781785854011414,0.5533937256873314,72.03399999999999,816.0
2020-05-18 14:00:00,123.69817922201095,0.6725651327860535,0.5622644510091407,73.714,836.0
2020-05-18 15:00:00,106.80784146677448,0.6965425946705001,0.48549018848533854,66.53800000000001,697.0
2020-05-18 16:00:00,80.85251229854192,0.732094461232723,0.36751141953882693,55.897999999999996,502.0
2020-05-18 17:00:00,14.429933674087668,0.8097605877714741,0.0655906076094894,32.654,81.0
2020-05-18 18:00:00,4.349245347800299,0.8237207098106626,0.019769297035455904,28.476,24.0
2020-05-18 19:00:00,0.0,,0.0,25.78,0.0
2020-05-18 20:00:00,0.0,,0.0,24.65,0.0
2020-05-18 21:00:00,0.0,,0.0,23.46,0.0
2020-05-18 22:00:00,0.0,,0.0,22.33,0.0
2020-05-18 23:00:00,0.0,,0.0,21.53,0.0
2020-05-19 00:00:00,0.0,,0.0,20.36,0.0
2020-05-19 01:00:00,0.0,,0.0,19.75,0.0
2020-05-19 02:00:00,0.0,,0.0,19.46,0.0
2020-05-19 03:00:00,0.0,,0.0,19.13,0.0
2020-05-19 04:00:00,0.0,,0.0,18.86,0.0
2020-05-19 05:00:00,0.0,,0.0,18.98,0.0
2020-05-19 06:00:00,0.0,,0.0,19.04,0.0
2020-05-19 07:00:00,22.234488589763572,0.835255018398331,0.10106585722619806,25.024,121.0
2020-05-19 08:00:00,63.46501363265122,0.7796684721455923,0.2884773346938692,41.66,370.0
2020-05-19 09:00:00,97.18587593435954,0.728966966204317,0.4417539815198161,56.834,606.0
2020-05-19 10:00:00,121.8345148076178,0.6879504703481228,0.5537932491255354,69.10946000000001,804.99
2020-05-19 11:00:00,136.52179691478693,0.6594688810082366,0.6205536223399406,77.63346000000001,940.99
2020-05-19 12:00:00,143.03861855118862,0.6437445310043062,0.6501755388690392,82.33946,1009.99
2020-05-19 13:00:00,140.27891628322027,0.6440786650885375,0.6376314376510013,82.23946000000001,989.99
2020-05-19 14:00:00,130.2344065828546,0.6599567167712146,0.5919745753766118,77.48746,896.99
2020-05-19 15:00:00,112.8381209443551,0.6857050893020877,0.5129005497470687,69.78146000000001,747.99
2020-05-19 16:00:00,83.36653126753923,0.7273297091915829,0.3789387784888147,57.324000000000005,521.0
2020-05-19 17:00:00,14.060166194577473,0.8089853966960572,0.06390984633898851,32.886,79.0
2020-05-19 18:00:00,4.341129899162486,0.8221836930231982,0.019732408632556757,28.936,24.0
2020-05-19 19:00:00,0.0,,0.0,26.29,0.0
2020-05-19 20:00:00,0.0,,0.0,25.3,0.0
2020-05-19 21:00:00,0.0,,0.0,24.46,0.0
2020-05-19 22:00:00,0.0,,0.0,23.7,0.0
2020-05-19 23:00:00,0.0,,0.0,22.59,0.0
2020-05-20 00:00:00,0.0,,0.0,21.77,0.0
2020-05-20 01:00:00,0.0,,0.0,21.01,0.0
2020-05-20 02:00:00,0.0,,0.0,20.38,0.0
2020-05-20 03:00:00,0.0,,0.0,19.87,0.0
2020-05-20 04:00:00,0.0,,0.0,19.51,0.0
2020-05-20 05:00:00,0.0,,0.0,19.08,0.0
2020-05-20 06:00:00,0.0,,0.0,18.65,0.0
2020-05-20 07:00:00,13.722956071966617,0.8429334196539691,0.06237707305439372,22.726000000000003,74.0
2020-05-20 08:00:00,40.702356355563104,0.8043943943787174,0.185010710707105,34.26,230.0
2020-05-20 09:00:00,71.64186769496673,0.7626343165314747,0.3256448531589397,46.757999999999996,427.0
2020-05-20 10:00:00,85.28665670657551,0.7412363697772946,0.38766662139352503,53.162000000000006,523.0
2020-05-20 11:00:00,112.89995732961349,0.6972576416107553,0.5131816242255158,66.324,736.0
2020-05-20 12:00:00,128.98568804754004,0.6692906187605855,0.5862985820342729,74.69399999999999,876.0
2020-05-20 13:00:00,99.07396593393604,0.7114316094638521,0.45033620879061836,62.082,633.0
2020-05-20 14:00:00,120.20247471450263,0.6787265652992808,0.546374885065921,71.87,805.0
2020-05-20 15:00:00,84.71196091725082,0.7278910544530918,0.3850543678056855,57.156,529.0
2020-05-20 16:00:00,61.125894343318535,0.759139274010414,0.2778449742878115,47.804,366.0
2020-05-20 17:00:00,23.722806002719544,0.804708480417895,0.10783093637599793,34.166,134.0
2020-05-20 18:00:00,0.7320781554894126,0.8319069948743325,0.0033276279794973297,26.026,4.0
2020-05-20 19:00:00,0.0,,0.0,24.79,0.0
2020-05-20 20:00:00,0.0,,0.0,23.94,0.0
2020-05-20 21:00:00,0.0,,0.0,23.36,0.0
2020-05-20 22:00:00,0.0,,0.0,23.05,0.0
2020-05-20 23:00:00,0.0,,0.0,22.23,0.0
2020-05-21 00:00:00,0.0,,0.0,21.62,0.0
2020-05-21 01:00:00,0.0,,0.0,21.28,0.0
2020-05-21 02:00:00,0.0,,0.0,20.92,0.0
2020-05-21 03:00:00,0.0,,0.0,20.92,0.0
2020-05-21 04:00:00,0.0,,0.0,20.63,0.0
2020-05-21 05:00:00,0.0,,0.0,20.53,0.0
2020-05-21 06:00:00,0.0,,0.0,20.46,0.0
2020-05-21 07:00:00,15.253709048234512,0.8353619413052854,0.06933504112833869,24.992,83.0
2020-05-21 08:00:00,11.044949173266605,0.8367385737323186,0.05020431442393911,24.58,60.0
2020-05-21 09:00:00,60.504421519698674,0.7790937615207143,0.27502009781681214,41.832,353.0
2020-05-21 10:00:00,79.33733157444281,0.7513004883943448,0.36062423442928554,50.150000000000006,480.0
2020-05-21 11:00:00,98.69458782258793,0.7235673594031373,0.44861176282994514,58.449999999999996,620.0
2020-05-21 12:00:00,81.64332454335754,0.7422120413032504,0.3711060206516252,52.870000000000005,500.0
2020-05-21 13:00:00,75.80921819922222,0.7474779944707377,0.34458735545101005,51.294,461.0
2020-05-21 14:00:00,96.38977100564968,0.7182546274638576,0.4381353227529531,60.040000000000006,610.0
2020-05-21 15:00:00,77.2234586203186,0.7421051183962963,0.3510157210014482,52.902,473.0
2020-05-21 16:00:00,66.98297534612475,0.7555038951739764,0.3044680697551125,48.891999999999996,403.0
2020-05-21 17:00:00,6.887254876738158,0.8238343153993013,0.03130570398517345,28.442,38.0
2020-05-21 18:00:00,0.7326662314776599,0.8325752630427953,0.0033303010521711814,25.826,4.0
2020-05-21 19:00:00,0.0,,0.0,24.69,0.0
2020-05-21 20:00:00,0.0,,0.0,23.93,0.0
2020-05-21 21:00:00,0.0,,0.0,23.29,0.0
2020-05-21 22:00:00,0.0,,0.0,22.61,0.0
2020-05-21 23:00:00,0.0,,0.0,22.06,0.0
2020-05-22 00:00:00,0.0,,0.0,21.5,0.0
2020-05-22 01:00:00,0.0,,0.0,21.07,0.0
2020-05-22 02:00:00,0.0,,0.0,20.62,0.0
2020-05-22 03:00:00,0.0,,0.0,20.11,0.0
2020-05-22 04:00:00,0.0,,0.0,19.98,0.0
2020-05-22 05:00:00,0.0,,0.0,19.73,0.0
2020-05-22 06:00:00,0.0,,0.0,19.45,0.0
2020-05-22 07:00:00,7.07776209313087,0.8466222599438841,0.03217164587786759,21.622,38.0
2020-05-22 08:00:00,8.162506478392245,0.8432341403297774,0.03710230217451021,22.636000000000003,44.0
2020-05-22 09:00:00,59.31229739936329,0.7837248599281618,0.26960135181528766,40.446000000000005,344.0
2020-05-22 10:00:00,97.25972210639372,0.7331503249388943,0.4420896459381533,55.58200000000001,603.0
2020-05-22 11:00:00,133.28955892227714,0.6739283998497175,0.6058616314648961,73.30600000000001,899.0
2020-05-22 12:00:00,139.73702100551415,0.6575309033196944,0.6351682772977916,78.21346000000001,965.99
2020-05-22 13:00:00,121.66954053143333,0.6827695877184811,0.5530433660519697,70.66,810.0
2020-05-22 14:00:00,123.1100326646451,0.6782921909897802,0.5595910575665687,72.0,825.0
2020-05-22 15:00:00,91.05876219926996,0.7236074554932451,0.4139034645421362,58.438,572.0
2020-05-22 16:00:00,70.10125709494585,0.7515143342082531,0.3186420777042993,50.086000000000006,424.0
2020-05-22 17:00:00,14.357875253057758,0.8157883666510088,0.06526306933208072,30.85,80.0
2020-05-22 18:00:00,4.375885190067902,0.8287661344825572,0.019890387227581373,26.966,24.0
2020-05-22 19:00:00,0.0,,0.0,24.68,0.0
2020-05-22 20:00:00,0.0,,0.0,23.93,0.0
2020-05-22 21:00:00,0.0,,0.0,23.27,0.0
2020-05-22 22:00:00,0.0,,0.0,23.05,0.0
2020-05-22 23:00:00,0.0,,0.0,22.19,0.0
2020-05-23 00:00:00,0.0,,0.0,21.37,0.0
2020-05-23 01:00:00,0.0,,0.0,20.73,0.0
2020-05-23 02:00:00,0.0,,0.0,20.22,0.0
2020-05-23 03:00:00,0.0,,0.0,19.67,0.0
2020-05-23 04:00:00,0.0,,0.0,19.3,0.0
2020-05-23 05:00:00,0.0,,0.0,18.74,0.0
2020-05-23 06:00:00,0.0,,0.0,18.71,0.0
2020-05-23 07:00:00,17.361382211252643,0.8395252519948087,0.07891537368751202,23.746000000000002,94.0
2020-05-23 08:00:00,59.57781370805695,0.7872332678125917,0.27080824412753157,39.396,344.0
2020-05-23 09:00:00,94.08500270498051,0.7386167585569203,0.4276591032044569,53.946,579.0
2020-05-23 10:00:00,118.62589885723052,0.6993626863414133,0.5392086311692297,65.694,771.0
2020-05-23 11:00:00,133.6864827619278,0.669980739298157,0.6076658307360355,74.48746,906.99
2020-05-23 12:00:00,134.93884008416626,0.6623740432169952,0.6133583640189375,76.764,926.0
2020-05-23 13:00:00,136.16868548208805,0.656368116706569,0.6189485703731276,78.56146000000001,942.99
2020-05-23 14:00:00,109.02696091032534,0.6950590393365124,0.49557709504693337,66.982,713.0
2020-05-23 15:00:00,78.2458743017756,0.7348410434051051,0.35566306500807093,55.07600000000001,484.0
2020-05-23 16:00:00,38.64817017386602,0.780771114623556,0.17567350079030009,41.33,225.0
2020-05-23 17:00:00,19.09002275756575,0.8034521362611848,0.08677283071620796,34.542,108.0
2020-05-23 18:00:00,0.7268148753945991,0.8259259947665899,0.0033037039790663595,27.816000000000003,4.0
2020-05-23 19:00:00,0.0,,0.0,25.99,0.0
2020-05-23 20:00:00,0.0,,0.0,24.64,0.0
2020-05-23 21:00:00,0.0,,0.0,23.5,0.0
2020-05-23 22:00:00,0.0,,0.0,23.28,0.0
2020-05-23 23:00:00,0.0,,0.0,22.6,0.0
2020-05-24 00:00:00,0.0,,0.0,21.74,0.0
2020-05-24 01:00:00,0.0,,0.0,20.9,0.0
2020-05-24 02:00:00,0.0,,0.0,20.31,0.0
2020-05-24 03:00:00,0.0,,0.0,19.61,0.0
2020-05-24 04:00:00,0.0,,0.0,19.18,0.0
2020-05-24 05:00:00,0.0,,0.0,18.44,0.0
2020-05-24 06:00:00,0.0,,0.0,17.83,0.0
2020-05-24 07:00:00,3.9524263728307285,0.8555035439027551,0.017965574421957856,18.964,21.0
2020-05-24 08:00:00,59.80578430528096,0.7879549974345317,0.27184447411491347,39.18,345.0
2020-05-24 09:00:00,92.24865016066005,0.7421452144864042,0.4193120461848184,52.89,565.0
2020-05-24 10:00:00,109.81901252528623,0.7120931949506304,0.4991773296603919,61.884,701.0
2020-05-24 11:00:00,108.354875326777,0.7086649792464159,0.49252216057625914,62.91,695.0
2020-05-24 12:00:00,92.07952979776991,0.7253783661396715,0.4185433172625905,57.908,577.0
2020-05-24 13:00:00,77.38657325717875,0.7405413708820934,0.3517571511689943,53.37,475.0
2020-05-24 14:00:00,74.8250803838402,0.7409891105549633,0.34011400174472817,53.236000000000004,459.0
2020-05-24 15:00:00,91.03246932183542,0.718374915734181,0.41378395146288827,60.004,576.0
2020-05-24 16:00:00,81.31598380601946,0.7304705695833584,0.36961810820917934,56.384,506.0
2020-05-24 17:00:00,24.079487321301265,0.7989212780790068,0.10945221509682393,35.897999999999996,137.0
2020-05-24 18:00:00,4.705222445386094,0.8225913366059606,0.021387374751754975,28.814,26.0
2020-05-24 19:00:00,0.0,,0.0,25.79,0.0
2020-05-24 20:00:00,0.0,,0.0,24.19,0.0
2020-05-24 21:00:00,0.0,,0.0,23.0,0.0
2020-05-24 22:00:00,0.0,,0.0,22.6,0.0
2020-05-24 23:00:00,0.0,,0.0,22.23,0.0
2020-05-25 00:00:00,0.0,,0.0,21.68,0.0
2020-05-25 01:00:00,0.0,,0.0,20.46,0.0
2020-05-25 02:00:00,0.0,,0.0,19.53,0.0
2020-05-25 03:00:00,0.0,,0.0,18.96,0.0
2020-05-25 04:00:00,0.0,,0.0,18.42,0.0
2020-05-25 05:00:00,0.0,,0.0,18.02,0.0
2020-05-25 06:00:00,0.0,,0.0,17.81,0.0
2020-05-25 07:00:00,20.300824171287875,0.8388770318713998,0.09227647350585398,23.94,110.0
2020-05-25 08:00:00,61.16089515594905,0.7831100532131761,0.27800406889067747,40.63,355.0
2020-05-25 09:00:00,94.65041571483071,0.7341794579183271,0.43022916234013964,55.274,586.0
2020-05-25 10:00:00,119.17458602638199,0.6944994983990587,0.5417026637562817,67.14946,779.99
2020-05-25 11:00:00,133.11310029330386,0.6671071861737669,0.6050595467877448,75.34746,906.99
2020-05-25 12:00:00,135.99350144224886,0.6562126107037679,0.6181522792829494,78.608,942.0
2020-05-25 13:00:00,130.4926607010332,0.6612580353756623,0.5931484577319691,77.098,897.0
2020-05-25 14:00:00,126.690925473592,0.6649820933980553,0.5758678430617818,75.98346000000001,865.99
2020-05-25 15:00:00,107.29112231391612,0.6937225029995869,0.48768691960870963,67.382,703.0
2020-05-25 16:00:00,80.29670109938982,0.7314328757459448,0.36498500499722647,56.096000000000004,499.0
2020-05-25 17:00:00,17.027340348028478,0.8062187664786211,0.07739700158194762,33.714,96.0
2020-05-25 18:00:00,4.706178068866997,0.8227584036480764,0.021391718494849988,28.764,26.0
2020-05-25 19:00:00,0.0,,0.0,25.91,0.0
2020-05-25 20:00:00,0.0,,0.0,24.78,0.0
2020-05-25 21:00:00,0.0,,0.0,23.85,0.0
2020-05-25 22:00:00,0.0,,0.0,23.2,0.0
2020-05-25 23:00:00,0.0,,0.0,22.51,0.0
2020-05-26 00:00:00,0.0,,0.0,21.8,0.0
2020-05-26 01:00:00,0.0,,0.0,21.34,0.0
2020-05-26 02:00:00,0.0,,0.0,20.53,0.0
2020-05-26 03:00:00,0.0,,0.0,19.76,0.0
2020-05-26 04:00:00,0.0,,0.0,19.22,0.0
2020-05-26 05:00:00,0.0,,0.0,18.54,0.0
2020-05-26 06:00:00,0.0,,0.0,18.33,0.0
2020-05-26 07:00:00,5.80285892649982,0.8508590801319383,0.02637663148409009,20.354,31.0
2020-05-26 08:00:00,37.71674160931063,0.8086779933385642,0.1714397345877756,32.978,212.0
2020-05-26 09:00:00,70.20623453960786,0.7652739757969028,0.31911924790730845,45.968,417.0
2020-05-26 10:00:00,87.72226603386986,0.7384029127430123,0.39873757288122663,54.010000000000005,540.0
2020-05-26 11:00:00,106.31035270375682,0.7095871893188949,0.48322887592616737,62.634,681.0
2020-05-26 12:00:00,111.82904743197561,0.6982333131367109,0.5083138519635255,66.03200000000001,728.0
2020-05-26 13:00:00,125.6719665949748,0.6744229182943802,0.57123621179534,73.15800000000002,847.0
2020-05-26 14:00:00,106.03861602129747,0.700572251726331,0.4819937091877158,65.33200000000001,688.0
2020-05-26 15:00:00,104.65874717152413,0.702690661820358,0.4757215780523824,64.69800000000001,677.0
2020-05-26 16:00:00,77.96123376194416,0.7382692591093197,0.35436924437247347,54.05,480.0
2020-05-26 17:00:00,14.4829266715786,0.8127343811211335,0.06583148487081182,31.764000000000003,81.0
2020-05-26 18:00:00,4.360007138385225,0.8257589277244743,0.019818214265387383,27.866,24.0
2020-05-26 19:00:00,0.0,,0.0,25.46,0.0
2020-05-26 20:00:00,0.0,,0.0,24.73,0.0
2020-05-26 21:00:00,0.0,,0.0,23.98,0.0
2020-05-26 22:00:00,0.0,,0.0,23.85,0.0
2020-05-26 23:00:00,0.0,,0.0,23.15,0.0
2020-05-27 00:00:00,0.0,,0.0,22.41,0.0
2020-05-27 01:00:00,0.0,,0.0,21.74,0.0
2020-05-27 02:00:00,0.0,,0.0,21.47,0.0
2020-05-27 03:00:00,0.0,,0.0,21.3,0.0
2020-05-27 04:00:00,0.0,,0.0,21.05,0.0
2020-05-27 05:00:00,0.0,,0.0,20.7,0.0
2020-05-27 06:00:00,0.0,,0.0,20.14,0.0
2020-05-27 07:00:00,6.8791026733510785,0.8450986085197885,0.03126864851523217,22.078,37.0
2020-05-27 08:00:00,59.52935183605546,0.7843129359164092,0.2705879628911612,40.269999999999996,345.0
2020-05-27 09:00:00,93.15858748822494,0.736431521646047,0.423448124946477,54.6,575.0
2020-05-27 10:00:00,119.05991267886374,0.6938312302305958,0.5411814212675624,67.34946000000001,779.99
2020-05-27 11:00:00,131.76978439452066,0.6669935805851283,0.5989535654296393,75.38146,897.99
2020-05-27 12:00:00,136.4253909275859,0.6534477848103865,0.6201154133072087,79.43546,948.99
2020-05-27 13:00:00,134.86167604224445,0.6514496629866826,0.6130076183738384,80.03346,940.99
2020-05-27 14:00:00,124.3649072235103,0.6658441593353722,0.5652950328341377,75.72546,848.99
2020-05-27 15:00:00,108.98571884326208,0.6880507105733923,0.4953896311057367,69.07946,719.99
2020-05-27 16:00:00,81.66498485219465,0.726427547164158,0.3712044766008848,57.594,511.0
2020-05-27 17:00:00,14.007320216083597,0.8059447765295511,0.06366963734583453,33.796,79.0
2020-05-27 18:00:00,4.325957538665706,0.8193101398988079,0.01966344335757139,29.796,24.0
2020-05-27 19:00:00,0.0,,0.0,27.24,0.0
2020-05-27 20:00:00,0.0,,0.0,26.36,0.0
2020-05-27 21:00:00,0.0,,0.0,25.45,0.0
2020-05-27 22:00:00,0.0,,0.0,24.73,0.0
2020-05-27 23:00:00,0.0,,0.0,24.19,0.0
2020-05-28 00:00:00,0.0,,0.0,23.33,0.0
2020-05-28 01:00:00,0.0,,0.0,22.61,0.0
2020-05-28 02:00:00,0.0,,0.0,21.94,0.0
2020-05-28 03:00:00,0.0,,0.0,21.38,0.0
2020-05-28 04:00:00,0.0,,0.0,20.99,0.0
2020-05-28 05:00:00,0.0,,0.0,20.69,0.0
2020-05-28 06:00:00,0.0,,0.0,20.13,0.0
2020-05-28 07:00:00,13.82438006746966,0.8378412162102824,0.06283809121577118,24.25,75.0
2020-05-28 08:00:00,57.72805009082448,0.7856294242082809,0.2624002276855658,39.876000000000005,334.0
2020-05-28 09:00:00,94.0691761099468,0.7359503685647535,0.4275871641361218,54.744,581.0
2020-05-28 10:00:00,119.52820158722177,0.6938913743657574,0.5433100072146444,67.33146,782.99
2020-05-28 11:00:00,133.44166424339943,0.6658174286086337,0.6065530192881792,75.73346000000001,910.99
2020-05-28 12:00:00,141.21041923938816,0.6483555813666996,0.6418655419972189,80.95946,989.99
2020-05-28 13:00:00,138.7329818900854,0.6494448584812941,0.6306044631367518,80.63346,970.99
2020-05-28 14:00:00,127.05773425459392,0.666138197329496,0.5775351557026996,75.63746,866.99
2020-05-28 15:00:00,109.05708258482895,0.6923476748966082,0.49571401174922247,67.79346000000001,715.99
2020-05-28 16:00:00,82.85037550246463,0.7284189863061775,0.37659261592029375,56.998000000000005,517.0
2020-05-28 17:00:00,14.244376587326029,0.8093395788253425,0.0647471663060274,32.78,80.0
2020-05-28 18:00:00,4.346069737463764,0.8231192684590461,0.019754862443017107,28.656,24.0
2020-05-28 19:00:00,0.0,,0.0,26.09,0.0
2020-05-28 20:00:00,0.0,,0.0,25.03,0.0
2020-05-28 21:00:00,0.0,,0.0,24.13,0.0
2020-05-28 22:00:00,0.0,,0.0,23.55,0.0
2020-05-28 23:00:00,0.0,,0.0,22.77,0.0
2020-05-29 00:00:00,0.0,,0.0,22.18,0.0
2020-05-29 01:00:00,0.0,,0.0,20.81,0.0
2020-05-29 02:00:00,0.0,,0.0,20.49,0.0
2020-05-29 03:00:00,0.0,,0.0,20.63,0.0
2020-05-29 04:00:00,0.0,,0.0,20.9,0.0
2020-05-29 05:00:00,0.0,,0.0,21.0,0.0
2020-05-29 06:00:00,0.0,,0.0,20.77,0.0
2020-05-29 07:00:00,2.049375720113211,0.8468494711211615,0.009315344182332777,21.554000000000002,11.0
2020-05-29 08:00:00,18.20977297607755,0.8277169534580704,0.08277169534580704,27.28,100.0
2020-05-29 09:00:00,36.95286912551663,0.8036726647567776,0.1679675869341665,34.476,209.0
2020-05-29 10:00:00,90.11545302956199,0.7367188769584858,0.40961569558891814,54.513999999999996,556.0
2020-05-29 11:00:00,111.36751216468943,0.7021025858321108,0.506215964384952,64.874,721.0
2020-05-29 12:00:00,126.9519698506139,0.6749174367390426,0.5770544084118814,73.01,855.0
2020-05-29 13:00:00,114.47386920265885,0.6901004895265183,0.5203357691029947,68.46600000000001,754.0
2020-05-29 14:00:00,112.11393349353219,0.6914637565901824,0.5096087886069645,68.058,737.0
2020-05-29 15:00:00,105.6990991706227,0.7003650885941075,0.48045045077555776,65.394,686.0
2020-05-29 16:00:00,68.5651438060451,0.749182078300318,0.3116597445729323,50.784000000000006,416.0
2020-05-29 17:00:00,22.780730322396938,0.8027036759125067,0.10354877419271336,34.766,129.0
2020-05-29 18:00:00,4.532963226908695,0.8241751321652173,0.020604378304130432,28.34,25.0
2020-05-29 19:00:00,0.0,,0.0,25.87,0.0
2020-05-29 20:00:00,0.0,,0.0,24.99,0.0
2020-05-29 21:00:00,0.0,,0.0,24.16,0.0
2020-05-29 22:00:00,0.0,,0.0,23.59,0.0
2020-05-29 23:00:00,0.0,,0.0,22.75,0.0
2020-05-30 00:00:00,0.0,,0.0,21.78,0.0
2020-05-30 01:00:00,0.0,,0.0,21.3,0.0
2020-05-30 02:00:00,0.0,,0.0,20.62,0.0
2020-05-30 03:00:00,0.0,,0.0,20.69,0.0
2020-05-30 04:00:00,0.0,,0.0,20.44,0.0
2020-05-30 05:00:00,0.0,,0.0,20.07,0.0
2020-05-30 06:00:00,0.0,,0.0,19.52,0.0
2020-05-30 07:00:00,17.852578561196083,0.8365781893718877,0.0811480843690731,24.628,97.0
2020-05-30 08:00:00,59.595514795303195,0.7874671616715537,0.27088870361501455,39.32600000000001,344.0
2020-05-30 09:00:00,94.47491178708816,0.7391246423649519,0.4294314172140371,53.794000000000004,581.0
2020-05-30 10:00:00,116.33909774819226,0.7022763355559113,0.5288140806736011,64.822,753.0
2020-05-30 11:00:00,127.2468120386515,0.678866901614658,0.5783946001756887,71.828,852.0
2020-05-30 12:00:00,140.1946568291337,0.6502601456468187,0.6372484401324259,80.38946,979.99
2020-05-30 13:00:00,137.52203939693368,0.6497990406105794,0.6251001790769712,80.52745999999999,961.99
2020-05-30 14:00:00,127.94435229625695,0.6623825302227347,0.5815652377102589,76.76146,877.99
2020-05-30 15:00:00,110.83931461356626,0.6873423463148217,0.5038150664253012,69.29146,732.99
2020-05-30 16:00:00,81.84153261481636,0.7279979773600459,0.37200696643098347,57.124,511.0
2020-05-30 17:00:00,15.959426697550738,0.8060316513914514,0.07254284862523062,33.77,90.0
2020-05-30 18:00:00,4.699297579804504,0.8215555209448433,0.021360443544565927,29.124,26.0
2020-05-30 19:00:00,0.0,,0.0,26.22,0.0
2020-05-30 20:00:00,0.0,,0.0,25.14,0.0
2020-05-30 21:00:00,0.0,,0.0,24.28,0.0
2020-05-30 22:00:00,0.0,,0.0,23.62,0.0
2020-05-30 23:00:00,0.0,,0.0,22.82,0.0
2020-05-31 00:00:00,0.0,,0.0,22.08,0.0
2020-05-31 01:00:00,0.0,,0.0,21.31,0.0
2020-05-31 02:00:00,0.0,,0.0,20.55,0.0
2020-05-31 03:00:00,0.0,,0.0,19.92,0.0
2020-05-31 04:00:00,0.0,,0.0,19.3,0.0
2020-05-31 05:00:00,0.0,,0.0,18.43,0.0
2020-05-31 06:00:00,0.0,,0.0,17.75,0.0
2020-05-31 07:00:00,19.414336373754338,0.8404474620672873,0.08824698351706517,23.47,105.0
2020-05-31 08:00:00,59.40333156234397,0.7849277426313949,0.2700151434651999,40.086000000000006,344.0
2020-05-31 09:00:00,93.51041570971363,0.7341059484197962,0.42504734413506196,55.29600000000001,579.0
2020-05-31 10:00:00,117.87395384427585,0.6940383933628194,0.5357906992921629,67.28746000000001,771.99
2020-05-31 11:00:00,132.983463455178,0.6642603637761154,0.6044702884326273,76.19946,909.99
2020-05-31 12:00:00,140.41530370442288,0.6460099600953951,0.6382513804746495,81.66146,987.99
2020-05-31 13:00:00,138.37563686894336,0.645114480749655,0.6289801675861062,81.92946,974.99
2020-05-31 14:00:00,128.43801756562183,0.6589342664734664,0.5838091707528266,77.79346000000001,885.99
2020-05-31 15:00:00,111.4147827377882,0.6843752356468467,0.50643083062631,70.17946,739.99
2020-05-31 16:00:00,82.60408952454945,0.7248656039740101,0.3754731342024975,58.06146,517.99
2020-05-31 17:00:00,15.748341232139282,0.8043075195168172,0.07158336923699674,34.286,89.0
2020-05-31 18:00:00,4.508705092393495,0.8197645622533627,0.020494114056334067,29.66,25.0
2020-05-31 19:00:00,0.0,,0.0,26.84,0.0
2020-05-31 20:00:00,0.0,,0.0,25.76,0.0
2020-05-31 21:00:00,0.0,,0.0,24.71,0.0
2020-05-31 22:00:00,0.0,,0.0,23.94,0.0
2020-05-31 23:00:00,0.0,,0.0,23.0,0.0
2020-06-01 00:00:00,0.0,,0.0,22.25,0.0
2020-06-01 01:00:00,0.0,,0.0,21.7,0.0
2020-06-01 02:00:00,0.0,,0.0,21.11,0.0
2020-06-01 03:00:00,0.0,,0.0,20.69,0.0
2020-06-01 04:00:00,0.0,,0.0,20.22,0.0
2020-06-01 05:00:00,0.0,,0.0,19.98,0.0
2020-06-01 06:00:00,0.0,,0.0,19.58,0.0
2020-06-01 07:00:00,20.17225605835731,0.8335642999321202,0.09169207299253322,25.53,110.0
2020-06-01 08:00:00,60.968833948757386,0.7828561113091601,0.2771310634034427,40.706,354.0
2020-06-01 09:00:00,94.3989284694337,0.7334929460288653,0.4290860384974259,55.47946,584.99
2020-06-01 10:00:00,118.4562118791562,0.6947668056664438,0.5384373267234372,67.06945999999999,774.99
2020-06-01 11:00:00,127.11681196068953,0.6750043116009428,0.5778036907304069,72.98400000000001,856.0
2020-06-01 12:00:00,121.11389399355794,0.6788134401611812,0.5505176999707179,71.844,811.0
2020-06-01 13:00:00,106.76172895834604,0.6962418739946917,0.4852805861743002,66.628,697.0
2020-06-01 14:00:00,120.58134266993098,0.6725116713325765,0.5480970121360499,73.72999999999999,815.0
2020-06-01 15:00:00,89.08384572040868,0.7166841972679701,0.4049265714564031,60.510000000000005,565.0
2020-06-01 16:00:00,76.20804986426155,0.7338987852875727,0.34640022665573433,55.358000000000004,472.0
2020-06-01 17:00:00,22.981962574625303,0.7974310400633345,0.10446346624829683,36.344,131.0
2020-06-01 18:00:00,5.050943497736856,0.8199583600222169,0.022958834080622076,29.602,28.0
2020-06-01 19:00:00,0.0,,0.0,26.55,0.0
2020-06-01 20:00:00,0.0,,0.0,25.51,0.0
2020-06-01 21:00:00,0.0,,0.0,24.75,0.0
2020-06-01 22:00:00,0.0,,0.0,24.46,0.0
2020-06-01 23:00:00,0.0,,0.0,23.66,0.0
2020-06-02 00:00:00,0.0,,0.0,22.85,0.0
2020-06-02 01:00:00,0.0,,0.0,22.14,0.0
2020-06-02 02:00:00,0.0,,0.0,21.47,0.0
2020-06-02 03:00:00,0.0,,0.0,20.86,0.0
2020-06-02 04:00:00,0.0,,0.0,20.37,0.0
2020-06-02 05:00:00,0.0,,0.0,19.92,0.0
2020-06-02 06:00:00,0.0,,0.0,19.6,0.0
2020-06-02 07:00:00,18.02409092316841,0.8359967960653252,0.08192768601440185,24.802000000000003,98.0
2020-06-02 08:00:00,57.51123235471759,0.7873936521730228,0.2614146925214436,39.348,332.0
2020-06-02 09:00:00,91.91098133877836,0.7381222401122579,0.41777718790353796,54.09400000000001,566.0
2020-06-02 10:00:00,116.98562331063313,0.6978475219230575,0.5317528332301505,66.14746,761.99
2020-06-02 11:00:00,130.87195956517238,0.6684036264205848,0.5948725434780563,74.95945999999999,889.99
2020-06-02 12:00:00,136.75603521119177,0.6564148954783614,0.6216183418690535,78.54746,946.99
2020-06-02 13:00:00,122.00454977965815,0.6796153619633364,0.5545661353620825,71.604,816.0
2020-06-02 14:00:00,114.62347132349905,0.690087124163149,0.5210157787431775,68.47,755.0
2020-06-02 15:00:00,84.9609140657355,0.731412827700891,0.38618597302607044,56.102000000000004,528.0
2020-06-02 16:00:00,60.13771203532736,0.7635565266039532,0.2733532365242153,46.482,358.0
2020-06-02 17:00:00,24.24867678312001,0.8045347306940945,0.11022125810509097,34.218,137.0
2020-06-02 18:00:00,4.915090593501877,0.8274563288723699,0.022341320879553987,27.357999999999997,27.0
2020-06-02 19:00:00,0.0,,0.0,24.86,0.0
2020-06-02 20:00:00,0.0,,0.0,24.11,0.0
2020-06-02 21:00:00,0.0,,0.0,23.56,0.0
2020-06-02 22:00:00,0.0,,0.0,23.2,0.0
2020-06-02 23:00:00,0.0,,0.0,22.31,0.0
2020-06-03 00:00:00,0.0,,0.0,21.54,0.0
2020-06-03 01:00:00,0.0,,0.0,20.98,0.0
2020-06-03 02:00:00,0.0,,0.0,20.39,0.0
2020-06-03 03:00:00,0.0,,0.0,19.91,0.0
2020-06-03 04:00:00,0.0,,0.0,19.47,0.0
2020-06-03 05:00:00,0.0,,0.0,19.2,0.0
2020-06-03 06:00:00,0.0,,0.0,18.96,0.0
2020-06-03 07:00:00,21.10270253601233,0.8340989144668906,0.09592137516369241,25.37,115.0
2020-06-03 08:00:00,60.7558240046744,0.7845535124570558,0.27616283638488365,40.198,352.0
2020-06-03 09:00:00,93.49055737935018,0.7365068354686325,0.42495707899704627,54.57746,576.99
2020-06-03 10:00:00,117.34948014129874,0.6972728112981794,0.5334067279149943,66.31945999999999,764.99
2020-06-03 11:00:00,132.1716083960148,0.6682833381502614,0.6007800381637036,74.99546000000001,898.99
2020-06-03 12:00:00,134.65350206754133,0.657430663094425,0.6120613730342788,78.24346,930.99
2020-06-03 13:00:00,127.76873682917082,0.66525427902307,0.5807669855871401,75.90200000000002,873.0
2020-06-03 14:00:00,111.06684214360833,0.6887439051445389,0.504849282470947,68.872,733.0
2020-06-03 15:00:00,72.78847032324187,0.7418311284472265,0.33085668328746304,52.984,446.0
2020-06-03 16:00:00,55.96638613739136,0.7662429646411741,0.2543926642608698,45.678,332.0
2020-06-03 17:00:00,21.971589219217627,0.805410161994781,0.09987086008735285,33.956,124.0
2020-06-03 18:00:00,4.36653478185477,0.8269952238361307,0.019847885372067137,27.496,24.0
2020-06-03 19:00:00,0.0,,0.0,24.78,0.0
2020-06-03 20:00:00,0.0,,0.0,23.67,0.0
2020-06-03 21:00:00,0.0,,0.0,22.89,0.0
2020-06-03 22:00:00,0.0,,0.0,22.02,0.0
2020-06-03 23:00:00,0.0,,0.0,21.62,0.0
2020-06-04 00:00:00,0.0,,0.0,21.37,0.0
2020-06-04 01:00:00,0.0,,0.0,21.06,0.0
2020-06-04 02:00:00,0.0,,0.0,20.62,0.0
2020-06-04 03:00:00,0.0,,0.0,20.06,0.0
2020-06-04 04:00:00,0.0,,0.0,19.79,0.0
2020-06-04 05:00:00,0.0,,0.0,19.44,0.0
2020-06-04 06:00:00,0.0,,0.0,19.37,0.0
2020-06-04 07:00:00,16.222417219874867,0.8379347737538672,0.0737382600903403,24.221999999999998,88.0
2020-06-04 08:00:00,45.522391816514656,0.8020153596989897,0.20691996280233935,34.972,258.0
2020-06-04 09:00:00,68.99271033406016,0.768635364684271,0.3136032287911826,44.962,408.0
2020-06-04 10:00:00,99.46378827483544,0.7222174577028423,0.45210812852197924,58.854,626.0
2020-06-04 11:00:00,113.4667626093659,0.6969702862983163,0.5157580118607541,66.41,740.0
2020-06-04 12:00:00,125.16604629247561,0.6740954668918333,0.5689365740567073,73.256,844.0
2020-06-04 13:00:00,99.62948162490407,0.7075957501768755,0.4528612801132003,63.23,640.0
2020-06-04 14:00:00,123.07276025752142,0.6699740566164724,0.5594216375341883,74.48946000000001,834.99
2020-06-04 15:00:00,107.82826056747427,0.6913051765538062,0.49012845712488307,68.10546000000001,708.99
2020-06-04 16:00:00,79.97251538972868,0.7299426377302728,0.36351143358967586,56.542,498.0
2020-06-04 17:00:00,18.187296711806738,0.8026168010506063,0.08266953050821245,34.792,103.0
2020-06-04 18:00:00,5.04888523177799,0.8196242259379853,0.02294947832626359,29.702,28.0
2020-06-04 19:00:00,0.0,,0.0,26.78,0.0
2020-06-04 20:00:00,0.0,,0.0,25.77,0.0
2020-06-04 21:00:00,0.0,,0.0,24.92,0.0
2020-06-04 22:00:00,0.0,,0.0,24.02,0.0
2020-06-04 23:00:00,0.0,,0.0,23.18,0.0
2020-06-05 00:00:00,0.0,,0.0,22.13,0.0
2020-06-05 01:00:00,0.0,,0.0,21.09,0.0
2020-06-05 02:00:00,0.0,,0.0,20.27,0.0
2020-06-05 03:00:00,0.0,,0.0,19.43,0.0
2020-06-05 04:00:00,0.0,,0.0,18.91,0.0
2020-06-05 05:00:00,0.0,,0.0,18.46,0.0
2020-06-05 06:00:00,0.0,,0.0,18.19,0.0
2020-06-05 07:00:00,20.098964147942052,0.83815530224946,0.09135892794519114,24.156,109.0
2020-06-05 08:00:00,60.03369609490613,0.7841391861926087,0.2728804367950278,40.322,348.0
2020-06-05 09:00:00,93.34210751989946,0.7353373661738226,0.4242823069086339,54.92746,576.99
2020-06-05 10:00:00,117.7655504453291,0.6952011799759448,0.5352979565696777,66.93946,769.99
2020-06-05 11:00:00,132.5720987881866,0.6658642073804261,0.6026004490372118,75.71946,904.99
2020-06-05 12:00:00,139.565115764676,0.6480013992374144,0.6343868898394364,81.06546,978.99
2020-06-05 13:00:00,135.4751604269381,0.6502668283285035,0.6157961837588095,80.38746,946.99
2020-06-05 14:00:00,127.1404474804846,0.6612331089729786,0.5779111249112936,77.10546000000001,873.99
2020-06-05 15:00:00,108.77692330164315,0.6886454692433243,0.49444056046201434,68.90146,717.99
2020-06-05 16:00:00,81.27591230818028,0.7272361516479982,0.3694359650371831,57.352000000000004,508.0
2020-06-05 17:00:00,15.767968268247035,0.8053099217695114,0.07167258303748653,33.986,89.0
2020-06-05 18:00:00,5.052590110503949,0.820225667289602,0.022966318684108856,29.522000000000002,28.0
2020-06-05 19:00:00,0.0,,0.0,26.74,0.0
2020-06-05 20:00:00,0.0,,0.0,25.73,0.0
2020-06-05 21:00:00,0.0,,0.0,24.91,0.0
2020-06-05 22:00:00,0.0,,0.0,24.23,0.0
2020-06-05 23:00:00,0.0,,0.0,23.49,0.0
2020-06-06 00:00:00,0.0,,0.0,22.82,0.0
2020-06-06 01:00:00,0.0,,0.0,22.0,0.0
2020-06-06 02:00:00,0.0,,0.0,21.34,0.0
2020-06-06 03:00:00,0.0,,0.0,20.84,0.0
2020-06-06 04:00:00,0.0,,0.0,20.36,0.0
2020-06-06 05:00:00,0.0,,0.0,19.82,0.0
2020-06-06 06:00:00,0.0,,0.0,19.01,0.0
2020-06-06 07:00:00,19.497627046159774,0.8360903536089097,0.08862557748254443,24.774,106.0
2020-06-06 08:00:00,59.18374986909232,0.7843062532347247,0.26901704485951056,40.272,343.0
2020-06-06 09:00:00,92.3857330806625,0.7354509717624612,0.41993515036664775,54.893460000000005,570.99
2020-06-06 10:00:00,116.27985317553494,0.6936374324617416,0.5285447871615224,67.40746,761.99
2020-06-06 11:00:00,131.41389965426882,0.6629772888926666,0.5973359075194037,76.58346,900.99
2020-06-06 12:00:00,137.8228785927747,0.645849575734964,0.6264676299671578,81.70946,969.99
2020-06-06 13:00:00,133.805642599968,0.6484157255018613,0.6082074663634909,80.94146,937.99
2020-06-06 14:00:00,125.03539740100824,0.6601037357682765,0.5683427154591284,77.44346,860.99
2020-06-06 15:00:00,107.41466396098282,0.6857518680738801,0.48824847254992193,69.76746,711.99
2020-06-06 16:00:00,79.88638578048997,0.7247902901514242,0.3631199353658635,58.084,501.0
2020-06-06 17:00:00,16.888319184406814,0.799636325019262,0.07676508720184916,35.684,96.0
2020-06-06 18:00:00,5.030566664744088,0.8166504325883259,0.022866212112473125,30.592,28.0
2020-06-06 19:00:00,0.0,,0.0,27.64,0.0
2020-06-06 20:00:00,0.0,,0.0,26.35,0.0
2020-06-06 21:00:00,0.0,,0.0,25.4,0.0
2020-06-06 22:00:00,0.0,,0.0,24.95,0.0
2020-06-06 23:00:00,0.0,,0.0,23.89,0.0
2020-06-07 00:00:00,0.0,,0.0,22.97,0.0
2020-06-07 01:00:00,0.0,,0.0,22.3,0.0
2020-06-07 02:00:00,0.0,,0.0,21.76,0.0
2020-06-07 03:00:00,0.0,,0.0,21.21,0.0
2020-06-07 04:00:00,0.0,,0.0,20.88,0.0
2020-06-07 05:00:00,0.0,,0.0,20.44,0.0
2020-06-07 06:00:00,0.0,,0.0,20.02,0.0
2020-06-07 07:00:00,9.447290791815822,0.8420045268998059,0.0429422308718901,23.004,51.0
2020-06-07 08:00:00,38.09332488952462,0.8091190503297497,0.17315147677056644,32.846000000000004,214.0
2020-06-07 09:00:00,51.79958989475481,0.7874671616715538,0.23545268133979458,39.326,299.0
2020-06-07 10:00:00,113.6551625249947,0.7028862639132671,0.5166143751136122,64.63946,734.99
2020-06-07 11:00:00,118.79224350145611,0.6887305397811695,0.5399647431884369,68.876,784.0
2020-06-07 12:00:00,121.69833861257781,0.6795752658732288,0.5531742664208082,71.616,814.0
2020-06-07 13:00:00,124.17518529835796,0.6719436433893828,0.5644326604470816,73.9,840.0
2020-06-07 14:00:00,105.32547538281959,0.6989082639868587,0.47875216083099814,65.83,685.0
2020-06-07 15:00:00,102.31841203508577,0.7036061892111524,0.46508369106857167,64.42399999999999,661.0
2020-06-07 16:00:00,74.61156469440732,0.7437356927273456,0.33914347588366967,52.414,456.0
2020-06-07 17:00:00,7.777351990649563,0.8221302315697211,0.035351599957498016,28.951999999999998,43.0
2020-06-07 18:00:00,4.555199850214297,0.8282181545844177,0.02070545386461044,27.130000000000003,25.0
2020-06-07 19:00:00,0.0,,0.0,24.97,0.0
2020-06-07 20:00:00,0.0,,0.0,24.3,0.0
2020-06-07 21:00:00,0.0,,0.0,23.72,0.0
2020-06-07 22:00:00,0.0,,0.0,23.73,0.0
2020-06-07 23:00:00,0.0,,0.0,22.89,0.0
2020-06-08 00:00:00,0.0,,0.0,22.25,0.0
2020-06-08 01:00:00,0.0,,0.0,21.56,0.0
2020-06-08 02:00:00,0.0,,0.0,21.05,0.0
2020-06-08 03:00:00,0.0,,0.0,20.46,0.0
2020-06-08 04:00:00,0.0,,0.0,20.17,0.0
2020-06-08 05:00:00,0.0,,0.0,20.0,0.0
2020-06-08 06:00:00,0.0,,0.0,19.97,0.0
2020-06-08 07:00:00,1.6836292101726575,0.8503177829154837,0.007652860046239353,20.516000000000002,9.0
2020-06-08 08:00:00,5.563051829822367,0.8428866408821769,0.025286599226465305,22.740000000000002,30.0
2020-06-08 09:00:00,13.522231035278109,0.8306038719458297,0.0614646865239914,26.416000000000004,74.0
2020-06-08 10:00:00,19.203089187446118,0.8234600852249622,0.087286769033846,28.554,106.0
2020-06-08 11:00:00,83.44489533335314,0.7437156446822918,0.37929497878796886,52.42,510.0
2020-06-08 12:00:00,97.64390479856584,0.7181811179653268,0.443835930902572,60.062,618.0
2020-06-08 13:00:00,70.36052509626438,0.7507525084962056,0.31982056861938357,50.31400000000001,426.0
2020-06-08 14:00:00,65.76651958177561,0.7548957711406751,0.29893872537170735,49.074000000000005,396.0
2020-06-08 15:00:00,75.8925706196064,0.743461702778276,0.34496623008912003,52.496,464.0
2020-06-08 16:00:00,63.96563831087624,0.7591459566920986,0.2907529014130738,47.80200000000001,383.0
2020-06-08 17:00:00,19.417097390519164,0.8097204916813663,0.08825953359326892,32.666000000000004,109.0
2020-06-08 18:00:00,1.6435371296738983,0.8300692574110597,0.007470623316699538,26.576,9.0
2020-06-08 19:00:00,0.0,,0.0,25.34,0.0
2020-06-08 20:00:00,0.0,,0.0,24.61,0.0
2020-06-08 21:00:00,0.0,,0.0,23.88,0.0
2020-06-08 22:00:00,0.0,,0.0,22.82,0.0
2020-06-08 23:00:00,0.0,,0.0,22.27,0.0
2020-06-09 00:00:00,0.0,,0.0,21.81,0.0
2020-06-09 01:00:00,0.0,,0.0,21.44,0.0
2020-06-09 02:00:00,0.0,,0.0,21.0,0.0
2020-06-09 03:00:00,0.0,,0.0,20.63,0.0
2020-06-09 04:00:00,0.0,,0.0,20.37,0.0
2020-06-09 05:00:00,0.0,,0.0,20.03,0.0
2020-06-09 06:00:00,0.0,,0.0,19.77,0.0
2020-06-09 07:00:00,10.021194148746359,0.8435348610055857,0.04555088249430163,22.546,54.0
2020-06-09 08:00:00,54.50891331001896,0.7915903762709695,0.24776778777281347,38.092,313.0
2020-06-09 09:00:00,82.33005321901327,0.751460872754776,0.3742275146318785,50.102000000000004,498.0
2020-06-09 10:00:00,114.18850653094813,0.7033139555410836,0.5190386660497642,64.51146,737.99
2020-06-09 11:00:00,119.68447827158481,0.6903811621572727,0.5440203557799309,68.382,788.0
2020-06-09 12:00:00,126.65746580626957,0.6725651327860533,0.5757157536648617,73.714,856.0
2020-06-09 13:00:00,105.99318862139535,0.6992557634344593,0.48178722100634247,65.726,689.0
2020-06-09 14:00:00,77.81303861290584,0.7368658959555477,0.35369563005866295,54.47,480.0
2020-06-09 15:00:00,57.56754798154212,0.7628882584354907,0.2616706726433733,46.682,343.0
2020-06-09 16:00:00,38.7887570898064,0.7836112543395233,0.17631253222639273,40.48,225.0
2020-06-09 17:00:00,4.341835590348383,0.8223173466568907,0.01973561631976538,28.896,24.0
2020-06-09 18:00:00,2.7292606614557045,0.8270486852896074,0.01240573027934411,27.48,15.0
2020-06-09 19:00:00,0.0,,0.0,25.72,0.0
2020-06-09 20:00:00,0.0,,0.0,24.9,0.0
2020-06-09 21:00:00,0.0,,0.0,24.27,0.0
2020-06-09 22:00:00,0.0,,0.0,23.31,0.0
2020-06-09 23:00:00,0.0,,0.0,22.58,0.0
2020-06-10 00:00:00,0.0,,0.0,21.86,0.0
2020-06-10 01:00:00,0.0,,0.0,21.13,0.0
2020-06-10 02:00:00,0.0,,0.0,20.63,0.0
2020-06-10 03:00:00,0.0,,0.0,20.22,0.0
2020-06-10 04:00:00,0.0,,0.0,19.8,0.0
2020-06-10 05:00:00,0.0,,0.0,19.42,0.0
2020-06-10 06:00:00,0.0,,0.0,19.17,0.0
2020-06-10 07:00:00,1.8769180259897793,0.8531445572680815,0.008531445572680815,19.669999999999998,10.0
2020-06-10 08:00:00,6.1421111429798625,0.8460208185922676,0.02791868701354483,21.802,33.0
2020-06-10 09:00:00,15.912978985808998,0.8313991110663008,0.07233172266276817,26.178,87.0
2020-06-10 10:00:00,27.272365039041574,0.8155611554737313,0.12396529563200716,30.918000000000003,152.0
2020-06-10 11:00:00,57.187902295619345,0.7782784743551897,0.25994501043463336,42.076,334.0
2020-06-10 12:00:00,49.651302733798346,0.7836379850662618,0.2256877396990834,40.472,288.0
2020-06-10 13:00:00,37.52314405359968,0.7933011427822343,0.17055974569818036,37.58,215.0
2020-06-10 14:00:00,89.1472109081423,0.7301163874540729,0.40521459503701046,56.49,555.0
2020-06-10 15:00:00,69.05136503312796,0.7544948102395975,0.3138698410596726,49.194,416.0
2020-06-10 16:00:00,82.50382967354035,0.7396793049447763,0.3750174076070016,53.628,507.0
2020-06-10 17:00:00,19.67011267389265,0.8128145733013492,0.08940960306314841,31.740000000000002,110.0
2020-06-10 18:00:00,5.481015229461869,0.8304568529487681,0.024913705588463043,26.46,30.0
2020-06-10 19:00:00,0.0,,0.0,24.0,0.0
2020-06-10 20:00:00,0.0,,0.0,23.22,0.0
2020-06-10 21:00:00,0.0,,0.0,22.34,0.0
2020-06-10 22:00:00,0.0,,0.0,21.89,0.0
2020-06-10 23:00:00,0.0,,0.0,21.23,0.0
2020-06-11 00:00:00,0.0,,0.0,20.79,0.0
2020-06-11 01:00:00,0.0,,0.0,20.41,0.0
2020-06-11 02:00:00,0.0,,0.0,19.93,0.0
2020-06-11 03:00:00,0.0,,0.0,19.56,0.0
2020-06-11 04:00:00,0.0,,0.0,18.4,0.0
2020-06-11 05:00:00,0.0,,0.0,18.33,0.0
2020-06-11 06:00:00,0.0,,0.0,18.29,0.0
2020-06-11 07:00:00,10.803326391975439,0.8466556733523072,0.049106029054433814,21.612000000000002,58.0
2020-06-11 08:00:00,57.010470948825294,0.7924724902533402,0.25913850431284224,37.828,327.0
2020-06-11 09:00:00,88.91708942299131,0.7484603486783781,0.4041685882863241,51.0,540.0
2020-06-11 10:00:00,108.15491919944313,0.7166374184961777,0.4916132690883779,60.524,686.0
2020-06-11 11:00:00,103.86805842266608,0.7164302553639542,0.4721275382848458,60.586000000000006,659.0
2020-06-11 12:00:00,120.724396564642,0.6867925620926272,0.5487472571120091,69.456,799.0
2020-06-11 13:00:00,88.2766041026714,0.7269153829271361,0.4012572913757791,57.448,552.0
2020-06-11 14:00:00,56.601162710055334,0.7634362383336301,0.25727801231843334,46.518,337.0
2020-06-11 15:00:00,77.59352748877278,0.7378616155265575,0.3526978522216945,54.172,478.0
2020-06-11 16:00:00,67.962195376055,0.7498035676969882,0.30891906989115914,50.598,412.0
2020-06-11 17:00:00,23.48358992241028,0.8025833876421832,0.10674359055641038,34.802,133.0
2020-06-11 18:00:00,2.1851903994089534,0.8277236361397551,0.009932683633677062,27.278,12.0
2020-06-11 19:00:00,0.0,,0.0,25.43,0.0
2020-06-11 20:00:00,0.0,,0.0,24.31,0.0
2020-06-11 21:00:00,0.0,,0.0,23.53,0.0
2020-06-11 22:00:00,0.0,,0.0,22.72,0.0
2020-06-11 23:00:00,0.0,,0.0,21.68,0.0
2020-06-12 00:00:00,0.0,,0.0,21.0,0.0
2020-06-12 01:00:00,0.0,,0.0,20.58,0.0
2020-06-12 02:00:00,0.0,,0.0,20.01,0.0
2020-06-12 03:00:00,0.0,,0.0,19.77,0.0
2020-06-12 04:00:00,0.0,,0.0,19.54,0.0
2020-06-12 05:00:00,0.0,,0.0,19.08,0.0
2020-06-12 06:00:00,0.0,,0.0,18.8,0.0
2020-06-12 07:00:00,10.805884522524318,0.8468561538028463,0.04911765692056508,21.552000000000003,58.0
2020-06-12 08:00:00,54.43906605470487,0.7956601294169083,0.2474503002486585,36.873999999999995,311.0
2020-06-12 09:00:00,91.25037940909048,0.7446579027998244,0.4147744518595022,52.138,557.0
2020-06-12 10:00:00,116.40471202857346,0.7054925097702723,0.5291123274026066,63.85946,749.99
2020-06-12 11:00:00,129.69008474190008,0.6783741874940505,0.5895003851904549,71.97546,868.99
2020-06-12 12:00:00,129.02419232287056,0.6733336411797858,0.5864736014675934,73.484,871.0
2020-06-12 13:00:00,108.13100214900112,0.7021493646039034,0.49150455522273234,64.86,700.0
2020-06-12 14:00:00,68.81456741532034,0.7501042883727964,0.3127934882514561,50.508,417.0
2020-06-12 15:00:00,84.32844275094543,0.7301163874540729,0.3833111034133883,56.49,525.0
2020-06-12 16:00:00,77.6044142455052,0.7395122379026605,0.3527473374795691,53.678,477.0
2020-06-12 17:00:00,23.51878627030688,0.8037862703454162,0.10690357395594036,34.442,133.0
2020-06-12 18:00:00,5.4497001830877005,0.825712148952682,0.024771364468580456,27.880000000000003,30.0
2020-06-12 19:00:00,0.0,,0.0,25.26,0.0
2020-06-12 20:00:00,0.0,,0.0,24.35,0.0
2020-06-12 21:00:00,0.0,,0.0,23.17,0.0
2020-06-12 22:00:00,0.0,,0.0,22.73,0.0
2020-06-12 23:00:00,0.0,,0.0,22.73,0.0
2020-06-13 00:00:00,0.0,,0.0,22.0,0.0
2020-06-13 01:00:00,0.0,,0.0,21.43,0.0
2020-06-13 02:00:00,0.0,,0.0,20.89,0.0
2020-06-13 03:00:00,0.0,,0.0,20.52,0.0
2020-06-13 04:00:00,0.0,,0.0,20.25,0.0
2020-06-13 05:00:00,0.0,,0.0,19.84,0.0
2020-06-13 06:00:00,0.0,,0.0,19.56,0.0
2020-06-13 07:00:00,1.6868709790578706,0.8519550399282175,0.007667595359353957,20.026,9.0
2020-06-13 08:00:00,9.640788374608773,0.8427262565217459,0.043821765339130785,22.788,52.0
2020-06-13 09:00:00,51.29945184941007,0.7958338791407086,0.2331793265882276,36.822,293.0
2020-06-13 10:00:00,52.055799900934446,0.7861038946078895,0.23661727227697477,39.734,301.0
2020-06-13 11:00:00,78.85323918243742,0.752991206860556,0.35842381446562466,49.644000000000005,476.0
2020-06-13 12:00:00,82.97491676506567,0.7453729497400796,0.3771587125684803,51.92400000000001,506.0
2020-06-13 13:00:00,82.01874196292482,0.7441366536284234,0.3728124634678401,52.294000000000004,501.0
2020-06-13 14:00:00,108.6932939455437,0.7078229613541528,0.49406042702519865,63.162000000000006,698.0
2020-06-13 15:00:00,84.3161857771604,0.7384496915148047,0.38325538989618363,53.996,519.0
2020-06-13 16:00:00,78.20050276909237,0.7451925173345947,0.3554568307686017,51.977999999999994,477.0
2020-06-13 17:00:00,18.97478338690881,0.8136699565569816,0.08624901539504005,31.484,106.0
2020-06-13 18:00:00,4.749945624292302,0.8304100741769759,0.02159066192860137,26.474,26.0
2020-06-13 19:00:00,0.0,,0.0,24.06,0.0
2020-06-13 20:00:00,0.0,,0.0,23.34,0.0
2020-06-13 21:00:00,0.0,,0.0,22.67,0.0
2020-06-13 22:00:00,0.0,,0.0,22.29,0.0
2020-06-13 23:00:00,0.0,,0.0,21.9,0.0
2020-06-14 00:00:00,0.0,,0.0,21.64,0.0
2020-06-14 01:00:00,0.0,,0.0,21.29,0.0
2020-06-14 02:00:00,0.0,,0.0,20.77,0.0
2020-06-14 03:00:00,0.0,,0.0,20.27,0.0
2020-06-14 04:00:00,0.0,,0.0,19.86,0.0
2020-06-14 05:00:00,0.0,,0.0,19.56,0.0
2020-06-14 06:00:00,0.0,,0.0,19.25,0.0
2020-06-14 07:00:00,2.0649009262029394,0.8532648455384048,0.009385913300922451,19.634,11.0
2020-06-14 08:00:00,5.964784179673743,0.8472704800672931,0.02711265536215338,21.428,32.0
2020-06-14 09:00:00,12.351355570588067,0.8379481391172365,0.05614252532085485,24.218000000000004,67.0
2020-06-14 10:00:00,20.871919465374532,0.8249770539673728,0.09487236120624787,28.1,115.0
2020-06-14 11:00:00,31.07284433802897,0.8117252961867546,0.1412402015364953,32.066,174.0
2020-06-14 12:00:00,24.051805114344493,0.8158685588312243,0.10932638688338406,30.826,134.0
2020-06-14 13:00:00,18.679304606613957,0.8164031733659947,0.08490593003006344,30.666,104.0
2020-06-14 14:00:00,20.353880386947544,0.8115582291446388,0.09251763812248884,32.116,114.0
2020-06-14 15:00:00,78.55726053755257,0.7454665072836645,0.3570784569888753,51.896,479.0
2020-06-14 16:00:00,14.075072450689571,0.8202256672896021,0.06397760204858896,29.522,78.0
2020-06-14 17:00:00,18.339431969966316,0.8172652393033117,0.0833610544089378,30.407999999999998,102.0
2020-06-14 18:00:00,3.3059162140112397,0.8348273267705151,0.015026891881869271,25.152,18.0
2020-06-14 19:00:00,0.0,,0.0,23.52,0.0
2020-06-14 20:00:00,0.0,,0.0,22.74,0.0
2020-06-14 21:00:00,0.0,,0.0,22.16,0.0
2020-06-14 22:00:00,0.0,,0.0,21.68,0.0
2020-06-14 23:00:00,0.0,,0.0,21.5,0.0
2020-06-15 00:00:00,0.0,,0.0,21.42,0.0
2020-06-15 01:00:00,0.0,,0.0,21.28,0.0
2020-06-15 02:00:00,0.0,,0.0,20.68,0.0
2020-06-15 03:00:00,0.0,,0.0,20.19,0.0
2020-06-15 04:00:00,0.0,,0.0,19.79,0.0
2020-06-15 05:00:00,0.0,,0.0,19.5,0.0
2020-06-15 06:00:00,0.0,,0.0,19.17,0.0
2020-06-15 07:00:00,9.852914734519425,0.8450184163395733,0.044785976065997386,22.102,53.0
2020-06-15 08:00:00,22.437623267813926,0.8291804607470039,0.10198919667188149,26.842,123.0
2020-06-15 09:00:00,46.755610686908774,0.7989680568507992,0.2125255031223126,35.884,266.0
2020-06-15 10:00:00,95.79124490709123,0.7405012747919852,0.4354147495776874,53.382000000000005,588.0
2020-06-15 11:00:00,121.77880799042961,0.6980328326861722,0.5535400363201346,66.092,793.0
2020-06-15 12:00:00,61.25678535640268,0.7713017546764377,0.278439933438194,44.164,361.0
2020-06-15 13:00:00,126.9123452905258,0.6794750256479591,0.5768742967751173,71.646,849.0
2020-06-15 14:00:00,80.57064159661512,0.7413566580476179,0.36623018907552324,53.126000000000005,494.0
2020-06-15 15:00:00,32.62814360604631,0.7973642132464884,0.14830974366384686,36.364000000000004,186.0
2020-06-15 16:00:00,68.02299508228994,0.7596939365902382,0.309195432192227,47.638000000000005,407.0
2020-06-15 17:00:00,20.397456817676673,0.8132957263826424,0.09271571280762124,31.596000000000004,114.0
2020-06-15 18:00:00,5.84152345253711,0.8297618540535667,0.026552379329714135,26.668000000000003,32.0
2020-06-15 19:00:00,0.0,,0.0,24.01,0.0
2020-06-15 20:00:00,0.0,,0.0,23.31,0.0
2020-06-15 21:00:00,0.0,,0.0,22.94,0.0
2020-06-15 22:00:00,0.0,,0.0,22.27,0.0
2020-06-15 23:00:00,0.0,,0.0,22.17,0.0
2020-06-16 00:00:00,0.0,,0.0,21.84,0.0
2020-06-16 01:00:00,0.0,,0.0,20.95,0.0
2020-06-16 02:00:00,0.0,,0.0,20.07,0.0
2020-06-16 03:00:00,0.0,,0.0,19.43,0.0
2020-06-16 04:00:00,0.0,,0.0,19.01,0.0
2020-06-16 05:00:00,0.0,,0.0,18.6,0.0
2020-06-16 06:00:00,0.0,,0.0,18.31,0.0
2020-06-16 07:00:00,1.8847835423325872,0.8567197919693578,0.008567197919693579,18.599999999999998,10.0
2020-06-16 08:00:00,15.131653876873782,0.8387834743278151,0.06878024489488083,23.968,82.0
2020-06-16 09:00:00,68.78413448292856,0.7758192474952467,0.31265515674058436,42.812,403.0
2020-06-16 10:00:00,112.5783003467018,0.7127013189839313,0.5117195470304627,61.702000000000005,718.0
2020-06-16 11:00:00,115.43076292769534,0.70238994114455,0.5246852860349788,64.788,747.0
2020-06-16 12:00:00,120.23987193678525,0.6892116928624628,0.546544872439933,68.732,793.0
2020-06-16 13:00:00,117.01962369236192,0.6907888057400349,0.5319073804198269,68.26,770.0
2020-06-16 14:00:00,109.98992210937058,0.6982600438634495,0.49995419140622993,66.024,716.0
2020-06-16 15:00:00,90.6833638921723,0.7256991348605337,0.4121971086007832,57.812,568.0
2020-06-16 16:00:00,63.66746320217528,0.7595736483199149,0.28939756000988764,47.67400000000001,381.0
2020-06-16 17:00:00,21.01028198388936,0.8093328961436579,0.09550128174495164,32.782,118.0
2020-06-16 18:00:00,5.644026953024079,0.8275699344610087,0.02565466796829127,27.323999999999998,31.0
2020-06-16 19:00:00,0.0,,0.0,24.49,0.0
2020-06-16 20:00:00,0.0,,0.0,23.44,0.0
2020-06-16 21:00:00,0.0,,0.0,22.9,0.0
2020-06-16 22:00:00,0.0,,0.0,22.14,0.0
2020-06-16 23:00:00,0.0,,0.0,21.43,0.0
2020-06-17 00:00:00,0.0,,0.0,20.84,0.0
2020-06-17 01:00:00,0.0,,0.0,20.08,0.0
2020-06-17 02:00:00,0.0,,0.0,19.48,0.0
2020-06-17 03:00:00,0.0,,0.0,18.87,0.0
2020-06-17 04:00:00,0.0,,0.0,18.52,0.0
2020-06-17 05:00:00,0.0,,0.0,18.24,0.0
2020-06-17 06:00:00,0.0,,0.0,18.13,0.0
2020-06-17 07:00:00,3.01101962894475,0.8554033036774858,0.013686452858839774,18.994,16.0
2020-06-17 08:00:00,14.263896299565927,0.8420245749448598,0.06483589227075422,22.997999999999998,77.0
2020-06-17 09:00:00,23.666015504534503,0.8274830595991085,0.1075727977478841,27.349999999999998,130.0
2020-06-17 10:00:00,61.093991220956106,0.7800560676833006,0.27769996009525505,41.544,356.0
2020-06-17 11:00:00,126.90906529670139,0.6883763576518842,0.5768593877122791,68.982,838.0
2020-06-17 12:00:00,124.32283206653725,0.6866388604138807,0.5651037821206238,69.50200000000001,823.0
2020-06-17 13:00:00,127.42514020132761,0.6766415686136767,0.5792051827333073,72.494,856.0
2020-06-17 14:00:00,126.37711557084089,0.6758214030905223,0.5744414344129131,72.73946,849.99
2020-06-17 15:00:00,92.50626419826159,0.7249707225569091,0.4204830190830072,58.03,580.0
2020-06-17 16:00:00,80.09289601471286,0.741463580954572,0.36405861824869484,53.094,491.0
2020-06-17 17:00:00,16.82724749302733,0.81369668728372,0.07648748860466968,31.476,94.0
2020-06-17 18:00:00,5.823881172889691,0.8272558484218311,0.026472187149498595,27.418000000000003,32.0
2020-06-17 19:00:00,0.0,,0.0,24.5,0.0
2020-06-17 20:00:00,0.0,,0.0,23.45,0.0
2020-06-17 21:00:00,0.0,,0.0,22.69,0.0
2020-06-17 22:00:00,0.0,,0.0,22.36,0.0
2020-06-17 23:00:00,0.0,,0.0,21.4,0.0
2020-06-18 00:00:00,0.0,,0.0,20.59,0.0
2020-06-18 01:00:00,0.0,,0.0,20.04,0.0
2020-06-18 02:00:00,0.0,,0.0,19.51,0.0
2020-06-18 03:00:00,0.0,,0.0,19.04,0.0
2020-06-18 04:00:00,0.0,,0.0,18.56,0.0
2020-06-18 05:00:00,0.0,,0.0,18.24,0.0
2020-06-18 06:00:00,0.0,,0.0,18.24,0.0
2020-06-18 07:00:00,3.1986585047047864,0.8552562846804241,0.01453935683956721,19.038,17.0
2020-06-18 08:00:00,52.52930398477147,0.7985604132680368,0.23876956356714302,36.006,299.0
2020-06-18 09:00:00,78.22603261793215,0.7613980204198185,0.3555728755360552,47.128,467.0
2020-06-18 10:00:00,108.41561916579305,0.7162765536852077,0.49279826893542295,60.632000000000005,688.0
2020-06-18 11:00:00,128.19525216738742,0.6815350959308797,0.5827056916699428,71.02946,854.99
2020-06-18 12:00:00,135.85835488681573,0.6640264699171532,0.6175379767582533,76.26946000000001,929.99
2020-06-18 13:00:00,133.763326224957,0.663779210694822,0.60801511920435,76.34346000000001,915.99
2020-06-18 14:00:00,123.95048991287152,0.6747521740209819,0.5634113177857796,73.05946,834.99
2020-06-18 15:00:00,107.60374634276549,0.6967448794450937,0.4891079379216613,66.47746000000001,701.99
2020-06-18 16:00:00,80.59581418929204,0.7326892199026549,0.36634460995132745,55.72,500.0
2020-06-18 17:00:00,16.15120268788809,0.8067533810133912,0.07341455767221859,33.554,91.0
2020-06-18 18:00:00,5.780834010549989,0.8211411946803961,0.026276518229772675,29.248,32.0
2020-06-18 19:00:00,0.0,,0.0,25.97,0.0
2020-06-18 20:00:00,0.0,,0.0,24.54,0.0
2020-06-18 21:00:00,0.0,,0.0,23.45,0.0
2020-06-18 22:00:00,0.0,,0.0,22.86,0.0
2020-06-18 23:00:00,0.0,,0.0,22.01,0.0
2020-06-19 00:00:00,0.0,,0.0,21.2,0.0
2020-06-19 01:00:00,0.0,,0.0,20.56,0.0
2020-06-19 02:00:00,0.0,,0.0,20.07,0.0
2020-06-19 03:00:00,0.0,,0.0,19.57,0.0
2020-06-19 04:00:00,0.0,,0.0,19.3,0.0
2020-06-19 05:00:00,0.0,,0.0,19.08,0.0
2020-06-19 06:00:00,0.0,,0.0,18.78,0.0
2020-06-19 07:00:00,10.423717460801928,0.8460809627274292,0.047380533912736035,21.784000000000002,56.0
2020-06-19 08:00:00,50.25004642047245,0.7986339227665679,0.2284093019112384,35.984,286.0
2020-06-19 09:00:00,89.07099184949556,0.7456135262807263,0.40486814477043437,51.852000000000004,543.0
2020-06-19 10:00:00,115.03323212687818,0.7046972706498016,0.5228783278494462,64.09746000000001,741.99
2020-06-19 11:00:00,129.57368065734462,0.6762089986282308,0.5889712757152028,72.62346000000001,870.99
2020-06-19 12:00:00,136.13845442148113,0.6604245044891385,0.6188111564612778,77.34746,936.99
2020-06-19 13:00:00,128.44256164745445,0.6687626869075,0.5838298256702475,74.852,873.0
2020-06-19 14:00:00,117.18196500929756,0.6846340559084924,0.5326452954968071,70.102,778.0
2020-06-19 15:00:00,104.03345332417065,0.7026438830485657,0.4728793332916848,64.712,673.0
2020-06-19 16:00:00,62.13374485273665,0.7571745655951334,0.2824261129669848,48.391999999999996,373.0
2020-06-19 17:00:00,22.61956662762779,0.803251655810646,0.10281621194376268,34.602000000000004,128.0
2020-06-19 18:00:00,5.076671822222675,0.8241350360751095,0.023075781010103068,28.352,28.0
2020-06-19 19:00:00,0.0,,0.0,25.53,0.0
2020-06-19 20:00:00,0.0,,0.0,24.33,0.0
2020-06-19 21:00:00,0.0,,0.0,23.46,0.0
2020-06-19 22:00:00,0.0,,0.0,23.65,0.0
2020-06-19 23:00:00,0.0,,0.0,22.76,0.0
2020-06-20 00:00:00,0.0,,0.0,21.68,0.0
2020-06-20 01:00:00,0.0,,0.0,20.77,0.0
2020-06-20 02:00:00,0.0,,0.0,20.0,0.0
2020-06-20 03:00:00,0.0,,0.0,19.43,0.0
2020-06-20 04:00:00,0.0,,0.0,18.83,0.0
2020-06-20 05:00:00,0.0,,0.0,18.2,0.0
2020-06-20 06:00:00,0.0,,0.0,17.81,0.0
2020-06-20 07:00:00,10.100584407159744,0.8502175426902141,0.04591174730527156,20.546,54.0
2020-06-20 08:00:00,52.94935049108683,0.7969498869820415,0.2406788658685765,36.488,302.0
2020-06-20 09:00:00,87.8482583739719,0.7477720324648612,0.3993102653362359,51.206,534.0
2020-06-20 10:00:00,113.49659171606537,0.7057464516742883,0.515893598709388,63.783460000000005,730.99
2020-06-20 11:00:00,129.07684615826764,0.6751665002854288,0.5867129370830347,72.93546,868.99
2020-06-20 12:00:00,137.02027248401484,0.6556062909945216,0.6228194203818856,78.78945999999999,949.99
2020-06-20 13:00:00,133.78603858703516,0.6560139345772836,0.6081183572137963,78.66746,926.99
2020-06-20 14:00:00,123.9917456340301,0.670161171703642,0.5635988437910459,74.43346000000001,840.99
2020-06-20 15:00:00,103.90200069851772,0.6996767723805908,0.4722818213568987,65.6,675.0
2020-06-20 16:00:00,76.97069032886016,0.738115557430573,0.3498667742220916,54.096000000000004,474.0
2020-06-20 17:00:00,24.25382979896703,0.7988744993072144,0.11024468090439558,35.912,138.0
2020-06-20 18:00:00,5.242334298301909,0.8216824918968509,0.023828792265008676,29.086,29.0
2020-06-20 19:00:00,0.0,,0.0,26.11,0.0
2020-06-20 20:00:00,0.0,,0.0,24.77,0.0
2020-06-20 21:00:00,0.0,,0.0,23.63,0.0
2020-06-20 22:00:00,0.0,,0.0,24.15,0.0
2020-06-20 23:00:00,0.0,,0.0,23.45,0.0
2020-06-21 00:00:00,0.0,,0.0,22.38,0.0
2020-06-21 01:00:00,0.0,,0.0,21.13,0.0
2020-06-21 02:00:00,0.0,,0.0,20.25,0.0
2020-06-21 03:00:00,0.0,,0.0,19.14,0.0
2020-06-21 04:00:00,0.0,,0.0,18.57,0.0
2020-06-21 05:00:00,0.0,,0.0,18.1,0.0
2020-06-21 06:00:00,0.0,,0.0,18.13,0.0
2020-06-21 07:00:00,9.685511553514978,0.8466356253072533,0.04402505251597717,21.618,52.0
2020-06-21 08:00:00,48.86952186597224,0.8019284848370896,0.2221341902998738,34.998,277.0
2020-06-21 09:00:00,72.71345387999106,0.7668577713561596,0.3305156994545048,45.494,431.0
2020-06-21 10:00:00,99.92488395532044,0.7278910544530918,0.4542040179787293,57.156000000000006,624.0
2020-06-21 11:00:00,110.31247002740446,0.7062258004315267,0.5014203183063839,63.64,710.0
2020-06-21 12:00:00,134.03266208719432,0.6651157470317477,0.6092393731236105,75.94346000000002,915.99
2020-06-21 13:00:00,121.54524626074733,0.6795552178281747,0.552478392094306,71.62200000000001,813.0
2020-06-21 14:00:00,109.83133271723999,0.6943439923962573,0.499233330532909,67.196,719.0
2020-06-21 15:00:00,74.50517292699355,0.7394320457224449,0.3386598769408798,53.702,458.0
2020-06-21 16:00:00,64.43847345827662,0.7549024538223597,0.2929021520830755,49.072,388.0
2020-06-21 17:00:00,18.68416652484679,0.8088383776989952,0.08492802965839451,32.93,105.0
2020-06-21 18:00:00,5.98613133804712,0.8245359969761874,0.027209687900214184,28.232,33.0
2020-06-21 19:00:00,0.0,,0.0,25.52,0.0
2020-06-21 20:00:00,0.0,,0.0,24.66,0.0
2020-06-21 21:00:00,0.0,,0.0,23.82,0.0
2020-06-21 22:00:00,0.0,,0.0,23.51,0.0
2020-06-21 23:00:00,0.0,,0.0,23.18,0.0
2020-06-22 00:00:00,0.0,,0.0,22.96,0.0
2020-06-22 01:00:00,0.0,,0.0,22.23,0.0
2020-06-22 02:00:00,0.0,,0.0,21.4,0.0
2020-06-22 03:00:00,0.0,,0.0,20.5,0.0
2020-06-22 04:00:00,0.0,,0.0,19.58,0.0
2020-06-22 05:00:00,0.0,,0.0,18.91,0.0
2020-06-22 06:00:00,0.0,,0.0,18.62,0.0
2020-06-22 07:00:00,10.251083343882023,0.8471969705687622,0.04659583338128192,21.45,55.0
2020-06-22 08:00:00,51.97227693851366,0.795412870194577,0.23623762244778937,36.948,297.0
2020-06-22 09:00:00,87.04450845741485,0.7465223709898358,0.395656856624613,51.58,530.0
2020-06-22 10:00:00,112.98710642341592,0.7074171220954453,0.5135777564700724,63.28346,725.99
2020-06-22 11:00:00,127.37368887047417,0.6787551003500742,0.5789713130476098,71.86146000000001,852.99
2020-06-22 12:00:00,136.69196805185288,0.6581924888064727,0.6213271275084222,78.01545999999999,943.99
2020-06-22 13:00:00,127.62146937000396,0.6698586467037789,0.5800975880454725,74.524,866.0
2020-06-22 14:00:00,118.93719247103931,0.6800296882277833,0.5406236021410877,71.48,795.0
2020-06-22 15:00:00,99.01916901335115,0.7087986328801085,0.45008713187886884,62.87,635.0
2020-06-22 16:00:00,81.79124329668139,0.7318472020103918,0.37177837862127905,55.972,508.0
2020-06-22 17:00:00,16.58287839687105,0.8105023654384677,0.0753767199857775,32.432,93.0
2020-06-22 18:00:00,5.804121819684581,0.8244491221142871,0.026382371907657187,28.258000000000003,32.0
2020-06-22 19:00:00,0.0,,0.0,25.34,0.0
2020-06-22 20:00:00,0.0,,0.0,24.36,0.0
2020-06-22 21:00:00,0.0,,0.0,23.77,0.0
2020-06-22 22:00:00,0.0,,0.0,23.73,0.0
2020-06-22 23:00:00,0.0,,0.0,23.57,0.0
2020-06-23 00:00:00,0.0,,0.0,23.17,0.0
2020-06-23 01:00:00,0.0,,0.0,22.03,0.0
2020-06-23 02:00:00,0.0,,0.0,20.96,0.0
2020-06-23 03:00:00,0.0,,0.0,19.99,0.0
2020-06-23 04:00:00,0.0,,0.0,19.02,0.0
2020-06-23 05:00:00,0.0,,0.0,18.3,0.0
2020-06-23 06:00:00,0.0,,0.0,17.93,0.0
2020-06-23 07:00:00,10.267255433558823,0.8485335069056879,0.04666934287981283,21.049999999999997,55.0
2020-06-23 08:00:00,54.194448496443535,0.7920848947156319,0.24633840225656153,37.944,311.0
2020-06-23 09:00:00,84.86887429281491,0.7476116481044301,0.38576761042188595,51.254000000000005,516.0
2020-06-23 10:00:00,113.41061618273557,0.7052118371395178,0.5155028008306162,63.94346000000001,730.99
2020-06-23 11:00:00,130.23914188832717,0.6734958298642717,0.5919960994923962,73.43546,878.99
2020-06-23 12:00:00,137.62987417050553,0.6543900429279192,0.6255903371386615,79.15346000000001,955.99
2020-06-23 13:00:00,134.51617892923002,0.6546506675136196,0.6114371769510456,79.07546,933.99
2020-06-23 14:00:00,127.22000029780305,0.6631644039798363,0.5782727286263775,76.52746,871.99
2020-06-23 15:00:00,108.50472018671374,0.6907705620190361,0.49320327357597155,68.26546,713.99
2020-06-23 16:00:00,79.21669072583383,0.7303770120397735,0.36007586693560834,56.412,493.0
2020-06-23 17:00:00,17.158075520975732,0.8040335295677475,0.07799125236807151,34.367999999999995,97.0
2020-06-23 18:00:00,2.5363393931312386,0.8234868159517008,0.011528815423323811,28.546,14.0
2020-06-23 19:00:00,0.0,,0.0,26.18,0.0
2020-06-23 20:00:00,0.0,,0.0,25.04,0.0
2020-06-23 21:00:00,0.0,,0.0,24.21,0.0
2020-06-23 22:00:00,0.0,,0.0,23.35,0.0
2020-06-23 23:00:00,0.0,,0.0,22.61,0.0
2020-06-24 00:00:00,0.0,,0.0,21.97,0.0
2020-06-24 01:00:00,0.0,,0.0,21.32,0.0
2020-06-24 02:00:00,0.0,,0.0,20.68,0.0
2020-06-24 03:00:00,0.0,,0.0,20.58,0.0
2020-06-24 04:00:00,0.0,,0.0,20.14,0.0
2020-06-24 05:00:00,0.0,,0.0,19.89,0.0
2020-06-24 06:00:00,0.0,,0.0,19.52,0.0
2020-06-24 07:00:00,5.411384092073448,0.8481793247764026,0.024597200418515673,21.156,29.0
2020-06-24 08:00:00,30.085250106026052,0.8188690829076225,0.13675113684557297,29.928,167.0
2020-06-24 09:00:00,59.41347587314124,0.7805238554012248,0.2700612539688238,41.404,346.0
2020-06-24 10:00:00,107.2812867430127,0.7139710285040111,0.4876422124682395,61.322,683.0
2020-06-24 11:00:00,104.26429226202734,0.712674588257193,0.47392860119103336,61.709999999999994,665.0
2020-06-24 12:00:00,115.85933800603026,0.690214095115157,0.5266333545728648,68.432,763.0
2020-06-24 13:00:00,120.64924633410394,0.6787198826175964,0.5484056651550179,71.872,808.0
2020-06-24 14:00:00,112.07401048488005,0.6902809219320032,0.5094273203858184,68.412,738.0
2020-06-24 15:00:00,91.1082267408314,0.7177266956107721,0.41412830336741546,60.19800000000001,577.0
2020-06-24 16:00:00,69.54848624865298,0.7473510235187296,0.31612948294842264,51.331999999999994,423.0
2020-06-24 17:00:00,20.90705994605225,0.8053567005413039,0.09503209066387386,33.972,118.0
2020-06-24 18:00:00,5.79565352545382,0.8232462394110539,0.026343879661153726,28.618000000000002,32.0
2020-06-24 19:00:00,0.0,,0.0,25.73,0.0
2020-06-24 20:00:00,0.0,,0.0,25.09,0.0
2020-06-24 21:00:00,0.0,,0.0,24.23,0.0
2020-06-24 22:00:00,0.0,,0.0,23.91,0.0
2020-06-24 23:00:00,0.0,,0.0,22.97,0.0
2020-06-25 00:00:00,0.0,,0.0,22.22,0.0
2020-06-25 01:00:00,0.0,,0.0,21.4,0.0
2020-06-25 02:00:00,0.0,,0.0,20.91,0.0
2020-06-25 03:00:00,0.0,,0.0,20.24,0.0
2020-06-25 04:00:00,0.0,,0.0,19.82,0.0
2020-06-25 05:00:00,0.0,,0.0,19.47,0.0
2020-06-25 06:00:00,0.0,,0.0,19.35,0.0
2020-06-25 07:00:00,7.82723553635264,0.8471034130251774,0.03557834334705745,21.478,42.0
2020-06-25 08:00:00,32.901215220998964,0.8172184605315193,0.14955097827726802,30.422,183.0
2020-06-25 09:00:00,56.29789339310617,0.7849678387215027,0.2558995154232099,40.074,326.0
2020-06-25 10:00:00,79.20866495878423,0.7516479878419456,0.36003938617629194,50.046,479.0
2020-06-25 11:00:00,102.83788748911402,0.7158421793757067,0.4674449431323365,60.76200000000001,653.0
2020-06-25 12:00:00,113.7158539557078,0.694744953297335,0.5168902452532173,67.076,744.0
2020-06-25 13:00:00,120.97289101385587,0.6788602189329735,0.5498767773357085,71.83,810.0
2020-06-25 14:00:00,107.0896563014824,0.696382210310069,0.4867711650067382,66.586,699.0
2020-06-25 15:00:00,110.6020648976408,0.6896345061326492,0.50273665862564,68.60546,728.99
2020-06-25 16:00:00,82.40060175494335,0.7286929762552472,0.37454818979519705,56.916000000000004,514.0
2020-06-25 17:00:00,25.61670472286996,0.7975312802886041,0.1164395669221362,36.314,146.0
2020-06-25 18:00:00,4.351185998561515,0.8240882573033173,0.019778118175279615,28.366,24.0
2020-06-25 19:00:00,0.0,,0.0,25.4,0.0
2020-06-25 20:00:00,0.0,,0.0,24.17,0.0
2020-06-25 21:00:00,0.0,,0.0,23.27,0.0
2020-06-25 22:00:00,0.0,,0.0,22.65,0.0
2020-06-25 23:00:00,0.0,,0.0,21.97,0.0
2020-06-26 00:00:00,0.0,,0.0,21.43,0.0
2020-06-26 01:00:00,0.0,,0.0,20.84,0.0
2020-06-26 02:00:00,0.0,,0.0,20.25,0.0
2020-06-26 03:00:00,0.0,,0.0,19.76,0.0
2020-06-26 04:00:00,0.0,,0.0,19.34,0.0
2020-06-26 05:00:00,0.0,,0.0,19.05,0.0
2020-06-26 06:00:00,0.0,,0.0,18.63,0.0
2020-06-26 07:00:00,8.406105195003926,0.8491015348488814,0.03820956906819967,20.88,45.0
2020-06-26 08:00:00,58.09633267846436,0.7906414354717523,0.26407423944756525,38.376000000000005,334.0
2020-06-26 09:00:00,92.08111318839873,0.7408104824735331,0.4185505144927215,53.289460000000005,564.99
2020-06-26 10:00:00,117.17606922010405,0.6989835778094443,0.5326184964550185,65.80746,761.99
2020-06-26 11:00:00,131.13922475304753,0.6705220365146123,0.5960873852411251,74.32545999999999,888.99
2020-06-26 12:00:00,135.5874331012533,0.6577514318152872,0.616306514096606,78.14746,936.99
2020-06-26 13:00:00,109.73032184511867,0.6956404326430751,0.49877419020508484,66.808,717.0
2020-06-26 14:00:00,122.45410465602897,0.6730547728730861,0.5566095666183135,73.56746000000001,826.99
2020-06-26 15:00:00,97.46166887094782,0.7099480541298646,0.44300758577703553,62.526,624.0
2020-06-26 16:00:00,66.57562981096554,0.7527773610466479,0.30261649914075245,49.708,402.0
2020-06-26 17:00:00,25.3873109817544,0.8013671395755808,0.11539686809888364,35.166,144.0
2020-06-26 18:00:00,1.8240646965460536,0.8291203166118425,0.008291203166118425,26.86,10.0
2020-06-26 19:00:00,0.0,,0.0,25.15,0.0
2020-06-26 20:00:00,0.0,,0.0,24.14,0.0
2020-06-26 21:00:00,0.0,,0.0,23.49,0.0
2020-06-26 22:00:00,0.0,,0.0,23.05,0.0
2020-06-26 23:00:00,0.0,,0.0,22.23,0.0
2020-06-27 00:00:00,0.0,,0.0,21.73,0.0
2020-06-27 01:00:00,0.0,,0.0,20.91,0.0
2020-06-27 02:00:00,0.0,,0.0,20.37,0.0
2020-06-27 03:00:00,0.0,,0.0,20.05,0.0
2020-06-27 04:00:00,0.0,,0.0,19.6,0.0
2020-06-27 05:00:00,0.0,,0.0,19.27,0.0
2020-06-27 06:00:00,0.0,,0.0,19.01,0.0
2020-06-27 07:00:00,2.0651435075480915,0.8533650857636742,0.009387015943400415,19.604000000000003,11.0
2020-06-27 08:00:00,44.6126676664955,0.8047017977362103,0.20278485302952498,34.168,252.0
2020-06-27 09:00:00,73.74299851261561,0.7635431612405841,0.3351954477846164,46.486000000000004,439.0
2020-06-27 10:00:00,111.11624052662108,0.7093733435049864,0.5050738205755504,62.698,712.0
2020-06-27 11:00:00,119.69110882835231,0.6912966895480669,0.5440504946743286,68.108,787.0
2020-06-27 12:00:00,115.84416564553348,0.6910293822806817,0.5265643892978794,68.188,762.0
2020-06-27 13:00:00,121.12690370460791,0.6772162792385548,0.550576835020945,72.322,813.0
2020-06-27 14:00:00,108.88182816699583,0.6921921688938069,0.494917400759072,67.84,715.0
2020-06-27 15:00:00,87.54720022273855,0.7222174577028424,0.39794181919426613,58.854000000000006,551.0
2020-06-27 16:00:00,32.677988926810144,0.7900867728919281,0.14853631330368247,38.542,188.0
2020-06-27 17:00:00,25.910594227806577,0.8011933898517802,0.11777542830821171,35.218,147.0
2020-06-27 18:00:00,4.370239660580728,0.8276969054130165,0.019864725729912398,27.285999999999998,24.0
2020-06-27 19:00:00,0.0,,0.0,24.62,0.0
2020-06-27 20:00:00,0.0,,0.0,23.55,0.0
2020-06-27 21:00:00,0.0,,0.0,22.84,0.0
2020-06-27 22:00:00,0.0,,0.0,22.31,0.0
2020-06-27 23:00:00,0.0,,0.0,21.67,0.0
2020-06-28 00:00:00,0.0,,0.0,20.98,0.0
2020-06-28 01:00:00,0.0,,0.0,20.6,0.0
2020-06-28 02:00:00,0.0,,0.0,20.3,0.0
2020-06-28 03:00:00,0.0,,0.0,19.75,0.0
2020-06-28 04:00:00,0.0,,0.0,19.64,0.0
2020-06-28 05:00:00,0.0,,0.0,19.09,0.0
2020-06-28 06:00:00,0.0,,0.0,18.56,0.0
2020-06-28 07:00:00,3.1951594525747145,0.854320709244576,0.014523452057157793,19.317999999999998,17.0
2020-06-28 08:00:00,41.262986837438895,0.8084440994796022,0.1875590310792677,33.048,232.0
2020-06-28 09:00:00,77.88617615337418,0.7580900929859274,0.3540280734244281,48.118,467.0
2020-06-28 10:00:00,113.84009476631692,0.7030733790004368,0.5174549762105315,64.58346,735.99
2020-06-28 11:00:00,129.06606726937335,0.6727874656057009,0.5866639421335152,73.64746,871.99
2020-06-28 12:00:00,132.2586701792044,0.6613667626066713,0.6011757735418382,77.06546,908.99
2020-06-28 13:00:00,121.22077533423187,0.6744229182943801,0.5510035242465086,73.15800000000002,817.0
2020-06-28 14:00:00,125.15960266639337,0.665396419662502,0.5689072848472426,75.85946,854.99
2020-06-28 15:00:00,104.7514397087917,0.6950991354266205,0.47614290776723495,66.97,685.0
2020-06-28 16:00:00,85.42570759346887,0.7217581569906578,0.38829867087940395,58.991460000000004,537.99
2020-06-28 17:00:00,17.495257709977142,0.8032717038556998,0.07952389868171428,34.596000000000004,99.0
2020-06-28 18:00:00,6.492164845174036,0.8197177834815702,0.029509840205336528,29.674,36.0
2020-06-28 19:00:00,0.0,,0.0,25.96,0.0
2020-06-28 20:00:00,0.0,,0.0,24.58,0.0
2020-06-28 21:00:00,0.0,,0.0,23.43,0.0
2020-06-28 22:00:00,0.0,,0.0,22.81,0.0
2020-06-28 23:00:00,0.0,,0.0,22.02,0.0
2020-06-29 00:00:00,0.0,,0.0,21.44,0.0
2020-06-29 01:00:00,0.0,,0.0,20.81,0.0
2020-06-29 02:00:00,0.0,,0.0,20.38,0.0
2020-06-29 03:00:00,0.0,,0.0,20.16,0.0
2020-06-29 04:00:00,0.0,,0.0,20.0,0.0
2020-06-29 05:00:00,0.0,,0.0,19.7,0.0
2020-06-29 06:00:00,0.0,,0.0,19.2,0.0
2020-06-29 07:00:00,9.865771545812482,0.8461210588175371,0.044844416117329464,21.772000000000002,53.0
2020-06-29 08:00:00,52.78507146376995,0.794477294758729,0.23993214301713614,37.228,302.0
2020-06-29 09:00:00,83.97123510435424,0.7498770771955191,0.3816874322925193,50.576,509.0
2020-06-29 10:00:00,75.52626837785697,0.7545081756029667,0.34330121989934986,49.19,455.0
2020-06-29 11:00:00,120.38345951045564,0.6874340995343515,0.5471975432293438,69.26400000000001,796.0
2020-06-29 12:00:00,127.44613451410805,0.6704868187821341,0.5793006114277639,74.336,864.0
2020-06-29 13:00:00,119.13846441839688,0.6786196423923267,0.5415384746290767,71.902,798.0
2020-06-29 14:00:00,125.44103764811861,0.6653362755273404,0.5701865347641755,75.87746000000001,856.99
2020-06-29 15:00:00,108.5074234103108,0.6898216212198188,0.4932155609559582,68.54946,714.99
2020-06-29 16:00:00,81.16586123792966,0.7276838913208684,0.3689357328996803,57.218,507.0
2020-06-29 17:00:00,15.06966772733258,0.8058645843493359,0.06849848966969355,33.82,85.0
2020-06-29 18:00:00,5.945377672061583,0.8189225443610996,0.027024443963916286,29.912,33.0
2020-06-29 19:00:00,0.0,,0.0,26.72,0.0
2020-06-29 20:00:00,0.0,,0.0,25.66,0.0
2020-06-29 21:00:00,0.0,,0.0,24.7,0.0
2020-06-29 22:00:00,0.0,,0.0,23.97,0.0
2020-06-29 23:00:00,0.0,,0.0,23.11,0.0
2020-06-30 00:00:00,0.0,,0.0,22.28,0.0
2020-06-30 01:00:00,0.0,,0.0,21.48,0.0
2020-06-30 02:00:00,0.0,,0.0,20.75,0.0
2020-06-30 03:00:00,0.0,,0.0,20.1,0.0
2020-06-30 04:00:00,0.0,,0.0,19.55,0.0
2020-06-30 05:00:00,0.0,,0.0,19.03,0.0
2020-06-30 06:00:00,0.0,,0.0,18.53,0.0
2020-06-30 07:00:00,9.15093724848845,0.8488810063532886,0.04159516931131114,20.946,49.0
2020-06-30 08:00:00,56.13165019198854,0.7923722500280709,0.2551438645090388,37.858,322.0
2020-06-30 09:00:00,90.85740956391727,0.7401355316233859,0.4129882252905331,53.491460000000004,557.99
2020-06-30 10:00:00,116.86239360450486,0.6971124269377483,0.5311926982022949,66.36746,761.99
2020-06-30 11:00:00,132.0460482182546,0.6676484833902218,0.6002093100829755,75.18546,898.99
2020-06-30 12:00:00,139.364697027366,0.6497255311120487,0.6334758955789364,80.54946,974.99
2020-06-30 13:00:00,136.43589749319196,0.6500730305596493,0.6201631704235998,80.44546,953.99
2020-06-30 14:00:00,128.78250180595793,0.6599567167712147,0.5853750082088996,77.48746,886.99
2020-06-30 15:00:00,111.22422227111475,0.685985761932842,0.5055646466868853,69.69746,736.99
2020-06-30 16:00:00,81.61164194949072,0.7273764879633754,0.37096200886132147,57.31,510.0
2020-06-30 17:00:00,16.121100548239685,0.8052497776343499,0.07327772976472584,34.004,91.0
2020-06-30 18:00:00,6.304211348760289,0.8187287465922453,0.028655506130728585,29.97,35.0
2020-06-30 19:00:00,0.0,,0.0,26.92,0.0
2020-06-30 20:00:00,0.0,,0.0,25.98,0.0
2020-06-30 21:00:00,0.0,,0.0,24.79,0.0
2020-06-30 22:00:00,0.0,,0.0,23.81,0.0
2020-06-30 23:00:00,0.0,,0.0,22.71,0.0
2020-07-01 00:00:00,0.0,,0.0,21.82,0.0
2020-07-01 01:00:00,0.0,,0.0,21.24,0.0
2020-07-01 02:00:00,0.0,,0.0,20.55,0.0
2020-07-01 03:00:00,0.0,,0.0,20.29,0.0
2020-07-01 04:00:00,0.0,,0.0,19.99,0.0
2020-07-01 05:00:00,0.0,,0.0,19.64,0.0
2020-07-01 06:00:00,0.0,,0.0,19.42,0.0
2020-07-01 07:00:00,1.5011110060802852,0.8529039807274348,0.006823231845819479,19.741999999999997,8.0
2020-07-01 08:00:00,11.446475696522098,0.8391844352288927,0.05202943498419135,23.848,62.0
2020-07-01 09:00:00,31.81123842963215,0.8123401029017403,0.1445965383165098,31.881999999999998,178.0
2020-07-01 10:00:00,102.15115146250848,0.7255053370916795,0.4643234157386749,57.86999999999999,640.0
2020-07-01 11:00:00,96.81825787258639,0.7274099013717986,0.44008299032993814,57.3,605.0
2020-07-01 12:00:00,123.4642719976856,0.6835581441572671,0.5612012363531164,70.42399999999999,821.0
2020-07-01 13:00:00,98.22310966053041,0.7154946799281061,0.44646868027513825,60.86600000000001,624.0
2020-07-01 14:00:00,120.3158513544668,0.6810588212072162,0.5468902334293946,71.172,803.0
2020-07-01 15:00:00,81.03911027980277,0.7352486869878676,0.3683595921809217,54.95400000000001,501.0
2020-07-01 16:00:00,76.92279742037732,0.74078194742274,0.3496490791835333,53.298,472.0
2020-07-01 17:00:00,16.42445072563723,0.8114847196461082,0.07465659420744195,32.138000000000005,92.0
2020-07-01 18:00:00,6.170928336593951,0.824990419330742,0.028049674257245232,28.096,34.0
2020-07-01 19:00:00,0.0,,0.0,25.39,0.0
2020-07-01 20:00:00,0.0,,0.0,24.7,0.0
2020-07-01 21:00:00,0.0,,0.0,24.03,0.0
2020-07-01 22:00:00,0.0,,0.0,23.13,0.0
2020-07-01 23:00:00,0.0,,0.0,22.66,0.0
2020-07-02 00:00:00,0.0,,0.0,22.05,0.0
2020-07-02 01:00:00,0.0,,0.0,21.31,0.0
2020-07-02 02:00:00,0.0,,0.0,20.8,0.0
2020-07-02 03:00:00,0.0,,0.0,20.19,0.0
2020-07-02 04:00:00,0.0,,0.0,19.61,0.0
2020-07-02 05:00:00,0.0,,0.0,19.39,0.0
2020-07-02 06:00:00,0.0,,0.0,19.0,0.0
2020-07-02 07:00:00,4.312143633701776,0.8522022991505487,0.01960065288046262,19.952,23.0
2020-07-02 08:00:00,28.68874605673519,0.8253379187783427,0.13040339116697813,27.992000000000004,158.0
2020-07-02 09:00:00,60.37706778368384,0.78636451919359,0.2744412171985629,39.656000000000006,349.0
2020-07-02 10:00:00,76.33277490060892,0.7642448428174703,0.34696715863913147,46.276,454.0
2020-07-02 11:00:00,44.58479727522249,0.7947379193444294,0.20265816943282952,37.15,255.0
2020-07-02 12:00:00,61.865767446032166,0.768327961326778,0.2812080338456008,45.054,366.0
2020-07-02 13:00:00,85.39636375237302,0.7337718143355647,0.3881652897835137,55.396,529.0
2020-07-02 14:00:00,98.54067657494383,0.7132359335187017,0.44791216624974467,61.542,628.0
2020-07-02 15:00:00,73.55353366091207,0.746281794449189,0.3343342439132367,51.652,448.0
2020-07-02 16:00:00,56.46361320659427,0.7684215188703629,0.2566527873027012,45.025999999999996,334.0
2020-07-02 17:00:00,22.868919667784468,0.8058111228958587,0.10394963485356576,33.836,129.0
2020-07-02 18:00:00,6.355925280976786,0.8254448416852969,0.02889056945898539,27.96,35.0
2020-07-02 19:00:00,0.0,,0.0,25.08,0.0
2020-07-02 20:00:00,0.0,,0.0,24.25,0.0
2020-07-02 21:00:00,0.0,,0.0,23.31,0.0
2020-07-02 22:00:00,0.0,,0.0,22.26,0.0
2020-07-02 23:00:00,0.0,,0.0,21.31,0.0
2020-07-03 00:00:00,0.0,,0.0,20.57,0.0
2020-07-03 01:00:00,0.0,,0.0,20.01,0.0
2020-07-03 02:00:00,0.0,,0.0,19.35,0.0
2020-07-03 03:00:00,0.0,,0.0,18.91,0.0
2020-07-03 04:00:00,0.0,,0.0,18.54,0.0
2020-07-03 05:00:00,0.0,,0.0,18.16,0.0
2020-07-03 06:00:00,0.0,,0.0,18.07,0.0
2020-07-03 07:00:00,5.261298278732915,0.854106863430668,0.023914992176058705,19.382,28.0
2020-07-03 08:00:00,19.140297373801012,0.8365514586451491,0.08700135169909551,24.636,104.0
2020-07-03 09:00:00,59.94759588946684,0.7875406711700845,0.27248907222484925,39.304,346.0
2020-07-03 10:00:00,98.35999169774482,0.7341393618282194,0.44709087135338554,55.286,609.0
2020-07-03 11:00:00,100.33716932878092,0.7250843281455479,0.4560780424035496,57.996,629.0
2020-07-03 12:00:00,56.36814642085217,0.7740750675755584,0.2562188473675099,43.334,331.0
2020-07-03 13:00:00,106.74799150326061,0.7073150775461212,0.48521814319663914,63.31399999999999,686.0
2020-07-03 14:00:00,53.64201285346396,0.7740550195305045,0.24382733115210892,43.34,315.0
2020-07-03 15:00:00,63.666282639628854,0.7615584047802495,0.2893921938164948,47.08,380.0
2020-07-03 16:00:00,66.96570061396997,0.7571879309585027,0.30438954824531805,48.388000000000005,402.0
2020-07-03 17:00:00,25.030672298681825,0.806920448055507,0.11377578317582648,33.504000000000005,141.0
2020-07-03 18:00:00,6.740934219912377,0.8281245970408325,0.030640610090510806,27.158,37.0
2020-07-03 19:00:00,0.0,,0.0,24.21,0.0
2020-07-03 20:00:00,0.0,,0.0,23.37,0.0
2020-07-03 21:00:00,0.0,,0.0,22.68,0.0
2020-07-03 22:00:00,0.0,,0.0,22.47,0.0
2020-07-03 23:00:00,0.0,,0.0,21.53,0.0
2020-07-04 00:00:00,0.0,,0.0,20.53,0.0
2020-07-04 01:00:00,0.0,,0.0,19.72,0.0
2020-07-04 02:00:00,0.0,,0.0,19.2,0.0
2020-07-04 03:00:00,0.0,,0.0,18.76,0.0
2020-07-04 04:00:00,0.0,,0.0,18.35,0.0
2020-07-04 05:00:00,0.0,,0.0,18.26,0.0
2020-07-04 06:00:00,0.0,,0.0,17.99,0.0
2020-07-04 07:00:00,5.448476985032146,0.8539932578420292,0.024765804477418846,19.416,29.0
2020-07-04 08:00:00,23.7673115935101,0.8310248808919616,0.108033234515955,26.29,130.0
2020-07-04 09:00:00,73.82400450980671,0.767880221653908,0.3355636568627578,45.188,437.0
2020-07-04 10:00:00,114.3092978535006,0.708860581339325,0.5195877175159118,62.85146,732.99
2020-07-04 11:00:00,131.28152830690328,0.6773450545146178,0.5967342195768331,72.28346,880.99
2020-07-04 12:00:00,136.9299099626203,0.6614402721052021,0.622408681648274,77.04346000000001,940.99
2020-07-04 13:00:00,137.6373651412514,0.6537418228045101,0.6256243870056881,79.34746000000001,956.99
2020-07-04 14:00:00,123.93616880706962,0.67145761195046,0.5633462218503165,74.04546,838.99
2020-07-04 15:00:00,108.70600442485946,0.6930226257467558,0.49411820193117933,67.59146,712.99
2020-07-04 16:00:00,57.471384325753945,0.7593998985961145,0.26123356511706336,47.726,344.0
2020-07-04 17:00:00,26.293612529521955,0.796776137258241,0.11951642058873616,36.54,150.0
2020-07-04 18:00:00,6.505925823299024,0.8214552807195737,0.029572390105904654,29.154,36.0
2020-07-04 19:00:00,0.0,,0.0,25.34,0.0
2020-07-04 20:00:00,0.0,,0.0,24.0,0.0
2020-07-04 21:00:00,0.0,,0.0,22.93,0.0
2020-07-04 22:00:00,0.0,,0.0,22.13,0.0
2020-07-04 23:00:00,0.0,,0.0,21.5,0.0
2020-07-05 00:00:00,0.0,,0.0,20.97,0.0
2020-07-05 01:00:00,0.0,,0.0,20.31,0.0
2020-07-05 02:00:00,0.0,,0.0,19.69,0.0
2020-07-05 03:00:00,0.0,,0.0,19.27,0.0
2020-07-05 04:00:00,0.0,,0.0,18.97,0.0
2020-07-05 05:00:00,0.0,,0.0,18.63,0.0
2020-07-05 06:00:00,0.0,,0.0,18.27,0.0
2020-07-05 07:00:00,9.337911598381767,0.8489010543983425,0.04244505271991712,20.939999999999998,50.0
2020-07-05 08:00:00,53.91400828935814,0.7982530099105438,0.24506367404253698,36.098,307.0
2020-07-05 09:00:00,90.19483593702554,0.7467696302121671,0.40997652698647974,51.506,549.0
2020-07-05 10:00:00,115.13004960555007,0.7071965935998525,0.5233184072979549,63.34946,739.99
2020-07-05 11:00:00,129.3518503820424,0.6789488981189284,0.5879629562820109,71.80346,865.99
2020-07-05 12:00:00,125.68948390847471,0.6777174803649019,0.5713158359476124,72.172,843.0
2020-07-05 13:00:00,104.5260198911667,0.7028376808174199,0.4751182722325759,64.654,676.0
2020-07-05 14:00:00,70.85208164275062,0.7437757888174534,0.32205491655795737,52.402,433.0
2020-07-05 15:00:00,86.77282911236435,0.722384524744958,0.394421950510747,58.804,546.0
2020-07-05 16:00:00,60.827254654586866,0.7554303856754455,0.27648752115721303,48.914,366.0
2020-07-05 17:00:00,24.943687038880228,0.7984534903610828,0.11338039563127376,36.038000000000004,142.0
2020-07-05 18:00:00,7.04946240638644,0.8216156650800047,0.03204301093812018,29.106,39.0
2020-07-05 19:00:00,0.0,,0.0,25.38,0.0
2020-07-05 20:00:00,0.0,,0.0,24.21,0.0
2020-07-05 21:00:00,0.0,,0.0,23.23,0.0
2020-07-05 22:00:00,0.0,,0.0,22.85,0.0
2020-07-05 23:00:00,0.0,,0.0,22.21,0.0
2020-07-06 00:00:00,0.0,,0.0,21.26,0.0
2020-07-06 01:00:00,0.0,,0.0,20.46,0.0
2020-07-06 02:00:00,0.0,,0.0,19.81,0.0
2020-07-06 03:00:00,0.0,,0.0,19.32,0.0
2020-07-06 04:00:00,0.0,,0.0,19.03,0.0
2020-07-06 05:00:00,0.0,,0.0,18.69,0.0
2020-07-06 06:00:00,0.0,,0.0,18.32,0.0
2020-07-06 07:00:00,9.342689715786276,0.8493354287078433,0.04246677143539217,20.81,50.0
2020-07-06 08:00:00,51.498714047077804,0.8016611775697043,0.23408506385035366,35.078,292.0
2020-07-06 09:00:00,87.35836020177251,0.7534790426235338,0.3970834554626023,49.498000000000005,527.0
2020-07-06 10:00:00,108.10005170973966,0.7183682330524964,0.49136387140790755,60.00600000000001,684.0
2020-07-06 11:00:00,130.48005374455613,0.6778262075959108,0.593091153384346,72.13946,874.99
2020-07-06 12:00:00,137.40715296008108,0.6602373894019689,0.6245779680003686,77.40346000000001,945.99
2020-07-06 13:00:00,137.24841549041668,0.6546306194685658,0.6238564340473485,79.08146,952.99
2020-07-06 14:00:00,122.36426115976934,0.673367054588209,0.5562011870898607,73.474,826.0
2020-07-06 15:00:00,83.81883521199994,0.7270891326509363,0.38099470550909065,57.396,524.0
2020-07-06 16:00:00,27.430858868824078,0.7941765740829206,0.12468572213101854,37.318,157.0
2020-07-06 17:00:00,10.033470235001023,0.8144050515422908,0.04560668288636829,31.264,56.0
2020-07-06 18:00:00,3.986937612201021,0.8237474405374011,0.018122443691822823,28.468,22.0
2020-07-06 19:00:00,0.0,,0.0,26.07,0.0
2020-07-06 20:00:00,0.0,,0.0,25.25,0.0
2020-07-06 21:00:00,0.0,,0.0,24.54,0.0
2020-07-06 22:00:00,0.0,,0.0,24.22,0.0
2020-07-06 23:00:00,0.0,,0.0,23.13,0.0
2020-07-07 00:00:00,0.0,,0.0,22.08,0.0
2020-07-07 01:00:00,0.0,,0.0,21.26,0.0
2020-07-07 02:00:00,0.0,,0.0,20.63,0.0
2020-07-07 03:00:00,0.0,,0.0,20.02,0.0
2020-07-07 04:00:00,0.0,,0.0,19.81,0.0
2020-07-07 05:00:00,0.0,,0.0,19.22,0.0
2020-07-07 06:00:00,0.0,,0.0,19.14,0.0
2020-07-07 07:00:00,8.936802609077933,0.8462881258596527,0.04062183004126333,21.721999999999998,48.0
2020-07-07 08:00:00,50.68655170350888,0.7999771417851781,0.23039341683413128,35.582,288.0
2020-07-07 09:00:00,83.90216557953458,0.75669341251384,0.3813734799069754,48.536,504.0
2020-07-07 10:00:00,110.39615030015213,0.7158354966940224,0.5018006831825097,60.763999999999996,701.0
2020-07-07 11:00:00,124.97184448868676,0.6885501073756846,0.5680538385849399,68.92999999999999,825.0
2020-07-07 12:00:00,135.28898231723096,0.6662584855998192,0.6149499196237771,75.60146,922.99
2020-07-07 13:00:00,135.73652399293502,0.6598832072726836,0.6169841999678864,77.50946,934.99
2020-07-07 14:00:00,128.83001872805772,0.6684905012824851,0.5855909942184442,74.93346,875.99
2020-07-07 15:00:00,110.66305712525235,0.6947801710298129,0.5030138960238744,67.06546,723.99
2020-07-07 16:00:00,81.31616022881592,0.733370853434487,0.3696189101309814,55.516000000000005,504.0
2020-07-07 17:00:00,23.97510530357734,0.8013069954404191,0.108977751379897,35.184,136.0
2020-07-07 18:00:00,5.969635806576783,0.8222638852034138,0.02713470821171265,28.912,33.0
2020-07-07 19:00:00,0.0,,0.0,25.77,0.0
2020-07-07 20:00:00,0.0,,0.0,24.76,0.0
2020-07-07 21:00:00,0.0,,0.0,24.66,0.0
2020-07-07 22:00:00,0.0,,0.0,24.14,0.0
2020-07-07 23:00:00,0.0,,0.0,23.08,0.0
2020-07-08 00:00:00,0.0,,0.0,22.18,0.0
2020-07-08 01:00:00,0.0,,0.0,21.32,0.0
2020-07-08 02:00:00,0.0,,0.0,20.84,0.0
2020-07-08 03:00:00,0.0,,0.0,20.49,0.0
2020-07-08 04:00:00,0.0,,0.0,20.14,0.0
2020-07-08 05:00:00,0.0,,0.0,19.89,0.0
2020-07-08 06:00:00,0.0,,0.0,19.7,0.0
2020-07-08 07:00:00,8.56031048064213,0.8458804822768904,0.038910502184736954,21.844,46.0
2020-07-08 08:00:00,49.30164451270627,0.8003513719595173,0.22409838414866484,35.47,280.0
2020-07-08 09:00:00,87.17713723504427,0.7504918839105051,0.3962597147047467,50.391999999999996,528.0
2020-07-08 10:00:00,113.21124849893744,0.7088204852492173,0.5145965840860792,62.86346,725.99
2020-07-08 11:00:00,130.44852775532496,0.6753469326909136,0.5929478534332953,72.88146,877.99
2020-07-08 12:00:00,131.19445735369777,0.6670452377145504,0.596338442516808,75.366,894.0
2020-07-08 13:00:00,134.35238099217722,0.6559604731238067,0.6106926408735328,78.68346000000001,930.99
2020-07-08 14:00:00,129.16284525874266,0.6589342664734665,0.587103842085194,77.79346000000001,890.99
2020-07-08 15:00:00,108.23704644774767,0.6890664781894557,0.4919865747624894,68.77546000000001,713.99
2020-07-08 16:00:00,73.70341658803666,0.7362978680123543,0.33501552994562117,54.64,455.0
2020-07-08 17:00:00,15.89856083276714,0.8029576178165222,0.07226618560348701,34.69,90.0
2020-07-08 18:00:00,6.641659642146381,0.8159287029663859,0.030189362009756276,30.808,37.0
2020-07-08 19:00:00,0.0,,0.0,27.31,0.0
2020-07-08 20:00:00,0.0,,0.0,26.3,0.0
2020-07-08 21:00:00,0.0,,0.0,25.33,0.0
2020-07-08 22:00:00,0.0,,0.0,24.64,0.0
2020-07-08 23:00:00,0.0,,0.0,23.98,0.0
2020-07-09 00:00:00,0.0,,0.0,23.14,0.0
2020-07-09 01:00:00,0.0,,0.0,22.39,0.0
2020-07-09 02:00:00,0.0,,0.0,21.74,0.0
2020-07-09 03:00:00,0.0,,0.0,21.02,0.0
2020-07-09 04:00:00,0.0,,0.0,20.61,0.0
2020-07-09 05:00:00,0.0,,0.0,20.07,0.0
2020-07-09 06:00:00,0.0,,0.0,19.81,0.0
2020-07-09 07:00:00,8.919513175023463,0.8446508688469188,0.0405432417046521,22.212,48.0
2020-07-09 08:00:00,54.7467694646054,0.7925125863434482,0.24884895211184271,37.816,314.0
2020-07-09 09:00:00,86.53681951638102,0.747812128554969,0.3933491796199137,51.194,526.0
2020-07-09 10:00:00,72.23624344723812,0.7600614840828926,0.32834656112380967,47.528,432.0
2020-07-09 11:00:00,87.97331126268271,0.7364248389643623,0.3998786875576487,54.602000000000004,543.0
2020-07-09 12:00:00,73.72284955906831,0.7513539498478221,0.3351038616321287,50.134,446.0
2020-07-09 13:00:00,113.52361779590966,0.6954399521925365,0.5160164445268621,66.86800000000001,742.0
2020-07-09 14:00:00,94.62608260062702,0.7204665951014696,0.43011855727557735,59.37800000000001,597.0
2020-07-09 15:00:00,97.25907669299663,0.717673234157295,0.44208671224089374,60.214,616.0
2020-07-09 16:00:00,73.3523763883722,0.7475782346960069,0.3334198926744191,51.264,446.0
2020-07-09 17:00:00,4.716307677764556,0.8245293142945028,0.021437762171657073,28.233999999999998,26.0
2020-07-09 18:00:00,7.265678834795354,0.8256453221358356,0.03302581288543343,27.9,40.0
2020-07-09 19:00:00,0.0,,0.0,24.51,0.0
2020-07-09 20:00:00,0.0,,0.0,22.98,0.0
2020-07-09 21:00:00,0.0,,0.0,21.73,0.0
2020-07-09 22:00:00,0.0,,0.0,21.43,0.0
2020-07-09 23:00:00,0.0,,0.0,20.53,0.0
2020-07-10 00:00:00,0.0,,0.0,20.25,0.0
2020-07-10 01:00:00,0.0,,0.0,19.6,0.0
2020-07-10 02:00:00,0.0,,0.0,19.43,0.0
2020-07-10 03:00:00,0.0,,0.0,19.26,0.0
2020-07-10 04:00:00,0.0,,0.0,18.98,0.0
2020-07-10 05:00:00,0.0,,0.0,18.87,0.0
2020-07-10 06:00:00,0.0,,0.0,18.76,0.0
2020-07-10 07:00:00,2.0666798560673874,0.8539999405237139,0.009393999345760852,19.414,11.0
2020-07-10 08:00:00,16.224357870636084,0.8380350139791366,0.07374708123016402,24.192,88.0
2020-07-10 09:00:00,22.905042235362558,0.8263002249409293,0.10411382834255709,27.704,126.0
2020-07-10 10:00:00,39.44686851768403,0.8040535776128013,0.17930394780765468,34.362,223.0
2020-07-10 11:00:00,25.21102050237757,0.8127343811211337,0.11459554773807985,31.764,141.0
2020-07-10 12:00:00,41.214985134898214,0.7904676857479519,0.1873408415222646,38.428,237.0
2020-07-10 13:00:00,36.68482409007352,0.7902805706607824,0.1667492004094251,38.484,211.0
2020-07-10 14:00:00,77.20849649698764,0.7388372870525133,0.3509477113499438,53.879999999999995,475.0
2020-07-10 15:00:00,70.09434720208394,0.7479123687802384,0.31861066910038155,51.164,426.0
2020-07-10 16:00:00,13.917967950429306,0.8110703933816612,0.06326349068376957,32.262,78.0
2020-07-10 17:00:00,24.705366304263073,0.8021222826059439,0.11229711956483215,34.94,140.0
2020-07-10 18:00:00,7.250094821106801,0.8238744114894091,0.03295497645957637,28.43,40.0
2020-07-10 19:00:00,0.0,,0.0,24.97,0.0
2020-07-10 20:00:00,0.0,,0.0,23.97,0.0
2020-07-10 21:00:00,0.0,,0.0,23.2,0.0
2020-07-10 22:00:00,0.0,,0.0,22.2,0.0
2020-07-10 23:00:00,0.0,,0.0,21.44,0.0
2020-07-11 00:00:00,0.0,,0.0,20.64,0.0
2020-07-11 01:00:00,0.0,,0.0,19.79,0.0
2020-07-11 02:00:00,0.0,,0.0,19.07,0.0
2020-07-11 03:00:00,0.0,,0.0,18.51,0.0
2020-07-11 04:00:00,0.0,,0.0,18.02,0.0
2020-07-11 05:00:00,0.0,,0.0,17.71,0.0
2020-07-11 06:00:00,0.0,,0.0,17.43,0.0
2020-07-11 07:00:00,8.073213020336778,0.853405181853782,0.03669642281971263,19.592,43.0
2020-07-11 08:00:00,56.008357120672564,0.7955732545550079,0.2545834414576026,36.9,320.0
2020-07-11 09:00:00,91.98608550429518,0.7426749506635446,0.418118570474069,52.73146,562.99
2020-07-11 10:00:00,117.08806980855884,0.7021444862462736,0.5322184991298129,64.86146,757.99
2020-07-11 11:00:00,133.26113666182536,0.6715511694940448,0.6057324393719334,74.01746,901.99
2020-07-11 12:00:00,138.88658160447469,0.6569294619680778,0.6313026436567031,78.39346,960.99
2020-07-11 13:00:00,139.410774854013,0.6506076450944195,0.6336853402455136,80.28546,973.99
2020-07-11 14:00:00,130.7070106016897,0.6616140218290023,0.5941227754622258,76.99146,897.99
2020-07-11 15:00:00,114.63641335773521,0.6874425865400912,0.5210746061715237,69.26146,757.99
2020-07-11 16:00:00,86.54332069643108,0.728479130441339,0.3933787304383231,56.980000000000004,540.0
2020-07-11 17:00:00,24.79078434155599,0.8048955955050646,0.11268538337070905,34.11,140.0
2020-07-11 18:00:00,6.7360384873102195,0.8275231556892161,0.030618356760501,27.338,37.0
2020-07-11 19:00:00,0.0,,0.0,24.02,0.0
2020-07-11 20:00:00,0.0,,0.0,23.2,0.0
2020-07-11 21:00:00,0.0,,0.0,22.66,0.0
2020-07-11 22:00:00,0.0,,0.0,22.01,0.0
2020-07-11 23:00:00,0.0,,0.0,21.49,0.0
2020-07-12 00:00:00,0.0,,0.0,20.93,0.0
2020-07-12 01:00:00,0.0,,0.0,20.29,0.0
2020-07-12 02:00:00,0.0,,0.0,19.76,0.0
2020-07-12 03:00:00,0.0,,0.0,19.35,0.0
2020-07-12 04:00:00,0.0,,0.0,18.95,0.0
2020-07-12 05:00:00,0.0,,0.0,18.59,0.0
2020-07-12 06:00:00,0.0,,0.0,18.61,0.0
2020-07-12 07:00:00,8.409082329694426,0.8494022555246895,0.03822310149861103,20.79,45.0
2020-07-12 08:00:00,55.318937997370604,0.7957269562337544,0.2514497181698664,36.854,316.0
2020-07-12 09:00:00,91.2462849300223,0.7446244893914011,0.41475584059101045,52.147999999999996,557.0
2020-07-12 10:00:00,115.92371193123894,0.7053989522266876,0.5269259633238134,63.887460000000004,746.99
2020-07-12 11:00:00,131.45083003242814,0.6751531349220594,0.5975037728746734,72.93946,884.99
2020-07-12 12:00:00,135.06030464684247,0.6622622419524112,0.6139104756674658,76.79746,926.99
2020-07-12 13:00:00,134.17848489359034,0.6565218183853155,0.6099022040617743,78.51546,928.99
2020-07-12 14:00:00,124.6272275490039,0.6680275919221907,0.5664873979500178,75.072,848.0
2020-07-12 15:00:00,104.04553975591912,0.6965158639437617,0.4729342716178142,66.546,679.0
2020-07-12 16:00:00,82.74636691299324,0.7261000957616115,0.3761198496045147,57.69199999999999,518.0
2020-07-12 17:00:00,25.063213483491495,0.7966692143512871,0.11392369765223406,36.572,143.0
2020-07-12 18:00:00,6.855689898068986,0.8200586002474864,0.031162226809404482,29.572,38.0
2020-07-12 19:00:00,0.0,,0.0,26.08,0.0
2020-07-12 20:00:00,0.0,,0.0,24.88,0.0
2020-07-12 21:00:00,0.0,,0.0,23.91,0.0
2020-07-12 22:00:00,0.0,,0.0,23.09,0.0
2020-07-12 23:00:00,0.0,,0.0,22.26,0.0
2020-07-13 00:00:00,0.0,,0.0,21.6,0.0
2020-07-13 01:00:00,0.0,,0.0,20.74,0.0
2020-07-13 02:00:00,0.0,,0.0,20.05,0.0
2020-07-13 03:00:00,0.0,,0.0,19.5,0.0
2020-07-13 04:00:00,0.0,,0.0,19.32,0.0
2020-07-13 05:00:00,0.0,,0.0,18.97,0.0
2020-07-13 06:00:00,0.0,,0.0,18.57,0.0
2020-07-13 07:00:00,8.95726765346894,0.8482261035481949,0.04071485297031336,21.142,48.0
2020-07-13 08:00:00,50.12996130367235,0.802336128419852,0.22786346047123796,34.876,284.0
2020-07-13 09:00:00,88.12021999549674,0.7514942861631991,0.40054645452498516,50.092,533.0
2020-07-13 10:00:00,110.43983699512904,0.7181677526019576,0.5019992590687684,60.066,699.0
2020-07-13 11:00:00,123.25821017140376,0.6925396683414078,0.5602645916881989,67.736,809.0
2020-07-13 12:00:00,113.0267817972389,0.7018553266097796,0.5137580990783587,64.94800000000001,732.0
2020-07-13 13:00:00,74.77757854588953,0.748674194492286,0.33989808429949786,50.93600000000001,454.0
2020-07-13 14:00:00,103.75101218853524,0.709166180372763,0.47159550994788746,62.76,665.0
2020-07-13 15:00:00,110.09069187033668,0.6998772528311296,0.5004122357742576,65.53999999999999,715.0
2020-07-13 16:00:00,59.916369054490914,0.765020033892887,0.2723471320658678,46.044,356.0
2020-07-13 17:00:00,19.81188750332928,0.8112976045589385,0.09005403410604218,32.194,111.0
2020-07-13 18:00:00,6.555412417710034,0.8277035880947012,0.029797329171409245,27.284,36.0
2020-07-13 19:00:00,0.0,,0.0,24.37,0.0
2020-07-13 20:00:00,0.0,,0.0,23.64,0.0
2020-07-13 21:00:00,0.0,,0.0,22.94,0.0
2020-07-13 22:00:00,0.0,,0.0,23.24,0.0
2020-07-13 23:00:00,0.0,,0.0,22.83,0.0
2020-07-14 00:00:00,0.0,,0.0,21.97,0.0
2020-07-14 01:00:00,0.0,,0.0,20.96,0.0
2020-07-14 02:00:00,0.0,,0.0,20.18,0.0
2020-07-14 03:00:00,0.0,,0.0,19.72,0.0
2020-07-14 04:00:00,0.0,,0.0,19.59,0.0
2020-07-14 05:00:00,0.0,,0.0,19.51,0.0
2020-07-14 06:00:00,0.0,,0.0,19.25,0.0
2020-07-14 07:00:00,5.420337548994512,0.8495826879301743,0.024637897949975056,20.736,29.0
2020-07-14 08:00:00,31.95311911274667,0.8205731667372027,0.14524145051248485,29.418,177.0
2020-07-14 09:00:00,73.16927745924143,0.7681007501495005,0.33258762481473375,45.122,433.0
2020-07-14 10:00:00,107.09399189170577,0.7179806375147879,0.4867908722350262,60.122,678.0
2020-07-14 11:00:00,127.5691379579998,0.6813862726097628,0.5798597179909082,71.074,851.0
2020-07-14 12:00:00,126.6219489569594,0.67712272169497,0.5755543134407245,72.35,850.0
2020-07-14 13:00:00,131.42596081742118,0.6645058186743916,0.5973907309882781,76.126,899.0
2020-07-14 14:00:00,128.49294743548575,0.6652226699387016,0.5840588519794807,75.91146,877.99
2020-07-14 15:00:00,109.59877806768759,0.692873802425639,0.4981762639440345,67.636,719.0
2020-07-14 16:00:00,84.41365055107256,0.726701537113228,0.3836984115957844,57.512,528.0
2020-07-14 17:00:00,25.264520715408366,0.7974911841984964,0.11483873052458349,36.326,144.0
2020-07-14 18:00:00,2.7181239724282715,0.8236739310388702,0.012355108965583053,28.49,15.0
2020-07-14 19:00:00,0.0,,0.0,26.31,0.0
2020-07-14 20:00:00,0.0,,0.0,25.37,0.0
2020-07-14 21:00:00,0.0,,0.0,24.21,0.0
2020-07-14 22:00:00,0.0,,0.0,23.23,0.0
2020-07-14 23:00:00,0.0,,0.0,22.37,0.0
2020-07-15 00:00:00,0.0,,0.0,21.4,0.0
2020-07-15 01:00:00,0.0,,0.0,20.67,0.0
2020-07-15 02:00:00,0.0,,0.0,20.12,0.0
2020-07-15 03:00:00,0.0,,0.0,19.55,0.0
2020-07-15 04:00:00,0.0,,0.0,19.2,0.0
2020-07-15 05:00:00,0.0,,0.0,18.79,0.0
2020-07-15 06:00:00,0.0,,0.0,18.42,0.0
2020-07-15 07:00:00,8.40478202403037,0.8489678812151888,0.038203554654683496,20.919999999999998,45.0
2020-07-15 08:00:00,42.944135837131114,0.8099610682220126,0.19520061744150508,32.594,241.0
2020-07-15 09:00:00,46.66438098866199,0.8004181987763634,0.2121108226757363,35.45,265.0
2020-07-15 10:00:00,55.563568787341666,0.784353032006517,0.2525616763060985,40.257999999999996,322.0
2020-07-15 11:00:00,63.27795842230952,0.7690563736304025,0.2876270837377705,44.836000000000006,374.0
2020-07-15 12:00:00,93.5022708572764,0.7277574008193992,0.42501032207852907,57.196,584.0
2020-07-15 13:00:00,99.4547230834766,0.7198517883864838,0.4520669231067118,59.562000000000005,628.0
2020-07-15 14:00:00,100.58816604132475,0.7166441011778623,0.45721893655147616,60.522000000000006,638.0
2020-07-15 15:00:00,77.35558459297806,0.7433748279163758,0.35161629360444574,52.522,473.0
2020-07-15 16:00:00,54.03320394122602,0.7723442530192399,0.24560547246011827,43.852000000000004,318.0
2020-07-15 17:00:00,27.254466946339274,0.8044411731505098,0.12388394066517852,34.245999999999995,154.0
2020-07-15 18:00:00,6.374449674606576,0.8278506070917632,0.02897477124821171,27.240000000000002,35.0
2020-07-15 19:00:00,0.0,,0.0,24.55,0.0
2020-07-15 20:00:00,0.0,,0.0,23.9,0.0
2020-07-15 21:00:00,0.0,,0.0,23.17,0.0
2020-07-15 22:00:00,0.0,,0.0,22.91,0.0
2020-07-15 23:00:00,0.0,,0.0,22.38,0.0
2020-07-16 00:00:00,0.0,,0.0,21.91,0.0
2020-07-16 01:00:00,0.0,,0.0,21.43,0.0
2020-07-16 02:00:00,0.0,,0.0,20.78,0.0
2020-07-16 03:00:00,0.0,,0.0,20.29,0.0
2020-07-16 04:00:00,0.0,,0.0,19.74,0.0
2020-07-16 05:00:00,0.0,,0.0,19.29,0.0
2020-07-16 06:00:00,0.0,,0.0,18.98,0.0
2020-07-16 07:00:00,1.690906650527218,0.8539932578420293,0.007685939320578263,19.416,9.0
2020-07-16 08:00:00,5.594587404692128,0.8476647582866861,0.02542994274860058,21.310000000000002,30.0
2020-07-16 09:00:00,30.085250106026052,0.8188690829076225,0.13675113684557297,29.928,167.0
2020-07-16 10:00:00,37.6029783093842,0.806238814523675,0.17092262867901908,33.708000000000006,212.0
2020-07-16 11:00:00,81.6556550266411,0.7528642359085479,0.3711620683029141,49.682,493.0
2020-07-16 12:00:00,73.63220352623985,0.7572213443669257,0.3346918342101811,48.378,442.0
2020-07-16 13:00:00,58.62143601970017,0.7723509357009244,0.26646107281681897,43.849999999999994,345.0
2020-07-16 14:00:00,90.33729293460853,0.7332572478458484,0.41062405879367514,55.55,560.0
2020-07-16 15:00:00,25.724134444402978,0.8063991988841059,0.11692788383819536,33.66,145.0
2020-07-16 16:00:00,32.68010011960796,0.7986339227665679,0.1485459096345816,35.984,186.0
2020-07-16 17:00:00,21.591405443765595,0.8110971241083995,0.09814275201711634,32.254,121.0
2020-07-16 18:00:00,3.294007675249232,0.8318201200124324,0.014972762160223783,26.052,18.0
2020-07-16 19:00:00,0.0,,0.0,24.07,0.0
2020-07-16 20:00:00,0.0,,0.0,23.4,0.0
2020-07-16 21:00:00,0.0,,0.0,22.7,0.0
2020-07-16 22:00:00,0.0,,0.0,22.21,0.0
2020-07-16 23:00:00,0.0,,0.0,21.1,0.0
2020-07-17 00:00:00,0.0,,0.0,20.36,0.0
2020-07-17 01:00:00,0.0,,0.0,19.92,0.0
2020-07-17 02:00:00,0.0,,0.0,19.5,0.0
2020-07-17 03:00:00,0.0,,0.0,19.02,0.0
2020-07-17 04:00:00,0.0,,0.0,18.59,0.0
2020-07-17 05:00:00,0.0,,0.0,18.42,0.0
2020-07-17 06:00:00,0.0,,0.0,18.22,0.0
2020-07-17 07:00:00,1.3211082970276407,0.857862530537429,0.006005037713762003,18.258,7.0
2020-07-17 08:00:00,36.76314110980835,0.8191430728566923,0.16710518686276524,29.845999999999997,204.0
2020-07-17 09:00:00,67.57702912679257,0.7796150106921154,0.30716831421269347,41.676,394.0
2020-07-17 10:00:00,104.86067776398858,0.7254786063649411,0.47663944438176625,57.878,657.0
2020-07-17 11:00:00,117.28763932400562,0.7014810964354404,0.5331256332909347,65.06,760.0
2020-07-17 12:00:00,98.07280331869428,0.7225048130152812,0.4457854696304286,58.768,617.0
2020-07-17 13:00:00,108.8931148154003,0.704080659610761,0.494968703706365,64.28200000000001,703.0
2020-07-17 14:00:00,115.12851833315571,0.6931277443296551,0.5233114469688896,67.56,755.0
2020-07-17 15:00:00,41.68454322885409,0.786204134833159,0.1894751964947913,39.704,241.0
2020-07-17 16:00:00,20.647183286085884,0.809058906194588,0.0938508331185722,32.864000000000004,116.0
2020-07-17 17:00:00,17.90029798726241,0.8136499085119276,0.08136499085119277,31.490000000000002,100.0
2020-07-17 18:00:00,7.457748863126832,0.8268014260672762,0.03389885846875833,27.554,41.0
2020-07-17 19:00:00,0.0,,0.0,24.58,0.0
2020-07-17 20:00:00,0.0,,0.0,23.76,0.0
2020-07-17 21:00:00,0.0,,0.0,23.14,0.0
2020-07-17 22:00:00,0.0,,0.0,22.75,0.0
2020-07-17 23:00:00,0.0,,0.0,22.46,0.0
2020-07-18 00:00:00,0.0,,0.0,21.42,0.0
2020-07-18 01:00:00,0.0,,0.0,20.34,0.0
2020-07-18 02:00:00,0.0,,0.0,19.34,0.0
2020-07-18 03:00:00,0.0,,0.0,18.78,0.0
2020-07-18 04:00:00,0.0,,0.0,18.41,0.0
2020-07-18 05:00:00,0.0,,0.0,17.97,0.0
2020-07-18 06:00:00,0.0,,0.0,17.9,0.0
2020-07-18 07:00:00,6.571271356923094,0.8534118645354667,0.029869415258741337,19.59,35.0
2020-07-18 08:00:00,20.59188062015111,0.8357094407528859,0.09359945736432322,24.887999999999998,112.0
2020-07-18 09:00:00,73.22354364124692,0.7722373301122856,0.3328342892783951,43.884,431.0
2020-07-18 10:00:00,112.71103791838904,0.7155347760182138,0.5123228996290411,60.854,716.0
2020-07-18 11:00:00,128.49644116949767,0.6871467442219127,0.5840747325886257,69.35,850.0
2020-07-18 12:00:00,118.21216534664897,0.6969235075265238,0.5373280243029499,66.424,771.0
2020-07-18 13:00:00,136.5142691932613,0.6636571181004439,0.620519405423915,76.38,935.0
2020-07-18 14:00:00,125.84850847683661,0.6777709418183789,0.5720386748947118,72.156,844.0
2020-07-18 15:00:00,101.45702773130053,0.7105829088899043,0.4611683078695479,62.336000000000006,649.0
2020-07-18 16:00:00,23.855780274992053,0.8032249250839075,0.10843536488632752,34.61,135.0
2020-07-18 17:00:00,24.227528100392668,0.8038330491172087,0.11012512772905758,34.428,137.0
2020-07-18 18:00:00,6.888651557210247,0.8240013824414172,0.03131205253277385,28.392,38.0
2020-07-18 19:00:00,0.0,,0.0,25.24,0.0
2020-07-18 20:00:00,0.0,,0.0,24.61,0.0
2020-07-18 21:00:00,0.0,,0.0,24.18,0.0
2020-07-18 22:00:00,0.0,,0.0,23.53,0.0
2020-07-18 23:00:00,0.0,,0.0,23.09,0.0
2020-07-19 00:00:00,0.0,,0.0,22.33,0.0
2020-07-19 01:00:00,0.0,,0.0,21.36,0.0
2020-07-19 02:00:00,0.0,,0.0,20.51,0.0
2020-07-19 03:00:00,0.0,,0.0,19.81,0.0
2020-07-19 04:00:00,0.0,,0.0,19.37,0.0
2020-07-19 05:00:00,0.0,,0.0,19.26,0.0
2020-07-19 06:00:00,0.0,,0.0,18.96,0.0
2020-07-19 07:00:00,1.5034633100332744,0.8542405170643604,0.0068339241365148835,19.342,8.0
2020-07-19 08:00:00,7.072734043431356,0.8460208185922675,0.03214879110650616,21.802,38.0
2020-07-19 09:00:00,26.074301351224893,0.8230524416421999,0.11851955159647679,28.676,144.0
2020-07-19 10:00:00,64.6191451037659,0.7791071268840837,0.2937233868352996,41.828,377.0
2020-07-19 11:00:00,116.77051176336043,0.708644931201362,0.5307750534698201,62.916000000000004,749.0
2020-07-19 12:00:00,123.11247612037623,0.6934351476871479,0.5596021641835283,67.468,807.0
2020-07-19 13:00:00,135.32526481604359,0.6657087013776248,0.6151148400729254,75.766,924.0
2020-07-19 14:00:00,104.68150718245928,0.7059718585275107,0.4758250326475422,63.716,674.0
2020-07-19 15:00:00,94.45054191813522,0.7191300587645441,0.4293206450824328,59.778000000000006,597.0
2020-07-19 16:00:00,75.86310654240523,0.7447781910701476,0.34483230246547836,52.102000000000004,463.0
2020-07-19 17:00:00,20.32706412188347,0.8104890000750985,0.09239574600856124,32.436,114.0
2020-07-19 18:00:00,6.91798184712408,0.827509790325847,0.031445372032382186,27.342,38.0
2020-07-19 19:00:00,0.0,,0.0,24.04,0.0
2020-07-19 20:00:00,0.0,,0.0,23.07,0.0
2020-07-19 21:00:00,0.0,,0.0,22.37,0.0
2020-07-19 22:00:00,0.0,,0.0,22.34,0.0
2020-07-19 23:00:00,0.0,,0.0,21.74,0.0
2020-07-20 00:00:00,0.0,,0.0,21.19,0.0
2020-07-20 01:00:00,0.0,,0.0,20.64,0.0
2020-07-20 02:00:00,0.0,,0.0,19.93,0.0
2020-07-20 03:00:00,0.0,,0.0,19.15,0.0
2020-07-20 04:00:00,0.0,,0.0,18.74,0.0
2020-07-20 05:00:00,0.0,,0.0,18.57,0.0
2020-07-20 06:00:00,0.0,,0.0,18.33,0.0
2020-07-20 07:00:00,3.0121957809212447,0.8557374377617173,0.013691799004187476,18.894000000000002,16.0
2020-07-20 08:00:00,21.849306168411452,0.8345800675481838,0.09931502803823387,25.226000000000003,119.0
2020-07-20 09:00:00,54.85063838602958,0.7940161897224896,0.24932108357286173,37.366,314.0
2020-07-20 10:00:00,76.24589255410525,0.7650601299829948,0.3465722388822966,46.032,453.0
2020-07-20 11:00:00,64.05636520415305,0.7743757882513667,0.29116529638251387,43.24400000000001,376.0
2020-07-20 12:00:00,89.15673038820208,0.7368324825471246,0.4052578654009185,54.480000000000004,550.0
2020-07-20 13:00:00,111.41693260055175,0.7043680149231998,0.5064406027297806,64.196,719.0
2020-07-20 14:00:00,107.24419532024396,0.7075088753149753,0.487473615092018,63.256,689.0
2020-07-20 15:00:00,109.42819780615665,0.7025436428232964,0.49740089911889385,64.742,708.0
2020-07-20 16:00:00,71.56936527656569,0.7530446683140329,0.3253152967116622,49.628,432.0
2020-07-20 17:00:00,26.751507606440917,0.805283191042773,0.12159776184745871,33.994,151.0
2020-07-20 18:00:00,7.455036362631041,0.826500705391468,0.03388652892105019,27.644,41.0
2020-07-20 19:00:00,0.0,,0.0,24.52,0.0
2020-07-20 20:00:00,0.0,,0.0,23.82,0.0
2020-07-20 21:00:00,0.0,,0.0,23.39,0.0
2020-07-20 22:00:00,0.0,,0.0,22.83,0.0
2020-07-20 23:00:00,0.0,,0.0,22.14,0.0
2020-07-21 00:00:00,0.0,,0.0,21.54,0.0
2020-07-21 01:00:00,0.0,,0.0,20.68,0.0
2020-07-21 02:00:00,0.0,,0.0,20.11,0.0
2020-07-21 03:00:00,0.0,,0.0,19.64,0.0
2020-07-21 04:00:00,0.0,,0.0,19.45,0.0
2020-07-21 05:00:00,0.0,,0.0,19.18,0.0
2020-07-21 06:00:00,0.0,,0.0,19.0,0.0
2020-07-21 07:00:00,8.210699305629111,0.8482127381848256,0.03732136048013233,21.146,44.0
2020-07-21 08:00:00,48.96929630832824,0.8035657418498234,0.2225877104924011,34.508,277.0
2020-07-21 09:00:00,85.08640948162746,0.7553836069036528,0.38675640673467027,48.928000000000004,512.0
2020-07-21 10:00:00,113.83660653875454,0.7117456955030295,0.5174391206307024,61.988000000000014,727.0
2020-07-21 11:00:00,129.76112357545298,0.6803036781768532,0.5898232889793318,71.398,867.0
2020-07-21 12:00:00,129.68111583725192,0.6752114747331663,0.5894596174420542,72.92200000000001,873.0
2020-07-21 13:00:00,129.98974546683394,0.669912108157256,0.5908624793946997,74.50800000000001,882.0
2020-07-21 14:00:00,116.41671642769104,0.685449343074017,0.5291668928531411,69.858,772.0
2020-07-21 15:00:00,95.32357159667771,0.7173658307998022,0.4332889618030805,60.306,604.0
2020-07-21 16:00:00,63.993205843015296,0.7574953343159955,0.29087820837734224,48.296,384.0
2020-07-21 17:00:00,27.33300008399979,0.8015542546627503,0.12424090947272631,35.11,155.0
2020-07-21 18:00:00,4.008931654161471,0.8282916640829486,0.01822241660982487,27.108,22.0
2020-07-21 19:00:00,0.0,,0.0,24.96,0.0
2020-07-21 20:00:00,0.0,,0.0,24.19,0.0
2020-07-21 21:00:00,0.0,,0.0,23.6,0.0
2020-07-21 22:00:00,0.0,,0.0,22.55,0.0
2020-07-21 23:00:00,0.0,,0.0,21.58,0.0
2020-07-22 00:00:00,0.0,,0.0,20.92,0.0
2020-07-22 01:00:00,0.0,,0.0,20.48,0.0
2020-07-22 02:00:00,0.0,,0.0,20.16,0.0
2020-07-22 03:00:00,0.0,,0.0,19.75,0.0
2020-07-22 04:00:00,0.0,,0.0,19.39,0.0
2020-07-22 05:00:00,0.0,,0.0,19.0,0.0
2020-07-22 06:00:00,0.0,,0.0,18.83,0.0
2020-07-22 07:00:00,2.6298875809616766,0.8538596042083365,0.011954034458916712,19.456,14.0
2020-07-22 08:00:00,43.43889151699343,0.8092192905550192,0.19744950689542468,32.816,244.0
2020-07-22 09:00:00,75.74294938629659,0.7667842618576289,0.3442861335740754,45.516000000000005,449.0
2020-07-22 10:00:00,108.24600775945274,0.718288040872281,0.49202730799751243,60.03,685.0
2020-07-22 11:00:00,115.587346980706,0.6995965802003753,0.5253970317304818,65.624,751.0
2020-07-22 12:00:00,107.03769537735086,0.705123157953563,0.48653497898795844,63.97,690.0
2020-07-22 13:00:00,113.46877382924572,0.6913768817282825,0.5157671537692987,68.084,746.0
2020-07-22 14:00:00,103.56881448585645,0.7057981088037103,0.47076733857207476,63.76800000000001,667.0
2020-07-22 15:00:00,49.14728632731111,0.7729991558243332,0.2233967560332323,43.656000000000006,289.0
2020-07-22 16:00:00,47.01630771287874,0.7771290531054338,0.21371048960399427,42.42,275.0
2020-07-22 17:00:00,26.85112620866004,0.802964300498207,0.12205057367572746,34.688,152.0
2020-07-22 18:00:00,2.7381920655272105,0.829755171371882,0.012446327570578229,26.669999999999998,15.0
2020-07-22 19:00:00,0.0,,0.0,24.87,0.0
2020-07-22 20:00:00,0.0,,0.0,24.12,0.0
2020-07-22 21:00:00,0.0,,0.0,23.7,0.0
2020-07-22 22:00:00,0.0,,0.0,23.07,0.0
2020-07-22 23:00:00,0.0,,0.0,22.28,0.0
2020-07-23 00:00:00,0.0,,0.0,21.58,0.0
2020-07-23 01:00:00,0.0,,0.0,20.94,0.0
2020-07-23 02:00:00,0.0,,0.0,20.3,0.0
2020-07-23 03:00:00,0.0,,0.0,19.65,0.0
2020-07-23 04:00:00,0.0,,0.0,19.09,0.0
2020-07-23 05:00:00,0.0,,0.0,18.67,0.0
2020-07-23 06:00:00,0.0,,0.0,18.55,0.0
2020-07-23 07:00:00,1.6938176266690417,0.8554634478126473,0.0076991710303138255,18.976,9.0
2020-07-23 08:00:00,10.60549762952905,0.8457334632798286,0.04820680740695023,21.887999999999998,57.0
2020-07-23 09:00:00,25.628723525879767,0.8261999847156598,0.11649419784490803,27.734,141.0
2020-07-23 10:00:00,50.83548341772248,0.7940562858125974,0.2310703791714658,37.354,291.0
2020-07-23 11:00:00,115.56420913094838,0.7050897445451396,0.525291859686129,63.980000000000004,745.0
2020-07-23 12:00:00,133.10295506025645,0.6752382054599049,0.6050134320920748,72.914,896.0
2020-07-23 13:00:00,129.29517773825492,0.6763007518477608,0.5877053533557042,72.596,869.0
2020-07-23 14:00:00,56.1006144817088,0.7680807021044469,0.25500279309867635,45.128,332.0
2020-07-23 15:00:00,30.58325931629334,0.7943703718517751,0.13901481507406063,37.26,175.0
2020-07-23 16:00:00,11.662906772666721,0.81558788620047,0.05301321260303055,30.909999999999997,65.0
2020-07-23 17:00:00,8.134524352681469,0.8216691265334817,0.03697511069400668,29.09,45.0
2020-07-23 18:00:00,4.00812304967763,0.8281245970408327,0.01821874113489832,27.157999999999998,22.0
2020-07-23 19:00:00,0.0,,0.0,25.28,0.0
2020-07-23 20:00:00,0.0,,0.0,24.79,0.0
2020-07-23 21:00:00,0.0,,0.0,24.02,0.0
2020-07-23 22:00:00,0.0,,0.0,23.35,0.0
2020-07-23 23:00:00,0.0,,0.0,22.32,0.0
2020-07-24 00:00:00,0.0,,0.0,21.32,0.0
2020-07-24 01:00:00,0.0,,0.0,20.38,0.0
2020-07-24 02:00:00,0.0,,0.0,19.63,0.0
2020-07-24 03:00:00,0.0,,0.0,19.05,0.0
2020-07-24 04:00:00,0.0,,0.0,18.61,0.0
2020-07-24 05:00:00,0.0,,0.0,18.38,0.0
2020-07-24 06:00:00,0.0,,0.0,18.22,0.0
2020-07-24 07:00:00,2.072340087454268,0.8563388791133338,0.009419727670246672,18.714000000000002,11.0
2020-07-24 08:00:00,17.559765235317958,0.8401801547999024,0.07981711470599072,23.55,95.0
2020-07-24 09:00:00,26.282833096657388,0.829634883101559,0.1194674231666245,26.706,144.0
2020-07-24 10:00:00,36.01003629735916,0.8143382247254446,0.16368198316981436,31.284,201.0
2020-07-24 11:00:00,56.716331511593694,0.7835912062944694,0.25780150687088044,40.486000000000004,329.0
2020-07-24 12:00:00,64.050313902234,0.7702057948801587,0.29113779046469995,44.492,378.0
2020-07-24 13:00:00,65.49111477533958,0.7692167579908337,0.29768688534245263,44.788000000000004,387.0
2020-07-24 14:00:00,68.59981676631214,0.7642582081808393,0.31181734893778246,46.272,408.0
2020-07-24 15:00:00,33.0614438749468,0.8036325686666698,0.15027929034066725,34.488,187.0
2020-07-24 16:00:00,60.55490196252981,0.7731729055481333,0.2752495543751355,43.604,356.0
2020-07-24 17:00:00,26.258544088152792,0.8119525073640318,0.11935701858251269,31.997999999999998,147.0
2020-07-24 18:00:00,5.509022348402147,0.8347003558185072,0.025041010674555213,25.19,30.0
2020-07-24 19:00:00,0.0,,0.0,22.85,0.0
2020-07-24 20:00:00,0.0,,0.0,22.53,0.0
2020-07-24 21:00:00,0.0,,0.0,22.02,0.0
2020-07-24 22:00:00,0.0,,0.0,22.37,0.0
2020-07-24 23:00:00,0.0,,0.0,22.42,0.0
2020-07-25 00:00:00,0.0,,0.0,21.7,0.0
2020-07-25 01:00:00,0.0,,0.0,20.79,0.0
2020-07-25 02:00:00,0.0,,0.0,19.93,0.0
2020-07-25 03:00:00,0.0,,0.0,19.17,0.0
2020-07-25 04:00:00,0.0,,0.0,18.75,0.0
2020-07-25 05:00:00,0.0,,0.0,18.3,0.0
2020-07-25 06:00:00,0.0,,0.0,18.06,0.0
2020-07-25 07:00:00,1.3207481004848394,0.8576286366784671,0.00600340045674927,18.328,7.0
2020-07-25 08:00:00,41.258602730946514,0.8153874057499311,0.18753910332248416,30.97,230.0
2020-07-25 09:00:00,87.29351012216856,0.7586781689741748,0.39678868237349346,47.942,523.0
2020-07-25 10:00:00,117.0443331751981,0.7160426598262456,0.5320196962509005,60.702,743.0
2020-07-25 11:00:00,135.0977805242885,0.680806683627255,0.6140808205649477,71.24746,901.99
2020-07-25 12:00:00,141.21519394595197,0.6637992587398759,0.6418872452088725,76.33746000000001,966.99
2020-07-25 13:00:00,139.91454460672884,0.658366238530273,0.6359752027578583,77.96346000000001,965.99
2020-07-25 14:00:00,123.12026959741048,0.681653579877148,0.5596375890791385,70.994,821.0
2020-07-25 15:00:00,85.73020566976119,0.7311121070250826,0.38968275304436906,56.192,533.0
2020-07-25 16:00:00,85.84946159941786,0.728031390768469,0.3902248254518994,57.114000000000004,536.0
2020-07-25 17:00:00,25.19040696879953,0.8007122367704872,0.11450184985817968,35.362,143.0
2020-07-25 18:00:00,7.9535630797679815,0.8216490784884278,0.03615255945349082,29.096,44.0
2020-07-25 19:00:00,0.0,,0.0,25.64,0.0
2020-07-25 20:00:00,0.0,,0.0,24.52,0.0
2020-07-25 21:00:00,0.0,,0.0,23.57,0.0
2020-07-25 22:00:00,0.0,,0.0,23.13,0.0
2020-07-25 23:00:00,0.0,,0.0,22.54,0.0
2020-07-26 00:00:00,0.0,,0.0,21.7,0.0
2020-07-26 01:00:00,0.0,,0.0,20.9,0.0
2020-07-26 02:00:00,0.0,,0.0,20.05,0.0
2020-07-26 03:00:00,0.0,,0.0,19.37,0.0
2020-07-26 04:00:00,0.0,,0.0,18.9,0.0
2020-07-26 05:00:00,0.0,,0.0,18.49,0.0
2020-07-26 06:00:00,0.0,,0.0,18.11,0.0
2020-07-26 07:00:00,1.8855186373178958,0.857053926053589,0.00857053926053589,18.5,10.0
2020-07-26 08:00:00,41.83578167113159,0.8126608716226028,0.19016264395968904,31.785999999999998,234.0
2020-07-26 09:00:00,80.42409600072384,0.7615918181886727,0.3655640727305629,47.07,480.0
2020-07-26 10:00:00,111.13698931767641,0.7165505436342773,0.5051681332621655,60.55000000000001,705.0
2020-07-26 11:00:00,125.74598330904558,0.6869863598614816,0.5715726514047527,69.398,832.0
2020-07-26 12:00:00,102.3640393808239,0.7147328542160585,0.4652910880946541,61.093999999999994,651.0
2020-07-26 13:00:00,115.92469677136404,0.6896995286254405,0.5269304398698366,68.586,764.0
2020-07-26 14:00:00,107.16426697230132,0.6978657656440566,0.48711030441955144,66.14200000000001,698.0
2020-07-26 15:00:00,64.07155079635957,0.7525434671876858,0.29123432180163444,49.778000000000006,387.0
2020-07-26 16:00:00,57.67547903785511,0.7598877343590923,0.26216126835388687,47.58,345.0
2020-07-26 17:00:00,21.535419139494486,0.8023628591465904,0.09788826881588403,34.868,122.0
2020-07-26 18:00:00,7.926393969110955,0.8188423521808839,0.036029063495958885,29.936,44.0
2020-07-26 19:00:00,0.0,,0.0,26.26,0.0
2020-07-26 20:00:00,0.0,,0.0,25.51,0.0
2020-07-26 21:00:00,0.0,,0.0,24.49,0.0
2020-07-26 22:00:00,0.0,,0.0,22.62,0.0
2020-07-26 23:00:00,0.0,,0.0,21.73,0.0
2020-07-27 00:00:00,0.0,,0.0,20.98,0.0
2020-07-27 01:00:00,0.0,,0.0,20.32,0.0
2020-07-27 02:00:00,0.0,,0.0,19.78,0.0
2020-07-27 03:00:00,0.0,,0.0,19.29,0.0
2020-07-27 04:00:00,0.0,,0.0,19.15,0.0
2020-07-27 05:00:00,0.0,,0.0,18.82,0.0
2020-07-27 06:00:00,0.0,,0.0,18.4,0.0
2020-07-27 07:00:00,8.788416335343433,0.8499435527411444,0.039947346978833786,20.628,47.0
2020-07-27 08:00:00,5.789414039218517,0.8488876890349731,0.02631551836008417,20.944,31.0
2020-07-27 09:00:00,38.78996558596224,0.8087982816088874,0.17631802539073746,32.942,218.0
2020-07-27 10:00:00,70.04161736859776,0.7708740630486216,0.3183709880390807,44.292,413.0
2020-07-27 11:00:00,126.04334540269282,0.6911028917792128,0.5729242972849674,68.166,829.0
2020-07-27 12:00:00,106.07034713143331,0.7142784318615037,0.48213794150651507,61.230000000000004,675.0
2020-07-27 13:00:00,99.69515795127151,0.7170250140338861,0.453159808869416,60.40800000000001,632.0
2020-07-27 14:00:00,106.69252123566918,0.7069475300534667,0.4849660056166781,63.42399999999999,686.0
2020-07-27 15:00:00,81.21588592186991,0.7368525305921785,0.36916311782668143,54.474000000000004,501.0
2020-07-27 16:00:00,31.51793259011388,0.7959073886392394,0.14326332995506308,36.8,180.0
2020-07-27 17:00:00,8.848372152535218,0.8208137432778495,0.04021987342061462,29.346,49.0
2020-07-27 18:00:00,7.804219712362611,0.8249703712856882,0.0354737259652846,28.102,43.0
2020-07-27 19:00:00,0.0,,0.0,24.8,0.0
2020-07-27 20:00:00,0.0,,0.0,24.1,0.0
2020-07-27 21:00:00,0.0,,0.0,23.62,0.0
2020-07-27 22:00:00,0.0,,0.0,23.48,0.0
2020-07-27 23:00:00,0.0,,0.0,22.77,0.0
2020-07-28 00:00:00,0.0,,0.0,21.93,0.0
2020-07-28 01:00:00,0.0,,0.0,21.21,0.0
2020-07-28 02:00:00,0.0,,0.0,20.65,0.0
2020-07-28 03:00:00,0.0,,0.0,20.12,0.0
2020-07-28 04:00:00,0.0,,0.0,19.65,0.0
2020-07-28 05:00:00,0.0,,0.0,19.37,0.0
2020-07-28 06:00:00,0.0,,0.0,19.15,0.0
2020-07-28 07:00:00,8.3855960449138,0.8470299035266464,0.03811634565869909,21.5,45.0
2020-07-28 08:00:00,21.2645454585479,0.8332502138929428,0.09665702481158137,25.624,116.0
2020-07-28 09:00:00,67.1363720272791,0.7824751984531363,0.30516532739672314,40.82000000000001,390.0
2020-07-28 10:00:00,57.940505773288564,0.7908886946940835,0.26336593533312985,38.30200000000001,333.0
2020-07-28 11:00:00,82.34421849938016,0.7592127835089449,0.3742919022699098,47.782,493.0
2020-07-28 12:00:00,69.0806953230418,0.7734067994070957,0.3140031605592809,43.534,406.0
2020-07-28 13:00:00,30.66738652679205,0.8104489039849907,0.13939721148541842,32.448,172.0
2020-07-28 14:00:00,75.18695882396806,0.7544346661044357,0.3417589037453093,49.212,453.0
2020-07-28 15:00:00,104.19243378683342,0.7132559815637556,0.47360197175833374,61.536,664.0
2020-07-28 16:00:00,52.791527067930936,0.7765743905256095,0.23996148667241335,42.586,309.0
2020-07-28 17:00:00,7.987524468089264,0.8251574863728579,0.036306929400405745,28.046000000000003,44.0
2020-07-28 18:00:00,4.5706368449057875,0.8310248808919614,0.020775622022299035,26.290000000000003,25.0
2020-07-28 19:00:00,0.0,,0.0,24.06,0.0
2020-07-28 20:00:00,0.0,,0.0,23.33,0.0
2020-07-28 21:00:00,0.0,,0.0,22.82,0.0
2020-07-28 22:00:00,0.0,,0.0,22.56,0.0
2020-07-28 23:00:00,0.0,,0.0,22.14,0.0
2020-07-29 00:00:00,0.0,,0.0,21.37,0.0
2020-07-29 01:00:00,0.0,,0.0,20.74,0.0
2020-07-29 02:00:00,0.0,,0.0,20.05,0.0
2020-07-29 03:00:00,0.0,,0.0,19.63,0.0
2020-07-29 04:00:00,0.0,,0.0,19.31,0.0
2020-07-29 05:00:00,0.0,,0.0,18.93,0.0
2020-07-29 06:00:00,0.0,,0.0,18.57,0.0
2020-07-29 07:00:00,8.58770011979475,0.8485869683591651,0.03903500054452159,21.034,46.0
2020-07-29 08:00:00,52.64456246789801,0.7976448858772426,0.23929346576317279,36.28,300.0
2020-07-29 09:00:00,88.67873193362489,0.7478388592817076,0.4030851451528404,51.186,539.0
2020-07-29 10:00:00,116.84803341032118,0.7016214327508177,0.531127424592369,65.018,757.0
2020-07-29 11:00:00,126.60386562032078,0.6810320904804775,0.5754721164560035,71.18,845.0
2020-07-29 12:00:00,120.4850084721062,0.6845739117733307,0.5476591294186646,70.12,800.0
2020-07-29 13:00:00,109.49677187695617,0.6961015376793145,0.4977125994407099,66.67,715.0
2020-07-29 14:00:00,85.33448198631973,0.7277373527743453,0.38788400902872605,57.202,533.0
2020-07-29 15:00:00,22.529238155833006,0.8000439686020244,0.10240562798105912,35.562,128.0
2020-07-29 16:00:00,70.31394065685537,0.7467495821671131,0.31960882116752437,51.512,428.0
2020-07-29 17:00:00,27.367833294973646,0.7974310400633347,0.12439924224988021,36.344,156.0
2020-07-29 18:00:00,7.938684757265325,0.8201120617009634,0.03608493071484239,29.556,44.0
2020-07-29 19:00:00,0.0,,0.0,26.02,0.0
2020-07-29 20:00:00,0.0,,0.0,25.08,0.0
2020-07-29 21:00:00,0.0,,0.0,24.47,0.0
2020-07-29 22:00:00,0.0,,0.0,23.9,0.0
2020-07-29 23:00:00,0.0,,0.0,23.14,0.0
2020-07-30 00:00:00,0.0,,0.0,22.42,0.0
2020-07-30 01:00:00,0.0,,0.0,21.65,0.0
2020-07-30 02:00:00,0.0,,0.0,20.9,0.0
2020-07-30 03:00:00,0.0,,0.0,20.24,0.0
2020-07-30 04:00:00,0.0,,0.0,19.64,0.0
2020-07-30 05:00:00,0.0,,0.0,19.17,0.0
2020-07-30 06:00:00,0.0,,0.0,18.67,0.0
2020-07-30 07:00:00,8.965030256513804,0.8489611985335042,0.0407501375296082,20.921999999999997,48.0
2020-07-30 08:00:00,55.97243008836056,0.792586095841979,0.25442013676527525,37.794000000000004,321.0
2020-07-30 09:00:00,93.18813536625443,0.7379484903884577,0.4235824334829747,54.146,574.0
2020-07-30 10:00:00,118.32349401198408,0.6966762483041926,0.5378340636908368,66.498,772.0
2020-07-30 11:00:00,114.617719940334,0.6955802885079135,0.5209896360924272,66.82600000000001,749.0
2020-07-30 12:00:00,117.54742189181388,0.6850082860828315,0.5343064631446086,69.99000000000001,780.0
2020-07-30 13:00:00,122.69234728342252,0.674356091477534,0.5576924876519206,73.17800000000001,827.0
2020-07-30 14:00:00,105.55825350124752,0.698413745542196,0.4798102431874887,65.978,687.0
2020-07-30 15:00:00,107.39281682437374,0.6983536014070343,0.488149167383517,65.99600000000001,699.0
2020-07-30 16:00:00,63.96344478744007,0.7551764437714293,0.2907429308520003,48.99,385.0
2020-07-30 17:00:00,26.04399191479062,0.7998769015599084,0.11838178143086646,35.612,148.0
2020-07-30 18:00:00,6.162930503153788,0.8239211902612016,0.028013320468880856,28.415999999999997,34.0
2020-07-30 19:00:00,0.0,,0.0,25.46,0.0
2020-07-30 20:00:00,0.0,,0.0,24.47,0.0
2020-07-30 21:00:00,0.0,,0.0,23.58,0.0
2020-07-30 22:00:00,0.0,,0.0,23.02,0.0
2020-07-30 23:00:00,0.0,,0.0,22.4,0.0
2020-07-31 00:00:00,0.0,,0.0,21.67,0.0
2020-07-31 01:00:00,0.0,,0.0,21.01,0.0
2020-07-31 02:00:00,0.0,,0.0,20.42,0.0
2020-07-31 03:00:00,0.0,,0.0,19.86,0.0
2020-07-31 04:00:00,0.0,,0.0,19.36,0.0
2020-07-31 05:00:00,0.0,,0.0,19.07,0.0
2020-07-31 06:00:00,0.0,,0.0,18.67,0.0
2020-07-31 07:00:00,6.928875954806361,0.8512132622612236,0.031494890703665276,20.248,37.0
2020-07-31 08:00:00,46.46260770652444,0.8030177619516841,0.2111936713932929,34.672,263.0
2020-07-31 09:00:00,76.31439752597619,0.7607097042063017,0.3468836251180736,47.334,456.0
2020-07-31 10:00:00,65.72013802858254,0.7659689746921042,0.2987279001299206,45.760000000000005,390.0
2020-07-31 11:00:00,91.27208676400667,0.7304104254481968,0.4148731216545758,56.402,568.0
2020-07-31 12:00:00,109.46696377530189,0.7008128282669775,0.4975771080695541,65.26,710.0
2020-07-31 13:00:00,114.16856220241044,0.6910093342356279,0.5189480100109566,68.19399999999999,751.0
2020-07-31 14:00:00,98.22214521590968,0.7109304083375049,0.4464642964359531,62.232000000000006,628.0
2020-07-31 15:00:00,109.43262307796819,0.6927869275637388,0.4974210139907645,67.662,718.0
2020-07-31 16:00:00,76.23805791175184,0.7388840658243054,0.34653662687159925,53.866,469.0
2020-07-31 17:00:00,24.488436833718406,0.8007991116323874,0.11131107651690185,35.336,139.0
2020-07-31 18:00:00,7.596298095767926,0.8221101835246672,0.034528627708036025,28.958000000000002,42.0
2020-07-31 19:00:00,0.0,,0.0,25.32,0.0
2020-07-31 20:00:00,0.0,,0.0,24.29,0.0
2020-07-31 21:00:00,0.0,,0.0,23.29,0.0
2020-07-31 22:00:00,0.0,,0.0,22.76,0.0
2020-07-31 23:00:00,0.0,,0.0,22.2,0.0
2020-08-01 00:00:00,0.0,,0.0,21.58,0.0
2020-08-01 01:00:00,0.0,,0.0,20.97,0.0
2020-08-01 02:00:00,0.0,,0.0,20.49,0.0
2020-08-01 03:00:00,0.0,,0.0,19.96,0.0
2020-08-01 04:00:00,0.0,,0.0,19.45,0.0
2020-08-01 05:00:00,0.0,,0.0,19.09,0.0
2020-08-01 06:00:00,0.0,,0.0,18.78,0.0
2020-08-01 07:00:00,3.7539830709766204,0.8531779706765046,0.017063559413530095,19.659999999999997,20.0
2020-08-01 08:00:00,17.80480473810084,0.8343394910075371,0.0809309306277311,25.298,97.0
2020-08-01 09:00:00,81.32959041419753,0.7559917309369542,0.3696799564281706,48.746,489.0
2020-08-01 10:00:00,100.46201051013595,0.7259864901729727,0.4566455023187998,57.726,629.0
2020-08-01 11:00:00,100.6571400037963,0.7182613101455423,0.45753245456271047,60.038000000000004,637.0
2020-08-01 12:00:00,92.87120651428823,0.7228456297811974,0.42214184779221925,58.666,584.0
2020-08-01 13:00:00,106.74196372438105,0.6991221098007666,0.485190744201732,65.76599999999999,694.0
2020-08-01 14:00:00,61.59277522133793,0.75462846387329,0.2799671600969906,49.154,371.0
2020-08-01 15:00:00,58.274654960380595,0.7568137007841635,0.26488479527445724,48.5,350.0
2020-08-01 16:00:00,77.24215208579501,0.7345202746842432,0.35110069129906823,55.172,478.0
2020-08-01 17:00:00,22.36480475856921,0.8004582948664714,0.10165820344804187,35.438,127.0
2020-08-01 18:00:00,3.8036137440047506,0.8232930181828464,0.017289153381839777,28.604,21.0
2020-08-01 19:00:00,0.0,,0.0,25.97,0.0
2020-08-01 20:00:00,0.0,,0.0,24.84,0.0
2020-08-01 21:00:00,0.0,,0.0,23.69,0.0
2020-08-01 22:00:00,0.0,,0.0,22.21,0.0
2020-08-01 23:00:00,0.0,,0.0,21.13,0.0
2020-08-02 00:00:00,0.0,,0.0,20.16,0.0
2020-08-02 01:00:00,0.0,,0.0,19.54,0.0
2020-08-02 02:00:00,0.0,,0.0,18.96,0.0
2020-08-02 03:00:00,0.0,,0.0,18.46,0.0
2020-08-02 04:00:00,0.0,,0.0,18.1,0.0
2020-08-02 05:00:00,0.0,,0.0,18.0,0.0
2020-08-02 06:00:00,0.0,,0.0,17.87,0.0
2020-08-02 07:00:00,9.173629630684944,0.8509860510839466,0.04169831650311338,20.316000000000003,49.0
2020-08-02 08:00:00,54.99209124386264,0.7986071920398292,0.24996405110846653,35.992000000000004,313.0
2020-08-02 09:00:00,92.12589370868334,0.7464421788096203,0.418754062312197,51.604,561.0
2020-08-02 10:00:00,116.76874753539572,0.7067470496029278,0.5307670342517987,63.483999999999995,751.0
2020-08-02 11:00:00,123.42163648853767,0.6891983274990935,0.5610074385842622,68.736,814.0
2020-08-02 12:00:00,134.59471565812362,0.6649936544373697,0.6117941620823801,75.98,920.0
2020-08-02 13:00:00,130.72260576338775,0.666136393005441,0.5941936625608534,75.638,892.0
2020-08-02 14:00:00,116.72554894348903,0.6846073251817538,0.5305706770158592,70.11,775.0
2020-08-02 15:00:00,79.81894816653771,0.7344400825040275,0.3628134007569896,55.196,494.0
2020-08-02 16:00:00,82.47064748590348,0.7321612880495693,0.37486657948137947,55.878,512.0
2020-08-02 17:00:00,26.72933567149402,0.7993222389800844,0.12149698032497282,35.778000000000006,152.0
2020-08-02 18:00:00,7.967147635096493,0.8230524416421997,0.03621430743225679,28.676000000000002,44.0
2020-08-02 19:00:00,0.0,,0.0,24.71,0.0
2020-08-02 20:00:00,0.0,,0.0,23.3,0.0
2020-08-02 21:00:00,0.0,,0.0,22.17,0.0
2020-08-02 22:00:00,0.0,,0.0,21.44,0.0
2020-08-02 23:00:00,0.0,,0.0,20.82,0.0
2020-08-03 00:00:00,0.0,,0.0,20.21,0.0
2020-08-03 01:00:00,0.0,,0.0,19.65,0.0
2020-08-03 02:00:00,0.0,,0.0,19.15,0.0
2020-08-03 03:00:00,0.0,,0.0,18.72,0.0
2020-08-03 04:00:00,0.0,,0.0,18.47,0.0
2020-08-03 05:00:00,0.0,,0.0,18.21,0.0
2020-08-03 06:00:00,0.0,,0.0,18.03,0.0
2020-08-03 07:00:00,8.232369905796025,0.8504514365491762,0.03741986320816375,20.476000000000003,44.0
2020-08-03 08:00:00,55.61809813335189,0.79499854393013,0.2528095369697813,37.072,318.0
2020-08-03 09:00:00,62.56176566945263,0.779100444202399,0.2843716621338756,41.83,365.0
2020-08-03 10:00:00,115.88652916953684,0.7051632540436706,0.526756950770622,63.958,747.0
2020-08-03 11:00:00,121.02125732350926,0.691076161052474,0.5500966241977694,68.174,796.0
2020-08-03 12:00:00,140.9776747922801,0.6532187693090544,0.6408076126921823,79.504,981.0
2020-08-03 13:00:00,140.3874523266757,0.6485007960397068,0.6381247833030714,80.916,984.0
2020-08-03 14:00:00,133.9726047720565,0.6548025648683115,0.6089663853275296,79.03,930.0
2020-08-03 15:00:00,113.05309084676314,0.6879219352973296,0.5138776856671052,69.118,747.0
2020-08-03 16:00:00,84.95235461972655,0.7285793706666085,0.3861470664533025,56.95,530.0
2020-08-03 17:00:00,16.387254919380588,0.8096469821828355,0.07448752236082086,32.688,92.0
2020-08-03 18:00:00,7.783989898366905,0.8228319131466073,0.03538177226530412,28.742,43.0
2020-08-03 19:00:00,0.0,,0.0,24.63,0.0
2020-08-03 20:00:00,0.0,,0.0,23.37,0.0
2020-08-03 21:00:00,0.0,,0.0,22.51,0.0
2020-08-03 22:00:00,0.0,,0.0,22.12,0.0
2020-08-03 23:00:00,0.0,,0.0,21.48,0.0
2020-08-04 00:00:00,0.0,,0.0,20.89,0.0
2020-08-04 01:00:00,0.0,,0.0,20.41,0.0
2020-08-04 02:00:00,0.0,,0.0,20.03,0.0
2020-08-04 03:00:00,0.0,,0.0,19.45,0.0
2020-08-04 04:00:00,0.0,,0.0,19.06,0.0
2020-08-04 05:00:00,0.0,,0.0,18.84,0.0
2020-08-04 06:00:00,0.0,,0.0,18.84,0.0
2020-08-04 07:00:00,3.9386874475553015,0.8525297505530955,0.017903124761615007,19.854,21.0
2020-08-04 08:00:00,57.56455320457198,0.7929001818811569,0.2616570600207817,37.7,330.0
2020-08-04 09:00:00,91.77123978207109,0.7435686256852301,0.41714199900941407,52.464,561.0
2020-08-04 10:00:00,118.99881107308785,0.7006524439065465,0.5409036866958539,65.308,772.0
2020-08-04 11:00:00,134.90911284296038,0.6694576858027014,0.6132232401952745,74.644,916.0
2020-08-04 12:00:00,143.61443698154437,0.6476119993756511,0.6527928953706562,81.182,1008.0
2020-08-04 13:00:00,140.78208365896901,0.6463823859456795,0.6399185620862228,81.55,990.0
2020-08-04 14:00:00,130.0819675433109,0.6606499113423611,0.5912816706514131,77.28,895.0
2020-08-04 15:00:00,114.72284587418307,0.6825490592228882,0.5214674812462866,70.726,764.0
2020-08-04 16:00:00,79.37977154832467,0.731880615418815,0.36081714340147575,55.962,493.0
2020-08-04 17:00:00,26.094663482317955,0.7960544076363012,0.11861210673780889,36.756,149.0
2020-08-04 18:00:00,7.919278249653163,0.8181072571955748,0.03599671931660529,30.156000000000002,44.0
2020-08-04 19:00:00,0.0,,0.0,26.66,0.0
2020-08-04 20:00:00,0.0,,0.0,25.5,0.0
2020-08-04 21:00:00,0.0,,0.0,23.96,0.0
2020-08-04 22:00:00,0.0,,0.0,23.8,0.0
2020-08-04 23:00:00,0.0,,0.0,22.66,0.0
2020-08-05 00:00:00,0.0,,0.0,21.68,0.0
2020-08-05 01:00:00,0.0,,0.0,21.02,0.0
2020-08-05 02:00:00,0.0,,0.0,20.4,0.0
2020-08-05 03:00:00,0.0,,0.0,19.88,0.0
2020-08-05 04:00:00,0.0,,0.0,19.72,0.0
2020-08-05 05:00:00,0.0,,0.0,19.24,0.0
2020-08-05 06:00:00,0.0,,0.0,19.05,0.0
2020-08-05 07:00:00,8.394196656241917,0.8478986521456481,0.03815543934655417,21.24,45.0
2020-08-05 08:00:00,56.39999661637564,0.7936954210016273,0.2563636209835256,37.462,323.0
2020-08-05 09:00:00,89.5521012260506,0.7468899184824903,0.40705500557295726,51.47,545.0
2020-08-05 10:00:00,117.23597390805816,0.7020959031504261,0.5328907904911734,64.876,759.0
2020-08-05 11:00:00,132.78682305125434,0.6706405204608805,0.6035764684147925,74.29,900.0
2020-08-05 12:00:00,137.98365349977567,0.6546956419613573,0.6271984249989803,79.062,958.0
2020-08-05 13:00:00,138.27340589013494,0.6499643033286403,0.6285154813187952,80.47800000000001,967.0
2020-08-05 14:00:00,123.47901359252099,0.6721775372483451,0.5612682436023682,73.83,835.0
2020-08-05 15:00:00,91.29416901736535,0.7179472241063648,0.41497349553347884,60.132000000000005,578.0
2020-08-05 16:00:00,61.14884253856992,0.7573549980006183,0.27794928426622695,48.338,367.0
2020-08-05 17:00:00,25.864128873785187,0.7997566132895851,0.11756422215356903,35.648,147.0
2020-08-05 18:00:00,5.8090616579858585,0.8251508036911731,0.026404825718117537,28.048000000000002,32.0
2020-08-05 19:00:00,0.0,,0.0,24.81,0.0
2020-08-05 20:00:00,0.0,,0.0,23.64,0.0
2020-08-05 21:00:00,0.0,,0.0,23.06,0.0
2020-08-05 22:00:00,0.0,,0.0,22.81,0.0
2020-08-05 23:00:00,0.0,,0.0,22.16,0.0
2020-08-06 00:00:00,0.0,,0.0,21.39,0.0
2020-08-06 01:00:00,0.0,,0.0,20.84,0.0
2020-08-06 02:00:00,0.0,,0.0,20.25,0.0
2020-08-06 03:00:00,0.0,,0.0,19.95,0.0
2020-08-06 04:00:00,0.0,,0.0,19.54,0.0
2020-08-06 05:00:00,0.0,,0.0,19.16,0.0
2020-08-06 06:00:00,0.0,,0.0,18.73,0.0
2020-08-06 07:00:00,2.444656876373514,0.8547751315991308,0.011112076710788699,19.182000000000002,13.0
2020-08-06 08:00:00,25.64634375267763,0.8267680126588534,0.11657428978489832,27.564,141.0
2020-08-06 09:00:00,91.84546967368762,0.7441700670368466,0.417479407607671,52.284,561.0
2020-08-06 10:00:00,112.092726003206,0.7096272854090022,0.5095123909236636,62.62200000000001,718.0
2020-08-06 11:00:00,125.41274416954535,0.68188747373611,0.570057928043388,70.924,836.0
2020-08-06 12:00:00,132.55324661967236,0.6657621628311018,0.6025147573621471,75.75,905.0
2020-08-06 13:00:00,131.79433014626932,0.6634165415597972,0.5990651370284968,76.45200000000001,903.0
2020-08-06 14:00:00,120.63445328261953,0.6811657441141702,0.5483384240119069,71.14000000000001,805.0
2020-08-06 15:00:00,90.00956994787806,0.722852312462882,0.4091344088539912,58.664,566.0
2020-08-06 16:00:00,72.43602903253542,0.7466092458517359,0.32925467742061554,51.554,441.0
2020-08-06 17:00:00,17.287136147546455,0.8100813564923363,0.07857789157975661,32.558,97.0
2020-08-06 18:00:00,6.163180435448792,0.8239546036696246,0.028014456524767237,28.406,34.0
2020-08-06 19:00:00,0.0,,0.0,25.63,0.0
2020-08-06 20:00:00,0.0,,0.0,24.57,0.0
2020-08-06 21:00:00,0.0,,0.0,23.73,0.0
2020-08-06 22:00:00,0.0,,0.0,24.02,0.0
2020-08-06 23:00:00,0.0,,0.0,23.31,0.0
2020-08-07 00:00:00,0.0,,0.0,22.29,0.0
2020-08-07 01:00:00,0.0,,0.0,21.34,0.0
2020-08-07 02:00:00,0.0,,0.0,20.4,0.0
2020-08-07 03:00:00,0.0,,0.0,19.84,0.0
2020-08-07 04:00:00,0.0,,0.0,19.36,0.0
2020-08-07 05:00:00,0.0,,0.0,19.14,0.0
2020-08-07 06:00:00,0.0,,0.0,18.97,0.0
2020-08-07 07:00:00,12.076213928156776,0.8444904844864878,0.054891881491621705,22.259999999999998,65.0
2020-08-07 08:00:00,50.8277061127779,0.7994291618870385,0.23103502778535412,35.746,289.0
2020-08-07 09:00:00,90.72353683311944,0.7457137665059957,0.4123797128778156,51.822,553.0
2020-08-07 10:00:00,118.576187323754,0.699977493056399,0.5389826696534272,65.51,770.0
2020-08-07 11:00:00,132.62244405101944,0.6713021059476586,0.6028292911409975,74.09200000000001,898.0
2020-08-07 12:00:00,141.2243947221994,0.6490688239829001,0.6419290669190882,80.746,989.0
2020-08-07 13:00:00,72.18317105948879,0.7440029999947309,0.3281053229976763,52.334,441.0
2020-08-07 14:00:00,96.87615689400927,0.7125342519418157,0.44034616770004215,61.751999999999995,618.0
2020-08-07 15:00:00,31.566100424121238,0.7927197494756715,0.14348227465509653,37.754000000000005,181.0
2020-08-07 16:00:00,86.34087553747696,0.726775046611759,0.39245852517034985,57.49,540.0
2020-08-07 17:00:00,27.9783032168534,0.7948381595696988,0.12717410553115183,37.12,160.0
2020-08-07 18:00:00,1.0882904834705065,0.8244624874776564,0.004946774924865938,28.254,6.0
2020-08-07 19:00:00,0.0,,0.0,26.84,0.0
2020-08-07 20:00:00,0.0,,0.0,25.84,0.0
2020-08-07 21:00:00,0.0,,0.0,25.32,0.0
2020-08-07 22:00:00,0.0,,0.0,24.85,0.0
2020-08-07 23:00:00,0.0,,0.0,24.37,0.0
2020-08-08 00:00:00,0.0,,0.0,23.3,0.0
2020-08-08 01:00:00,0.0,,0.0,21.85,0.0
2020-08-08 02:00:00,0.0,,0.0,20.84,0.0
2020-08-08 03:00:00,0.0,,0.0,19.66,0.0
2020-08-08 04:00:00,0.0,,0.0,19.0,0.0
2020-08-08 05:00:00,0.0,,0.0,18.45,0.0
2020-08-08 06:00:00,0.0,,0.0,18.14,0.0
2020-08-08 07:00:00,1.5092264547180978,0.8575150310898283,0.006860120248718626,18.362,8.0
2020-08-08 08:00:00,11.887320980351802,0.844269955990895,0.054033277183417286,22.326,64.0
2020-08-08 09:00:00,66.69453877578914,0.781332459885065,0.30315699443540517,41.162,388.0
2020-08-08 10:00:00,120.84980376913579,0.7078831054893147,0.5493172898597082,63.14399999999999,776.0
2020-08-08 11:00:00,136.0817393039054,0.6797289675519751,0.6185533604722974,71.57,910.0
2020-08-08 12:00:00,140.72307317392833,0.6676934578379594,0.6396503326087651,75.172,958.0
2020-08-08 13:00:00,143.79430884368963,0.657555829722378,0.6536104947440438,78.206,994.0
2020-08-08 14:00:00,115.11041000328758,0.7061121948428879,0.5232291363785799,63.67400000000001,741.0
2020-08-08 15:00:00,62.14557400124022,0.7718029558027847,0.28247988182381917,44.014,366.0
2020-08-08 16:00:00,62.29637138652654,0.7673857032092453,0.28316532448421156,45.336,369.0
2020-08-08 17:00:00,18.62884768682234,0.8141978884100673,0.084676580394647,31.326,104.0
2020-08-08 18:00:00,5.109192424372751,0.8294143546059661,0.023223601928967053,26.772000000000002,28.0
2020-08-08 19:00:00,0.0,,0.0,24.28,0.0
2020-08-08 20:00:00,0.0,,0.0,23.66,0.0
2020-08-08 21:00:00,0.0,,0.0,23.09,0.0
2020-08-08 22:00:00,0.0,,0.0,22.62,0.0
2020-08-08 23:00:00,0.0,,0.0,21.81,0.0
2020-08-09 00:00:00,0.0,,0.0,20.88,0.0
2020-08-09 01:00:00,0.0,,0.0,20.01,0.0
2020-08-09 02:00:00,0.0,,0.0,19.52,0.0
2020-08-09 03:00:00,0.0,,0.0,19.05,0.0
2020-08-09 04:00:00,0.0,,0.0,18.71,0.0
2020-08-09 05:00:00,0.0,,0.0,18.63,0.0
2020-08-09 06:00:00,0.0,,0.0,18.05,0.0
2020-08-09 07:00:00,1.5099321459039947,0.8579159919909061,0.006863327935927249,18.241999999999997,8.0
2020-08-09 08:00:00,31.362764330044918,0.8240347958498402,0.14255801968202236,28.382,173.0
2020-08-09 09:00:00,66.23101140109273,0.7799224140496082,0.30105005182314876,41.584,386.0
2020-08-09 10:00:00,48.23335743397599,0.7943570064884057,0.21924253379079994,37.263999999999996,276.0
2020-08-09 11:00:00,113.35237888927185,0.7067737803296661,0.5152380858603266,63.476,729.0
2020-08-09 12:00:00,140.2353155983261,0.6591864040534272,0.6374332527196641,77.718,967.0
2020-08-09 13:00:00,142.0961423950875,0.651100359215027,0.6458915563413068,80.138,992.0
2020-08-09 14:00:00,134.4827724533808,0.6601353448526448,0.6112853293335491,77.434,926.0
2020-08-09 15:00:00,115.1199912313261,0.6885166939672613,0.5232726874151187,68.94,760.0
2020-08-09 16:00:00,56.40223277532095,0.7675861836597843,0.25637378534236793,45.275999999999996,334.0
2020-08-09 17:00:00,28.36335773167809,0.8007723809056491,0.1289243533258095,35.343999999999994,161.0
2020-08-09 18:00:00,7.788731261022147,0.8233331142729542,0.03540332391373703,28.592,43.0
2020-08-09 19:00:00,0.0,,0.0,25.48,0.0
2020-08-09 20:00:00,0.0,,0.0,24.81,0.0
2020-08-09 21:00:00,0.0,,0.0,24.14,0.0
2020-08-09 22:00:00,0.0,,0.0,23.39,0.0
2020-08-09 23:00:00,0.0,,0.0,22.44,0.0
2020-08-10 00:00:00,0.0,,0.0,21.23,0.0
2020-08-10 01:00:00,0.0,,0.0,20.3,0.0
2020-08-10 02:00:00,0.0,,0.0,19.43,0.0
2020-08-10 03:00:00,0.0,,0.0,18.84,0.0
2020-08-10 04:00:00,0.0,,0.0,18.42,0.0
2020-08-10 05:00:00,0.0,,0.0,18.23,0.0
2020-08-10 06:00:00,0.0,,0.0,17.92,0.0
2020-08-10 07:00:00,6.383620719643291,0.8534252298988357,0.029016457816560415,19.586,34.0
2020-08-10 08:00:00,12.470543871506086,0.8460341839556368,0.05668429032502766,21.798000000000002,67.0
2020-08-10 09:00:00,42.77899968906137,0.8102083274443442,0.1944499985866426,32.519999999999996,240.0
2020-08-10 10:00:00,88.79035610714406,0.7557912504864153,0.40359252775974575,48.806,534.0
2020-08-10 11:00:00,61.49826993983661,0.7808312587587177,0.27953759063562095,41.312,358.0
2020-08-10 12:00:00,72.46316138844317,0.7642181120907315,0.3293780063111053,46.284000000000006,431.0
2020-08-10 13:00:00,62.92637719273588,0.7709676205922062,0.28602898723970854,44.264,371.0
2020-08-10 14:00:00,35.86338484778998,0.7990950278028071,0.16301538567177265,35.846,204.0
2020-08-10 15:00:00,43.56548957536336,0.7889440343238565,0.198024952615288,38.884,251.0
2020-08-10 16:00:00,41.00014039373188,0.7896791293091656,0.1863642745169631,38.664,236.0
2020-08-10 17:00:00,19.69760522634321,0.813950629187736,0.08953456921065095,31.400000000000002,110.0
2020-08-10 18:00:00,6.384998287645762,0.8292205568371119,0.029022719489298916,26.830000000000002,35.0
2020-08-10 19:00:00,0.0,,0.0,24.01,0.0
2020-08-10 20:00:00,0.0,,0.0,23.22,0.0
2020-08-10 21:00:00,0.0,,0.0,22.63,0.0
2020-08-10 22:00:00,0.0,,0.0,22.5,0.0
2020-08-10 23:00:00,0.0,,0.0,22.07,0.0
2020-08-11 00:00:00,0.0,,0.0,21.58,0.0
2020-08-11 01:00:00,0.0,,0.0,20.89,0.0
2020-08-11 02:00:00,0.0,,0.0,20.1,0.0
2020-08-11 03:00:00,0.0,,0.0,19.18,0.0
2020-08-11 04:00:00,0.0,,0.0,18.92,0.0
2020-08-11 05:00:00,0.0,,0.0,18.47,0.0
2020-08-11 06:00:00,0.0,,0.0,18.03,0.0
2020-08-11 07:00:00,5.636046761863563,0.8539464790702368,0.025618394372107105,19.43,30.0
2020-08-11 08:00:00,48.91099739523335,0.805517084901735,0.22232271543287888,33.924,276.0
2020-08-11 09:00:00,83.92273941798341,0.759894417040777,0.38146699735447004,47.578,502.0
2020-08-11 10:00:00,115.50804493369087,0.7085513736577773,0.5250365678804131,62.944,741.0
2020-08-11 11:00:00,113.329905565381,0.7027775366822585,0.5151359343880955,64.672,733.0
2020-08-11 12:00:00,83.42254844579975,0.7362978680123544,0.3791934020263625,54.64,515.0
2020-08-11 13:00:00,139.32581932775247,0.647545172558805,0.6332991787625112,81.202,978.0
2020-08-11 14:00:00,98.41321845544107,0.7066869054677659,0.44733281116109574,63.502,633.0
2020-08-11 15:00:00,113.63291171832537,0.6868527062277888,0.5165132350832972,69.43800000000002,752.0
2020-08-11 16:00:00,90.50489459125902,0.7217296219398646,0.41138588450572283,59.0,570.0
2020-08-11 17:00:00,16.725672067957316,0.8087849162455182,0.07602578212707871,32.946000000000005,94.0
2020-08-11 18:00:00,6.879154130000052,0.8228653265550302,0.03126888240909115,28.732,38.0
2020-08-11 19:00:00,0.0,,0.0,25.1,0.0
2020-08-11 20:00:00,0.0,,0.0,24.17,0.0
2020-08-11 21:00:00,0.0,,0.0,23.65,0.0
2020-08-11 22:00:00,0.0,,0.0,23.98,0.0
2020-08-11 23:00:00,0.0,,0.0,23.08,0.0
2020-08-12 00:00:00,0.0,,0.0,22.21,0.0
2020-08-12 01:00:00,0.0,,0.0,21.14,0.0
2020-08-12 02:00:00,0.0,,0.0,20.28,0.0
2020-08-12 03:00:00,0.0,,0.0,19.73,0.0
2020-08-12 04:00:00,0.0,,0.0,19.36,0.0
2020-08-12 05:00:00,0.0,,0.0,19.12,0.0
2020-08-12 06:00:00,0.0,,0.0,18.83,0.0
2020-08-12 07:00:00,7.290279523573709,0.8496829281554439,0.033137634198062316,20.706000000000003,39.0
2020-08-12 08:00:00,5.417566240899898,0.8491483136206737,0.024625301094999538,20.866,29.0
2020-08-12 09:00:00,18.485864361229865,0.8319470909644404,0.08402665618740848,26.014,101.0
2020-08-12 10:00:00,20.051773990265144,0.828585702077072,0.09114442722847793,27.02,110.0
2020-08-12 11:00:00,44.66727493257417,0.7962081093150476,0.20303306787533715,36.71,255.0
2020-08-12 12:00:00,65.40861506513833,0.7682477691465626,0.2973118866597197,45.078,387.0
2020-08-12 13:00:00,35.56494216451437,0.8002912278243558,0.16165882802051987,35.488,202.0
2020-08-12 14:00:00,23.255097407746707,0.8131152939771575,0.10570498821703049,31.65,130.0
2020-08-12 15:00:00,34.18095825301329,0.8008659384492335,0.1553679920591513,35.316,194.0
2020-08-12 16:00:00,15.717281998820004,0.8211746080888195,0.07144219090372729,29.238,87.0
2020-08-12 17:00:00,11.999334754213207,0.8264004651661988,0.05454243070096912,27.674,66.0
2020-08-12 18:00:00,6.969659024591312,0.8336912708841283,0.031680268293596874,25.492,38.0
2020-08-12 19:00:00,0.0,,0.0,22.81,0.0
2020-08-12 20:00:00,0.0,,0.0,22.19,0.0
2020-08-12 21:00:00,0.0,,0.0,21.75,0.0
2020-08-12 22:00:00,0.0,,0.0,20.62,0.0
2020-08-12 23:00:00,0.0,,0.0,20.25,0.0
2020-08-13 00:00:00,0.0,,0.0,19.8,0.0
2020-08-13 01:00:00,0.0,,0.0,19.49,0.0
2020-08-13 02:00:00,0.0,,0.0,19.3,0.0
2020-08-13 03:00:00,0.0,,0.0,19.17,0.0
2020-08-13 04:00:00,0.0,,0.0,19.15,0.0
2020-08-13 05:00:00,0.0,,0.0,19.01,0.0
2020-08-13 06:00:00,0.0,,0.0,18.94,0.0
2020-08-13 07:00:00,1.5034045024344496,0.8542071036559372,0.006833656829247498,19.352,8.0
2020-08-13 08:00:00,8.379310982789406,0.8463950487666067,0.038087777194497296,21.69,45.0
2020-08-13 09:00:00,45.92463726266578,0.8059781899379744,0.20874835119393537,33.786,259.0
2020-08-13 10:00:00,78.07833439310392,0.7632290752014068,0.35490151996865416,46.58,465.0
2020-08-13 11:00:00,47.37151737129987,0.7945574869389446,0.21532507896045397,37.204,271.0
2020-08-13 12:00:00,46.40169185528184,0.7929202299262105,0.210916781160372,37.694,266.0
2020-08-13 13:00:00,43.52732344372612,0.794584217665683,0.19785147019875507,37.196,249.0
2020-08-13 14:00:00,37.624540115493275,0.7991618546196533,0.1710206368886058,35.826,214.0
2020-08-13 15:00:00,23.402782400865217,0.8120326995442476,0.10637628364029644,31.974,131.0
2020-08-13 16:00:00,32.65317653067602,0.8022893496480594,0.148423529684891,34.89,185.0
2020-08-13 17:00:00,28.44994015942773,0.8082369363473786,0.12931790981558058,33.11,160.0
2020-08-13 18:00:00,7.682127786252618,0.8313991110663006,0.03491876266478463,26.178,42.0
2020-08-13 19:00:00,0.0,,0.0,23.41,0.0
2020-08-13 20:00:00,0.0,,0.0,22.85,0.0
2020-08-13 21:00:00,0.0,,0.0,22.25,0.0
2020-08-13 22:00:00,0.0,,0.0,22.18,0.0
2020-08-13 23:00:00,0.0,,0.0,21.72,0.0
2020-08-14 00:00:00,0.0,,0.0,21.29,0.0
2020-08-14 01:00:00,0.0,,0.0,20.86,0.0
2020-08-14 02:00:00,0.0,,0.0,20.17,0.0
2020-08-14 03:00:00,0.0,,0.0,19.65,0.0
2020-08-14 04:00:00,0.0,,0.0,19.28,0.0
2020-08-14 05:00:00,0.0,,0.0,19.01,0.0
2020-08-14 06:00:00,0.0,,0.0,18.65,0.0
2020-08-14 07:00:00,2.6315341937287693,0.8543942187431068,0.011961519062403498,19.296,14.0
2020-08-14 08:00:00,23.047680066311937,0.831445889838093,0.10476218211959971,26.164,126.0
2020-08-14 09:00:00,71.20913932996481,0.7743490575246283,0.3236779060452946,43.251999999999995,418.0
2020-08-14 10:00:00,109.51211036891965,0.7172655905745327,0.4977823198587257,60.336,694.0
2020-08-14 11:00:00,120.55851797063711,0.6936623588644252,0.547993263502896,67.39999999999999,790.0
2020-08-14 12:00:00,86.58360390162602,0.7356295998438914,0.3935618359164819,54.84,535.0
2020-08-14 13:00:00,29.39901688439043,0.8001909875990862,0.13363189492904742,35.518,167.0
2020-08-14 14:00:00,59.20847846439811,0.7645722942200169,0.269129447565446,46.178,352.0
2020-08-14 15:00:00,66.15857514124036,0.7536862057557572,0.3007207960965471,49.43600000000001,399.0
2020-08-14 16:00:00,47.47675209920676,0.7790737134756607,0.215803418632758,41.838,277.0
2020-08-14 17:00:00,27.72400004706565,0.8026635798223988,0.1260181820321166,34.778000000000006,157.0
2020-08-14 18:00:00,7.276558240577929,0.8268816182474918,0.033075264729899675,27.53,40.0
2020-08-14 19:00:00,0.0,,0.0,24.56,0.0
2020-08-14 20:00:00,0.0,,0.0,23.95,0.0
2020-08-14 21:00:00,0.0,,0.0,23.58,0.0
2020-08-14 22:00:00,0.0,,0.0,23.59,0.0
2020-08-14 23:00:00,0.0,,0.0,22.45,0.0
2020-08-15 00:00:00,0.0,,0.0,21.58,0.0
2020-08-15 01:00:00,0.0,,0.0,20.85,0.0
2020-08-15 02:00:00,0.0,,0.0,20.16,0.0
2020-08-15 03:00:00,0.0,,0.0,19.62,0.0
2020-08-15 04:00:00,0.0,,0.0,18.97,0.0
2020-08-15 05:00:00,0.0,,0.0,18.61,0.0
2020-08-15 06:00:00,0.0,,0.0,18.38,0.0
2020-08-15 07:00:00,5.627446150535446,0.8526433561417344,0.02557930068425203,19.82,30.0
2020-08-15 08:00:00,41.328632289816966,0.8132355822474806,0.18785741949916804,31.614,231.0
2020-08-15 09:00:00,86.54104484235657,0.7535792828488033,0.3933683856470753,49.468,522.0
2020-08-15 10:00:00,113.10062355870316,0.7130287703864782,0.5140937434486508,61.604,721.0
2020-08-15 11:00:00,128.93675130417807,0.6799027172757754,0.5860761422917186,71.518,862.0
2020-08-15 12:00:00,143.79227116039038,0.6484139211778066,0.653601232547229,80.94200000000001,1008.0
2020-08-15 13:00:00,128.59996900684865,0.668816148360977,0.5845453136674938,74.83600000000001,874.0
2020-08-15 14:00:00,103.68284241997763,0.705517436172956,0.4712856473635347,63.852000000000004,668.0
2020-08-15 15:00:00,106.75889149170274,0.701253885258163,0.4852676885986488,65.12800000000001,692.0
2020-08-15 16:00:00,34.62090378058098,0.7988210378537374,0.1573677444571863,35.928,197.0
2020-08-15 17:00:00,15.786991056276863,0.8248166696069416,0.07175905025580392,28.148,87.0
2020-08-15 18:00:00,7.54213776744032,0.836157180425756,0.034282444397456,24.753999999999998,41.0
2020-08-15 19:00:00,0.0,,0.0,21.8,0.0
2020-08-15 20:00:00,0.0,,0.0,20.93,0.0
2020-08-15 21:00:00,0.0,,0.0,20.58,0.0
2020-08-15 22:00:00,0.0,,0.0,20.62,0.0
2020-08-15 23:00:00,0.0,,0.0,20.23,0.0
2020-08-16 00:00:00,0.0,,0.0,19.71,0.0
2020-08-16 01:00:00,0.0,,0.0,19.21,0.0
2020-08-16 02:00:00,0.0,,0.0,18.83,0.0
2020-08-16 03:00:00,0.0,,0.0,18.55,0.0
2020-08-16 04:00:00,0.0,,0.0,18.32,0.0
2020-08-16 05:00:00,0.0,,0.0,18.0,0.0
2020-08-16 06:00:00,0.0,,0.0,17.82,0.0
2020-08-16 07:00:00,3.952889482671474,0.8556037841280247,0.017967679466688518,18.934,21.0
2020-08-16 08:00:00,7.287412653131003,0.8493487940712124,0.03312460296877729,20.806,39.0
2020-08-16 09:00:00,42.35392660323646,0.808898521834157,0.19251784819652937,32.912,238.0
2020-08-16 10:00:00,88.06536720769297,0.7510264984452751,0.4002971236713317,50.232,533.0
2020-08-16 11:00:00,104.62376547136327,0.7216427470779644,0.4755625703243785,59.02600000000001,659.0
2020-08-16 12:00:00,110.99062749553146,0.7085714217028309,0.5045028522524158,62.938,712.0
2020-08-16 13:00:00,99.5332018241082,0.7204198163296772,0.4524236446550373,59.39200000000001,628.0
2020-08-16 14:00:00,104.32916439448087,0.7077962306274143,0.4742234745203676,63.17,670.0
2020-08-16 15:00:00,108.26782096804679,0.7000376371915608,0.49212645894566726,65.492,703.0
2020-08-16 16:00:00,91.89231286653143,0.7201591917439767,0.4176923312115065,59.47,580.0
2020-08-16 17:00:00,28.065338463114,0.7973107517930113,0.12756972028688182,36.379999999999995,160.0
2020-08-16 18:00:00,5.441320100255176,0.8244424394326024,0.024733273182978074,28.26,30.0
2020-08-16 19:00:00,0.0,,0.0,25.2,0.0
2020-08-16 20:00:00,0.0,,0.0,23.85,0.0
2020-08-16 21:00:00,0.0,,0.0,23.06,0.0
2020-08-16 22:00:00,0.0,,0.0,22.61,0.0
2020-08-16 23:00:00,0.0,,0.0,21.93,0.0
2020-08-17 00:00:00,0.0,,0.0,21.13,0.0
2020-08-17 01:00:00,0.0,,0.0,20.44,0.0
2020-08-17 02:00:00,0.0,,0.0,19.77,0.0
2020-08-17 03:00:00,0.0,,0.0,19.39,0.0
2020-08-17 04:00:00,0.0,,0.0,19.3,0.0
2020-08-17 05:00:00,0.0,,0.0,19.09,0.0
2020-08-17 06:00:00,0.0,,0.0,18.95,0.0
2020-08-17 07:00:00,1.5041101936203463,0.8546080645570149,0.006836864516456119,19.232,8.0
2020-08-17 08:00:00,8.383611288453466,0.8468294230761076,0.038107324038424845,21.56,45.0
2020-08-17 09:00:00,40.49551091802691,0.8108832782944916,0.1840705041728496,32.318,227.0
2020-08-17 10:00:00,71.15383078327015,0.7737476161730117,0.3234265035603189,43.432,418.0
2020-08-17 11:00:00,104.43634418371886,0.7269688443806129,0.47471065538054025,57.43200000000001,653.0
2020-08-17 12:00:00,61.742071542664235,0.7752645849154223,0.2806457797393829,42.978,362.0
2020-08-17 13:00:00,69.43876303076581,0.7605560025275555,0.3156307410489355,47.38,415.0
2020-08-17 14:00:00,59.14941799289844,0.7681742596480318,0.2688609908768111,45.099999999999994,350.0
2020-08-17 15:00:00,51.20230610672152,0.7757925167685079,0.23273775503055238,42.82,300.0
2020-08-17 16:00:00,21.689671471211753,0.8081099653953708,0.09858941577823524,33.147999999999996,122.0
2020-08-17 17:00:00,20.877295950097082,0.8110837587450305,0.09489679977316856,32.258,117.0
2020-08-17 18:00:00,6.375993374075725,0.828051087542302,0.02898178806398057,27.18,35.0
2020-08-17 19:00:00,0.0,,0.0,24.28,0.0
2020-08-17 20:00:00,0.0,,0.0,23.44,0.0
2020-08-17 21:00:00,0.0,,0.0,22.84,0.0
2020-08-17 22:00:00,0.0,,0.0,21.93,0.0
2020-08-17 23:00:00,0.0,,0.0,21.04,0.0
2020-08-18 00:00:00,0.0,,0.0,20.78,0.0
2020-08-18 01:00:00,0.0,,0.0,20.53,0.0
2020-08-18 02:00:00,0.0,,0.0,19.91,0.0
2020-08-18 03:00:00,0.0,,0.0,19.32,0.0
2020-08-18 04:00:00,0.0,,0.0,18.99,0.0
2020-08-18 05:00:00,0.0,,0.0,18.77,0.0
2020-08-18 06:00:00,0.0,,0.0,18.74,0.0
2020-08-18 07:00:00,6.172433811123864,0.8501974946451604,0.02805651732329029,20.552,33.0
2020-08-18 08:00:00,18.327388173727012,0.8330630988057733,0.08330630988057733,25.68,100.0
2020-08-18 09:00:00,51.01730034119886,0.7914567226372768,0.2318968197327221,38.132,293.0
2020-08-18 10:00:00,108.32458500281237,0.7156751123335912,0.49238447728551077,60.81200000000001,688.0
2020-08-18 11:00:00,131.83305642028537,0.6740620534834102,0.5992411655467517,73.266,889.0
2020-08-18 12:00:00,138.83062700146886,0.65734198390847,0.6310483045521311,78.27000000000001,960.0
2020-08-18 13:00:00,126.39318445715125,0.6711617696322815,0.574514474805233,74.134,856.0
2020-08-18 14:00:00,127.35013404940663,0.6653612019300242,0.5788642456791211,75.87,870.0
2020-08-18 15:00:00,81.68662163799225,0.7280447561318382,0.3713028256272375,57.11,510.0
2020-08-18 16:00:00,85.08915579649258,0.7229325046430974,0.3867688899840572,58.64,535.0
2020-08-18 17:00:00,27.910086402216717,0.7929001818811566,0.12686402910098507,37.699999999999996,160.0
2020-08-18 18:00:00,7.209811615911861,0.8192967745354387,0.03277187098141755,29.8,40.0
2020-08-18 19:00:00,0.0,,0.0,26.0,0.0
2020-08-18 20:00:00,0.0,,0.0,24.85,0.0
2020-08-18 21:00:00,0.0,,0.0,24.11,0.0
2020-08-18 22:00:00,0.0,,0.0,23.23,0.0
2020-08-18 23:00:00,0.0,,0.0,22.06,0.0
2020-08-19 00:00:00,0.0,,0.0,21.17,0.0
2020-08-19 01:00:00,0.0,,0.0,20.55,0.0
2020-08-19 02:00:00,0.0,,0.0,20.12,0.0
2020-08-19 03:00:00,0.0,,0.0,19.76,0.0
2020-08-19 04:00:00,0.0,,0.0,19.54,0.0
2020-08-19 05:00:00,0.0,,0.0,19.33,0.0
2020-08-19 06:00:00,0.0,,0.0,19.2,0.0
2020-08-19 07:00:00,2.438636448443833,0.8526700868684731,0.01108471112929015,19.812,13.0
2020-08-19 08:00:00,36.25987155982619,0.8159287029663859,0.16481759799920995,30.808,202.0
2020-08-19 09:00:00,54.557497207788,0.7897726868527505,0.24798862367176366,38.636,314.0
2020-08-19 10:00:00,98.66987686956175,0.7316467215598527,0.44849944031618977,56.032000000000004,613.0
2020-08-19 11:00:00,106.3059994712538,0.7137505000084181,0.4832090885056991,61.388000000000005,677.0
2020-08-19 12:00:00,104.28384578863655,0.7128082418908854,0.4740174808574389,61.67,665.0
2020-08-19 13:00:00,90.2752626793682,0.7275569203688604,0.41034210308803726,57.256,564.0
2020-08-19 14:00:00,115.06191872748668,0.6927267834285773,0.5230087214885758,67.68,755.0
2020-08-19 15:00:00,92.27565313985038,0.7256657214521106,0.4194347869993199,57.822,578.0
2020-08-19 16:00:00,71.4359896424312,0.7516413051602608,0.3247090438292327,50.048,432.0
2020-08-19 17:00:00,18.40005525340476,0.8120059688175092,0.08363661478820344,31.982000000000003,103.0
2020-08-19 18:00:00,5.4677835197263045,0.8284520484433795,0.024853561453301386,27.060000000000002,30.0
2020-08-19 19:00:00,0.0,,0.0,24.3,0.0
2020-08-19 20:00:00,0.0,,0.0,23.53,0.0
2020-08-19 21:00:00,0.0,,0.0,22.73,0.0
2020-08-19 22:00:00,0.0,,0.0,22.29,0.0
2020-08-19 23:00:00,0.0,,0.0,22.0,0.0
2020-08-20 00:00:00,0.0,,0.0,21.48,0.0
2020-08-20 01:00:00,0.0,,0.0,20.53,0.0
2020-08-20 02:00:00,0.0,,0.0,19.85,0.0
2020-08-20 03:00:00,0.0,,0.0,19.51,0.0
2020-08-20 04:00:00,0.0,,0.0,19.45,0.0
2020-08-20 05:00:00,0.0,,0.0,19.33,0.0
2020-08-20 06:00:00,0.0,,0.0,19.14,0.0
2020-08-20 07:00:00,1.6901789064917616,0.8536257103493745,0.007682631393144371,19.526,9.0
2020-08-20 08:00:00,5.78326129419148,0.8479855270075483,0.026287551337233997,21.214,31.0
2020-08-20 09:00:00,24.986249038529625,0.8229989801887229,0.11357385926604376,28.692,138.0
2020-08-20 10:00:00,74.68741473537146,0.7628949411171753,0.339488248797143,46.67999999999999,445.0
2020-08-20 11:00:00,79.81117674235301,0.7510933252621212,0.3627780761016046,50.212,483.0
2020-08-20 12:00:00,120.37923271429014,0.6935086571856788,0.5471783305195006,67.446,789.0
2020-08-20 13:00:00,130.82516033497816,0.6726921037380613,0.5946598197044463,73.676,884.0
2020-08-20 14:00:00,114.34242686833574,0.6939096180867564,0.5197383039469806,67.32600000000001,749.0
2020-08-20 15:00:00,105.55140682655434,0.7055575322630638,0.4797791219388834,63.84,680.0
2020-08-20 16:00:00,48.51201724100697,0.7764407368919171,0.22050916927730443,42.626,284.0
2020-08-20 17:00:00,27.46989388273396,0.8004048334129942,0.12486315401242709,35.454,156.0
2020-08-20 18:00:00,6.357983546935651,0.825712148952682,0.02889992521334387,27.88,35.0
2020-08-20 19:00:00,0.0,,0.0,24.89,0.0
2020-08-20 20:00:00,0.0,,0.0,23.95,0.0
2020-08-20 21:00:00,0.0,,0.0,23.21,0.0
2020-08-20 22:00:00,0.0,,0.0,22.73,0.0
2020-08-20 23:00:00,0.0,,0.0,21.94,0.0
2020-08-21 00:00:00,0.0,,0.0,21.25,0.0
2020-08-21 01:00:00,0.0,,0.0,20.58,0.0
2020-08-21 02:00:00,0.0,,0.0,20.01,0.0
2020-08-21 03:00:00,0.0,,0.0,19.53,0.0
2020-08-21 04:00:00,0.0,,0.0,19.22,0.0
2020-08-21 05:00:00,0.0,,0.0,19.09,0.0
2020-08-21 06:00:00,0.0,,0.0,18.87,0.0
2020-08-21 07:00:00,1.880519991417794,0.8547818142808153,0.008547818142808155,19.18,10.0
2020-08-21 08:00:00,8.743502031741047,0.845599809646136,0.03974319105336839,21.928,47.0
2020-08-21 09:00:00,32.68182612263345,0.8162294236421942,0.14855375510287933,30.718000000000004,182.0
2020-08-21 10:00:00,43.460590050769774,0.7997900266980082,0.19754813659440806,35.638000000000005,247.0
2020-08-21 11:00:00,97.03824533826993,0.7326959025843396,0.4410829333557724,55.718,602.0
2020-08-21 12:00:00,77.56994564164405,0.7533988504433183,0.35259066200747297,49.522,468.0
2020-08-21 13:00:00,67.31025580567403,0.7629818159790754,0.30595570820760926,46.654,401.0
2020-08-21 14:00:00,81.94508544539684,0.7434683854599604,0.3724776611154402,52.49400000000001,501.0
2020-08-21 15:00:00,82.2988484368869,0.7378415674815034,0.37408567471312226,54.178,507.0
2020-08-21 16:00:00,83.72827739056976,0.7361374836519233,0.38058307904804434,54.688,517.0
2020-08-21 17:00:00,27.369460795271124,0.802623483732291,0.12440663997850511,34.79,155.0
2020-08-21 18:00:00,7.271559594677827,0.8263135903042984,0.03305254361217194,27.7,40.0
2020-08-21 19:00:00,0.0,,0.0,24.48,0.0
2020-08-21 20:00:00,0.0,,0.0,23.81,0.0
2020-08-21 21:00:00,0.0,,0.0,23.27,0.0
2020-08-21 22:00:00,0.0,,0.0,22.53,0.0
2020-08-21 23:00:00,0.0,,0.0,21.87,0.0
2020-08-22 00:00:00,0.0,,0.0,21.26,0.0
2020-08-22 01:00:00,0.0,,0.0,20.47,0.0
2020-08-22 02:00:00,0.0,,0.0,19.72,0.0
2020-08-22 03:00:00,0.0,,0.0,19.31,0.0
2020-08-22 04:00:00,0.0,,0.0,19.05,0.0
2020-08-22 05:00:00,0.0,,0.0,18.77,0.0
2020-08-22 06:00:00,0.0,,0.0,18.31,0.0
2020-08-22 07:00:00,1.6950084805452428,0.856064889164264,0.0077045840024783764,18.796,9.0
2020-08-22 08:00:00,5.788274641991288,0.8487206219928575,0.02631033928177858,20.994,31.0
2020-08-22 09:00:00,38.264377082036134,0.8089720313326879,0.17392898673652787,32.89,215.0
2020-08-22 10:00:00,63.04026398861985,0.7786593872112136,0.28654665449372657,41.962,368.0
2020-08-22 11:00:00,76.55475153332272,0.7548289443238287,0.3479761433332851,49.094,461.0
2020-08-22 12:00:00,56.64558450001757,0.7732130016382414,0.2574799295455344,43.592,333.0
2020-08-22 13:00:00,38.05441484176223,0.7934615271426654,0.17297461291710106,37.532000000000004,218.0
2020-08-22 14:00:00,117.3164888617991,0.6934418303688326,0.5332567675536323,67.466,769.0
2020-08-22 15:00:00,42.783339689854635,0.7873268253561765,0.19446972586297562,39.368,247.0
2020-08-22 16:00:00,39.744980408216264,0.7889039382337487,0.18065900185552847,38.896,229.0
2020-08-22 17:00:00,22.103759297576204,0.8102551062161365,0.10047163317080092,32.506,124.0
2020-08-22 18:00:00,4.3836477931127655,0.8302363244531753,0.019925671786876206,26.526,24.0
2020-08-22 19:00:00,0.0,,0.0,24.4,0.0
2020-08-22 20:00:00,0.0,,0.0,23.6,0.0
2020-08-22 21:00:00,0.0,,0.0,23.11,0.0
2020-08-22 22:00:00,0.0,,0.0,22.17,0.0
2020-08-22 23:00:00,0.0,,0.0,21.53,0.0
2020-08-23 00:00:00,0.0,,0.0,20.76,0.0
2020-08-23 01:00:00,0.0,,0.0,20.09,0.0
2020-08-23 02:00:00,0.0,,0.0,19.7,0.0
2020-08-23 03:00:00,0.0,,0.0,19.28,0.0
2020-08-23 04:00:00,0.0,,0.0,19.08,0.0
2020-08-23 05:00:00,0.0,,0.0,18.88,0.0
2020-08-23 06:00:00,0.0,,0.0,18.68,0.0
2020-08-23 07:00:00,10.975104858332447,0.8455396655109743,0.04988684026514749,21.946,59.0
2020-08-23 08:00:00,55.78971487881214,0.7949517651583377,0.25358961308550976,37.086,319.0
2020-08-23 09:00:00,74.72390779082214,0.7684482495971015,0.3396541263219188,45.018,442.0
2020-08-23 10:00:00,64.31150785241402,0.7733466552719339,0.292325035692791,43.552,378.0
2020-08-23 11:00:00,104.00854242530852,0.7173992442082254,0.47276610193322055,60.29600000000001,659.0
2020-08-23 12:00:00,104.04704670063899,0.7101218038536649,0.4729411213665409,62.474000000000004,666.0
2020-08-23 13:00:00,126.65657193076746,0.673347006543155,0.5757116905943975,73.48,855.0
2020-08-23 14:00:00,120.4100905315834,0.6824421363159341,0.5473185933253791,70.75800000000001,802.0
2020-08-23 15:00:00,85.39602560867979,0.7310051841181286,0.3881637527667263,56.224000000000004,531.0
2020-08-23 16:00:00,79.53947240407304,0.7393518535422294,0.3615430563821502,53.726,489.0
2020-08-23 17:00:00,22.904954023964326,0.8070808324159382,0.10411342738165602,33.455999999999996,129.0
2020-08-23 18:00:00,7.101639448443682,0.8276969054130165,0.032280179311107646,27.286,39.0
2020-08-23 19:00:00,0.0,,0.0,23.97,0.0
2020-08-23 20:00:00,0.0,,0.0,23.07,0.0
2020-08-23 21:00:00,0.0,,0.0,22.41,0.0
2020-08-23 22:00:00,0.0,,0.0,21.99,0.0
2020-08-23 23:00:00,0.0,,0.0,21.42,0.0
2020-08-24 00:00:00,0.0,,0.0,20.56,0.0
2020-08-24 01:00:00,0.0,,0.0,19.82,0.0
2020-08-24 02:00:00,0.0,,0.0,19.17,0.0
2020-08-24 03:00:00,0.0,,0.0,18.47,0.0
2020-08-24 04:00:00,0.0,,0.0,18.18,0.0
2020-08-24 05:00:00,0.0,,0.0,17.85,0.0
2020-08-24 06:00:00,0.0,,0.0,17.89,0.0
2020-08-24 07:00:00,3.952735112724559,0.8555703707196015,0.017966977785111634,18.944,21.0
2020-08-24 08:00:00,5.802175288163483,0.8507588399066691,0.026373524037106744,20.384,31.0
2020-08-24 09:00:00,15.98844383700083,0.8353418932602314,0.07267474471364013,24.998,87.0
2020-08-24 10:00:00,28.99298128849505,0.8185483141867602,0.1317862785840684,30.023999999999997,161.0
2020-08-24 11:00:00,123.22003521862665,0.6974982181514019,0.5600910691755757,66.25200000000001,803.0
2020-08-24 12:00:00,113.7639644523063,0.70643296356375,0.517108929328665,63.578,732.0
2020-08-24 13:00:00,116.44963104075325,0.6964690851719693,0.5293165047306966,66.56,760.0
2020-08-24 14:00:00,87.77782157247958,0.7334376802513334,0.39899009805672536,55.496,544.0
2020-08-24 15:00:00,95.0939793799161,0.7192102509447595,0.43224536081780046,59.754000000000005,601.0
2020-08-24 16:00:00,59.25246654831901,0.7651403221632104,0.26932939340145007,46.007999999999996,352.0
2020-08-24 17:00:00,19.64262012144209,0.8116785174149624,0.08928463691564587,32.08,110.0
2020-08-24 18:00:00,7.11081343386034,0.8287661344825571,0.032321879244819725,26.966,39.0
2020-08-24 19:00:00,0.0,,0.0,23.85,0.0
2020-08-24 20:00:00,0.0,,0.0,22.96,0.0
2020-08-24 21:00:00,0.0,,0.0,21.68,0.0
2020-08-24 22:00:00,0.0,,0.0,21.84,0.0
2020-08-24 23:00:00,0.0,,0.0,21.0,0.0
2020-08-25 00:00:00,0.0,,0.0,20.38,0.0
2020-08-25 01:00:00,0.0,,0.0,19.98,0.0
2020-08-25 02:00:00,0.0,,0.0,19.67,0.0
2020-08-25 03:00:00,0.0,,0.0,19.37,0.0
2020-08-25 04:00:00,0.0,,0.0,19.28,0.0
2020-08-25 05:00:00,0.0,,0.0,19.28,0.0
2020-08-25 06:00:00,0.0,,0.0,18.95,0.0
2020-08-25 07:00:00,19.129594390814916,0.8360836709272254,0.08695270177643144,24.776,104.0
2020-08-25 08:00:00,55.83193432419837,0.7930672489232723,0.25378151965544715,37.65,320.0
2020-08-25 09:00:00,71.92314591033538,0.7674257992993532,0.32692339050152447,45.324000000000005,426.0
2020-08-25 10:00:00,113.4505493543699,0.7083575758889229,0.5156843152471359,63.00200000000001,728.0
2020-08-25 11:00:00,139.16293110014777,0.6616723616401092,0.6325587777279444,76.974,956.0
2020-08-25 12:00:00,148.79617298963737,0.6398734539848515,0.676346240861988,83.498,1057.0
2020-08-25 13:00:00,141.99876583257355,0.6460950306332403,0.6454489356026071,81.63600000000001,999.0
2020-08-25 14:00:00,136.62629472864248,0.6509733882630192,0.6210286124029204,80.176,954.0
2020-08-25 15:00:00,117.12349555416607,0.6799227653208294,0.5323795252462095,71.512,783.0
2020-08-25 16:00:00,85.52243254235354,0.7252580778693483,0.3887383297379706,57.944,536.0
2020-08-25 17:00:00,24.947862378396785,0.7985871439947755,0.11339937444725812,35.998,142.0
2020-08-25 18:00:00,6.878874793905635,0.8228319131466071,0.03126761269957107,28.742,38.0
2020-08-25 19:00:00,0.0,,0.0,25.01,0.0
2020-08-25 20:00:00,0.0,,0.0,23.82,0.0
2020-08-25 21:00:00,0.0,,0.0,22.87,0.0
2020-08-25 22:00:00,0.0,,0.0,22.36,0.0
2020-08-25 23:00:00,0.0,,0.0,21.67,0.0
2020-08-26 00:00:00,0.0,,0.0,21.14,0.0
2020-08-26 01:00:00,0.0,,0.0,20.47,0.0
2020-08-26 02:00:00,0.0,,0.0,20.02,0.0
2020-08-26 03:00:00,0.0,,0.0,19.5,0.0
2020-08-26 04:00:00,0.0,,0.0,18.95,0.0
2020-08-26 05:00:00,0.0,,0.0,18.74,0.0
2020-08-26 06:00:00,0.0,,0.0,18.58,0.0
2020-08-26 07:00:00,1.6935529924743307,0.8553297941789549,0.007697968147610594,19.016000000000002,9.0
2020-08-26 08:00:00,13.12131758124037,0.8400331358028407,0.059642352642001684,23.594,71.0
2020-08-26 09:00:00,75.36547664115038,0.7663766182748666,0.34257034836886535,45.638,447.0
2020-08-26 10:00:00,65.58690647306518,0.7723375703375551,0.2981223021502963,43.854,386.0
2020-08-26 11:00:00,67.96203071477832,0.7627612874834829,0.30891832143081055,46.72,405.0
2020-08-26 12:00:00,85.77441134179774,0.7356295998438915,0.38988368791726247,54.84,530.0
2020-08-26 13:00:00,131.19474992150194,0.6677936980632289,0.5963397723704633,75.142,893.0
2020-08-26 14:00:00,89.57010664262074,0.7244427907038236,0.4071368483755488,58.188,562.0
2020-08-26 15:00:00,92.83393572834308,0.7188627514971586,0.4219724351288322,59.858000000000004,587.0
2020-08-26 16:00:00,73.14751129672645,0.7438225675892459,0.3324886877123929,52.388,447.0
2020-08-26 17:00:00,17.932742139534014,0.8070541016891996,0.08151246427060915,33.464,101.0
2020-08-26 18:00:00,6.330711522980683,0.8221703276598289,0.028775961468094014,28.94,35.0
2020-08-26 19:00:00,0.0,,0.0,25.63,0.0
2020-08-26 20:00:00,0.0,,0.0,24.59,0.0
2020-08-26 21:00:00,0.0,,0.0,23.8,0.0
2020-08-26 22:00:00,0.0,,0.0,22.92,0.0
2020-08-26 23:00:00,0.0,,0.0,21.78,0.0
2020-08-27 00:00:00,0.0,,0.0,20.92,0.0
2020-08-27 01:00:00,0.0,,0.0,20.44,0.0
2020-08-27 02:00:00,0.0,,0.0,19.8,0.0
2020-08-27 03:00:00,0.0,,0.0,19.48,0.0
2020-08-27 04:00:00,0.0,,0.0,19.11,0.0
2020-08-27 05:00:00,0.0,,0.0,18.97,0.0
2020-08-27 06:00:00,0.0,,0.0,19.05,0.0
2020-08-27 07:00:00,1.69024506504044,0.853659123757798,0.0076829321138201815,19.516000000000002,9.0
2020-08-27 08:00:00,13.323379020612172,0.8411224129174352,0.06056081373005533,23.268,72.0
2020-08-27 09:00:00,17.346073123088598,0.829955651822421,0.07884578692312999,26.61,95.0
2020-08-27 10:00:00,42.598610320046454,0.8001241607822399,0.19363004690930205,35.538,242.0
2020-08-27 11:00:00,37.79498217916699,0.7990482490310147,0.17179537354166816,35.86,215.0
2020-08-27 12:00:00,78.1205259048807,0.7491419822102099,0.3550932995676395,50.79600000000001,474.0
2020-08-27 13:00:00,106.05703162086944,0.7099814675382878,0.48207741645849744,62.516000000000005,679.0
2020-08-27 14:00:00,104.7640583493095,0.709687429544164,0.47620026522413406,62.604,671.0
2020-08-27 15:00:00,99.30734536006194,0.7153677089760981,0.45139702436391793,60.903999999999996,631.0
2020-08-27 16:00:00,65.14103019915602,0.7592194661906296,0.2960955918143455,47.78,390.0
2020-08-27 17:00:00,26.719317797034233,0.8043142021985019,0.12145144453197379,34.284,151.0
2020-08-27 18:00:00,6.375221524341151,0.8279508473170325,0.02897827965609614,27.21,35.0
2020-08-27 19:00:00,0.0,,0.0,24.38,0.0
2020-08-27 20:00:00,0.0,,0.0,23.54,0.0
2020-08-27 21:00:00,0.0,,0.0,22.86,0.0
2020-08-27 22:00:00,0.0,,0.0,22.25,0.0
2020-08-27 23:00:00,0.0,,0.0,21.6,0.0
2020-08-28 00:00:00,0.0,,0.0,20.91,0.0
2020-08-28 01:00:00,0.0,,0.0,20.35,0.0
2020-08-28 02:00:00,0.0,,0.0,19.65,0.0
2020-08-28 03:00:00,0.0,,0.0,19.4,0.0
2020-08-28 04:00:00,0.0,,0.0,19.05,0.0
2020-08-28 05:00:00,0.0,,0.0,18.82,0.0
2020-08-28 06:00:00,0.0,,0.0,18.55,0.0
2020-08-28 07:00:00,11.704082383173827,0.84445038839638,0.05320037446897194,22.272000000000002,63.0
2020-08-28 08:00:00,62.56240226170992,0.7877411516206235,0.2843745557350451,39.244,361.0
2020-08-28 09:00:00,94.17844062856317,0.7432010781925755,0.4280838210389235,52.574,576.0
2020-08-28 10:00:00,122.2565873867012,0.699008504212128,0.5557117608486418,65.8,795.0
2020-08-28 11:00:00,133.1571374414336,0.6740085920299332,0.6052597156428801,73.28200000000001,898.0
2020-08-28 12:00:00,144.50627774076094,0.6465026742160027,0.6568467170034588,81.51400000000001,1016.0
2020-08-28 13:00:00,125.8940020352874,0.6716496053952593,0.5722454637967609,73.98800000000001,852.0
2020-08-28 14:00:00,91.54270169151842,0.7174192922532792,0.4161031895069019,60.29,580.0
2020-08-28 15:00:00,67.79805601678535,0.7461815542239199,0.3081729818944789,51.682,413.0
2020-08-28 16:00:00,29.39604857083975,0.7906414354717523,0.13361840259472613,38.376,169.0
2020-08-28 17:00:00,20.308064856893168,0.8026903105491371,0.09230938571315077,34.769999999999996,115.0
2020-08-28 18:00:00,3.261854620591811,0.8237006617656089,0.014826611911780958,28.482000000000003,18.0
2020-08-28 19:00:00,0.0,,0.0,26.38,0.0
2020-08-28 20:00:00,0.0,,0.0,25.33,0.0
2020-08-28 21:00:00,0.0,,0.0,24.53,0.0
2020-08-28 22:00:00,0.0,,0.0,23.9,0.0
2020-08-28 23:00:00,0.0,,0.0,22.97,0.0
2020-08-29 00:00:00,0.0,,0.0,21.96,0.0
2020-08-29 01:00:00,0.0,,0.0,20.94,0.0
2020-08-29 02:00:00,0.0,,0.0,20.39,0.0
2020-08-29 03:00:00,0.0,,0.0,19.91,0.0
2020-08-29 04:00:00,0.0,,0.0,19.48,0.0
2020-08-29 05:00:00,0.0,,0.0,18.96,0.0
2020-08-29 06:00:00,0.0,,0.0,18.53,0.0
2020-08-29 07:00:00,18.82829953899629,0.8390507815952001,0.08558317972271041,23.887999999999998,102.0
2020-08-29 08:00:00,62.22846331178369,0.7879015359810545,0.2828566514171986,39.196,359.0
2020-08-29 09:00:00,99.2803820760008,0.7349746970387977,0.45127446398182186,55.036,614.0
2020-08-29 10:00:00,125.67079191318825,0.6932413499182936,0.5712308723326739,67.52600000000001,824.0
2020-08-29 11:00:00,140.9254007176848,0.66174587113864,0.6405700032622036,76.952,968.0
2020-08-29 12:00:00,149.31730387757253,0.6384901388761333,0.6787150176253297,83.912,1063.0
2020-08-29 13:00:00,145.94261511711574,0.6397063869427357,0.663375523259617,83.548,1037.0
2020-08-29 14:00:00,131.44891342324246,0.6602155370328602,0.5974950610147385,77.41,905.0
2020-08-29 15:00:00,88.69009650209776,0.7211749593600403,0.40313680228226256,59.166,559.0
2020-08-29 16:00:00,81.46104745042037,0.731773692511861,0.37027748841100167,55.994,506.0
2020-08-29 17:00:00,10.044996524370669,0.8153406269781387,0.04565907511077577,30.984,56.0
2020-08-29 18:00:00,2.3665824379838325,0.827476376917424,0.01075719289992651,27.352,13.0
2020-08-29 19:00:00,0.0,,0.0,24.9,0.0
2020-08-29 20:00:00,0.0,,0.0,23.77,0.0
2020-08-29 21:00:00,0.0,,0.0,23.0,0.0
2020-08-29 22:00:00,0.0,,0.0,23.65,0.0
2020-08-29 23:00:00,0.0,,0.0,22.7,0.0
2020-08-30 00:00:00,0.0,,0.0,21.61,0.0
2020-08-30 01:00:00,0.0,,0.0,20.72,0.0
2020-08-30 02:00:00,0.0,,0.0,20.04,0.0
2020-08-30 03:00:00,0.0,,0.0,19.39,0.0
2020-08-30 04:00:00,0.0,,0.0,18.98,0.0
2020-08-30 05:00:00,0.0,,0.0,18.84,0.0
2020-08-30 06:00:00,0.0,,0.0,18.53,0.0
2020-08-30 07:00:00,19.899803393382275,0.8375338128527893,0.09045365178810125,24.342000000000002,108.0
2020-08-30 08:00:00,63.160096232745,0.7865516342807597,0.28709134651247725,39.6,365.0
2020-08-30 09:00:00,99.21267982785383,0.7344734959124506,0.4509667264902447,55.186,614.0
2020-08-30 10:00:00,126.32840788704581,0.6868660715911582,0.5742200358502082,69.434,836.0
2020-08-30 11:00:00,140.36857508745297,0.6570947246861387,0.6380389776702408,78.344,971.0
2020-08-30 12:00:00,145.54238530141433,0.6410429232796614,0.6615562968246106,83.148,1032.0
2020-08-30 13:00:00,134.9198452297459,0.6531118464021004,0.6132720237715723,79.536,939.0
2020-08-30 14:00:00,130.28243235637458,0.6572617917282544,0.5921928743471572,78.294,901.0
2020-08-30 15:00:00,108.31242065099543,0.6924461107978228,0.49232918477725196,67.764,711.0
2020-08-30 16:00:00,84.73245536544124,0.7253249046861945,0.38514752438836924,57.924,531.0
2020-08-30 17:00:00,26.227453980844132,0.7947713327528525,0.11921569991292787,37.14,150.0
2020-08-30 18:00:00,5.765779265250858,0.8190027365413151,0.02620808756932208,29.888,32.0
2020-08-30 19:00:00,0.0,,0.0,26.68,0.0
2020-08-30 20:00:00,0.0,,0.0,25.52,0.0
2020-08-30 21:00:00,0.0,,0.0,24.41,0.0
2020-08-30 22:00:00,0.0,,0.0,23.42,0.0
2020-08-30 23:00:00,0.0,,0.0,21.88,0.0
2020-08-31 00:00:00,0.0,,0.0,21.41,0.0
2020-08-31 01:00:00,0.0,,0.0,20.44,0.0
2020-08-31 02:00:00,0.0,,0.0,19.56,0.0
2020-08-31 03:00:00,0.0,,0.0,18.57,0.0
2020-08-31 04:00:00,0.0,,0.0,18.27,0.0
2020-08-31 05:00:00,0.0,,0.0,17.86,0.0
2020-08-31 06:00:00,0.0,,0.0,17.63,0.0
2020-08-31 07:00:00,21.760593435394373,0.8382354944296754,0.0989117883427017,24.132,118.0
2020-08-31 08:00:00,65.20901472377734,0.7841391861926088,0.2964046123808061,40.322,378.0
2020-08-31 09:00:00,100.51201902198653,0.7321679707312538,0.4568728137363024,55.876000000000005,624.0
2020-08-31 10:00:00,127.99203075209829,0.6852555453051626,0.5817819579640832,69.916,849.0
2020-08-31 11:00:00,141.1754329856079,0.6548025648683112,0.641706513570945,79.03,980.0
2020-08-31 12:00:00,148.99647608180433,0.6329501957595766,0.677256709462747,85.57,1070.0
2020-08-31 13:00:00,145.80049185265605,0.6323754851346983,0.6627295084211638,85.742,1048.0
2020-08-31 14:00:00,136.63592741332994,0.6469504138888729,0.6210723973333179,81.38,960.0
2020-08-31 15:00:00,116.34907004676295,0.6780248837223948,0.528859409303468,72.08000000000001,780.0
2020-08-31 16:00:00,91.45706606610983,0.7142851145431883,0.4157139366641356,61.22800000000001,582.0
2020-08-31 17:00:00,16.61925971788397,0.8036392513483545,0.07554208962674532,34.486000000000004,94.0
2020-08-31 18:00:00,5.941253789193999,0.8183545164179061,0.0270056990417909,30.082,33.0
2020-08-31 19:00:00,0.0,,0.0,26.77,0.0
2020-08-31 20:00:00,0.0,,0.0,25.46,0.0
2020-08-31 21:00:00,0.0,,0.0,24.48,0.0
2020-08-31 22:00:00,0.0,,0.0,23.67,0.0
2020-08-31 23:00:00,0.0,,0.0,22.8,0.0
2020-09-01 00:00:00,0.0,,0.0,21.76,0.0
2020-09-01 01:00:00,0.0,,0.0,20.91,0.0
2020-09-01 02:00:00,0.0,,0.0,20.02,0.0
2020-09-01 03:00:00,0.0,,0.0,19.6,0.0
2020-09-01 04:00:00,0.0,,0.0,19.3,0.0
2020-09-01 05:00:00,0.0,,0.0,19.08,0.0
2020-09-01 06:00:00,0.0,,0.0,18.89,0.0
2020-09-01 07:00:00,12.077647363378126,0.844590724711757,0.054898397106264214,22.229999999999997,65.0
2020-09-01 08:00:00,59.12398370640675,0.7904275896578442,0.26874538048366703,38.44,340.0
2020-09-01 09:00:00,95.9054169198295,0.7388707004609361,0.4359337132719523,53.870000000000005,590.0
2020-09-01 10:00:00,122.0087457018343,0.6958409130936141,0.5545852077356105,66.748,797.0
2020-09-01 11:00:00,132.8047476073761,0.6692438399887931,0.6036579436698913,74.708,902.0
2020-09-01 12:00:00,141.9475429438073,0.6471575770210964,0.6452161042900332,81.318,997.0
2020-09-01 13:00:00,129.10344585361668,0.6630890901572506,0.5868338447891667,76.55,885.0
2020-09-01 14:00:00,102.11236344051366,0.7000710505999839,0.46414710654778935,65.482,663.0
2020-09-01 15:00:00,108.86593835379338,0.6901606336616798,0.49484517433542446,68.44800000000001,717.0
2020-09-01 16:00:00,71.3353845427418,0.7403007943414467,0.32425174792155365,53.44199999999999,438.0
2020-09-01 17:00:00,22.993518267794368,0.7978320009644125,0.10451599212633804,36.224,131.0
2020-09-01 18:00:00,4.15693567850361,0.8215287902181048,0.018895162175016408,29.132,23.0
2020-09-01 19:00:00,0.0,,0.0,26.18,0.0
2020-09-01 20:00:00,0.0,,0.0,25.02,0.0
2020-09-01 21:00:00,0.0,,0.0,24.2,0.0
2020-09-01 22:00:00,0.0,,0.0,23.64,0.0
2020-09-01 23:00:00,0.0,,0.0,22.77,0.0
2020-09-02 00:00:00,0.0,,0.0,21.59,0.0
2020-09-02 01:00:00,0.0,,0.0,20.5,0.0
2020-09-02 02:00:00,0.0,,0.0,19.66,0.0
2020-09-02 03:00:00,0.0,,0.0,19.08,0.0
2020-09-02 04:00:00,0.0,,0.0,18.54,0.0
2020-09-02 05:00:00,0.0,,0.0,18.22,0.0
2020-09-02 06:00:00,0.0,,0.0,17.84,0.0
2020-09-02 07:00:00,22.4797662633217,0.8375471782161588,0.10218075574237137,24.338,122.0
2020-09-02 08:00:00,66.62825673115378,0.7846002912288481,0.3028557124143354,40.184,386.0
2020-09-02 09:00:00,103.043943434636,0.7307044634423202,0.4683815610665273,56.31400000000001,641.0
2020-09-02 10:00:00,129.4392004881566,0.6841395374638298,0.5883600022188936,70.25,860.0
2020-09-02 11:00:00,143.13148398676623,0.6538669894324634,0.650597654485301,79.31,995.0
2020-09-02 12:00:00,149.82279929517023,0.6346810103158952,0.6810127240689556,85.052,1073.0
2020-09-02 13:00:00,147.68551944652376,0.6327029365372452,0.6712978156660171,85.644,1061.0
2020-09-02 14:00:00,138.32742066965542,0.6462086362218791,0.6287610030438883,81.602,973.0
2020-09-02 15:00:00,120.03747088353026,0.6752783015500128,0.5456248676524103,72.902,808.0
2020-09-02 16:00:00,91.39934052710349,0.7175328978419179,0.4154515478504704,60.256,579.0
2020-09-02 17:00:00,17.392306187094633,0.8066932368782298,0.07905593721406651,33.572,98.0
2020-09-02 18:00:00,5.2493691573113175,0.8227851343748147,0.023860768896869625,28.756,29.0
2020-09-02 19:00:00,0.0,,0.0,25.64,0.0
2020-09-02 20:00:00,0.0,,0.0,24.15,0.0
2020-09-02 21:00:00,0.0,,0.0,22.87,0.0
2020-09-02 22:00:00,0.0,,0.0,22.5,0.0
2020-09-02 23:00:00,0.0,,0.0,21.82,0.0
2020-09-03 00:00:00,0.0,,0.0,21.13,0.0
2020-09-03 01:00:00,0.0,,0.0,20.38,0.0
2020-09-03 02:00:00,0.0,,0.0,19.67,0.0
2020-09-03 03:00:00,0.0,,0.0,19.14,0.0
2020-09-03 04:00:00,0.0,,0.0,18.87,0.0
2020-09-03 05:00:00,0.0,,0.0,18.68,0.0
2020-09-03 06:00:00,0.0,,0.0,18.26,0.0
2020-09-03 07:00:00,19.572430311864835,0.8392980408175316,0.08896559232665834,23.814,106.0
2020-09-03 08:00:00,15.47182055151555,0.837219726813612,0.07032645705234342,24.436,84.0
2020-09-03 09:00:00,48.458206817892375,0.795178976335615,0.22026457644496533,37.018,277.0
2020-09-03 10:00:00,77.72131640101891,0.7548690404139367,0.3532787109137223,49.081999999999994,468.0
2020-09-03 11:00:00,112.1825193258515,0.702369893099496,0.5099205423902341,64.794,726.0
2020-09-03 12:00:00,115.0175895594926,0.691543948770398,0.5228072252704209,68.03399999999999,756.0
2020-09-03 13:00:00,65.42799363914105,0.754822261642144,0.2973999710870048,49.096000000000004,394.0
2020-09-03 14:00:00,104.01395566478031,0.7056577724883332,0.4727907075671832,63.81,670.0
2020-09-03 15:00:00,106.30214169277092,0.7012939813482709,0.48319155314895873,65.116,689.0
2020-09-03 16:00:00,71.47096987240214,0.7468230916656441,0.3248680448745552,51.49,435.0
2020-09-03 17:00:00,22.302073222712895,0.8045480960574638,0.10137306010324043,34.214,126.0
2020-09-03 18:00:00,5.985646175356816,0.8244691701593411,0.027207482615258256,28.252,33.0
2020-09-03 19:00:00,0.0,,0.0,25.23,0.0
2020-09-03 20:00:00,0.0,,0.0,24.21,0.0
2020-09-03 21:00:00,0.0,,0.0,23.48,0.0
2020-09-03 22:00:00,0.0,,0.0,23.07,0.0
2020-09-03 23:00:00,0.0,,0.0,22.45,0.0
2020-09-04 00:00:00,0.0,,0.0,21.67,0.0
2020-09-04 01:00:00,0.0,,0.0,20.84,0.0
2020-09-04 02:00:00,0.0,,0.0,20.21,0.0
2020-09-04 03:00:00,0.0,,0.0,19.58,0.0
2020-09-04 04:00:00,0.0,,0.0,19.06,0.0
2020-09-04 05:00:00,0.0,,0.0,18.62,0.0
2020-09-04 06:00:00,0.0,,0.0,18.42,0.0
2020-09-04 07:00:00,20.26767138745043,0.8375070821260509,0.0921257790338656,24.35,110.0
2020-09-04 08:00:00,65.04038393414744,0.7841859649644013,0.29563810879157926,40.308,377.0
2020-09-04 09:00:00,101.26654256775737,0.7318004232385993,0.46030246621707893,55.986000000000004,629.0
2020-09-04 10:00:00,127.2634839929183,0.6862044861043799,0.5784703817859923,69.632,843.0
2020-09-04 11:00:00,141.24026836331217,0.6551032855441196,0.6420012198332371,78.94,980.0
2020-09-04 12:00:00,147.664892681236,0.6356099030700586,0.6712040576419819,84.774,1056.0
2020-09-04 13:00:00,144.71447722326008,0.6337120214716241,0.6577930782875459,85.34200000000001,1038.0
2020-09-04 14:00:00,135.42213857358755,0.6479528161415672,0.6155551753344889,81.08,950.0
2020-09-04 15:00:00,109.9132134774636,0.6862713129212263,0.49960551580665274,69.61200000000001,728.0
2020-09-04 16:00:00,69.28153797492794,0.7427266077929668,0.3149160817042179,52.71600000000001,424.0
2020-09-04 17:00:00,26.749528730740458,0.7946978232543213,0.12158876695791117,37.162,153.0
2020-09-04 18:00:00,5.953140275106448,0.8199917734306402,0.02705972852321113,29.592,33.0
2020-09-04 19:00:00,0.0,,0.0,26.75,0.0
2020-09-04 20:00:00,0.0,,0.0,25.74,0.0
2020-09-04 21:00:00,0.0,,0.0,24.63,0.0
2020-09-04 22:00:00,0.0,,0.0,24.0,0.0
2020-09-04 23:00:00,0.0,,0.0,22.94,0.0
2020-09-05 00:00:00,0.0,,0.0,22.03,0.0
2020-09-05 01:00:00,0.0,,0.0,21.18,0.0
2020-09-05 02:00:00,0.0,,0.0,20.39,0.0
2020-09-05 03:00:00,0.0,,0.0,19.88,0.0
2020-09-05 04:00:00,0.0,,0.0,19.19,0.0
2020-09-05 05:00:00,0.0,,0.0,18.83,0.0
2020-09-05 06:00:00,0.0,,0.0,18.55,0.0
2020-09-05 07:00:00,2.0690248090705237,0.854968929367985,0.009404658223047835,19.124000000000002,11.0
2020-09-05 08:00:00,6.339132771132384,0.8474776431995166,0.028814239868783564,21.366,34.0
2020-09-05 09:00:00,28.11665985460834,0.8192499957636462,0.1278029993391288,29.814,156.0
2020-09-05 10:00:00,64.11993621848261,0.7751442966450992,0.2914542555385573,43.01400000000001,376.0
2020-09-05 11:00:00,86.53190173092929,0.7407284859692629,0.3933268260496786,53.314,531.0
2020-09-05 12:00:00,46.01597869535032,0.7833840431622459,0.20916353952431962,40.548,267.0
2020-09-05 13:00:00,48.05368551766674,0.7773161681926034,0.21842584326212156,42.364000000000004,281.0
2020-09-05 14:00:00,65.40191540944222,0.7622600863571355,0.29728143367928284,46.870000000000005,390.0
2020-09-05 15:00:00,34.33640143860675,0.8045079999673559,0.15607455199366704,34.226,194.0
2020-09-05 16:00:00,22.885591622051276,0.8255985433640431,0.10402541646386944,27.914,126.0
2020-09-05 17:00:00,20.752976686181604,0.8347939133620919,0.09433171220991639,25.162,113.0
2020-09-05 18:00:00,5.069901597407977,0.8535187874424204,0.02304500726094535,19.558,27.0
2020-09-05 19:00:00,0.0,,0.0,17.55,0.0
2020-09-05 20:00:00,0.0,,0.0,17.25,0.0
2020-09-05 21:00:00,0.0,,0.0,17.55,0.0
2020-09-05 22:00:00,0.0,,0.0,18.29,0.0
2020-09-05 23:00:00,0.0,,0.0,19.0,0.0
2020-09-06 00:00:00,0.0,,0.0,19.14,0.0
2020-09-06 01:00:00,0.0,,0.0,18.77,0.0
2020-09-06 02:00:00,0.0,,0.0,18.58,0.0
2020-09-06 03:00:00,0.0,,0.0,18.53,0.0
2020-09-06 04:00:00,0.0,,0.0,18.32,0.0
2020-09-06 05:00:00,0.0,,0.0,18.16,0.0
2020-09-06 06:00:00,0.0,,0.0,18.09,0.0
2020-09-06 07:00:00,2.0733912732832596,0.8567732534228345,0.00942450578765118,18.584,11.0
2020-09-06 08:00:00,7.106254374761453,0.8500304276030447,0.0323011562489157,20.602,38.0
2020-09-06 09:00:00,14.63159963235737,0.8418641905844286,0.06650727105616987,23.046000000000003,79.0
2020-09-06 10:00:00,22.832050243701307,0.8302563724982294,0.10378204656227867,26.52,125.0
2020-09-06 11:00:00,36.41973413647134,0.8114914023277927,0.16554424607486973,32.136,204.0
2020-09-06 12:00:00,36.72409286418873,0.8103286157146674,0.16692769483722147,32.484,206.0
2020-09-06 13:00:00,33.119631053603925,0.8137501487371971,0.15054377751638148,31.46,185.0
2020-09-06 14:00:00,34.06264471512779,0.8106293363904756,0.15483020325058086,32.394,191.0
2020-09-06 15:00:00,32.305870613536925,0.8112976045589383,0.14684486642516784,32.194,181.0
2020-09-06 16:00:00,16.921963011694444,0.8270754160163463,0.0769180136895202,27.472,93.0
2020-09-06 17:00:00,9.196405813709761,0.8360368921554329,0.04180184460777164,24.79,50.0
2020-09-06 18:00:00,3.893457053109232,0.8427396218851151,0.017697532059587417,22.784,21.0
2020-09-06 19:00:00,0.0,,0.0,20.87,0.0
2020-09-06 20:00:00,0.0,,0.0,20.33,0.0
2020-09-06 21:00:00,0.0,,0.0,20.16,0.0
2020-09-06 22:00:00,0.0,,0.0,19.85,0.0
2020-09-06 23:00:00,0.0,,0.0,19.63,0.0
2020-09-07 00:00:00,0.0,,0.0,19.32,0.0
2020-09-07 01:00:00,0.0,,0.0,19.25,0.0
2020-09-07 02:00:00,0.0,,0.0,19.0,0.0
2020-09-07 03:00:00,0.0,,0.0,18.81,0.0
2020-09-07 04:00:00,0.0,,0.0,18.75,0.0
2020-09-07 05:00:00,0.0,,0.0,18.74,0.0
2020-09-07 06:00:00,0.0,,0.0,18.7,0.0
2020-09-07 07:00:00,2.067973623241531,0.854534555058484,0.009399880105643323,19.254,11.0
2020-09-07 08:00:00,6.348130333752567,0.8486805259027496,0.028855137880693486,21.006,34.0
2020-09-07 09:00:00,20.107567699650104,0.8308912272582688,0.09139803499840957,26.330000000000002,110.0
2020-09-07 10:00:00,26.543819750051558,0.8207736471877414,0.12065372613659799,29.358000000000004,147.0
2020-09-07 11:00:00,24.689777880004605,0.8191698035834308,0.11222626309093002,29.838,137.0
2020-09-07 12:00:00,31.686933867616382,0.8091658291015419,0.14403151758007446,32.832,178.0
2020-09-07 13:00:00,27.841440292108608,0.8112307777420923,0.1265520013277664,32.214,156.0
2020-09-07 14:00:00,27.991751044514643,0.8104154905765676,0.12723523202052112,32.458,157.0
2020-09-07 15:00:00,82.79070196174719,0.7466693899868975,0.3763213725533963,51.536,504.0
2020-09-07 16:00:00,72.25847271959387,0.7602953779418546,0.32844760327088124,47.458,432.0
2020-09-07 17:00:00,25.752506170455973,0.8128947654815648,0.11705684622934533,31.716,144.0
2020-09-07 18:00:00,5.515638203269929,0.8357027580712014,0.02507108274213604,24.89,30.0
2020-09-07 19:00:00,0.0,,0.0,22.47,0.0
2020-09-07 20:00:00,0.0,,0.0,21.75,0.0
2020-09-07 21:00:00,0.0,,0.0,21.28,0.0
2020-09-07 22:00:00,0.0,,0.0,20.44,0.0
2020-09-07 23:00:00,0.0,,0.0,19.73,0.0
2020-09-08 00:00:00,0.0,,0.0,19.61,0.0
2020-09-08 01:00:00,0.0,,0.0,19.65,0.0
2020-09-08 02:00:00,0.0,,0.0,19.29,0.0
2020-09-08 03:00:00,0.0,,0.0,19.08,0.0
2020-09-08 04:00:00,0.0,,0.0,18.86,0.0
2020-09-08 05:00:00,0.0,,0.0,18.66,0.0
2020-09-08 06:00:00,0.0,,0.0,18.47,0.0
2020-09-08 07:00:00,16.825490616012445,0.8404340967039183,0.07647950280005657,23.474,91.0
2020-09-08 08:00:00,56.592319517382066,0.7964019070839018,0.2572378159881003,36.652,323.0
2020-09-08 09:00:00,59.118901259678324,0.788041872296432,0.2687222784530833,39.153999999999996,341.0
2020-09-08 10:00:00,69.89285619642075,0.7692368060358876,0.3176948008928216,44.782,413.0
2020-09-08 11:00:00,86.1037603586357,0.7440698268115771,0.39138072890288955,52.31400000000001,526.0
2020-09-08 12:00:00,77.22019479858382,0.7516078917518378,0.35100088544810826,50.05800000000001,467.0
2020-09-08 13:00:00,103.26597887494862,0.7155347760182138,0.4693908130679483,60.854,656.0
2020-09-08 14:00:00,105.69885511908758,0.7096740641807948,0.4804493414503981,62.608000000000004,677.0
2020-09-08 15:00:00,58.14908309461014,0.7683546920535166,0.26431401406640975,45.04600000000001,344.0
2020-09-08 16:00:00,27.562780485077624,0.8031113194952688,0.12528536584126193,34.644,156.0
2020-09-08 17:00:00,14.4243278397297,0.8195640818028238,0.06556512654422592,29.72,80.0
2020-09-08 18:00:00,3.1214294255482096,0.8346067982749223,0.01418831557067368,25.218,17.0
2020-09-08 19:00:00,0.0,,0.0,23.2,0.0
2020-09-08 20:00:00,0.0,,0.0,22.38,0.0
2020-09-08 21:00:00,0.0,,0.0,21.85,0.0
2020-09-08 22:00:00,0.0,,0.0,21.69,0.0
2020-09-08 23:00:00,0.0,,0.0,21.03,0.0
2020-09-09 00:00:00,0.0,,0.0,20.6,0.0
2020-09-09 01:00:00,0.0,,0.0,20.4,0.0
2020-09-09 02:00:00,0.0,,0.0,19.99,0.0
2020-09-09 03:00:00,0.0,,0.0,19.49,0.0
2020-09-09 04:00:00,0.0,,0.0,18.9,0.0
2020-09-09 05:00:00,0.0,,0.0,18.42,0.0
2020-09-09 06:00:00,0.0,,0.0,18.22,0.0
2020-09-09 07:00:00,4.137176325298499,0.8547884969624999,0.018805346933174996,19.177999999999997,22.0
2020-09-09 08:00:00,12.405039557365189,0.8415902006353588,0.05638654344256904,23.128,67.0
2020-09-09 09:00:00,36.45122560564198,0.8121930839046787,0.16568738911655445,31.926000000000002,204.0
2020-09-09 10:00:00,126.64238753793096,0.6952261063786285,0.5756472160815044,66.932,828.0
2020-09-09 11:00:00,140.51466786483329,0.6660094220534329,0.6387030357492423,75.67600000000002,959.0
2020-09-09 12:00:00,150.9865575702125,0.6402075880690828,0.6863025344100568,83.39800000000001,1072.0
2020-09-09 13:00:00,148.5009147378381,0.6386037444647721,0.675004157899264,83.878,1057.0
2020-09-09 14:00:00,138.87921677999782,0.6507929558575343,0.6312691671818083,80.23,970.0
2020-09-09 15:00:00,118.73008239930842,0.6805576200808691,0.5396821927241292,71.322,793.0
2020-09-09 16:00:00,90.3017775554883,0.7213754398105792,0.41046262525221955,59.106,569.0
2020-09-09 17:00:00,17.427605448289178,0.8083304938909638,0.07921638840131444,33.082,98.0
2020-09-09 18:00:00,5.080376700948633,0.8247364774267261,0.02309262136794833,28.172,28.0
2020-09-09 19:00:00,0.0,,0.0,25.02,0.0
2020-09-09 20:00:00,0.0,,0.0,23.71,0.0
2020-09-09 21:00:00,0.0,,0.0,22.65,0.0
2020-09-09 22:00:00,0.0,,0.0,22.19,0.0
2020-09-09 23:00:00,0.0,,0.0,21.5,0.0
2020-09-10 00:00:00,0.0,,0.0,21.04,0.0
2020-09-10 01:00:00,0.0,,0.0,20.57,0.0
2020-09-10 02:00:00,0.0,,0.0,19.77,0.0
2020-09-10 03:00:00,0.0,,0.0,19.19,0.0
2020-09-10 04:00:00,0.0,,0.0,18.78,0.0
2020-09-10 05:00:00,0.0,,0.0,18.3,0.0
2020-09-10 06:00:00,0.0,,0.0,17.77,0.0
2020-09-10 07:00:00,18.160245216347363,0.8423119302572989,0.08254656916521529,22.912000000000003,98.0
2020-09-10 08:00:00,63.290894623861,0.7838852442885931,0.28768588465391365,40.397999999999996,367.0
2020-09-10 09:00:00,101.53082979763559,0.729073889111271,0.4615037718074345,56.80200000000001,633.0
2020-09-10 10:00:00,129.64010488802154,0.6836116056107442,0.5892732040364616,70.408,862.0
2020-09-10 11:00:00,143.56156895020092,0.6538603067507784,0.652552586137277,79.31200000000001,998.0
2020-09-10 12:00:00,148.28042005661467,0.6388643690504725,0.6740019093482486,83.80000000000001,1055.0
2020-09-10 13:00:00,134.72301619647953,0.6577629928546018,0.6123773463476343,78.144,931.0
2020-09-10 14:00:00,127.44913370164811,0.6651139427076929,0.5793142440984005,75.944,871.0
2020-09-10 15:00:00,91.16950572899674,0.7157285737870681,0.41440684422271246,60.79600000000001,579.0
2020-09-10 16:00:00,57.59178847377769,0.758785091881129,0.2617808566989895,47.91,345.0
2020-09-10 17:00:00,18.234997025403445,0.804721845781264,0.0828863501154702,34.162,103.0
2020-09-10 18:00:00,2.18104446369181,0.8261532059438673,0.009913838471326408,27.748,12.0
2020-09-10 19:00:00,0.0,,0.0,25.42,0.0
2020-09-10 20:00:00,0.0,,0.0,23.95,0.0
2020-09-10 21:00:00,0.0,,0.0,22.86,0.0
2020-09-10 22:00:00,0.0,,0.0,22.34,0.0
2020-09-10 23:00:00,0.0,,0.0,21.41,0.0
2020-09-11 00:00:00,0.0,,0.0,20.57,0.0
2020-09-11 01:00:00,0.0,,0.0,20.03,0.0
2020-09-11 02:00:00,0.0,,0.0,19.42,0.0
2020-09-11 03:00:00,0.0,,0.0,19.0,0.0
2020-09-11 04:00:00,0.0,,0.0,18.81,0.0
2020-09-11 05:00:00,0.0,,0.0,18.55,0.0
2020-09-11 06:00:00,0.0,,0.0,18.28,0.0
2020-09-11 07:00:00,2.2584058599457424,0.855456765130963,0.010265481181571556,18.977999999999998,12.0
2020-09-11 08:00:00,32.67309466439796,0.8205197052837258,0.14851406665635436,29.434,181.0
2020-09-11 09:00:00,66.91072433020868,0.7778507827273736,0.3041396560464031,42.204,391.0
2020-09-11 10:00:00,99.23976072711262,0.7346739763629895,0.45108982148687554,55.126,614.0
2020-09-11 11:00:00,130.34864236170137,0.6857567464315096,0.5924938289168243,69.76599999999999,864.0
2020-09-11 12:00:00,126.07030133580406,0.6854627084373862,0.5730468242536548,69.854,836.0
2020-09-11 13:00:00,125.85371294933256,0.6802168033149527,0.5720623315878752,71.424,841.0
2020-09-11 14:00:00,128.41175822719006,0.6709078277282657,0.5836898101235912,74.21000000000001,870.0
2020-09-11 15:00:00,82.04914402132725,0.735602869117153,0.3729506546423966,54.848,507.0
2020-09-11 16:00:00,18.176726045917995,0.8100145296754899,0.08262148202689998,32.578,102.0
2020-09-11 17:00:00,13.63305395526331,0.8153740403865617,0.06196842706937868,30.974000000000004,76.0
2020-09-11 18:00:00,3.6457770891391172,0.828585702077072,0.01657171404154144,27.02,20.0
2020-09-11 19:00:00,0.0,,0.0,24.62,0.0
2020-09-11 20:00:00,0.0,,0.0,23.74,0.0
2020-09-11 21:00:00,0.0,,0.0,23.06,0.0
2020-09-11 22:00:00,0.0,,0.0,22.73,0.0
2020-09-11 23:00:00,0.0,,0.0,22.06,0.0
2020-09-12 00:00:00,0.0,,0.0,21.32,0.0
2020-09-12 01:00:00,0.0,,0.0,20.74,0.0
2020-09-12 02:00:00,0.0,,0.0,20.07,0.0
2020-09-12 03:00:00,0.0,,0.0,19.64,0.0
2020-09-12 04:00:00,0.0,,0.0,19.31,0.0
2020-09-12 05:00:00,0.0,,0.0,18.93,0.0
2020-09-12 06:00:00,0.0,,0.0,18.5,0.0
2020-09-12 07:00:00,2.4448480010696945,0.8548419584159771,0.011112945459407702,19.162000000000003,13.0
2020-09-12 08:00:00,56.73297700244103,0.7934682098243501,0.2578771681929138,37.53,325.0
2020-09-12 09:00:00,93.60586044260619,0.7412564178223486,0.42548118383002814,53.156000000000006,574.0
2020-09-12 10:00:00,126.63802107371818,0.6869061676812658,0.5756273685169008,69.422,838.0
2020-09-12 11:00:00,133.58660639527068,0.6672657662101433,0.6072118472512303,75.3,910.0
2020-09-12 12:00:00,119.789596854484,0.6823285307272955,0.5444981675203818,70.792,798.0
2020-09-12 13:00:00,122.29132062475705,0.6737813808526559,0.5558696392034411,73.35,825.0
2020-09-12 14:00:00,103.19552737155661,0.699061965665605,0.46907057896162097,65.784,671.0
2020-09-12 15:00:00,101.23582294832131,0.7014677310720712,0.4601628315832787,65.064,656.0
2020-09-12 16:00:00,36.753040904710204,0.7806508263532329,0.16705927683959185,41.366,214.0
2020-09-12 17:00:00,22.29385339058717,0.7979188758263124,0.10133569722994168,36.198,127.0
2020-09-12 18:00:00,2.3517702740298536,0.822297298611837,0.01068986488195388,28.902,13.0
2020-09-12 19:00:00,0.0,,0.0,26.88,0.0
2020-09-12 20:00:00,0.0,,0.0,25.86,0.0
2020-09-12 21:00:00,0.0,,0.0,24.77,0.0
2020-09-12 22:00:00,0.0,,0.0,23.82,0.0
2020-09-12 23:00:00,0.0,,0.0,22.75,0.0
2020-09-13 00:00:00,0.0,,0.0,21.92,0.0
2020-09-13 01:00:00,0.0,,0.0,21.07,0.0
2020-09-13 02:00:00,0.0,,0.0,20.35,0.0
2020-09-13 03:00:00,0.0,,0.0,19.95,0.0
2020-09-13 04:00:00,0.0,,0.0,19.69,0.0
2020-09-13 05:00:00,0.0,,0.0,19.44,0.0
2020-09-13 06:00:00,0.0,,0.0,18.9,0.0
2020-09-13 07:00:00,24.6893779883326,0.8312921881593468,0.11222444540151182,26.21,135.0
2020-09-13 08:00:00,69.31646968862982,0.7760464586725238,0.31507486222104464,42.744,406.0
2020-09-13 09:00:00,105.61837397971601,0.7219301023904033,0.48008351808961824,58.94,665.0
2020-09-13 10:00:00,131.51708907255997,0.677015798788016,0.5978049503298181,72.382,883.0
2020-09-13 11:00:00,145.24745196159859,0.6466363278496954,0.660215690734539,81.474,1021.0
2020-09-13 12:00:00,150.20007944543025,0.630404094037733,0.6827276338428647,86.332,1083.0
2020-09-13 13:00:00,147.53519252202807,0.6290942884275459,0.6706145114637639,86.724,1066.0
2020-09-13 14:00:00,136.91187913043507,0.6442305624432292,0.6223267233201594,82.194,966.0
2020-09-13 15:00:00,115.47221199353696,0.6772563753286626,0.5248736908797135,72.31,775.0
2020-09-13 16:00:00,85.79289457010836,0.7194976062571986,0.3899677025914016,59.668000000000006,542.0
2020-09-13 17:00:00,20.722301172444656,0.7982396445471747,0.09419227805656662,36.102000000000004,118.0
2020-09-13 18:00:00,4.864479303763344,0.8189359097244686,0.022111269562560654,29.907999999999998,27.0
2020-09-13 19:00:00,0.0,,0.0,26.82,0.0
2020-09-13 20:00:00,0.0,,0.0,25.68,0.0
2020-09-13 21:00:00,0.0,,0.0,24.78,0.0
2020-09-13 22:00:00,0.0,,0.0,23.73,0.0
2020-09-13 23:00:00,0.0,,0.0,22.92,0.0
2020-09-14 00:00:00,0.0,,0.0,22.28,0.0
2020-09-14 01:00:00,0.0,,0.0,21.24,0.0
2020-09-14 02:00:00,0.0,,0.0,20.53,0.0
2020-09-14 03:00:00,0.0,,0.0,19.91,0.0
2020-09-14 04:00:00,0.0,,0.0,19.44,0.0
2020-09-14 05:00:00,0.0,,0.0,19.26,0.0
2020-09-14 06:00:00,0.0,,0.0,18.82,0.0
2020-09-14 07:00:00,20.415694524262193,0.8360235267920635,0.09279861147391906,24.794,111.0
2020-09-14 08:00:00,69.39624807719547,0.7750306910564604,0.3154374912599794,43.048,407.0
2020-09-14 09:00:00,104.1071657089175,0.7224647169251736,0.47321438958598866,58.78,655.0
2020-09-14 10:00:00,124.78968354075725,0.6858837173835179,0.5672258342761693,69.72800000000001,827.0
2020-09-14 11:00:00,138.00224846252402,0.6568407827821229,0.6272829475569274,78.42000000000002,955.0
2020-09-14 12:00:00,144.0919782070407,0.6396128293991509,0.6549635373047306,83.57600000000001,1024.0
2020-09-14 13:00:00,130.1932197587675,0.6590059716479424,0.5917873625398523,77.772,898.0
2020-09-14 14:00:00,127.79848024246643,0.6593668364589126,0.5809021829203019,77.664,881.0
2020-09-14 15:00:00,99.87790403480932,0.6995230707018443,0.45399047288549693,65.64600000000002,649.0
2020-09-14 16:00:00,53.55850312275292,0.7584041790251049,0.24344774146705872,48.024,321.0
2020-09-14 17:00:00,19.15668999197341,0.7988611339438452,0.08707586359987914,35.916000000000004,109.0
2020-09-14 18:00:00,3.968339709072701,0.8199048985687398,0.018037907768512277,29.618,22.0
2020-09-14 19:00:00,0.0,,0.0,26.32,0.0
2020-09-14 20:00:00,0.0,,0.0,24.77,0.0
2020-09-14 21:00:00,0.0,,0.0,23.7,0.0
2020-09-14 22:00:00,0.0,,0.0,23.23,0.0
2020-09-14 23:00:00,0.0,,0.0,22.62,0.0
2020-09-15 00:00:00,0.0,,0.0,21.99,0.0
2020-09-15 01:00:00,0.0,,0.0,21.53,0.0
2020-09-15 02:00:00,0.0,,0.0,20.96,0.0
2020-09-15 03:00:00,0.0,,0.0,20.51,0.0
2020-09-15 04:00:00,0.0,,0.0,20.37,0.0
2020-09-15 05:00:00,0.0,,0.0,20.07,0.0
2020-09-15 06:00:00,0.0,,0.0,19.9,0.0
2020-09-15 07:00:00,10.564435223649685,0.8424589492543608,0.048020160107498565,22.868,57.0
2020-09-15 08:00:00,45.189828964400924,0.8023762245099596,0.20540831347454966,34.864000000000004,256.0
2020-09-15 09:00:00,74.06663878179766,0.7634161902885762,0.3366665399172621,46.524,441.0
2020-09-15 10:00:00,117.80621208139196,0.699977493056399,0.5354827821881453,65.50999999999999,765.0
2020-09-15 11:00:00,120.33663395989146,0.6888976068232852,0.5469846998176885,68.826,794.0
2020-09-15 12:00:00,109.4780372461606,0.698914946668543,0.4976274420280027,65.828,712.0
2020-09-15 13:00:00,115.73933521986852,0.684119489418776,0.5260878873630387,70.256,769.0
2020-09-15 14:00:00,113.9299783037885,0.6831972793462971,0.5178635377444932,70.53200000000001,758.0
2020-09-15 15:00:00,102.3871713498216,0.697745477373733,0.46539623340828,66.17800000000001,667.0
2020-09-15 16:00:00,70.39438945204759,0.7406817071974704,0.31997449750930723,53.328,432.0
2020-09-15 17:00:00,21.09840223034827,0.7991819026647072,0.09590182831976486,35.82,120.0
2020-09-15 18:00:00,4.330015262984613,0.8200786482925403,0.01968188755902097,29.566,24.0
2020-09-15 19:00:00,0.0,,0.0,26.78,0.0
2020-09-15 20:00:00,0.0,,0.0,25.49,0.0
2020-09-15 21:00:00,0.0,,0.0,24.37,0.0
2020-09-15 22:00:00,0.0,,0.0,23.68,0.0
2020-09-15 23:00:00,0.0,,0.0,22.79,0.0
2020-09-16 00:00:00,0.0,,0.0,22.03,0.0
2020-09-16 01:00:00,0.0,,0.0,21.45,0.0
2020-09-16 02:00:00,0.0,,0.0,20.72,0.0
2020-09-16 03:00:00,0.0,,0.0,20.15,0.0
2020-09-16 04:00:00,0.0,,0.0,19.51,0.0
2020-09-16 05:00:00,0.0,,0.0,19.17,0.0
2020-09-16 06:00:00,0.0,,0.0,18.68,0.0
2020-09-16 07:00:00,20.270905805385798,0.8376407357597437,0.09214048093357181,24.310000000000002,110.0
2020-09-16 08:00:00,47.8434395307285,0.7995227194306234,0.21747017968512955,35.718,272.0
2020-09-16 09:00:00,89.48833467645495,0.742272185438412,0.4067651576202498,52.852000000000004,548.0
2020-09-16 10:00:00,130.37458239354297,0.6757260412228826,0.592611738152468,72.76800000000001,877.0
2020-09-16 11:00:00,144.18948708665204,0.644451090938822,0.655406759484782,82.12800000000001,1017.0
2020-09-16 12:00:00,149.45108528413894,0.6266818403393951,0.6793231149279043,87.44600000000001,1084.0
2020-09-16 13:00:00,145.19189201241892,0.6297358258692701,0.6599631455109951,86.53200000000001,1048.0
2020-09-16 14:00:00,136.33236552857662,0.6435021501396045,0.6196925705844392,82.412,963.0
2020-09-16 15:00:00,113.77724026774098,0.6786998345725421,0.5171692739442771,71.878,762.0
2020-09-16 16:00:00,81.00933011175793,0.7262805281670963,0.3682242277807179,57.638000000000005,507.0
2020-09-16 17:00:00,21.066646126982917,0.7979790199614741,0.09575748239537689,36.18,120.0
2020-09-16 18:00:00,4.322429082736222,0.8186418717303451,0.01964740492152828,29.996,24.0
2020-09-16 19:00:00,0.0,,0.0,27.14,0.0
2020-09-16 20:00:00,0.0,,0.0,26.11,0.0
2020-09-16 21:00:00,0.0,,0.0,25.15,0.0
2020-09-16 22:00:00,0.0,,0.0,24.83,0.0
2020-09-16 23:00:00,0.0,,0.0,24.01,0.0
2020-09-17 00:00:00,0.0,,0.0,23.03,0.0
2020-09-17 01:00:00,0.0,,0.0,22.07,0.0
2020-09-17 02:00:00,0.0,,0.0,21.23,0.0
2020-09-17 03:00:00,0.0,,0.0,20.42,0.0
2020-09-17 04:00:00,0.0,,0.0,19.82,0.0
2020-09-17 05:00:00,0.0,,0.0,19.56,0.0
2020-09-17 06:00:00,0.0,,0.0,19.28,0.0
2020-09-17 07:00:00,5.234334994671776,0.8497297069272363,0.023792431793962617,20.692,28.0
2020-09-17 08:00:00,53.16637405378961,0.7949517651583375,0.24166533660813458,37.086000000000006,304.0
2020-09-17 09:00:00,103.13541130365802,0.7256924521788489,0.46879732410753644,57.814,646.0
2020-09-17 10:00:00,129.7487239932408,0.6786731038458038,0.5897669272420035,71.886,869.0
2020-09-17 11:00:00,143.91725200979263,0.6457742619123783,0.6541693273172392,81.732,1013.0
2020-09-17 12:00:00,148.90438632242473,0.6278646749975744,0.6768381196473852,87.092,1078.0
2020-09-17 13:00:00,146.0899663771109,0.6270493878320496,0.6640453017141404,87.33600000000001,1059.0
2020-09-17 14:00:00,136.37547149851517,0.6410429232796614,0.6198885068114326,83.148,967.0
2020-09-17 15:00:00,114.35437951279688,0.6759332043551063,0.5197926341490767,72.70599999999999,769.0
2020-09-17 16:00:00,87.07309924177346,0.7157085257420144,0.39578681473533395,60.80200000000001,553.0
2020-09-17 17:00:00,17.090336518079493,0.8008592557675489,0.07768334780945224,35.318,97.0
2020-09-17 18:00:00,4.143071787080679,0.8187888907274069,0.01883214448673036,29.952,23.0
2020-09-17 19:00:00,0.0,,0.0,27.12,0.0
2020-09-17 20:00:00,0.0,,0.0,25.93,0.0
2020-09-17 21:00:00,0.0,,0.0,24.97,0.0
2020-09-17 22:00:00,0.0,,0.0,24.23,0.0
2020-09-17 23:00:00,0.0,,0.0,23.35,0.0
2020-09-18 00:00:00,0.0,,0.0,22.22,0.0
2020-09-18 01:00:00,0.0,,0.0,21.2,0.0
2020-09-18 02:00:00,0.0,,0.0,20.29,0.0
2020-09-18 03:00:00,0.0,,0.0,19.6,0.0
2020-09-18 04:00:00,0.0,,0.0,19.34,0.0
2020-09-18 05:00:00,0.0,,0.0,19.29,0.0
2020-09-18 06:00:00,0.0,,0.0,19.22,0.0
2020-09-18 07:00:00,2.622786563403591,0.8515540790271399,0.011921757106379959,20.146,14.0
2020-09-18 08:00:00,9.437168533868117,0.8411023648723812,0.042896220608491444,23.274,51.0
2020-09-18 09:00:00,27.65294723597564,0.8162026929154557,0.12569521470898018,30.726,154.0
2020-09-18 10:00:00,36.707867847672986,0.8021824267411055,0.16685394476214993,34.922000000000004,208.0
2020-09-18 11:00:00,103.45629496664516,0.7135901156479871,0.47025588621202347,61.43600000000001,659.0
2020-09-18 12:00:00,128.08559658220838,0.6692037438986853,0.5822072571918563,74.72,870.0
2020-09-18 13:00:00,137.91261539058536,0.6469303658438191,0.6268755245026607,81.386,969.0
2020-09-18 14:00:00,115.51440203512378,0.6801366111347372,0.5250654637960172,71.44800000000001,772.0
2020-09-18 15:00:00,97.67449651147444,0.7047221970524852,0.44397498414306563,64.09,630.0
2020-09-18 16:00:00,83.77993398537738,0.7239883683492688,0.3808178817517154,58.324000000000005,526.0
2020-09-18 17:00:00,18.882902394505052,0.8021623786960516,0.08583137452047751,34.928,107.0
2020-09-18 18:00:00,4.163022264981969,0.8227316729213378,0.018922828477190765,28.772000000000002,23.0
2020-09-18 19:00:00,0.0,,0.0,25.7,0.0
2020-09-18 20:00:00,0.0,,0.0,24.51,0.0
2020-09-18 21:00:00,0.0,,0.0,23.57,0.0
2020-09-18 22:00:00,0.0,,0.0,22.84,0.0
2020-09-18 23:00:00,0.0,,0.0,22.16,0.0
2020-09-19 00:00:00,0.0,,0.0,21.41,0.0
2020-09-19 01:00:00,0.0,,0.0,20.93,0.0
2020-09-19 02:00:00,0.0,,0.0,20.48,0.0
2020-09-19 03:00:00,0.0,,0.0,19.94,0.0
2020-09-19 04:00:00,0.0,,0.0,19.66,0.0
2020-09-19 05:00:00,0.0,,0.0,19.23,0.0
2020-09-19 06:00:00,0.0,,0.0,18.99,0.0
2020-09-19 07:00:00,2.435291766260676,0.851500617573663,0.011069508028457619,20.162000000000003,13.0
2020-09-19 08:00:00,14.905679797629876,0.8364579011015643,0.0677530899892267,24.664,81.0
2020-09-19 09:00:00,36.70850738031021,0.8060717474815593,0.16685685172868278,33.757999999999996,207.0
2020-09-19 10:00:00,78.48197210915718,0.7574017767724105,0.3567362368598054,48.324000000000005,471.0
2020-09-19 11:00:00,100.65291761820066,0.7204933258282081,0.45751326190091207,59.37,635.0
2020-09-19 12:00:00,103.04971981103057,0.711865983773353,0.46840781732286624,61.952000000000005,658.0
2020-09-19 13:00:00,82.68760047948768,0.7369661361808172,0.37585272945221676,54.44,510.0
2020-09-19 14:00:00,99.78570842175189,0.7098144004961722,0.45357140191705403,62.566,639.0
2020-09-19 15:00:00,80.9359911552636,0.7343131115520195,0.3678908688875618,55.23400000000001,501.0
2020-09-19 16:00:00,13.033839807798612,0.8115715945080083,0.0592447263990846,32.112,73.0
2020-09-19 17:00:00,25.551460632353862,0.8009862267195569,0.11614300287433574,35.28,145.0
2020-09-19 18:00:00,3.9979346331812455,0.8260195523101748,0.018172430150823843,27.788,22.0
2020-09-19 19:00:00,0.0,,0.0,25.34,0.0
2020-09-19 20:00:00,0.0,,0.0,24.53,0.0
2020-09-19 21:00:00,0.0,,0.0,23.92,0.0
2020-09-19 22:00:00,0.0,,0.0,23.11,0.0
2020-09-19 23:00:00,0.0,,0.0,22.53,0.0
2020-09-20 00:00:00,0.0,,0.0,21.94,0.0
2020-09-20 01:00:00,0.0,,0.0,21.16,0.0
2020-09-20 02:00:00,0.0,,0.0,20.61,0.0
2020-09-20 03:00:00,0.0,,0.0,20.11,0.0
2020-09-20 04:00:00,0.0,,0.0,19.73,0.0
2020-09-20 05:00:00,0.0,,0.0,19.4,0.0
2020-09-20 06:00:00,0.0,,0.0,19.19,0.0
2020-09-20 07:00:00,2.4385408860957423,0.8526366734600498,0.011084276754980646,19.822000000000003,13.0
2020-09-20 08:00:00,13.981665401096308,0.8362240072426022,0.06355302455043776,24.734,76.0
2020-09-20 09:00:00,32.61871821814467,0.8102016447626595,0.1482669009915667,32.522000000000006,183.0
2020-09-20 10:00:00,78.6501471398962,0.7542208202905275,0.35750066881771003,49.276,474.0
2020-09-20 11:00:00,101.75474120035072,0.7182011660103805,0.4625215509106851,60.056,644.0
2020-09-20 12:00:00,102.49418353740298,0.7112712251034211,0.4658826524427408,62.13000000000001,655.0
2020-09-20 13:00:00,71.97456580455776,0.7452326134247024,0.3271571172934443,51.96600000000001,439.0
2020-09-20 14:00:00,69.74048717805583,0.7441366536284233,0.3170022144457083,52.294000000000004,426.0
2020-09-20 15:00:00,46.15019233776807,0.7684014708253092,0.2097736015353094,45.032,273.0
2020-09-20 16:00:00,70.3245260246438,0.7399466122121612,0.31965693647565363,53.548,432.0
2020-09-20 17:00:00,21.44304710364054,0.7989212780790068,0.09746839592563883,35.897999999999996,122.0
2020-09-20 18:00:00,2.8979914240036195,0.8232930181828465,0.013172688290925544,28.604,16.0
2020-09-20 19:00:00,0.0,,0.0,26.05,0.0
2020-09-20 20:00:00,0.0,,0.0,24.58,0.0
2020-09-20 21:00:00,0.0,,0.0,23.52,0.0
2020-09-20 22:00:00,0.0,,0.0,22.92,0.0
2020-09-20 23:00:00,0.0,,0.0,22.16,0.0
2020-09-21 00:00:00,0.0,,0.0,21.62,0.0
2020-09-21 01:00:00,0.0,,0.0,21.01,0.0
2020-09-21 02:00:00,0.0,,0.0,20.33,0.0
2020-09-21 03:00:00,0.0,,0.0,19.63,0.0
2020-09-21 04:00:00,0.0,,0.0,19.28,0.0
2020-09-21 05:00:00,0.0,,0.0,18.78,0.0
2020-09-21 06:00:00,0.0,,0.0,18.45,0.0
2020-09-21 07:00:00,20.632222632944874,0.8373466977656199,0.09378283014974943,24.398000000000003,112.0
2020-09-21 08:00:00,68.98557991270268,0.7780913592680203,0.31357081778501217,42.132000000000005,403.0
2020-09-21 09:00:00,101.1941313011345,0.7301163874540729,0.45997332409606595,56.49,630.0
2020-09-21 10:00:00,113.1656265380641,0.7114650228722752,0.5143892115366551,62.07200000000001,723.0
2020-09-21 11:00:00,90.0500589796689,0.7361842624237157,0.4093184499075859,54.674,556.0
2020-09-21 12:00:00,94.99507234964277,0.7244895694756159,0.4317957834074671,58.17399999999999,596.0
2020-09-21 13:00:00,126.45767287002242,0.674656812153342,0.5748076039546474,73.08800000000001,852.0
2020-09-21 14:00:00,112.88247530067288,0.6905816426078115,0.513102160457604,68.322,743.0
2020-09-21 15:00:00,95.99774043941443,0.7118325703649298,0.436353365633702,61.962,613.0
2020-09-21 16:00:00,71.51890835677408,0.7422053586215658,0.32508594707624583,52.872,438.0
2020-09-21 17:00:00,23.5189053556945,0.7977919048743046,0.10690411525315682,36.236000000000004,134.0
2020-09-21 18:00:00,2.5336636473847127,0.8226180673326989,0.011516652942657786,28.806,14.0
2020-09-21 19:00:00,0.0,,0.0,26.33,0.0
2020-09-21 20:00:00,0.0,,0.0,24.86,0.0
2020-09-21 21:00:00,0.0,,0.0,23.92,0.0
2020-09-21 22:00:00,0.0,,0.0,23.16,0.0
2020-09-21 23:00:00,0.0,,0.0,22.44,0.0
2020-09-22 00:00:00,0.0,,0.0,21.68,0.0
2020-09-22 01:00:00,0.0,,0.0,20.93,0.0
2020-09-22 02:00:00,0.0,,0.0,20.28,0.0
2020-09-22 03:00:00,0.0,,0.0,19.68,0.0
2020-09-22 04:00:00,0.0,,0.0,19.33,0.0
2020-09-22 05:00:00,0.0,,0.0,18.91,0.0
2020-09-22 06:00:00,0.0,,0.0,18.58,0.0
2020-09-22 07:00:00,6.1751022059205365,0.8505650421378149,0.028068646390547892,20.442,33.0
2020-09-22 08:00:00,42.72446005172134,0.8058178055775431,0.1942020911441879,33.834,241.0
2020-09-22 09:00:00,104.16012930260902,0.7228322644178281,0.4734551331936774,58.67,655.0
2020-09-22 10:00:00,131.61743100824467,0.675238205459905,0.5982610500374758,72.914,886.0
2020-09-22 11:00:00,143.932145034195,0.6458410887292246,0.6542370228827046,81.712,1013.0
2020-09-22 12:00:00,147.9607537109232,0.632094812503944,0.6725488805041964,85.82600000000001,1064.0
2020-09-22 13:00:00,144.25794648263386,0.6323220236812214,0.6557179385574267,85.75800000000001,1037.0
2020-09-22 14:00:00,130.71693083010115,0.6507862731758496,0.5941678674095506,80.232,913.0
2020-09-22 15:00:00,96.56472067177332,0.7011670103962628,0.4389305485080605,65.154,626.0
2020-09-22 16:00:00,49.02811860905268,0.7632023444746683,0.2228550845866031,46.588,292.0
2020-09-22 17:00:00,24.259557659092557,0.7933145081456036,0.11027071663223889,37.576,139.0
2020-09-22 18:00:00,3.601377352026447,0.8184948527332834,0.01636989705466567,30.04,20.0
2020-09-22 19:00:00,0.0,,0.0,27.43,0.0
2020-09-22 20:00:00,0.0,,0.0,26.3,0.0
2020-09-22 21:00:00,0.0,,0.0,25.46,0.0
2020-09-22 22:00:00,0.0,,0.0,24.8,0.0
2020-09-22 23:00:00,0.0,,0.0,24.06,0.0
2020-09-23 00:00:00,0.0,,0.0,23.27,0.0
2020-09-23 01:00:00,0.0,,0.0,22.41,0.0
2020-09-23 02:00:00,0.0,,0.0,21.69,0.0
2020-09-23 03:00:00,0.0,,0.0,21.13,0.0
2020-09-23 04:00:00,0.0,,0.0,20.5,0.0
2020-09-23 05:00:00,0.0,,0.0,20.0,0.0
2020-09-23 06:00:00,0.0,,0.0,19.63,0.0
2020-09-23 07:00:00,22.475598274754994,0.8305838239007759,0.10216181033979542,26.422,123.0
2020-09-23 08:00:00,68.52936526292012,0.7729456943708564,0.3114971148314551,43.672,403.0
2020-09-23 09:00:00,105.00268488344055,0.7188026073619972,0.47728493128836613,59.876000000000005,664.0
2020-09-23 10:00:00,130.10759589487873,0.6735742177204325,0.5913981631585397,73.412,878.0
2020-09-23 11:00:00,141.98427564022316,0.6466764239398031,0.6453830710919235,81.46200000000002,998.0
2020-09-23 12:00:00,145.24598177162798,0.6342065399162867,0.6602090080528544,85.194,1041.0
2020-09-23 13:00:00,134.3214073425857,0.649523246337455,0.6105518515572077,80.61,940.0
2020-09-23 14:00:00,119.651043211273,0.671442442263036,0.5438683782330591,74.05,810.0
2020-09-23 15:00:00,55.09507511092451,0.7588853321063983,0.2504321595951114,47.879999999999995,330.0
2020-09-23 16:00:00,56.544185497744024,0.7626677299398978,0.25701902498974555,46.748000000000005,337.0
2020-09-23 17:00:00,4.528920204489496,0.8234400371799083,0.020586000929497708,28.560000000000002,25.0
2020-09-23 18:00:00,3.6485704500832927,0.8292205568371119,0.01658441113674224,26.83,20.0
2020-09-23 19:00:00,0.0,,0.0,23.34,0.0
2020-09-23 20:00:00,0.0,,0.0,21.63,0.0
2020-09-23 21:00:00,0.0,,0.0,20.78,0.0
2020-09-23 22:00:00,0.0,,0.0,21.66,0.0
2020-09-23 23:00:00,0.0,,0.0,21.25,0.0
2020-09-24 00:00:00,0.0,,0.0,20.78,0.0
2020-09-24 01:00:00,0.0,,0.0,20.44,0.0
2020-09-24 02:00:00,0.0,,0.0,20.09,0.0
2020-09-24 03:00:00,0.0,,0.0,19.88,0.0
2020-09-24 04:00:00,0.0,,0.0,19.78,0.0
2020-09-24 05:00:00,0.0,,0.0,19.51,0.0
2020-09-24 06:00:00,0.0,,0.0,19.3,0.0
2020-09-24 07:00:00,5.041122628733126,0.8486738432210649,0.022914193766968752,21.008,27.0
2020-09-24 08:00:00,35.64328564766866,0.8100746738106515,0.16201493476213027,32.56,200.0
2020-09-24 09:00:00,67.21394219050885,0.7676329624315765,0.3055179190477675,45.262,398.0
2020-09-24 10:00:00,93.42959054588891,0.7284390343512313,0.4246799570267678,56.992000000000004,583.0
2020-09-24 11:00:00,83.62977466253832,0.7338520065157803,0.3801353393751742,55.372,518.0
2020-09-24 12:00:00,63.72351272461511,0.7562724035677084,0.2896523305664323,48.662000000000006,383.0
2020-09-24 13:00:00,63.28936709648153,0.7550628381827907,0.2876789413476433,49.024,381.0
2020-09-24 14:00:00,89.88891145698943,0.721883323618611,0.4085859611681338,58.95400000000001,566.0
2020-09-24 15:00:00,83.17664741169408,0.7298758109134265,0.3780756700531549,56.562,518.0
2020-09-24 16:00:00,74.64954558210827,0.7424860312523202,0.33931611628231034,52.788,457.0
2020-09-24 17:00:00,7.035701428261453,0.8200118214756938,0.03198046103755206,29.586000000000002,39.0
2020-09-24 18:00:00,2.551982214418616,0.8285656540320181,0.011599919156448254,27.026,14.0
2020-09-24 19:00:00,0.0,,0.0,25.16,0.0
2020-09-24 20:00:00,0.0,,0.0,24.32,0.0
2020-09-24 21:00:00,0.0,,0.0,23.48,0.0
2020-09-24 22:00:00,0.0,,0.0,23.08,0.0
2020-09-24 23:00:00,0.0,,0.0,22.42,0.0
2020-09-25 00:00:00,0.0,,0.0,22.01,0.0
2020-09-25 01:00:00,0.0,,0.0,21.47,0.0
2020-09-25 02:00:00,0.0,,0.0,20.91,0.0
2020-09-25 03:00:00,0.0,,0.0,20.41,0.0
2020-09-25 04:00:00,0.0,,0.0,19.67,0.0
2020-09-25 05:00:00,0.0,,0.0,19.63,0.0
2020-09-25 06:00:00,0.0,,0.0,19.29,0.0
2020-09-25 07:00:00,2.62340404319125,0.8517545594776785,0.0119245638326875,20.086,14.0
2020-09-25 08:00:00,15.47614291002917,0.8374536206725741,0.07034610413649622,24.366,84.0
2020-09-25 09:00:00,24.073128749678343,0.8227316729213378,0.10942331249853793,28.772,133.0
2020-09-25 10:00:00,79.93753368956779,0.758564563385536,0.36335242586167177,47.976,479.0
2020-09-25 11:00:00,85.51348496619235,0.74320776087426,0.38869765893723796,52.572,523.0
2020-09-25 12:00:00,60.84204770607122,0.7682076730564548,0.2765547623003237,45.09,360.0
2020-09-25 13:00:00,85.55996649230343,0.7324085472719006,0.3889089386013792,55.804,531.0
2020-09-25 14:00:00,115.41845743764128,0.6884899632405229,0.5246293519892785,68.94800000000001,762.0
2020-09-25 15:00:00,79.04518571481137,0.7377747406646572,0.359296298703688,54.198,487.0
2020-09-25 16:00:00,69.5466191073903,0.7491018861201023,0.31612099594268317,50.808,422.0
2020-09-25 17:00:00,24.69404584148931,0.8017547351132892,0.1122456629158605,35.05,140.0
2020-09-25 18:00:00,0.9122528767686195,0.8293207970623814,0.004146603985311907,26.8,5.0
2020-09-25 19:00:00,0.0,,0.0,25.37,0.0
2020-09-25 20:00:00,0.0,,0.0,24.4,0.0
2020-09-25 21:00:00,0.0,,0.0,23.48,0.0
2020-09-25 22:00:00,0.0,,0.0,22.85,0.0
2020-09-25 23:00:00,0.0,,0.0,21.84,0.0
2020-09-26 00:00:00,0.0,,0.0,21.19,0.0
2020-09-26 01:00:00,0.0,,0.0,20.46,0.0
2020-09-26 02:00:00,0.0,,0.0,19.89,0.0
2020-09-26 03:00:00,0.0,,0.0,19.42,0.0
2020-09-26 04:00:00,0.0,,0.0,18.88,0.0
2020-09-26 05:00:00,0.0,,0.0,18.63,0.0
2020-09-26 06:00:00,0.0,,0.0,18.07,0.0
2020-09-26 07:00:00,2.8210005156222833,0.8548486410976617,0.012822729616464924,19.16,15.0
2020-09-26 08:00:00,47.26425819180344,0.804634970919364,0.2148375372354702,34.188,267.0
2020-09-26 09:00:00,39.893604852726,0.8059314111661818,0.1813345675123909,33.8,225.0
2020-09-26 10:00:00,77.66253232523371,0.7575354304061034,0.3530115105692441,48.284000000000006,466.0
2020-09-26 11:00:00,117.53628520278646,0.6983736494520882,0.5342558418308475,65.99,765.0
2020-09-26 12:00:00,114.10190231895261,0.6943038963061495,0.5186450105406937,67.208,747.0
2020-09-26 13:00:00,107.95590546388041,0.6990151868938126,0.49070866119945644,65.798,702.0
2020-09-26 14:00:00,109.56985060982569,0.6936556761827405,0.49804477549920767,67.402,718.0
2020-09-26 15:00:00,89.54773917240776,0.7191434241279133,0.4070351780563989,59.774,566.0
2020-09-26 16:00:00,77.18715227899419,0.7355360423003068,0.35085069217724635,54.867999999999995,477.0
2020-09-26 17:00:00,24.1237988470157,0.800391468049625,0.10965363112279863,35.458,137.0
2020-09-26 18:00:00,2.7284888117211303,0.8268147914306456,0.012402221871459684,27.549999999999997,15.0
2020-09-26 19:00:00,0.0,,0.0,25.32,0.0
2020-09-26 20:00:00,0.0,,0.0,24.06,0.0
2020-09-26 21:00:00,0.0,,0.0,23.11,0.0
2020-09-26 22:00:00,0.0,,0.0,22.23,0.0
2020-09-26 23:00:00,0.0,,0.0,21.68,0.0
2020-09-27 00:00:00,0.0,,0.0,20.94,0.0
2020-09-27 01:00:00,0.0,,0.0,20.28,0.0
2020-09-27 02:00:00,0.0,,0.0,19.84,0.0
2020-09-27 03:00:00,0.0,,0.0,19.35,0.0
2020-09-27 04:00:00,0.0,,0.0,19.18,0.0
2020-09-27 05:00:00,0.0,,0.0,18.85,0.0
2020-09-27 06:00:00,0.0,,0.0,18.77,0.0
2020-09-27 07:00:00,3.9337476092540244,0.8514605214835551,0.017880670951154656,20.174,21.0
2020-09-27 08:00:00,22.627882022101605,0.829467816059443,0.10285400919137093,26.756,124.0
2020-09-27 09:00:00,46.46568481413294,0.7970100311172031,0.21120765824605883,36.47,265.0
2020-09-27 10:00:00,85.65602429441371,0.7416105999516339,0.38934556497460776,53.05,525.0
2020-09-27 11:00:00,105.23674941809276,0.7086649792464159,0.4783488609913307,62.910000000000004,675.0
2020-09-27 12:00:00,121.18374271906201,0.6767017127488385,0.5508351941775546,72.476,814.0
2020-09-27 13:00:00,139.42120231266622,0.6401340785705519,0.6337327377848465,83.42,990.0
2020-09-27 14:00:00,130.97099141854375,0.6506258888154185,0.5953226882661079,80.28,915.0
2020-09-27 15:00:00,107.66424182655929,0.6863715531464955,0.4893829173934513,69.582,713.0
2020-09-27 16:00:00,84.73541044728218,0.7212751995853096,0.38516095657855537,59.136,534.0
2020-09-27 17:00:00,13.30062489043691,0.8060984782082976,0.06045738586562232,33.75,75.0
2020-09-27 18:00:00,3.06756901597461,0.820205619244548,0.013943495527157318,29.528,17.0
2020-09-27 19:00:00,0.0,,0.0,27.3,0.0
2020-09-27 20:00:00,0.0,,0.0,25.85,0.0
2020-09-27 21:00:00,0.0,,0.0,25.58,0.0
2020-09-27 22:00:00,0.0,,0.0,25.01,0.0
2020-09-27 23:00:00,0.0,,0.0,24.06,0.0
2020-09-28 00:00:00,0.0,,0.0,23.34,0.0
2020-09-28 01:00:00,0.0,,0.0,22.42,0.0
2020-09-28 02:00:00,0.0,,0.0,21.48,0.0
2020-09-28 03:00:00,0.0,,0.0,20.5,0.0
2020-09-28 04:00:00,0.0,,0.0,19.79,0.0
2020-09-28 05:00:00,0.0,,0.0,19.14,0.0
2020-09-28 06:00:00,0.0,,0.0,18.7,0.0
2020-09-28 07:00:00,7.65033639832797,0.8481525940496641,0.034774256356036225,21.163999999999998,41.0
2020-09-28 08:00:00,34.28699423445417,0.8117186135050702,0.1558499737929735,32.068,192.0
2020-09-28 09:00:00,73.55389826802478,0.7598543209506693,0.3343359012182945,47.59,440.0
2020-09-28 10:00:00,101.42809439267877,0.7158956408291839,0.46103679269399445,60.745999999999995,644.0
2020-09-28 11:00:00,120.81077610617574,0.6804707452189689,0.5491398913917079,71.348,807.0
2020-09-28 12:00:00,141.96731846910208,0.6414572495441084,0.6453059930413731,83.024,1006.0
2020-09-28 13:00:00,143.34514963557612,0.6369197086802458,0.6515688619798915,84.382,1023.0
2020-09-28 14:00:00,132.83929119092576,0.6534793938947548,0.6038149599587534,79.426,924.0
2020-09-28 15:00:00,106.96555609587257,0.6916174582689291,0.48620707316305717,68.012,703.0
2020-09-28 16:00:00,76.06875083473544,0.7341126311014807,0.3457670492487975,55.294000000000004,471.0
2020-09-28 17:00:00,24.399541797144973,0.797892145099574,0.11090700816884079,36.206,139.0
2020-09-28 18:00:00,3.0769414770373014,0.8227116248762837,0.013986097622896824,28.778,17.0
2020-09-28 19:00:00,0.0,,0.0,26.91,0.0
2020-09-28 20:00:00,0.0,,0.0,25.98,0.0
2020-09-28 21:00:00,0.0,,0.0,25.16,0.0
2020-09-28 22:00:00,0.0,,0.0,24.53,0.0
2020-09-28 23:00:00,0.0,,0.0,23.88,0.0
2020-09-29 00:00:00,0.0,,0.0,23.08,0.0
2020-09-29 01:00:00,0.0,,0.0,22.35,0.0
2020-09-29 02:00:00,0.0,,0.0,21.45,0.0
2020-09-29 03:00:00,0.0,,0.0,20.74,0.0
2020-09-29 04:00:00,0.0,,0.0,20.3,0.0
2020-09-29 05:00:00,0.0,,0.0,20.18,0.0
2020-09-29 06:00:00,0.0,,0.0,20.27,0.0
2020-09-29 07:00:00,4.286275641168749,0.8470900476618082,0.019483071096221587,21.482,23.0
2020-09-29 08:00:00,34.07949309219108,0.8110302972915535,0.1549067867826867,32.274,191.0
2020-09-29 09:00:00,72.16037870437428,0.7627947008919058,0.32800172138351946,46.71,430.0
2020-09-29 10:00:00,106.94103038678271,0.7148464598046973,0.48609559266719415,61.06,680.0
2020-09-29 11:00:00,137.56538445313475,0.663797454415821,0.6252972020597034,76.33800000000001,942.0
2020-09-29 12:00:00,145.39309633103787,0.6441303222179597,0.6608777105956267,82.22399999999999,1026.0
2020-09-29 13:00:00,134.6116478360152,0.6600551526724292,0.6118711265273419,77.458,927.0
2020-09-29 14:00:00,123.65653462090323,0.6707340780044653,0.5620751573677419,74.262,838.0
2020-09-29 15:00:00,83.23248669696812,0.726160239896773,0.37832948498621877,57.67400000000001,521.0
2020-09-29 16:00:00,66.41446170562648,0.7472374179300909,0.3018839168437567,51.366,404.0
2020-09-29 17:00:00,16.535707351663767,0.8081968402572711,0.07516230614392622,33.122,93.0
2020-09-29 18:00:00,0.5459800388185848,0.8272424830584618,0.0024817274491753857,27.422,3.0
2020-09-29 19:00:00,0.0,,0.0,26.07,0.0
2020-09-29 20:00:00,0.0,,0.0,24.93,0.0
2020-09-29 21:00:00,0.0,,0.0,23.44,0.0
2020-09-29 22:00:00,0.0,,0.0,24.22,0.0
2020-09-29 23:00:00,0.0,,0.0,22.72,0.0
2020-09-30 00:00:00,0.0,,0.0,21.78,0.0
2020-09-30 01:00:00,0.0,,0.0,21.37,0.0
2020-09-30 02:00:00,0.0,,0.0,21.15,0.0
2020-09-30 03:00:00,0.0,,0.0,21.0,0.0
2020-09-30 04:00:00,0.0,,0.0,20.79,0.0
2020-09-30 05:00:00,0.0,,0.0,20.57,0.0
2020-09-30 06:00:00,0.0,,0.0,20.45,0.0
2020-09-30 07:00:00,2.6129068868010363,0.8483463918185182,0.011876849485459256,21.106,14.0
2020-09-30 08:00:00,29.926331391342043,0.8194504762141851,0.13602877905155475,29.753999999999998,166.0
2020-09-30 09:00:00,97.26188769622044,0.7368324825471245,0.4420994895282747,54.48,600.0
2020-09-30 10:00:00,118.73500900589995,0.7045751780554234,0.5397045863904544,64.134,766.0
2020-09-30 11:00:00,125.2674232418996,0.6851954011700011,0.5693973783722709,69.934,831.0
2020-09-30 12:00:00,130.30698011831402,0.6692705707155318,0.5923044550832455,74.7,885.0
2020-09-30 13:00:00,131.36613143656686,0.6605296230720378,0.5971187792571221,77.316,904.0
2020-09-30 14:00:00,124.84807948639018,0.6660695661885946,0.5674912703926827,75.65800000000002,852.0
2020-09-30 15:00:00,93.47725410473639,0.7105294474364274,0.4248966095669836,62.352000000000004,598.0
2020-09-30 16:00:00,64.72999154679063,0.7467696302121669,0.29422723430359377,51.506,394.0
2020-09-30 17:00:00,21.43049168129146,0.7984534903610827,0.0974113258240521,36.038,122.0
2020-09-30 18:00:00,2.7094130968523586,0.821034271773442,0.012315514076601631,29.279999999999998,15.0
2020-09-30 19:00:00,0.0,,0.0,27.21,0.0
2020-09-30 20:00:00,0.0,,0.0,26.22,0.0
2020-09-30 21:00:00,0.0,,0.0,25.52,0.0
2020-09-30 22:00:00,0.0,,0.0,24.66,0.0
2020-09-30 23:00:00,0.0,,0.0,23.32,0.0
2020-10-01 00:00:00,0.0,,0.0,21.91,0.0
2020-10-01 01:00:00,0.0,,0.0,21.1,0.0
2020-10-01 02:00:00,0.0,,0.0,20.58,0.0
2020-10-01 03:00:00,0.0,,0.0,20.24,0.0
2020-10-01 04:00:00,0.0,,0.0,19.81,0.0
2020-10-01 05:00:00,0.0,,0.0,19.35,0.0
2020-10-01 06:00:00,0.0,,0.0,19.06,0.0
2020-10-01 07:00:00,20.934620127241462,0.8347137211818765,0.09515736421473392,25.186,114.0
2020-10-01 08:00:00,69.41259658966874,0.7733132418635108,0.3155118026803124,43.562,408.0
2020-10-01 09:00:00,104.92875491057805,0.7204665951014696,0.47694888595717294,59.378,662.0
2020-10-01 10:00:00,124.98148452432412,0.682809683808589,0.568097656928746,70.648,832.0
2020-10-01 11:00:00,139.05522498290028,0.6509466575362807,0.6320692044677285,80.184,971.0
2020-10-01 12:00:00,140.88485287829516,0.6423126327997408,0.6403856949013417,82.768,997.0
2020-10-01 13:00:00,134.66676672820364,0.6484339692228603,0.6121216669463801,80.936,944.0
2020-10-01 14:00:00,130.44929450746986,0.6515948776596896,0.5929513386703176,79.99000000000001,910.0
2020-10-01 15:00:00,100.51889068990923,0.6954399521925365,0.4569040485904965,66.868,657.0
2020-10-01 16:00:00,61.45520219483733,0.7469032838458596,0.27934182815835146,51.46600000000001,374.0
2020-10-01 17:00:00,16.366165044252067,0.7999103149683318,0.07439165929205485,35.602,93.0
2020-10-01 18:00:00,2.6962916513645907,0.8170580761710882,0.012255871142566321,30.47,15.0
2020-10-01 19:00:00,0.0,,0.0,28.14,0.0
2020-10-01 20:00:00,0.0,,0.0,27.04,0.0
2020-10-01 21:00:00,0.0,,0.0,26.0,0.0
2020-10-01 22:00:00,0.0,,0.0,24.67,0.0
2020-10-01 23:00:00,0.0,,0.0,23.47,0.0
2020-10-02 00:00:00,0.0,,0.0,22.08,0.0
2020-10-02 01:00:00,0.0,,0.0,21.25,0.0
2020-10-02 02:00:00,0.0,,0.0,20.46,0.0
2020-10-02 03:00:00,0.0,,0.0,20.61,0.0
2020-10-02 04:00:00,0.0,,0.0,20.68,0.0
2020-10-02 05:00:00,0.0,,0.0,20.44,0.0
2020-10-02 06:00:00,0.0,,0.0,20.34,0.0
2020-10-02 07:00:00,21.528994409322884,0.8293141143806966,0.0978590654969222,26.802,118.0
2020-10-02 08:00:00,52.596372581041095,0.7916371550427619,0.23907442082291408,38.078,302.0
2020-10-02 09:00:00,104.84993949644317,0.7210145749996093,0.47659063407474167,59.214,661.0
2020-10-02 10:00:00,125.71400667718463,0.6818941564177946,0.571427303078112,70.922,838.0
2020-10-02 11:00:00,138.01127101837372,0.6555109291268819,0.627323959174426,78.81800000000001,957.0
2020-10-02 12:00:00,126.65858315064725,0.6663435561376644,0.575720832502942,75.576,864.0
2020-10-02 13:00:00,127.35748793963965,0.6600885660808523,0.5788976724529075,77.44800000000001,877.0
2020-10-02 14:00:00,132.36837023086713,0.6504588217733028,0.6016744101403051,80.33,925.0
2020-10-02 15:00:00,96.14689562250358,0.704889264094601,0.43703134373865266,64.03999999999999,620.0
2020-10-02 16:00:00,74.01699634724976,0.7345871015010893,0.3364408924874989,55.152,458.0
2020-10-02 17:00:00,23.807150801333915,0.7956935428253313,0.10821432182424506,36.864,136.0
2020-10-02 18:00:00,2.17284080365576,0.8230457589605151,0.009876549107526182,28.678,12.0
2020-10-02 19:00:00,0.0,,0.0,26.72,0.0
2020-10-02 20:00:00,0.0,,0.0,25.84,0.0
2020-10-02 21:00:00,0.0,,0.0,25.01,0.0
2020-10-02 22:00:00,0.0,,0.0,24.93,0.0
2020-10-02 23:00:00,0.0,,0.0,23.91,0.0
2020-10-03 00:00:00,0.0,,0.0,23.1,0.0
2020-10-03 01:00:00,0.0,,0.0,22.47,0.0
2020-10-03 02:00:00,0.0,,0.0,21.95,0.0
2020-10-03 03:00:00,0.0,,0.0,21.52,0.0
2020-10-03 04:00:00,0.0,,0.0,21.15,0.0
2020-10-03 05:00:00,0.0,,0.0,20.6,0.0
2020-10-03 06:00:00,0.0,,0.0,20.1,0.0
2020-10-03 07:00:00,28.415305424099905,0.8226782114678606,0.12916047920045412,28.788,157.0
2020-10-03 08:00:00,75.14245029279756,0.7658219556950424,0.3415565922399889,45.804,446.0
2020-10-03 09:00:00,110.86799306932231,0.7107833893404432,0.5039454230423741,62.27600000000001,709.0
2020-10-03 10:00:00,132.77943534665198,0.6668982187174887,0.6035428879393272,75.41,905.0
2020-10-03 11:00:00,145.90092935068884,0.6352356728957195,0.6631860425031311,84.886,1044.0
2020-10-03 12:00:00,149.63277136070795,0.6205738692796448,0.6801489607304907,89.274,1096.0
2020-10-03 13:00:00,147.61824649384823,0.6212889162199,0.6709920295174919,89.06,1080.0
2020-10-03 14:00:00,129.11815804465263,0.6506659849055263,0.5869007183847846,80.268,902.0
2020-10-03 15:00:00,100.12816712255781,0.695914422592145,0.4551280323752628,66.726,654.0
2020-10-03 16:00:00,82.29797514404434,0.7207739984589625,0.37408170520020156,59.286,519.0
2020-10-03 17:00:00,23.059976735226194,0.7940763338576513,0.10481807606920997,37.348,132.0
2020-10-03 18:00:00,1.2643516132119232,0.8210075410467034,0.005747052787326924,29.288,7.0
2020-10-03 19:00:00,0.0,,0.0,27.42,0.0
2020-10-03 20:00:00,0.0,,0.0,26.4,0.0
2020-10-03 21:00:00,0.0,,0.0,25.57,0.0
2020-10-03 22:00:00,0.0,,0.0,25.18,0.0
2020-10-03 23:00:00,0.0,,0.0,23.96,0.0
2020-10-04 00:00:00,0.0,,0.0,22.86,0.0
2020-10-04 01:00:00,0.0,,0.0,22.23,0.0
2020-10-04 02:00:00,0.0,,0.0,21.51,0.0
2020-10-04 03:00:00,0.0,,0.0,21.19,0.0
2020-10-04 04:00:00,0.0,,0.0,20.77,0.0
2020-10-04 05:00:00,0.0,,0.0,20.35,0.0
2020-10-04 06:00:00,0.0,,0.0,19.67,0.0
2020-10-04 07:00:00,31.788635729023873,0.8209874930016496,0.14449379876829033,29.293999999999997,176.0
2020-10-04 08:00:00,74.89349861450286,0.764999985847833,0.34042499370228574,46.05,445.0
2020-10-04 09:00:00,110.29435287639654,0.7091060362376016,0.5013379676199843,62.778000000000006,707.0
2020-10-04 10:00:00,132.14355319113008,0.6666509594951573,0.6006525145051367,75.484,901.0
2020-10-04 11:00:00,145.88397364975768,0.6345540393638872,0.6631089711352621,85.09,1045.0
2020-10-04 12:00:00,150.26575283141779,0.6192440156244037,0.6830261492337172,89.672,1103.0
2020-10-04 13:00:00,147.37032541872293,0.6196717072522199,0.6698651155396497,89.54400000000001,1081.0
2020-10-04 14:00:00,134.7794479683117,0.6394925411288276,0.6126338544014168,83.612,958.0
2020-10-04 15:00:00,114.9939268519155,0.6709880199084812,0.5226996675087069,74.186,779.0
2020-10-04 16:00:00,86.29427051540836,0.7131757893835401,0.3922466841609471,61.56,550.0
2020-10-04 17:00:00,13.40511570221866,0.8017413697499199,0.060932344100993914,35.054,76.0
2020-10-04 18:00:00,2.1592562483272477,0.8179000940633514,0.009814801128760217,30.218,12.0
2020-10-04 19:00:00,0.0,,0.0,27.97,0.0
2020-10-04 20:00:00,0.0,,0.0,26.76,0.0
2020-10-04 21:00:00,0.0,,0.0,25.82,0.0
2020-10-04 22:00:00,0.0,,0.0,25.39,0.0
2020-10-04 23:00:00,0.0,,0.0,24.57,0.0
2020-10-05 00:00:00,0.0,,0.0,23.97,0.0
2020-10-05 01:00:00,0.0,,0.0,22.95,0.0
2020-10-05 02:00:00,0.0,,0.0,22.01,0.0
2020-10-05 03:00:00,0.0,,0.0,21.35,0.0
2020-10-05 04:00:00,0.0,,0.0,20.74,0.0
2020-10-05 05:00:00,0.0,,0.0,20.26,0.0
2020-10-05 06:00:00,0.0,,0.0,20.03,0.0
2020-10-05 07:00:00,6.6911697595969235,0.8448446666157732,0.030414407998167834,22.154,36.0
2020-10-05 08:00:00,62.130370766754076,0.7779911190427508,0.28241077621251853,42.16199999999999,363.0
2020-10-05 09:00:00,108.38466578615163,0.7098812273130183,0.49265757175523467,62.546,694.0
2020-10-05 10:00:00,131.65867571768035,0.6664237483178799,0.5984485259894562,75.552,898.0
2020-10-05 11:00:00,145.8052052817019,0.6336050985646701,0.662750933098645,85.374,1046.0
2020-10-05 12:00:00,149.5603703854149,0.6191437753991343,0.6798198653882496,89.70200000000001,1098.0
2020-10-05 13:00:00,147.13193411498716,0.6186693049995255,0.6687815187044871,89.844,1081.0
2020-10-05 14:00:00,134.624519349208,0.6387574461435187,0.6119296334054909,83.832,958.0
2020-10-05 15:00:00,112.31282814370728,0.6743895048859571,0.5105128551986694,73.168,757.0
2020-10-05 16:00:00,71.23435308796091,0.732562248950647,0.323792514036186,55.758,442.0
2020-10-05 17:00:00,18.22825032362828,0.796689262396341,0.08285568328921945,36.566,104.0
2020-10-05 18:00:00,2.155816003796001,0.8165969711348489,0.009799163653618187,30.608,12.0
2020-10-05 19:00:00,0.0,,0.0,28.59,0.0
2020-10-05 20:00:00,0.0,,0.0,27.53,0.0
2020-10-05 21:00:00,0.0,,0.0,26.49,0.0
2020-10-05 22:00:00,0.0,,0.0,25.84,0.0
2020-10-05 23:00:00,0.0,,0.0,25.12,0.0
2020-10-06 00:00:00,0.0,,0.0,24.34,0.0
2020-10-06 01:00:00,0.0,,0.0,23.56,0.0
2020-10-06 02:00:00,0.0,,0.0,22.73,0.0
2020-10-06 03:00:00,0.0,,0.0,22.08,0.0
2020-10-06 04:00:00,0.0,,0.0,21.29,0.0
2020-10-06 05:00:00,0.0,,0.0,20.58,0.0
2020-10-06 06:00:00,0.0,,0.0,20.15,0.0
2020-10-06 07:00:00,32.22364288848025,0.8182743242376904,0.1464711040385466,30.106,179.0
2020-10-06 08:00:00,73.2044458735286,0.7631822964296142,0.3327474812433118,46.594,436.0
2020-10-06 09:00:00,103.91215677083478,0.714565787173943,0.4723279853219763,61.14399999999999,661.0
2020-10-06 10:00:00,130.62145375302927,0.6633898108330587,0.5937338806955876,76.46000000000001,895.0
2020-10-06 11:00:00,141.0654804180853,0.6361177868780903,0.6412067291731149,84.622,1008.0
2020-10-06 12:00:00,147.88145754466797,0.6183886323687713,0.6721884433848544,89.928,1087.0
2020-10-06 13:00:00,144.78214418684775,0.6214359352169617,0.6581006553947625,89.016,1059.0
2020-10-06 14:00:00,122.86671622450775,0.6570412632326618,0.5584850737477626,78.36,850.0
2020-10-06 15:00:00,39.01755981455377,0.7677599333835846,0.17735254461160804,45.224000000000004,231.0
2020-10-06 16:00:00,24.677428284251413,0.784406493459994,0.11217012856477915,40.242000000000004,143.0
2020-10-06 17:00:00,20.20462670113038,0.7917173472229773,0.09183921227786536,38.054,116.0
2020-10-06 18:00:00,1.7916470076939215,0.814385003497237,0.00814385003497237,31.27,10.0
2020-10-06 19:00:00,0.0,,0.0,29.37,0.0
2020-10-06 20:00:00,0.0,,0.0,28.31,0.0
2020-10-06 21:00:00,0.0,,0.0,27.21,0.0
2020-10-06 22:00:00,0.0,,0.0,26.51,0.0
2020-10-06 23:00:00,0.0,,0.0,25.74,0.0
2020-10-07 00:00:00,0.0,,0.0,24.68,0.0
2020-10-07 01:00:00,0.0,,0.0,23.82,0.0
2020-10-07 02:00:00,0.0,,0.0,23.05,0.0
2020-10-07 03:00:00,0.0,,0.0,22.53,0.0
2020-10-07 04:00:00,0.0,,0.0,21.8,0.0
2020-10-07 05:00:00,0.0,,0.0,21.17,0.0
2020-10-07 06:00:00,0.0,,0.0,20.5,0.0
2020-10-07 07:00:00,27.501420636463898,0.8224109042004755,0.12500645743847227,28.868000000000002,152.0
2020-10-07 08:00:00,73.45137015985381,0.7640042662768235,0.33386986436297184,46.348,437.0
2020-10-07 09:00:00,109.65793704191533,0.7090258440573861,0.49844516837234243,62.80200000000001,703.0
2020-10-07 10:00:00,132.2321982954085,0.6685822545020148,0.6010554467973114,74.906,899.0
2020-10-07 11:00:00,145.67451274426375,0.6360776907879825,0.6621568761102897,84.63400000000001,1041.0
2020-10-07 12:00:00,149.33229981527285,0.6215963195773928,0.678783180978513,88.968,1092.0
2020-10-07 13:00:00,146.71445897093042,0.6209347340906146,0.6668839044133201,89.166,1074.0
2020-10-07 14:00:00,134.58802335337737,0.639920232756644,0.6117637425153517,83.48400000000001,956.0
2020-10-07 15:00:00,115.67438222696663,0.67065388582425,0.5257926464862119,74.286,784.0
2020-10-07 16:00:00,85.81758788085487,0.7144321335402504,0.3900799449129767,61.184,546.0
2020-10-07 17:00:00,16.70080674498425,0.7990816624394378,0.07591275793174658,35.85,95.0
2020-10-07 18:00:00,2.161637956079649,0.8188022560907761,0.009825627073089314,29.948,12.0
2020-10-07 19:00:00,0.0,,0.0,27.7,0.0
2020-10-07 20:00:00,0.0,,0.0,26.56,0.0
2020-10-07 21:00:00,0.0,,0.0,25.69,0.0
2020-10-07 22:00:00,0.0,,0.0,25.03,0.0
2020-10-07 23:00:00,0.0,,0.0,24.2,0.0
2020-10-08 00:00:00,0.0,,0.0,23.53,0.0
2020-10-08 01:00:00,0.0,,0.0,22.81,0.0
2020-10-08 02:00:00,0.0,,0.0,22.21,0.0
2020-10-08 03:00:00,0.0,,0.0,21.6,0.0
2020-10-08 04:00:00,0.0,,0.0,21.12,0.0
2020-10-08 05:00:00,0.0,,0.0,20.63,0.0
2020-10-08 06:00:00,0.0,,0.0,20.09,0.0
2020-10-08 07:00:00,30.34888457155731,0.8211278293170268,0.1379494753252605,29.252000000000002,168.0
2020-10-08 08:00:00,73.74622557960112,0.7635765746490072,0.3352101162709142,46.476,439.0
2020-10-08 09:00:00,109.13366141763296,0.7076492116303525,0.4960620973528771,63.214,701.0
2020-10-08 10:00:00,131.61369672571928,0.663977886821306,0.5982440760259967,76.28399999999999,901.0
2020-10-08 11:00:00,144.58573268753304,0.6337588002434165,0.6572078758524229,85.328,1037.0
2020-10-08 12:00:00,148.91948517342294,0.6193108424412498,0.6769067507882861,89.652,1093.0
2020-10-08 13:00:00,146.03904193690866,0.6203867541924751,0.6638138269859485,89.33,1070.0
2020-10-08 14:00:00,134.0290924111076,0.6399402808016978,0.6092231473232164,83.47800000000001,952.0
2020-10-08 15:00:00,98.36086499058737,0.6953263466038977,0.44709484086630624,66.902,643.0
2020-10-08 16:00:00,82.63477949422331,0.7195644330740448,0.3756126340646514,59.647999999999996,522.0
2020-10-08 17:00:00,16.214125348440582,0.801093149626511,0.073700569765639,35.248000000000005,92.0
2020-10-08 18:00:00,1.6245496262033636,0.820479609193618,0.007384316482742562,29.446,9.0
2020-10-08 19:00:00,0.0,,0.0,27.33,0.0
2020-10-08 20:00:00,0.0,,0.0,26.06,0.0
2020-10-08 21:00:00,0.0,,0.0,25.23,0.0
2020-10-08 22:00:00,0.0,,0.0,25.27,0.0
2020-10-08 23:00:00,0.0,,0.0,24.48,0.0
2020-10-09 00:00:00,0.0,,0.0,23.38,0.0
2020-10-09 01:00:00,0.0,,0.0,23.03,0.0
2020-10-09 02:00:00,0.0,,0.0,22.75,0.0
2020-10-09 03:00:00,0.0,,0.0,22.3,0.0
2020-10-09 04:00:00,0.0,,0.0,22.02,0.0
2020-10-09 05:00:00,0.0,,0.0,21.92,0.0
2020-10-09 06:00:00,0.0,,0.0,21.72,0.0
2020-10-09 07:00:00,5.185142438254888,0.8417439023141052,0.023568829264794946,23.082,28.0
2020-10-09 08:00:00,69.12753557550568,0.768254451828247,0.31421607079775304,45.076,409.0
2020-10-09 09:00:00,105.05285364599794,0.7148397771230126,0.4775129711181725,61.062,668.0
2020-10-09 10:00:00,130.8537467087669,0.6668046611739038,0.5947897577671223,75.438,892.0
2020-10-09 11:00:00,142.5763402538608,0.6384968215578181,0.6480742738811854,83.91,1015.0
2020-10-09 12:00:00,142.11186607682328,0.6314399096988504,0.645963027621924,86.022,1023.0
2020-10-09 13:00:00,136.67299384286918,0.6352156248506654,0.6212408811039508,84.892,978.0
2020-10-09 14:00:00,125.36190500036136,0.6519757905157133,0.5698268409107334,79.876,874.0
2020-10-09 15:00:00,111.68039064328656,0.6732601316812549,0.5076381392876662,73.506,754.0
2020-10-09 16:00:00,75.79506762075502,0.7237878878987302,0.34452303463979556,58.384,476.0
2020-10-09 17:00:00,20.857585113161,0.7900600421651894,0.09480720505982274,38.55,120.0
2020-10-09 18:00:00,1.9681918299356713,0.813302409064327,0.008946326499707597,31.594,11.0
2020-10-09 19:00:00,0.0,,0.0,29.52,0.0
2020-10-09 20:00:00,0.0,,0.0,28.3,0.0
2020-10-09 21:00:00,0.0,,0.0,27.37,0.0
2020-10-09 22:00:00,0.0,,0.0,26.11,0.0
2020-10-09 23:00:00,0.0,,0.0,25.21,0.0
2020-10-10 00:00:00,0.0,,0.0,24.15,0.0
2020-10-10 01:00:00,0.0,,0.0,23.33,0.0
2020-10-10 02:00:00,0.0,,0.0,22.78,0.0
2020-10-10 03:00:00,0.0,,0.0,22.07,0.0
2020-10-10 04:00:00,0.0,,0.0,21.76,0.0
2020-10-10 05:00:00,0.0,,0.0,21.49,0.0
2020-10-10 06:00:00,0.0,,0.0,21.49,0.0
2020-10-10 07:00:00,3.524160034389635,0.843100486696085,0.016018909247225613,22.676,19.0
2020-10-10 08:00:00,66.82979037232614,0.7709943513189449,0.3037717744196643,44.256,394.0
2020-10-10 09:00:00,108.78043210510225,0.7094067569134097,0.49445650956864656,62.688,697.0
2020-10-10 10:00:00,126.31327081110834,0.6778644993619638,0.5741512309595833,72.12800000000001,847.0
2020-10-10 11:00:00,140.02761892079695,0.6461819054951405,0.6364891769127135,81.61000000000001,985.0
2020-10-10 12:00:00,135.31721552595445,0.646769981483388,0.615078252390702,81.434,951.0
2020-10-10 13:00:00,134.36239917934645,0.6449188786567459,0.6107381780879384,81.988,947.0
2020-10-10 14:00:00,125.03852789518407,0.6555443425353049,0.5683569449781094,78.808,867.0
2020-10-10 15:00:00,107.17574621559189,0.6861443419692183,0.48716248279814495,69.65,710.0
2020-10-10 16:00:00,58.25206108091211,0.7500909230094271,0.26478209582232776,50.512,353.0
2020-10-10 17:00:00,13.076719368481662,0.8032382904472765,0.059439633493098464,34.606,74.0
2020-10-10 18:00:00,1.8013502615000012,0.8187955734090914,0.008187955734090915,29.95,10.0
2020-10-10 19:00:00,0.0,,0.0,28.4,0.0
2020-10-10 20:00:00,0.0,,0.0,27.03,0.0
2020-10-10 21:00:00,0.0,,0.0,26.01,0.0
2020-10-10 22:00:00,0.0,,0.0,25.55,0.0
2020-10-10 23:00:00,0.0,,0.0,25.23,0.0
2020-10-11 00:00:00,0.0,,0.0,24.13,0.0
2020-10-11 01:00:00,0.0,,0.0,23.71,0.0
2020-10-11 02:00:00,0.0,,0.0,22.49,0.0
2020-10-11 03:00:00,0.0,,0.0,21.85,0.0
2020-10-11 04:00:00,0.0,,0.0,21.85,0.0
2020-10-11 05:00:00,0.0,,0.0,22.29,0.0
2020-10-11 06:00:00,0.0,,0.0,21.84,0.0
2020-10-11 07:00:00,4.806709659057872,0.840333856478649,0.021848680268444873,23.504,26.0
2020-10-11 08:00:00,74.20151400970218,0.7562323074776006,0.33727960913500993,48.67400000000001,446.0
2020-10-11 09:00:00,108.76908958947892,0.7032787378086055,0.49440495267944967,64.522,703.0
2020-10-11 10:00:00,130.54541111717896,0.6615253426430473,0.5933882323508134,77.018,897.0
2020-10-11 11:00:00,143.86155386275576,0.6305845264432179,0.6539161539216171,86.278,1037.0
2020-10-11 12:00:00,148.28073173688844,0.6172191630739612,0.6740033260767656,90.278,1092.0
2020-10-11 13:00:00,144.4511750206622,0.621776751982878,0.6565962500939191,88.914,1056.0
2020-10-11 14:00:00,134.41597290187576,0.6479127200514594,0.6109816950085262,81.09200000000001,943.0
2020-10-11 15:00:00,0.0,,0.0,29.5,0.0
2020-10-11 16:00:00,57.78747516943689,0.7635765746490074,0.26267034167925857,46.476,344.0
2020-10-11 17:00:00,21.54739824737508,0.8161893275520865,0.09794271930625037,30.73,120.0
2020-10-11 18:00:00,1.847073169586229,0.8395787134482858,0.008395787134482859,23.73,10.0
2020-10-11 19:00:00,0.0,,0.0,22.66,0.0
2020-10-11 20:00:00,0.0,,0.0,21.73,0.0
2020-10-11 21:00:00,0.0,,0.0,21.41,0.0
2020-10-11 22:00:00,0.0,,0.0,22.73,0.0
2020-10-11 23:00:00,0.0,,0.0,21.38,0.0
2020-10-12 00:00:00,0.0,,0.0,21.06,0.0
2020-10-12 01:00:00,0.0,,0.0,22.74,0.0
2020-10-12 02:00:00,0.0,,0.0,22.24,0.0
2020-10-12 03:00:00,0.0,,0.0,20.82,0.0
2020-10-12 04:00:00,0.0,,0.0,20.35,0.0
2020-10-12 05:00:00,0.0,,0.0,19.87,0.0
2020-10-12 06:00:00,0.0,,0.0,19.3,0.0
2020-10-12 07:00:00,29.877531375647308,0.8230724896872538,0.13580696079839685,28.67,165.0
2020-10-12 08:00:00,74.50422906503243,0.7610237902454794,0.33865558665923834,47.239999999999995,445.0
2020-10-12 09:00:00,109.83700618033662,0.7061656562963651,0.4992591190015301,63.658,707.0
2020-10-12 10:00:00,131.21797892303772,0.6649335103022079,0.5964453587410805,75.998,897.0
2020-10-12 11:00:00,142.2111862304784,0.6406486450602685,0.6464144828658109,83.266,1009.0
2020-10-12 12:00:00,148.82009004007935,0.6234607877674041,0.6764549547276334,88.41,1085.0
2020-10-12 13:00:00,135.7160618928935,0.6439365244491057,0.6168911904222432,82.282,958.0
2020-10-12 14:00:00,113.14071563920193,0.67757046136784,0.5142759801781905,72.21600000000001,759.0
2020-10-12 15:00:00,81.21357625342606,0.7210012096362398,0.3691526193337548,59.218,512.0
2020-10-12 16:00:00,72.93570102765946,0.7334644109780718,0.33152591376208845,55.488,452.0
2020-10-12 17:00:00,16.705695126636556,0.7993155562983999,0.07593497784834798,35.78,95.0
2020-10-12 18:00:00,1.800247619022038,0.8182943722827445,0.008182943722827445,30.099999999999998,10.0
2020-10-12 19:00:00,0.0,,0.0,28.32,0.0
2020-10-12 20:00:00,0.0,,0.0,26.57,0.0
2020-10-12 21:00:00,0.0,,0.0,25.9,0.0
2020-10-12 22:00:00,0.0,,0.0,26.26,0.0
2020-10-12 23:00:00,0.0,,0.0,25.72,0.0
2020-10-13 00:00:00,0.0,,0.0,25.03,0.0
2020-10-13 01:00:00,0.0,,0.0,24.25,0.0
2020-10-13 02:00:00,0.0,,0.0,23.68,0.0
2020-10-13 03:00:00,0.0,,0.0,22.83,0.0
2020-10-13 04:00:00,0.0,,0.0,22.2,0.0
2020-10-13 05:00:00,0.0,,0.0,21.32,0.0
2020-10-13 06:00:00,0.0,,0.0,20.58,0.0
2020-10-13 07:00:00,26.94351441660366,0.821949799164236,0.12247052007547117,29.006,149.0
2020-10-13 08:00:00,68.68119913213572,0.7670448864433294,0.3121872687824351,45.438,407.0
2020-10-13 09:00:00,97.54720452343837,0.7221439482043112,0.44339638419744715,58.876,614.0
2020-10-13 10:00:00,126.79700153638098,0.6709546065000581,0.5763500069835499,74.196,859.0
2020-10-13 11:00:00,138.6807381935844,0.6458678194559632,0.63036699178902,81.704,976.0
2020-10-13 12:00:00,141.64581732632726,0.6337053387899394,0.6438446242105784,85.34400000000001,1016.0
2020-10-13 13:00:00,140.92741193756464,0.6311124582963038,0.6405791451707483,86.11999999999999,1015.0
2020-10-13 14:00:00,124.16140226738342,0.6600818833991676,0.5643700103062883,77.45,855.0
2020-10-13 15:00:00,109.31919792173498,0.6825624245862574,0.49690544509879536,70.72200000000001,728.0
2020-10-13 16:00:00,81.0717881922797,0.7225649571504429,0.3685081281467259,58.75,510.0
2020-10-13 17:00:00,18.08205316276003,0.7979723372797894,0.08219115073981832,36.182,103.0
2020-10-13 18:00:00,0.5403786150305294,0.8187554773189839,0.002456266431956952,29.962,3.0
2020-10-13 19:00:00,0.0,,0.0,28.65,0.0
2020-10-13 20:00:00,0.0,,0.0,27.67,0.0
2020-10-13 21:00:00,0.0,,0.0,26.75,0.0
2020-10-13 22:00:00,0.0,,0.0,26.44,0.0
2020-10-13 23:00:00,0.0,,0.0,25.56,0.0
2020-10-14 00:00:00,0.0,,0.0,24.23,0.0
2020-10-14 01:00:00,0.0,,0.0,23.22,0.0
2020-10-14 02:00:00,0.0,,0.0,22.49,0.0
2020-10-14 03:00:00,0.0,,0.0,21.8,0.0
2020-10-14 04:00:00,0.0,,0.0,21.32,0.0
2020-10-14 05:00:00,0.0,,0.0,20.87,0.0
2020-10-14 06:00:00,0.0,,0.0,20.35,0.0
2020-10-14 07:00:00,12.164775231606878,0.8377944374384902,0.05529443287094036,24.264,66.0
2020-10-14 08:00:00,36.83328240311658,0.8088116469722568,0.16742401092325718,32.938,207.0
2020-10-14 09:00:00,36.54112625215532,0.8023962725550137,0.16609602841888782,34.858000000000004,207.0
2020-10-14 10:00:00,85.33956590323812,0.7388707004609362,0.3879071177419915,53.870000000000005,525.0
2020-10-14 11:00:00,119.29584972494153,0.6855295352542324,0.5422538623860979,69.834,791.0
2020-10-14 12:00:00,133.11352572614516,0.6583911649329566,0.605061480573387,77.95599999999999,919.0
2020-10-14 13:00:00,134.09477314804494,0.6532922788075852,0.609521696127477,79.482,933.0
2020-10-14 14:00:00,115.9084276491492,0.6780649798125027,0.5268564893143146,72.06800000000001,777.0
2020-10-14 15:00:00,107.6506910856001,0.6891849621357241,0.4893213231163641,68.74000000000001,710.0
2020-10-14 16:00:00,75.73470897151127,0.7340057081945267,0.34424867714323304,55.32600000000001,469.0
2020-10-14 17:00:00,22.525474469508225,0.7999103149683319,0.10238852031594647,35.602000000000004,128.0
2020-10-14 18:00:00,0.54551692897784,0.8265408014815757,0.002479622404444727,27.631999999999998,3.0
2020-10-14 19:00:00,0.0,,0.0,26.57,0.0
2020-10-14 20:00:00,0.0,,0.0,25.82,0.0
2020-10-14 21:00:00,0.0,,0.0,25.25,0.0
2020-10-14 22:00:00,0.0,,0.0,24.94,0.0
2020-10-14 23:00:00,0.0,,0.0,24.24,0.0
2020-10-15 00:00:00,0.0,,0.0,23.67,0.0
2020-10-15 01:00:00,0.0,,0.0,23.41,0.0
2020-10-15 02:00:00,0.0,,0.0,22.77,0.0
2020-10-15 03:00:00,0.0,,0.0,22.11,0.0
2020-10-15 04:00:00,0.0,,0.0,21.53,0.0
2020-10-15 05:00:00,0.0,,0.0,21.13,0.0
2020-10-15 06:00:00,0.0,,0.0,20.83,0.0
2020-10-15 07:00:00,7.588853053756713,0.841336258731343,0.03449478660798506,23.203999999999997,41.0
2020-10-15 08:00:00,75.59033631639656,0.7618457600926886,0.34359243780180254,46.994,451.0
2020-10-15 09:00:00,107.87729587634142,0.7116855513678678,0.490351344892461,62.006,689.0
2020-10-15 10:00:00,127.06132552100844,0.6770826256048622,0.5775514796409474,72.36200000000001,853.0
2020-10-15 11:00:00,140.95916804092997,0.6439432071307901,0.6407234910951363,82.28,995.0
2020-10-15 12:00:00,148.87946660242272,0.6254388615460541,0.6767248481928305,87.81800000000001,1082.0
2020-10-15 13:00:00,145.9881704235453,0.6283926068506599,0.6635825928342969,86.934,1056.0
2020-10-15 14:00:00,133.179234396692,0.6453733010113006,0.6053601563486001,81.852,938.0
2020-10-15 15:00:00,112.24300147105276,0.6775504133227862,0.5101954612320581,72.22200000000001,753.0
2020-10-15 16:00:00,75.79441191602811,0.728372207534385,0.34452005416376413,57.012,473.0
2020-10-15 17:00:00,13.413495785051186,0.8022425708762672,0.0609704353865963,34.904,76.0
2020-10-15 18:00:00,1.4398334881049168,0.8180872091505209,0.006544697673204167,30.162,8.0
2020-10-15 19:00:00,0.0,,0.0,28.15,0.0
2020-10-15 20:00:00,0.0,,0.0,26.98,0.0
2020-10-15 21:00:00,0.0,,0.0,26.03,0.0
2020-10-15 22:00:00,0.0,,0.0,25.71,0.0
2020-10-15 23:00:00,0.0,,0.0,24.9,0.0
2020-10-16 00:00:00,0.0,,0.0,24.0,0.0
2020-10-16 01:00:00,0.0,,0.0,23.0,0.0
2020-10-16 02:00:00,0.0,,0.0,22.19,0.0
2020-10-16 03:00:00,0.0,,0.0,21.43,0.0
2020-10-16 04:00:00,0.0,,0.0,21.31,0.0
2020-10-16 05:00:00,0.0,,0.0,21.1,0.0
2020-10-16 06:00:00,0.0,,0.0,20.66,0.0
2020-10-16 07:00:00,4.64763804461692,0.8450250990212581,0.021125627475531452,22.1,25.0
2020-10-16 08:00:00,32.37771879740105,0.8131019286137884,0.14717144907909568,31.654,181.0
2020-10-16 09:00:00,69.69501714264456,0.7633627288350993,0.31679553246656617,46.540000000000006,415.0
2020-10-16 10:00:00,105.77150602667565,0.7133228083806019,0.4807795728485257,61.516000000000005,674.0
2020-10-16 11:00:00,121.798052777145,0.6818072815558945,0.5536275126233864,70.94800000000001,812.0
2020-10-16 12:00:00,144.85305144913067,0.6367726896831839,0.6584229611324122,84.426,1034.0
2020-10-16 13:00:00,143.7212462829098,0.6324088985431215,0.6532783921950445,85.732,1033.0
2020-10-16 14:00:00,102.21813772813974,0.694511059438373,0.4646278987642715,67.146,669.0
2020-10-16 15:00:00,26.386310947549372,0.7890643225941798,0.11993777703431532,38.848,152.0
2020-10-16 16:00:00,24.84869806487858,0.7954128701945768,0.11294862756762991,36.948,142.0
2020-10-16 17:00:00,21.88772958329356,0.8023361284198518,0.09948967992406163,34.876,124.0
2020-10-16 18:00:00,0.18205068368171573,0.8275031076441625,0.0008275031076441624,27.343999999999998,1.0
2020-10-16 19:00:00,0.0,,0.0,26.24,0.0
2020-10-16 20:00:00,0.0,,0.0,25.59,0.0
2020-10-16 21:00:00,0.0,,0.0,25.03,0.0
2020-10-16 22:00:00,0.0,,0.0,25.42,0.0
2020-10-16 23:00:00,0.0,,0.0,25.0,0.0
2020-10-17 00:00:00,0.0,,0.0,24.0,0.0
2020-10-17 01:00:00,0.0,,0.0,22.95,0.0
2020-10-17 02:00:00,0.0,,0.0,22.11,0.0
2020-10-17 03:00:00,0.0,,0.0,21.42,0.0
2020-10-17 04:00:00,0.0,,0.0,20.86,0.0
2020-10-17 05:00:00,0.0,,0.0,20.46,0.0
2020-10-17 06:00:00,0.0,,0.0,20.13,0.0
2020-10-17 07:00:00,24.710905980072358,0.8258992640398515,0.1123222999094198,27.824,136.0
2020-10-17 08:00:00,64.77027475198555,0.7768082843845713,0.2944103397817525,42.516000000000005,379.0
2020-10-17 09:00:00,107.32173902005425,0.7152875167958829,0.48782608645479203,60.928000000000004,682.0
2020-10-17 10:00:00,128.13221189560676,0.6748773406489348,0.5824191449800307,73.022,863.0
2020-10-17 11:00:00,142.08489544181228,0.6445513311640912,0.6458404338264194,82.09800000000001,1002.0
2020-10-17 12:00:00,144.2216666047289,0.6333845700690773,0.655553030021495,85.44,1035.0
2020-10-17 13:00:00,142.26784000099616,0.6333712047057081,0.646672000004528,85.444,1021.0
2020-10-17 14:00:00,115.14178679764053,0.6753183976401205,0.5233717581710934,72.89,775.0
2020-10-17 15:00:00,107.26711558188588,0.6857634291131945,0.48757779809948126,69.764,711.0
2020-10-17 16:00:00,18.87169954692894,0.7942634489448207,0.08578045248604065,37.292,108.0
2020-10-17 17:00:00,16.894670405079886,0.7999370456950703,0.07679395638672676,35.594,96.0
2020-10-17 18:00:00,1.2635283068283774,0.8204729265119334,0.005743310485583533,29.448,7.0
2020-10-17 19:00:00,0.0,,0.0,27.55,0.0
2020-10-17 20:00:00,0.0,,0.0,26.33,0.0
2020-10-17 21:00:00,0.0,,0.0,25.16,0.0
2020-10-17 22:00:00,0.0,,0.0,24.39,0.0
2020-10-17 23:00:00,0.0,,0.0,23.72,0.0
2020-10-18 00:00:00,0.0,,0.0,23.02,0.0
2020-10-18 01:00:00,0.0,,0.0,22.32,0.0
2020-10-18 02:00:00,0.0,,0.0,21.76,0.0
2020-10-18 03:00:00,0.0,,0.0,21.48,0.0
2020-10-18 04:00:00,0.0,,0.0,21.07,0.0
2020-10-18 05:00:00,0.0,,0.0,20.8,0.0
2020-10-18 06:00:00,0.0,,0.0,20.55,0.0
2020-10-18 07:00:00,24.517696554513652,0.8255116685021432,0.11144407524778932,27.939999999999998,135.0
2020-10-18 08:00:00,74.62858949426708,0.7640109489585081,0.3392208613375776,46.346000000000004,444.0
2020-10-18 09:00:00,100.11985319827397,0.7235138979496601,0.45509024181033625,58.466,629.0
2020-10-18 10:00:00,124.65816034598573,0.6843333352326841,0.5666280015726625,70.19200000000001,828.0
2020-10-18 11:00:00,136.57803868323688,0.6569410230073924,0.6208092667419859,78.39,945.0
2020-10-18 12:00:00,131.3317583950538,0.6588990487409885,0.5969625381593355,77.804,906.0
2020-10-18 13:00:00,136.296970705034,0.6433350830974889,0.6195316850228818,82.462,963.0
2020-10-18 14:00:00,109.4369307345821,0.6832975195715666,0.4974405942481005,70.50200000000001,728.0
2020-10-18 15:00:00,101.5517961768066,0.695179327606836,0.4615990735309391,66.946,664.0
2020-10-18 16:00:00,23.901234138313654,0.7930071047881107,0.10864197335597116,37.668,137.0
2020-10-18 17:00:00,12.788817947295378,0.8073748704100617,0.05813099066952444,33.368,72.0
2020-10-18 18:00:00,1.0865262555057646,0.8231259511407307,0.004938755706844385,28.654,6.0
2020-10-18 19:00:00,0.0,,0.0,27.38,0.0
2020-10-18 20:00:00,0.0,,0.0,26.63,0.0
2020-10-18 21:00:00,0.0,,0.0,25.7,0.0
2020-10-18 22:00:00,0.0,,0.0,25.1,0.0
2020-10-18 23:00:00,0.0,,0.0,24.31,0.0
2020-10-19 00:00:00,0.0,,0.0,23.52,0.0
2020-10-19 01:00:00,0.0,,0.0,22.8,0.0
2020-10-19 02:00:00,0.0,,0.0,22.31,0.0
2020-10-19 03:00:00,0.0,,0.0,21.58,0.0
2020-10-19 04:00:00,0.0,,0.0,21.22,0.0
2020-10-19 05:00:00,0.0,,0.0,20.83,0.0
2020-10-19 06:00:00,0.0,,0.0,20.47,0.0
2020-10-19 07:00:00,32.16179934736619,0.8167038940418027,0.14618999703348268,30.576,179.0
2020-10-19 08:00:00,75.06317617939187,0.7633025846999377,0.34119625536087217,46.558,447.0
2020-10-19 09:00:00,108.94438769062558,0.7104759859829501,0.49520176223011625,62.36800000000001,697.0
2020-10-19 10:00:00,124.95828198620778,0.6802301686783222,0.567992190846399,71.42,835.0
2020-10-19 11:00:00,124.62062639603583,0.672752247873223,0.5664573927092538,73.658,842.0
2020-10-19 12:00:00,141.19083763612002,0.6379488416596785,0.6417765347096365,84.074,1006.0
2020-10-19 13:00:00,138.31671180590945,0.6408892216009149,0.6287123263904975,83.194,981.0
2020-10-19 14:00:00,130.56179050364165,0.6493027178418621,0.5934626841074621,80.676,914.0
2020-10-19 15:00:00,108.86543260844353,0.6834846346587363,0.4948428754929251,70.446,724.0
2020-10-19 16:00:00,73.45591010648309,0.7338252757890419,0.33389050048401403,55.379999999999995,455.0
2020-10-19 17:00:00,21.037536365564677,0.7968763774835105,0.09562516529802126,36.510000000000005,120.0
2020-10-19 18:00:00,0.18062459941021602,0.8210209064100729,0.0008210209064100729,29.284,1.0
2020-10-19 19:00:00,0.0,,0.0,28.17,0.0
2020-10-19 20:00:00,0.0,,0.0,27.4,0.0
2020-10-19 21:00:00,0.0,,0.0,26.67,0.0
2020-10-19 22:00:00,0.0,,0.0,25.46,0.0
2020-10-19 23:00:00,0.0,,0.0,24.8,0.0
2020-10-20 00:00:00,0.0,,0.0,24.03,0.0
2020-10-20 01:00:00,0.0,,0.0,23.34,0.0
2020-10-20 02:00:00,0.0,,0.0,22.77,0.0
2020-10-20 03:00:00,0.0,,0.0,22.34,0.0
2020-10-20 04:00:00,0.0,,0.0,22.02,0.0
2020-10-20 05:00:00,0.0,,0.0,21.74,0.0
2020-10-20 06:00:00,0.0,,0.0,21.32,0.0
2020-10-20 07:00:00,7.760238979391566,0.8398527033973556,0.03527381354268894,23.648,42.0
2020-10-20 08:00:00,25.524059231681484,0.8170313454443497,0.11601845105309766,30.477999999999998,142.0
2020-10-20 09:00:00,69.14637458978918,0.7628682103904366,0.3143017026808599,46.688,412.0
2020-10-20 10:00:00,115.65143256152525,0.692606495158254,0.5256883298251148,67.71600000000001,759.0
2020-10-20 11:00:00,142.74070308200598,0.6404949433815219,0.6488213776454818,83.31200000000001,1013.0
2020-10-20 12:00:00,144.53614023944414,0.6317138996479201,0.656982455633837,85.94,1040.0
2020-10-20 13:00:00,128.2797322274486,0.6544216520122874,0.5830896919429481,79.144,891.0
2020-10-20 14:00:00,25.268975391019335,0.7867053359595061,0.11485897905008789,39.554,146.0
2020-10-20 15:00:00,41.91669210597459,0.7682678171916164,0.19053041866352086,45.072,248.0
2020-10-20 16:00:00,29.93831343960258,0.7820876029154279,0.13608324290728446,40.936,174.0
2020-10-20 17:00:00,17.196359267810628,0.7976047897871349,0.07816526939913922,36.292,98.0
2020-10-20 18:00:00,0.35980253188934364,0.8177330270212355,0.0016354660540424712,30.268,2.0
2020-10-20 19:00:00,0.0,,0.0,29.31,0.0
2020-10-20 20:00:00,0.0,,0.0,28.25,0.0
2020-10-20 21:00:00,0.0,,0.0,27.12,0.0
2020-10-20 22:00:00,0.0,,0.0,26.57,0.0
2020-10-20 23:00:00,0.0,,0.0,25.28,0.0
2020-10-21 00:00:00,0.0,,0.0,24.29,0.0
2020-10-21 01:00:00,0.0,,0.0,23.27,0.0
2020-10-21 02:00:00,0.0,,0.0,22.12,0.0
2020-10-21 03:00:00,0.0,,0.0,21.43,0.0
2020-10-21 04:00:00,0.0,,0.0,21.06,0.0
2020-10-21 05:00:00,0.0,,0.0,20.98,0.0
2020-10-21 06:00:00,0.0,,0.0,20.72,0.0
2020-10-21 07:00:00,5.196051247836876,0.8435148129605318,0.02361841476289489,22.552,28.0
2020-10-21 08:00:00,55.57066980489975,0.7844532722317864,0.25259395365863524,40.227999999999994,322.0
2020-10-21 09:00:00,105.77646056687664,0.713356221789025,0.4808020934858029,61.506,674.0
2020-10-21 10:00:00,120.28715765681025,0.6877481855735291,0.5467598075309557,69.17,795.0
2020-10-21 11:00:00,144.64850244832854,0.6402075880690827,0.657493192946948,83.39800000000001,1027.0
2020-10-21 12:00:00,148.5160944492847,0.6262274179848403,0.6750731565876578,87.58200000000001,1078.0
2020-10-21 13:00:00,144.86429105145606,0.626521455978964,0.6584740502338912,87.494,1051.0
2020-10-21 14:00:00,132.1497720947058,0.6451995512875003,0.6006807822486627,81.904,931.0
2020-10-21 15:00:00,114.01404082592853,0.6730462858673467,0.518245640117857,73.57000000000001,770.0
2020-10-21 16:00:00,82.75185954272345,0.717833618517726,0.3761448161032884,60.166000000000004,524.0
2020-10-21 17:00:00,17.860311760441537,0.7959140713209241,0.08118323527473426,36.798,102.0
2020-10-21 18:00:00,0.3597878299896375,0.8176996136128125,0.0016353992272256249,30.278000000000002,2.0
2020-10-21 19:00:00,0.0,,0.0,29.02,0.0
2020-10-21 20:00:00,0.0,,0.0,28.09,0.0
2020-10-21 21:00:00,0.0,,0.0,27.02,0.0
2020-10-21 22:00:00,0.0,,0.0,25.98,0.0
2020-10-21 23:00:00,0.0,,0.0,25.12,0.0
2020-10-22 00:00:00,0.0,,0.0,24.24,0.0
2020-10-22 01:00:00,0.0,,0.0,23.47,0.0
2020-10-22 02:00:00,0.0,,0.0,22.7,0.0
2020-10-22 03:00:00,0.0,,0.0,22.14,0.0
2020-10-22 04:00:00,0.0,,0.0,21.6,0.0
2020-10-22 05:00:00,0.0,,0.0,21.14,0.0
2020-10-22 06:00:00,0.0,,0.0,20.83,0.0
2020-10-22 07:00:00,32.98037171920702,0.8147325029448376,0.14991078054185009,31.166,184.0
2020-10-22 08:00:00,75.62318624110006,0.7588118226078674,0.3437417556413639,47.902,453.0
2020-10-22 09:00:00,110.24100850350258,0.7047756585059621,0.501095493197739,64.074,711.0
2020-10-22 10:00:00,131.6784791765846,0.6665239885431494,0.5985385417117481,75.522,898.0
2020-10-22 11:00:00,144.8379334856628,0.6360910561513519,0.6583542431166491,84.63,1035.0
2020-10-22 12:00:00,147.99931973423247,0.6228927598242108,0.6727241806101476,88.58000000000001,1080.0
2020-10-22 13:00:00,141.97678649251287,0.6302236616322482,0.6453490295114221,86.38600000000001,1024.0
2020-10-22 14:00:00,106.79302342206061,0.6875677531680442,0.48542283373663914,69.224,706.0
2020-10-22 15:00:00,92.56642143147938,0.7083442105255539,0.420756461052179,63.006,594.0
2020-10-22 16:00:00,73.29914080953613,0.7338720545608343,0.33317791277061876,55.366,454.0
2020-10-22 17:00:00,19.50345634939328,0.7986673361749909,0.08865207431542399,35.974000000000004,111.0
2020-10-22 18:00:00,1.084144547753363,0.8213216270858811,0.004927929762515287,29.194000000000003,6.0
2020-10-22 19:00:00,0.0,,0.0,27.58,0.0
2020-10-22 20:00:00,0.0,,0.0,26.3,0.0
2020-10-22 21:00:00,0.0,,0.0,25.42,0.0
2020-10-22 22:00:00,0.0,,0.0,24.92,0.0
2020-10-22 23:00:00,0.0,,0.0,24.04,0.0
2020-10-23 00:00:00,0.0,,0.0,23.28,0.0
2020-10-23 01:00:00,0.0,,0.0,22.61,0.0
2020-10-23 02:00:00,0.0,,0.0,22.14,0.0
2020-10-23 03:00:00,0.0,,0.0,21.67,0.0
2020-10-23 04:00:00,0.0,,0.0,21.1,0.0
2020-10-23 05:00:00,0.0,,0.0,20.93,0.0
2020-10-23 06:00:00,0.0,,0.0,20.6,0.0
2020-10-23 07:00:00,10.698869394563015,0.8384693882886376,0.04863122452074098,24.062,58.0
2020-10-23 08:00:00,67.88506332943649,0.7694974306215879,0.3085684696792568,44.70400000000001,401.0
2020-10-23 09:00:00,106.49115225577354,0.7118392530466147,0.48405069207169793,61.96000000000001,680.0
2020-10-23 10:00:00,131.25382950547123,0.6680944187390371,0.5966083159339601,75.05199999999999,893.0
2020-10-23 11:00:00,144.61742410253967,0.6357368740220665,0.6573519277388167,84.736,1034.0
2020-10-23 12:00:00,149.05439862626667,0.6210082435891453,0.6775199937557577,89.144,1091.0
2020-10-23 13:00:00,142.8065352485103,0.6271696761023728,0.649120614765956,87.3,1035.0
2020-10-23 14:00:00,123.56789098681475,0.6561591492502907,0.5616722317582489,78.624,856.0
2020-10-23 15:00:00,112.29737644711606,0.6734071506783166,0.510442620214164,73.462,758.0
2020-10-23 16:00:00,77.70658509751331,0.7237945705804146,0.3532117504432423,58.382,488.0
2020-10-23 17:00:00,14.585007841998507,0.7987408456735217,0.0662954901909023,35.952,83.0
2020-10-23 18:00:00,1.078102066974122,0.8167439901319105,0.004900463940791464,30.564,6.0
2020-10-23 19:00:00,0.0,,0.0,28.82,0.0
2020-10-23 20:00:00,0.0,,0.0,27.53,0.0
2020-10-23 21:00:00,0.0,,0.0,26.66,0.0
2020-10-23 22:00:00,0.0,,0.0,25.79,0.0
2020-10-23 23:00:00,0.0,,0.0,25.01,0.0
2020-10-24 00:00:00,0.0,,0.0,24.14,0.0
2020-10-24 01:00:00,0.0,,0.0,23.51,0.0
2020-10-24 02:00:00,0.0,,0.0,22.98,0.0
2020-10-24 03:00:00,0.0,,0.0,22.49,0.0
2020-10-24 04:00:00,0.0,,0.0,22.06,0.0
2020-10-24 05:00:00,0.0,,0.0,22.0,0.0
2020-10-24 06:00:00,0.0,,0.0,21.74,0.0
2020-10-24 07:00:00,29.442565381510107,0.81603562587334,0.13382984264322775,30.776000000000003,164.0
2020-10-24 08:00:00,73.30360136590697,0.762467249489359,0.33319818802684986,46.80800000000001,437.0
2020-10-24 09:00:00,109.73773601314052,0.7075289233600291,0.49880789096882056,63.25000000000001,705.0
2020-10-24 10:00:00,131.153365544019,0.6653478365666549,0.5961516615637228,75.874,896.0
2020-10-24 11:00:00,143.80171860114157,0.6370800930406768,0.6536441754597344,84.334,1026.0
2020-10-24 12:00:00,147.6452127182893,0.6231333363648573,0.6711146032649513,88.50800000000001,1077.0
2020-10-24 13:00:00,139.83851279544626,0.6330972147566383,0.6356296036156648,85.526,1004.0
2020-10-24 14:00:00,128.9073857297049,0.6481666619554752,0.5859426624077496,81.016,904.0
2020-10-24 15:00:00,102.54329229299151,0.6895057308565863,0.4661058740590523,68.644,676.0
2020-10-24 16:00:00,74.91992527922473,0.7323550858184236,0.34054511490556694,55.82000000000001,465.0
2020-10-24 17:00:00,21.710895133627595,0.7958539271857622,0.09868588697103452,36.816,124.0
2020-10-24 18:00:00,0.543333696871472,0.8232328740476849,0.0024696986221430547,28.622,3.0
2020-10-24 19:00:00,0.0,,0.0,27.26,0.0
2020-10-24 20:00:00,0.0,,0.0,26.04,0.0
2020-10-24 21:00:00,0.0,,0.0,24.85,0.0
2020-10-24 22:00:00,0.0,,0.0,24.15,0.0
2020-10-24 23:00:00,0.0,,0.0,23.21,0.0
2020-10-25 00:00:00,0.0,,0.0,22.73,0.0
2020-10-25 01:00:00,0.0,,0.0,22.27,0.0
2020-10-25 02:00:00,0.0,,0.0,21.69,0.0
2020-10-25 03:00:00,0.0,,0.0,21.28,0.0
2020-10-25 04:00:00,0.0,,0.0,20.91,0.0
2020-10-25 05:00:00,0.0,,0.0,20.7,0.0
2020-10-25 06:00:00,0.0,,0.0,20.69,0.0
2020-10-25 07:00:00,5.944083904887439,0.8443301001260567,0.027018563204033813,22.308,32.0
2020-10-25 08:00:00,23.760045914675302,0.8244290740692333,0.10800020870306956,28.264000000000003,131.0
2020-10-25 09:00:00,52.84711789109994,0.787587449941877,0.24021417223227245,39.290000000000006,305.0
2020-10-25 10:00:00,123.13429079916027,0.690989286190574,0.5597013218143648,68.2,810.0
2020-10-25 11:00:00,136.900874758505,0.6627014946195421,0.6222767034477501,76.666,939.0
2020-10-25 12:00:00,144.15065642914809,0.6455470507351011,0.6552302564961276,81.8,1015.0
2020-10-25 13:00:00,141.10539019502772,0.6452596954226619,0.641388137250126,81.886,994.0
2020-10-25 14:00:00,132.18841897846346,0.6566737157400072,0.6008564499021066,78.47,915.0
2020-10-25 15:00:00,113.26806937521675,0.6846474212718614,0.5148548607964398,70.09800000000001,752.0
2020-10-25 16:00:00,78.90322564143844,0.7334376802513334,0.358651025642902,55.496,489.0
2020-10-25 17:00:00,3.79543213681826,0.82152210753642,0.017251964258264817,29.134,21.0
2020-10-25 18:00:00,0.3640072752053119,0.8272892618302543,0.0016545785236605087,27.408,2.0
2020-10-25 19:00:00,0.0,,0.0,26.42,0.0
2020-10-25 20:00:00,0.0,,0.0,25.8,0.0
2020-10-25 21:00:00,0.0,,0.0,25.14,0.0
2020-10-25 22:00:00,0.0,,0.0,24.94,0.0
2020-10-25 23:00:00,0.0,,0.0,24.59,0.0
2020-10-26 00:00:00,0.0,,0.0,24.05,0.0
2020-10-26 01:00:00,0.0,,0.0,23.19,0.0
2020-10-26 02:00:00,0.0,,0.0,22.45,0.0
2020-10-26 03:00:00,0.0,,0.0,21.86,0.0
2020-10-26 04:00:00,0.0,,0.0,21.32,0.0
2020-10-26 05:00:00,0.0,,0.0,20.92,0.0
2020-10-26 06:00:00,0.0,,0.0,20.43,0.0
2020-10-26 07:00:00,3.9109008571106174,0.8465153370369302,0.017776822077775534,21.654,21.0
2020-10-26 08:00:00,43.672275353689244,0.800444929503102,0.1985103425167693,35.442,248.0
2020-10-26 09:00:00,79.23331269364165,0.7518818817009078,0.36015142133473477,49.976,479.0
2020-10-26 10:00:00,127.69115637461127,0.6796420926900749,0.580414347157324,71.596,854.0
2020-10-26 11:00:00,142.32909105555206,0.646950413888873,0.646950413888873,81.38,1000.0
2020-10-26 12:00:00,144.32859646167194,0.6356967779319589,0.6560390748257815,84.748,1032.0
2020-10-26 13:00:00,139.71708980577293,0.6389111478222651,0.6350776809353315,83.786,994.0
2020-10-26 14:00:00,111.32470758369489,0.6828898759888044,0.5060213981077041,70.624,741.0
2020-10-26 15:00:00,107.78749520274609,0.6881224157478683,0.4899431600124822,69.05799999999999,712.0
2020-10-26 16:00:00,77.85839691387935,0.7327159506293934,0.353901804153997,55.712,483.0
2020-10-26 17:00:00,11.939614167416721,0.8100145296754899,0.05427097348825782,32.578,67.0
2020-10-26 18:00:00,0.5444804450485543,0.8249703712856883,0.002474911113857065,28.102,3.0
2020-10-26 19:00:00,0.0,,0.0,27.22,0.0
2020-10-26 20:00:00,0.0,,0.0,26.31,0.0
2020-10-26 21:00:00,0.0,,0.0,25.68,0.0
2020-10-26 22:00:00,0.0,,0.0,25.52,0.0
2020-10-26 23:00:00,0.0,,0.0,24.8,0.0
2020-10-27 00:00:00,0.0,,0.0,24.34,0.0
2020-10-27 01:00:00,0.0,,0.0,23.76,0.0
2020-10-27 02:00:00,0.0,,0.0,23.2,0.0
2020-10-27 03:00:00,0.0,,0.0,22.74,0.0
2020-10-27 04:00:00,0.0,,0.0,22.19,0.0
2020-10-27 05:00:00,0.0,,0.0,21.52,0.0
2020-10-27 06:00:00,0.0,,0.0,21.48,0.0
2020-10-27 07:00:00,5.924559782077628,0.8415567872269358,0.026929817191261946,23.138,32.0
2020-10-27 08:00:00,26.820841765455274,0.8182074974208442,0.12191291711570579,30.125999999999998,149.0
2020-10-27 09:00:00,47.204180348844105,0.7917507606314006,0.21456445613110955,38.044000000000004,271.0
2020-10-27 10:00:00,113.89092270721905,0.702423354552973,0.5176860123055411,64.778,737.0
2020-10-27 11:00:00,128.85567032729844,0.6716830188036824,0.5857075923968111,73.97800000000001,872.0
2020-10-27 12:00:00,134.91979230290693,0.6580169347586176,0.6132717831950315,78.068,932.0
2020-10-27 13:00:00,128.46931616453975,0.6712085484040738,0.5839514371115443,74.12,870.0
2020-10-27 14:00:00,123.19737959117946,0.6763141172111301,0.5599880890508157,72.592,828.0
2020-10-27 15:00:00,103.24414655388496,0.7046420048722697,0.46929157524493165,64.114,666.0
2020-10-27 16:00:00,78.13088192303373,0.7368057518203859,0.355140372377426,54.488,482.0
2020-10-27 17:00:00,18.986727210230114,0.8065729486079063,0.08630330550104598,33.608,107.0
2020-10-27 18:00:00,0.0,,0.0,27.0,0.0
2020-10-27 19:00:00,0.0,,0.0,25.94,0.0
2020-10-27 20:00:00,0.0,,0.0,25.17,0.0
2020-10-27 21:00:00,0.0,,0.0,24.38,0.0
2020-10-27 22:00:00,0.0,,0.0,24.1,0.0
2020-10-27 23:00:00,0.0,,0.0,23.57,0.0
2020-10-28 00:00:00,0.0,,0.0,23.14,0.0
2020-10-28 01:00:00,0.0,,0.0,21.89,0.0
2020-10-28 02:00:00,0.0,,0.0,21.3,0.0
2020-10-28 03:00:00,0.0,,0.0,20.52,0.0
2020-10-28 04:00:00,0.0,,0.0,20.33,0.0
2020-10-28 05:00:00,0.0,,0.0,20.37,0.0
2020-10-28 06:00:00,0.0,,0.0,20.38,0.0
2020-10-28 07:00:00,2.982086290322983,0.8471836052053928,0.013554937683286285,21.454,16.0
2020-10-28 08:00:00,11.781467302467286,0.8367519390956879,0.053552124102124024,24.576,64.0
2020-10-28 09:00:00,45.69791485672683,0.7989145953973222,0.2077177948033038,35.9,260.0
2020-10-28 10:00:00,94.12904224555037,0.7326357584491778,0.42785928293431985,55.736000000000004,584.0
2020-10-28 11:00:00,124.6680988301871,0.685215449215055,0.5666731765008505,69.92800000000001,827.0
2020-10-28 12:00:00,116.90641906462434,0.6901205375715722,0.5313928139301106,68.46000000000001,770.0
2020-10-28 13:00:00,114.0806727757769,0.6895591923100635,0.5185485126171677,68.62800000000001,752.0
2020-10-28 14:00:00,101.83002962874608,0.7077427691739372,0.4628637710397549,63.18600000000001,654.0
2020-10-28 15:00:00,92.80673868407662,0.7198785191132224,0.42184881220034826,59.554,586.0
2020-10-28 16:00:00,27.336871094192425,0.7965288780359098,0.12425850497360193,36.614000000000004,156.0
2020-10-28 17:00:00,19.439532489470796,0.8106560671172142,0.08836151131577634,32.386,109.0
2020-10-28 18:00:00,0.0,,0.0,25.25,0.0
2020-10-28 19:00:00,0.0,,0.0,23.99,0.0
2020-10-28 20:00:00,0.0,,0.0,23.54,0.0
2020-10-28 21:00:00,0.0,,0.0,22.51,0.0
2020-10-28 22:00:00,0.0,,0.0,23.28,0.0
2020-10-28 23:00:00,0.0,,0.0,21.87,0.0
2020-10-29 00:00:00,0.0,,0.0,20.88,0.0
2020-10-29 01:00:00,0.0,,0.0,20.5,0.0
2020-10-29 02:00:00,0.0,,0.0,20.19,0.0
2020-10-29 03:00:00,0.0,,0.0,19.93,0.0
2020-10-29 04:00:00,0.0,,0.0,19.58,0.0
2020-10-29 05:00:00,0.0,,0.0,19.6,0.0
2020-10-29 06:00:00,0.0,,0.0,19.36,0.0
2020-10-29 07:00:00,13.500698632968435,0.8406412598361417,0.06136681196803834,23.412,73.0
2020-10-29 08:00:00,7.4215189716808885,0.8433544286001009,0.03373417714400404,22.6,40.0
2020-10-29 09:00:00,35.09734089340938,0.809814049224951,0.15953336769731538,32.638000000000005,197.0
2020-10-29 10:00:00,22.978057750063346,0.8159821644198632,0.10444571704574249,30.792,128.0
2020-10-29 11:00:00,24.872626876840364,0.8133625531994887,0.11305739489472892,31.576,139.0
2020-10-29 12:00:00,38.01466531552662,0.8036927128018313,0.17279393325239373,34.47,215.0
2020-10-29 13:00:00,36.89287655357559,0.8062254491603058,0.16769489342534358,33.712,208.0
2020-10-29 14:00:00,85.20239276840954,0.747651744194538,0.38728360349277063,51.242,518.0
2020-10-29 15:00:00,84.0777415465857,0.7464288134462509,0.3821715524844804,51.608000000000004,512.0
2020-10-29 16:00:00,45.97089237952138,0.7885230253777252,0.2089586017250972,39.01,265.0
2020-10-29 17:00:00,18.37167323602197,0.8187020158655066,0.08350760561828167,29.977999999999998,102.0
2020-10-29 18:00:00,0.0,,0.0,23.89,0.0
2020-10-29 19:00:00,0.0,,0.0,22.95,0.0
2020-10-29 20:00:00,0.0,,0.0,22.08,0.0
2020-10-29 21:00:00,0.0,,0.0,21.39,0.0
2020-10-29 22:00:00,0.0,,0.0,21.81,0.0
2020-10-29 23:00:00,0.0,,0.0,21.33,0.0
2020-10-30 00:00:00,0.0,,0.0,21.35,0.0
2020-10-30 01:00:00,0.0,,0.0,20.92,0.0
2020-10-30 02:00:00,0.0,,0.0,20.57,0.0
2020-10-30 03:00:00,0.0,,0.0,20.0,0.0
2020-10-30 04:00:00,0.0,,0.0,19.65,0.0
2020-10-30 05:00:00,0.0,,0.0,19.43,0.0
2020-10-30 06:00:00,0.0,,0.0,19.16,0.0
2020-10-30 07:00:00,3.9258747419613633,0.8497564376539747,0.01784488519073347,20.684,21.0
2020-10-30 08:00:00,26.886559257141908,0.8202123019262326,0.12221163298700867,29.526,149.0
2020-10-30 09:00:00,50.15851239290175,0.7889039382337488,0.2279932381495534,38.896,289.0
2020-10-30 10:00:00,85.07847192597609,0.7422655027567273,0.38672032693625497,52.854,521.0
2020-10-30 11:00:00,104.34966178305123,0.7164903994991157,0.4743166444684147,60.568000000000005,662.0
2020-10-30 12:00:00,58.39184086255863,0.7715623792621383,0.2654174584661756,44.086000000000006,344.0
2020-10-30 13:00:00,138.12163229870814,0.6615654387331552,0.6278256013577642,77.006,949.0
2020-10-30 14:00:00,16.28095724412495,0.8222705678850983,0.07400435110965886,28.91,90.0
2020-10-30 15:00:00,27.1528091906309,0.8119859207724552,0.12342185995741319,31.988000000000003,152.0
2020-10-30 16:00:00,18.9844160715963,0.8218361935755973,0.08629280032543772,29.04,105.0
2020-10-30 17:00:00,18.11641591294329,0.8234734505883313,0.08234734505883314,28.549999999999997,100.0
2020-10-30 18:00:00,0.0,,0.0,21.83,0.0
2020-10-30 19:00:00,0.0,,0.0,20.81,0.0
2020-10-30 20:00:00,0.0,,0.0,20.13,0.0
2020-10-30 21:00:00,0.0,,0.0,19.71,0.0
2020-10-30 22:00:00,0.0,,0.0,20.04,0.0
2020-10-30 23:00:00,0.0,,0.0,19.75,0.0
2020-10-31 00:00:00,0.0,,0.0,19.57,0.0
2020-10-31 01:00:00,0.0,,0.0,19.39,0.0
2020-10-31 02:00:00,0.0,,0.0,19.2,0.0
2020-10-31 03:00:00,0.0,,0.0,19.21,0.0
2020-10-31 04:00:00,0.0,,0.0,18.99,0.0
2020-10-31 05:00:00,0.0,,0.0,18.9,0.0
2020-10-31 06:00:00,0.0,,0.0,18.58,0.0
2020-10-31 07:00:00,33.642662897171135,0.8221569622964597,0.15292119498714152,28.944,186.0
2020-10-31 08:00:00,72.21750734625257,0.7705666596911286,0.3282613970284208,44.384,426.0
2020-10-31 09:00:00,104.94579441233752,0.7249640398752247,0.4770263382378978,58.032000000000004,658.0
2020-10-31 10:00:00,113.56233671897583,0.706145608251311,0.5161924396317084,63.664,731.0
2020-10-31 11:00:00,118.51295739349766,0.6933014940534553,0.5386952608795348,67.50800000000001,777.0
2020-10-31 12:00:00,121.87852509537676,0.6847877575872389,0.5539932958880762,70.05600000000001,809.0
2020-10-31 13:00:00,132.18478025828617,0.6675999002943745,0.6008399102649371,75.2,900.0
2020-10-31 14:00:00,121.91135002685076,0.679929448002514,0.5541425001220489,71.50999999999999,815.0
2020-10-31 15:00:00,110.75805079312953,0.696328748856592,0.503445685423316,66.602,723.0
2020-10-31 16:00:00,70.07943947578188,0.7512804403492912,0.3185429067080995,50.156000000000006,424.0
2020-10-31 17:00:00,18.060442840381913,0.8128012079379799,0.08209292200173597,31.744,101.0
2020-10-31 18:00:00,0.0,,0.0,25.38,0.0
2020-10-31 19:00:00,0.0,,0.0,24.57,0.0
2020-10-31 20:00:00,0.0,,0.0,23.84,0.0
2020-10-31 21:00:00,0.0,,0.0,22.82,0.0
2020-10-31 22:00:00,0.0,,0.0,23.06,0.0
2020-10-31 23:00:00,0.0,,0.0,22.02,0.0
2020-11-01 00:00:00,0.0,,0.0,21.01,0.0
2020-11-01 01:00:00,0.0,,0.0,20.26,0.0
2020-11-01 02:00:00,0.0,,0.0,19.97,0.0
2020-11-01 03:00:00,0.0,,0.0,19.68,0.0
2020-11-01 04:00:00,0.0,,0.0,19.37,0.0
2020-11-01 05:00:00,0.0,,0.0,19.21,0.0
2020-11-01 06:00:00,0.0,,0.0,19.01,0.0
2020-11-01 07:00:00,2.9998461851680513,0.8522290298772873,0.013635664478036597,19.944,16.0
2020-11-01 08:00:00,21.738211263281688,0.830336564678445,0.09881005119673494,26.496000000000002,119.0
2020-11-01 09:00:00,58.33095147473549,0.784439906868417,0.26514068852152495,40.232,338.0
2020-11-01 10:00:00,89.9321556247852,0.740548053563778,0.40878252556720546,53.367999999999995,552.0
2020-11-01 11:00:00,122.31647998572426,0.6898064515323948,0.5559839999351103,68.554,806.0
2020-11-01 12:00:00,130.72515801317672,0.6706605685059344,0.5942052636962578,74.284,886.0
2020-11-01 13:00:00,114.97742249930532,0.6940566370838182,0.5226246477241151,67.28200000000001,753.0
2020-11-01 14:00:00,127.83002169809605,0.6701794154246411,0.5810455531731639,74.428,867.0
2020-11-01 15:00:00,95.2251482589047,0.7178135704726722,0.43284158299502135,60.172000000000004,603.0
2020-11-01 16:00:00,80.00140462265132,0.7391112770015829,0.3636427482847787,53.798,492.0
2020-11-01 17:00:00,21.694155550622142,0.8082770324374867,0.09860979795737337,33.098,122.0
2020-11-01 18:00:00,0.0,,0.0,25.61,0.0
2020-11-01 19:00:00,0.0,,0.0,24.48,0.0
2020-11-01 20:00:00,0.0,,0.0,23.47,0.0
2020-11-01 21:00:00,0.0,,0.0,22.61,0.0
2020-11-01 22:00:00,0.0,,0.0,22.27,0.0
2020-11-01 23:00:00,0.0,,0.0,21.48,0.0
2020-11-02 00:00:00,0.0,,0.0,20.98,0.0
2020-11-02 01:00:00,0.0,,0.0,19.93,0.0
2020-11-02 02:00:00,0.0,,0.0,19.7,0.0
2020-11-02 03:00:00,0.0,,0.0,19.22,0.0
2020-11-02 04:00:00,0.0,,0.0,19.56,0.0
2020-11-02 05:00:00,0.0,,0.0,19.46,0.0
2020-11-02 06:00:00,0.0,,0.0,19.49,0.0
2020-11-02 07:00:00,6.330885005397216,0.8463750007215529,0.028776750024532803,21.695999999999998,34.0
2020-11-02 08:00:00,28.516851445370506,0.8203927343317177,0.12962205202441138,29.472,158.0
2020-11-02 09:00:00,64.81714734862881,0.7753247290505839,0.29462339703922186,42.96,380.0
2020-11-02 10:00:00,112.67072530939473,0.7073752216812828,0.5121396604972488,63.29600000000001,724.0
2020-11-02 11:00:00,133.59105371993178,0.670974654545112,0.6072320623633263,74.19,905.0
2020-11-02 12:00:00,115.96179554508264,0.6917310638575676,0.5270990706594665,67.97800000000001,762.0
2020-11-02 13:00:00,112.89318563460881,0.6953263466038976,0.5131508437936764,66.902,738.0
2020-11-02 14:00:00,115.03770175829067,0.6889310202317084,0.5228986443558666,68.816,759.0
2020-11-02 15:00:00,48.86581698724628,0.7739280485784967,0.22211734994202856,43.378,287.0
2020-11-02 16:00:00,77.47386578668421,0.7413767060926719,0.3521539353940192,53.12,475.0
2020-11-02 17:00:00,13.812209834892885,0.8153606750231926,0.06278277197678583,30.978,77.0
2020-11-02 18:00:00,0.0,,0.0,25.79,0.0
2020-11-02 19:00:00,0.0,,0.0,24.91,0.0
2020-11-02 20:00:00,0.0,,0.0,24.39,0.0
2020-11-02 21:00:00,0.0,,0.0,23.99,0.0
2020-11-02 22:00:00,0.0,,0.0,23.13,0.0
2020-11-02 23:00:00,0.0,,0.0,22.43,0.0
2020-11-03 00:00:00,0.0,,0.0,21.41,0.0
2020-11-03 01:00:00,0.0,,0.0,20.61,0.0
2020-11-03 02:00:00,0.0,,0.0,19.9,0.0
2020-11-03 03:00:00,0.0,,0.0,19.75,0.0
2020-11-03 04:00:00,0.0,,0.0,19.45,0.0
2020-11-03 05:00:00,0.0,,0.0,19.46,0.0
2020-11-03 06:00:00,0.0,,0.0,19.38,0.0
2020-11-03 07:00:00,2.9972586508197634,0.8514939348919782,0.013623902958271652,20.164,16.0
2020-11-03 08:00:00,10.19933265691626,0.8429200542906,0.046360602985983,22.73,55.0
2020-11-03 09:00:00,29.382139103527727,0.8193569186706003,0.13355517774330786,29.782000000000004,163.0
2020-11-03 10:00:00,86.34006252242321,0.7503916436852356,0.3924548296473782,50.422,523.0
2020-11-03 11:00:00,86.15308523214995,0.7473376581553604,0.39160493287340886,51.336,524.0
2020-11-03 12:00:00,65.57645930313396,0.7702191602435278,0.29807481501424526,44.488,387.0
2020-11-03 13:00:00,124.17559254097985,0.6908623152385659,0.5644345115499084,68.23800000000001,817.0
2020-11-03 14:00:00,101.19018825163333,0.7198050096146914,0.45995540114378786,59.576,639.0
2020-11-03 15:00:00,75.84224895729209,0.7494293375226491,0.3447374952604186,50.71,460.0
2020-11-03 16:00:00,68.20152172061206,0.7579631220339194,0.31000691691187304,48.156000000000006,409.0
2020-11-03 17:00:00,19.55331049129694,0.8154007711133002,0.08887868405134973,30.965999999999998,109.0
2020-11-03 18:00:00,0.0,,0.0,24.43,0.0
2020-11-03 19:00:00,0.0,,0.0,23.84,0.0
2020-11-03 20:00:00,0.0,,0.0,23.11,0.0
2020-11-03 21:00:00,0.0,,0.0,22.79,0.0
2020-11-03 22:00:00,0.0,,0.0,22.51,0.0
2020-11-03 23:00:00,0.0,,0.0,22.24,0.0
2020-11-04 00:00:00,0.0,,0.0,21.82,0.0
2020-11-04 01:00:00,0.0,,0.0,21.35,0.0
2020-11-04 02:00:00,0.0,,0.0,20.84,0.0
2020-11-04 03:00:00,0.0,,0.0,20.53,0.0
2020-11-04 04:00:00,0.0,,0.0,20.43,0.0
2020-11-04 05:00:00,0.0,,0.0,20.06,0.0
2020-11-04 06:00:00,0.0,,0.0,19.95,0.0
2020-11-04 07:00:00,3.1771643273343475,0.8495091784316436,0.014441656033337942,20.758,17.0
2020-11-04 08:00:00,13.62667333079083,0.837019246363073,0.06193942423086741,24.496000000000002,74.0
2020-11-04 09:00:00,55.812104401874684,0.7878614398909469,0.2536913836448849,39.208,322.0
2020-11-04 10:00:00,85.23680403486183,0.750852748721475,0.3874400183402811,50.284000000000006,516.0
2020-11-04 11:00:00,133.20345577645793,0.6780182010407102,0.6054702535293542,72.082,893.0
2020-11-04 12:00:00,127.1119015261877,0.6829567028056506,0.5777813705735805,70.604,846.0
2020-11-04 13:00:00,124.83981848894528,0.6828564625803811,0.5674537204042968,70.634,831.0
2020-11-04 14:00:00,114.43390061811762,0.6953931734207439,0.5201540937187165,66.882,748.0
2020-11-04 15:00:00,94.40906932925404,0.7224446688801196,0.4291321333147911,58.786,594.0
2020-11-04 16:00:00,78.78282296360469,0.742953818970244,0.3581037407436577,52.648,482.0
2020-11-04 17:00:00,8.331725344010406,0.8232930181828465,0.03787147883641094,28.604,46.0
2020-11-04 18:00:00,0.0,,0.0,25.3,0.0
2020-11-04 19:00:00,0.0,,0.0,24.2,0.0
2020-11-04 20:00:00,0.0,,0.0,23.26,0.0
2020-11-04 21:00:00,0.0,,0.0,22.23,0.0
2020-11-04 22:00:00,0.0,,0.0,21.49,0.0
2020-11-04 23:00:00,0.0,,0.0,20.32,0.0
2020-11-05 00:00:00,0.0,,0.0,20.19,0.0
2020-11-05 01:00:00,0.0,,0.0,20.27,0.0
2020-11-05 02:00:00,0.0,,0.0,19.89,0.0
2020-11-05 03:00:00,0.0,,0.0,19.85,0.0
2020-11-05 04:00:00,0.0,,0.0,19.86,0.0
2020-11-05 05:00:00,0.0,,0.0,19.6,0.0
2020-11-05 06:00:00,0.0,,0.0,19.49,0.0
2020-11-05 07:00:00,2.994435886076176,0.8506920130898228,0.013611072209437164,20.404,16.0
2020-11-05 08:00:00,7.2538702689513475,0.8454394252857048,0.03297213758614249,21.976000000000003,39.0
2020-11-05 09:00:00,103.24734274688109,0.7355895037537837,0.469306103394914,54.852000000000004,638.0
2020-11-05 10:00:00,88.65689226161135,0.7546551946000285,0.4029858739164152,49.146,534.0
2020-11-05 11:00:00,108.9367721065778,0.720767315777278,0.49516714593899,59.288,687.0
2020-11-05 12:00:00,126.033728890095,0.6918847655363143,0.5728805858640682,67.932,828.0
2020-11-05 13:00:00,129.3929806558603,0.6823084826822415,0.5881499120720922,70.798,862.0
2020-11-05 14:00:00,93.67747927683486,0.731626673514799,0.425806723985613,56.038000000000004,582.0
2020-11-05 15:00:00,83.73524609103049,0.7433881932797451,0.3806147549592295,52.518,512.0
2020-11-05 16:00:00,79.27844752573962,0.7491820783003177,0.3603565796624528,50.784,481.0
2020-11-05 17:00:00,20.630146724706364,0.8154208191583543,0.09377339420321075,30.96,115.0
2020-11-05 18:00:00,0.0,,0.0,24.12,0.0
2020-11-05 19:00:00,0.0,,0.0,23.1,0.0
2020-11-05 20:00:00,0.0,,0.0,22.52,0.0
2020-11-05 21:00:00,0.0,,0.0,21.82,0.0
2020-11-05 22:00:00,0.0,,0.0,21.96,0.0
2020-11-05 23:00:00,0.0,,0.0,21.37,0.0
2020-11-06 00:00:00,0.0,,0.0,20.44,0.0
2020-11-06 01:00:00,0.0,,0.0,20.73,0.0
2020-11-06 02:00:00,0.0,,0.0,20.24,0.0
2020-11-06 03:00:00,0.0,,0.0,19.81,0.0
2020-11-06 04:00:00,0.0,,0.0,19.48,0.0
2020-11-06 05:00:00,0.0,,0.0,19.45,0.0
2020-11-06 06:00:00,0.0,,0.0,19.48,0.0
2020-11-06 07:00:00,20.702306588844245,0.8327556954482802,0.09410139358565565,25.772000000000002,113.0
2020-11-06 08:00:00,7.251003398508642,0.8451052912014734,0.03295910635685746,22.076,39.0
2020-11-06 09:00:00,25.59451955621333,0.825097342237696,0.11633872525551514,28.064,141.0
2020-11-06 10:00:00,44.30417476458073,0.8055304502651042,0.20138261256627604,33.92,250.0
2020-11-06 11:00:00,44.138672539208294,0.8057442960790123,0.20063032972367406,33.856,249.0
2020-11-06 12:00:00,72.74752553256015,0.7707938708684059,0.3306705706025461,44.316,429.0
2020-11-06 13:00:00,111.93584203144134,0.7136034810113562,0.508799281961097,61.432,713.0
2020-11-06 14:00:00,91.84857177452561,0.7376210389859108,0.4174935080660255,54.244,566.0
2020-11-06 15:00:00,76.00001798341907,0.7559182214384231,0.3454546271973594,48.768,457.0
2020-11-06 16:00:00,27.36473707489552,0.8129749576617801,0.12438516852225236,31.692,153.0
2020-11-06 17:00:00,19.488561854800945,0.820225667289602,0.08858437206727703,29.522000000000002,108.0
2020-11-06 18:00:00,0.0,,0.0,23.41,0.0
2020-11-06 19:00:00,0.0,,0.0,21.95,0.0
2020-11-06 20:00:00,0.0,,0.0,20.79,0.0
2020-11-06 21:00:00,0.0,,0.0,20.23,0.0
2020-11-06 22:00:00,0.0,,0.0,20.31,0.0
2020-11-06 23:00:00,0.0,,0.0,20.16,0.0
2020-11-07 00:00:00,0.0,,0.0,20.03,0.0
2020-11-07 01:00:00,0.0,,0.0,19.81,0.0
2020-11-07 02:00:00,0.0,,0.0,19.73,0.0
2020-11-07 03:00:00,0.0,,0.0,19.63,0.0
2020-11-07 04:00:00,0.0,,0.0,19.89,0.0
2020-11-07 05:00:00,0.0,,0.0,19.59,0.0
2020-11-07 06:00:00,0.0,,0.0,19.52,0.0
2020-11-07 07:00:00,2.993494964494981,0.8504247058224378,0.013606795293159004,20.484,16.0
2020-11-07 08:00:00,8.172856615785397,0.8443033693993179,0.03714934825356999,22.316000000000003,44.0
2020-11-07 09:00:00,15.547038410792325,0.8313924283846164,0.07066835641269238,26.18,85.0
2020-11-07 10:00:00,28.491299543681162,0.8196576393464087,0.12950590701673256,29.692,158.0
2020-11-07 11:00:00,96.3332789560287,0.7359303205196998,0.4378785407092214,54.75,595.0
2020-11-07 12:00:00,138.53644198834817,0.6699054254755714,0.6297110999470371,74.50999999999999,940.0
2020-11-07 13:00:00,142.7657110134062,0.6574823202238472,0.6489350500609372,78.22800000000001,987.0
2020-11-07 14:00:00,132.54249512041721,0.678452575350211,0.6024658869109873,71.952,888.0
2020-11-07 15:00:00,110.1611845390479,0.7092530552346633,0.5007326569956723,62.734,706.0
2020-11-07 16:00:00,78.37386904061763,0.7484135699065855,0.3562448592755347,51.014,476.0
2020-11-07 17:00:00,13.905603652776406,0.8208738874130109,0.06320728933080184,29.328000000000003,77.0
2020-11-07 18:00:00,0.9190157506334633,0.8354688642122393,0.004177344321061197,24.96,5.0
2020-11-07 19:00:00,0.0,,0.0,23.85,0.0
2020-11-07 20:00:00,0.0,,0.0,22.6,0.0
2020-11-07 21:00:00,0.0,,0.0,21.75,0.0
2020-11-07 22:00:00,0.0,,0.0,22.61,0.0
2020-11-07 23:00:00,0.0,,0.0,22.14,0.0
2020-11-08 00:00:00,0.0,,0.0,22.2,0.0
2020-11-08 01:00:00,0.0,,0.0,22.29,0.0
2020-11-08 02:00:00,0.0,,0.0,21.95,0.0
2020-11-08 03:00:00,0.0,,0.0,21.54,0.0
2020-11-08 04:00:00,0.0,,0.0,21.4,0.0
2020-11-08 05:00:00,0.0,,0.0,21.09,0.0
2020-11-08 06:00:00,0.0,,0.0,20.85,0.0
2020-11-08 07:00:00,4.462861628729677,0.8452389448351662,0.020285734676043988,22.035999999999998,24.0
2020-11-08 08:00:00,9.538727786848455,0.833804876472767,0.04335785357658389,25.458,52.0
2020-11-08 09:00:00,34.282210236289764,0.8032382904472766,0.15582822834677165,34.605999999999995,194.0
2020-11-08 10:00:00,59.03830397529905,0.7733600206353032,0.26835592716045026,43.548,347.0
2020-11-08 11:00:00,124.24047349457321,0.6836917977909598,0.5647294249753327,70.384,826.0
2020-11-08 12:00:00,118.49337446308904,0.6878751565255372,0.5386062475594956,69.132,783.0
2020-11-08 13:00:00,106.13901529439099,0.7022562875108573,0.48245006951995906,64.828,687.0
2020-11-08 14:00:00,110.50825816617164,0.6947583186607044,0.5023102643916892,67.072,723.0
2020-11-08 15:00:00,103.41767895687691,0.7037131121181064,0.4700803588948951,64.392,668.0
2020-11-08 16:00:00,79.02669807593082,0.7360907048801306,0.35921226398150374,54.702,488.0
2020-11-08 17:00:00,17.26503184133821,0.8090455408312188,0.07847741746062822,32.867999999999995,97.0
2020-11-08 18:00:00,0.9122896315178848,0.8293542104708043,0.004146771052354022,26.79,5.0
2020-11-08 19:00:00,0.0,,0.0,24.8,0.0
2020-11-08 20:00:00,0.0,,0.0,24.85,0.0
2020-11-08 21:00:00,0.0,,0.0,23.63,0.0
2020-11-08 22:00:00,0.0,,0.0,22.17,0.0
2020-11-08 23:00:00,0.0,,0.0,20.93,0.0
2020-11-09 00:00:00,0.0,,0.0,20.61,0.0
2020-11-09 01:00:00,0.0,,0.0,20.42,0.0
2020-11-09 02:00:00,0.0,,0.0,20.27,0.0
2020-11-09 03:00:00,0.0,,0.0,20.03,0.0
2020-11-09 04:00:00,0.0,,0.0,19.56,0.0
2020-11-09 05:00:00,0.0,,0.0,19.39,0.0
2020-11-09 06:00:00,0.0,,0.0,19.4,0.0
2020-11-09 07:00:00,32.17368436308867,0.8215956170349505,0.1462440198322212,29.112000000000002,178.0
2020-11-09 08:00:00,53.76732008503969,0.7960811383630395,0.24439690947745316,36.748000000000005,307.0
2020-11-09 09:00:00,105.73635672485811,0.7282118231739539,0.4806198032948096,57.06,660.0
2020-11-09 10:00:00,113.2347181157333,0.7118993971817761,0.5147032641624241,61.94200000000001,723.0
2020-11-09 11:00:00,123.0116284393417,0.6928671197439547,0.5591437656333714,67.638,807.0
2020-11-09 12:00:00,107.38998964906025,0.7126077614403468,0.48813631658663753,61.730000000000004,685.0
2020-11-09 13:00:00,48.326026448204004,0.7845134163669482,0.21966375658274548,40.21,280.0
2020-11-09 14:00:00,79.49112520688925,0.7465357363532048,0.36132329639495114,51.57600000000001,484.0
2020-11-09 15:00:00,17.28844608681028,0.8185817275951836,0.07858384584913763,30.014,96.0
2020-11-09 16:00:00,50.69780747792393,0.7838251001534311,0.23044457944510877,40.416,294.0
2020-11-09 17:00:00,3.8519315373891194,0.8337514150192898,0.017508779715405088,25.474,21.0
2020-11-09 18:00:00,0.9219193758254345,0.8381085234776676,0.004190542617388339,24.169999999999998,5.0
2020-11-09 19:00:00,0.0,,0.0,23.01,0.0
2020-11-09 20:00:00,0.0,,0.0,21.89,0.0
2020-11-09 21:00:00,0.0,,0.0,21.02,0.0
2020-11-09 22:00:00,0.0,,0.0,21.98,0.0
2020-11-09 23:00:00,0.0,,0.0,20.74,0.0
2020-11-10 00:00:00,0.0,,0.0,19.9,0.0
2020-11-10 01:00:00,0.0,,0.0,19.55,0.0
2020-11-10 02:00:00,0.0,,0.0,20.01,0.0
2020-11-10 03:00:00,0.0,,0.0,19.94,0.0
2020-11-10 04:00:00,0.0,,0.0,20.07,0.0
2020-11-10 05:00:00,0.0,,0.0,19.93,0.0
2020-11-10 06:00:00,0.0,,0.0,19.48,0.0
2020-11-10 07:00:00,32.637170572465905,0.819617543256301,0.14835077532939048,29.704,181.0
2020-11-10 08:00:00,66.83755150518104,0.7730459345961259,0.30380705229627747,43.641999999999996,393.0
2020-11-10 09:00:00,104.43612071484336,0.7192570297165521,0.47470963961292434,59.74,660.0
2020-11-10 10:00:00,102.70380763398363,0.7171052062141016,0.46683548924538015,60.384,651.0
2020-11-10 11:00:00,133.35174648784434,0.6675598042042669,0.6061443022174743,75.212,908.0
2020-11-10 12:00:00,111.77553251704514,0.6978991790524797,0.5080706023502052,66.132,728.0
2020-11-10 13:00:00,119.85412349229445,0.6826960782199502,0.5447914704195203,70.682,798.0
2020-11-10 14:00:00,91.58896562951382,0.7252848085960867,0.41631348013415376,57.93600000000001,574.0
2020-11-10 15:00:00,79.73557369330395,0.7381556535206809,0.3624344258786543,54.084,491.0
2020-11-10 16:00:00,19.538310143026724,0.807368187728377,0.08881050065012147,33.37,110.0
2020-11-10 17:00:00,20.1565647208009,0.810803086114276,0.09162074873091319,32.342,113.0
2020-11-10 18:00:00,1.10033133932987,0.8335843479771742,0.005001506087863045,25.524,6.0
2020-11-10 19:00:00,0.0,,0.0,24.42,0.0
2020-11-10 20:00:00,0.0,,0.0,23.65,0.0
2020-11-10 21:00:00,0.0,,0.0,22.17,0.0
2020-11-10 22:00:00,0.0,,0.0,21.99,0.0
2020-11-10 23:00:00,0.0,,0.0,20.35,0.0
2020-11-11 00:00:00,0.0,,0.0,20.09,0.0
2020-11-11 01:00:00,0.0,,0.0,20.44,0.0
2020-11-11 02:00:00,0.0,,0.0,20.01,0.0
2020-11-11 03:00:00,0.0,,0.0,20.02,0.0
2020-11-11 04:00:00,0.0,,0.0,19.96,0.0
2020-11-11 05:00:00,0.0,,0.0,19.88,0.0
2020-11-11 06:00:00,0.0,,0.0,19.66,0.0
2020-11-11 07:00:00,4.8466547205595685,0.8473172588390855,0.02203024872981622,21.414,26.0
2020-11-11 08:00:00,19.697358234428144,0.8290133937048881,0.08953344652012793,26.892,108.0
2020-11-11 09:00:00,98.76475704950558,0.7347474858615205,0.448930713861389,55.104,611.0
2020-11-11 10:00:00,110.12325951856585,0.7130488184315323,0.5005602705389357,61.59800000000001,702.0
2020-11-11 11:00:00,103.39617889874657,0.7164369380456387,0.46998263135793894,60.584,656.0
2020-11-11 12:00:00,99.99528988282337,0.7180474643316342,0.45452404492192444,60.102000000000004,633.0
2020-11-11 13:00:00,99.89321606335334,0.7139309324139033,0.4540600730152424,61.334,636.0
2020-11-11 14:00:00,111.2539179366096,0.6965559600338692,0.505699626984589,66.53399999999999,726.0
2020-11-11 15:00:00,96.69320645406552,0.7181610699202726,0.4395145747912069,60.06800000000001,612.0
2020-11-11 16:00:00,77.32224803539431,0.7509930850368524,0.35146476379724684,50.242,468.0
2020-11-11 17:00:00,18.708355560433375,0.8176728828860741,0.08503797982015171,30.286,104.0
2020-11-11 18:00:00,0.5522430480934184,0.836731891050634,0.0025101956731519016,24.582,3.0
2020-11-11 19:00:00,0.0,,0.0,23.51,0.0
2020-11-11 20:00:00,0.0,,0.0,22.99,0.0
2020-11-11 21:00:00,0.0,,0.0,22.56,0.0
2020-11-11 22:00:00,0.0,,0.0,21.37,0.0
2020-11-11 23:00:00,0.0,,0.0,20.26,0.0
2020-11-12 00:00:00,0.0,,0.0,20.29,0.0
2020-11-12 01:00:00,0.0,,0.0,19.67,0.0
2020-11-12 02:00:00,0.0,,0.0,19.08,0.0
2020-11-12 03:00:00,0.0,,0.0,19.42,0.0
2020-11-12 04:00:00,0.0,,0.0,19.45,0.0
2020-11-12 05:00:00,0.0,,0.0,19.23,0.0
2020-11-12 06:00:00,0.0,,0.0,18.89,0.0
2020-11-12 07:00:00,11.469719399957572,0.8408885190584731,0.05213508818162533,23.337999999999997,62.0
2020-11-12 08:00:00,52.18806848202106,0.7907283103336524,0.2372184931000957,38.349999999999994,300.0
2020-11-12 09:00:00,102.76048198716099,0.7219367850720878,0.46709309994164083,58.938,647.0
2020-11-12 10:00:00,128.26438344415533,0.677142769740024,0.5830199247461606,72.344,861.0
2020-11-12 11:00:00,134.5305683293256,0.6617993325921173,0.6115025833151164,76.936,924.0
2020-11-12 12:00:00,142.7526351438075,0.6430878238751577,0.6488756142900342,82.536,1009.0
2020-11-12 13:00:00,124.07748676424048,0.6738214769427635,0.5639885762010931,73.338,837.0
2020-11-12 14:00:00,127.53871237655788,0.6694242723942782,0.579721419893445,74.654,866.0
2020-11-12 15:00:00,105.90080923459155,0.7017016249310334,0.48136731470268884,64.994,686.0
2020-11-12 16:00:00,78.2329248685144,0.7408420915579016,0.35560420394779274,53.28,480.0
2020-11-12 17:00:00,14.173988302102734,0.8155344247469928,0.06442721955501242,30.926000000000002,79.0
2020-11-12 18:00:00,0.9156343137010414,0.8323948306373103,0.004161974153186552,25.88,5.0
2020-11-12 19:00:00,0.0,,0.0,24.06,0.0
2020-11-12 20:00:00,0.0,,0.0,23.97,0.0
2020-11-12 21:00:00,0.0,,0.0,22.39,0.0
2020-11-12 22:00:00,0.0,,0.0,22.84,0.0
2020-11-12 23:00:00,0.0,,0.0,21.49,0.0
2020-11-13 00:00:00,0.0,,0.0,20.33,0.0
2020-11-13 01:00:00,0.0,,0.0,19.5,0.0
2020-11-13 02:00:00,0.0,,0.0,19.13,0.0
2020-11-13 03:00:00,0.0,,0.0,19.34,0.0
2020-11-13 04:00:00,0.0,,0.0,20.05,0.0
2020-11-13 05:00:00,0.0,,0.0,19.21,0.0
2020-11-13 06:00:00,0.0,,0.0,18.96,0.0
2020-11-13 07:00:00,21.22020452903405,0.8315127166549392,0.09645547513197295,26.144,116.0
2020-11-13 08:00:00,37.33234720978275,0.8119257766372935,0.16969248731719433,32.006,209.0
2020-11-13 09:00:00,86.88961218249045,0.7494360202043338,0.39495278264768385,50.708,527.0
2020-11-13 10:00:00,115.73704760427422,0.7033121512170286,0.5260774891103374,64.51200000000001,748.0
2020-11-13 11:00:00,126.39082333205843,0.6823084826822415,0.5745037424184474,70.798,842.0
2020-11-13 12:00:00,132.71855036939877,0.6688094656792923,0.6032661380427217,74.83800000000001,902.0
2020-11-13 13:00:00,101.37838726977218,0.7133294910622866,0.46081085122623716,61.513999999999996,646.0
2020-11-13 14:00:00,116.9207872312072,0.6911028917792127,0.5314581237782146,68.166,769.0
2020-11-13 15:00:00,103.5257305687675,0.709760939042695,0.47057150258530683,62.58200000000001,663.0
2020-11-13 16:00:00,79.24697663922858,0.7473309754736757,0.3602135301783117,51.338,482.0
2020-11-13 17:00:00,8.542424149459588,0.8261532059438673,0.03882920067936176,27.748,47.0
2020-11-13 18:00:00,0.9190525053827288,0.8355022776206624,0.004177511388103313,24.95,5.0
2020-11-13 19:00:00,0.0,,0.0,23.55,0.0
2020-11-13 20:00:00,0.0,,0.0,23.2,0.0
2020-11-13 21:00:00,0.0,,0.0,22.45,0.0
2020-11-13 22:00:00,0.0,,0.0,22.63,0.0
2020-11-13 23:00:00,0.0,,0.0,21.49,0.0
2020-11-14 00:00:00,0.0,,0.0,20.38,0.0
2020-11-14 01:00:00,0.0,,0.0,20.12,0.0
2020-11-14 02:00:00,0.0,,0.0,19.94,0.0
2020-11-14 03:00:00,0.0,,0.0,19.75,0.0
2020-11-14 04:00:00,0.0,,0.0,19.75,0.0
2020-11-14 05:00:00,0.0,,0.0,20.26,0.0
2020-11-14 06:00:00,0.0,,0.0,20.5,0.0
2020-11-14 07:00:00,30.153996189052158,0.8207402337793184,0.13706361904114617,29.368000000000002,167.0
2020-11-14 08:00:00,64.66439755106153,0.777590158141673,0.2939290797775524,42.282,378.0
2020-11-14 09:00:00,77.73993341661685,0.7599211477675156,0.35336333371189477,47.57000000000001,465.0
2020-11-14 10:00:00,77.49566576356852,0.7591660047371525,0.3522530261980387,47.796,464.0
2020-11-14 11:00:00,77.94359148229674,0.7538064940260806,0.3542890521922579,49.4,470.0
2020-11-14 12:00:00,86.3765305846444,0.7380086345236192,0.3926205935665655,54.128,532.0
2020-11-14 13:00:00,104.51508755854519,0.7165438609525928,0.475068579811569,60.55200000000001,663.0
2020-11-14 14:00:00,68.40894200242678,0.7640042662768235,0.3109497363746672,46.348,407.0
2020-11-14 15:00:00,46.62010327731689,0.7877678823473622,0.21190956035144043,39.236000000000004,269.0
2020-11-14 16:00:00,74.03430930434378,0.7545282236480205,0.3365195877470172,49.184000000000005,446.0
2020-11-14 17:00:00,14.08367306201769,0.8207268684159493,0.06401669573644404,29.372,78.0
2020-11-14 18:00:00,0.9183174103974197,0.8348340094521997,0.0041741700472609986,25.15,5.0
2020-11-14 19:00:00,0.0,,0.0,23.58,0.0
2020-11-14 20:00:00,0.0,,0.0,23.11,0.0
2020-11-14 21:00:00,0.0,,0.0,22.94,0.0
2020-11-14 22:00:00,0.0,,0.0,21.61,0.0
2020-11-14 23:00:00,0.0,,0.0,20.46,0.0
2020-11-15 00:00:00,0.0,,0.0,19.6,0.0
2020-11-15 01:00:00,0.0,,0.0,19.41,0.0
2020-11-15 02:00:00,0.0,,0.0,18.93,0.0
2020-11-15 03:00:00,0.0,,0.0,18.63,0.0
2020-11-15 04:00:00,0.0,,0.0,18.65,0.0
2020-11-15 05:00:00,0.0,,0.0,18.76,0.0
2020-11-15 06:00:00,0.0,,0.0,19.23,0.0
2020-11-15 07:00:00,30.64169936762541,0.8192967745354388,0.1392804516710246,29.800000000000004,170.0
2020-11-15 08:00:00,70.7021443185971,0.7688358451348098,0.3213733832663505,44.902,418.0
2020-11-15 09:00:00,104.81106767362003,0.7207472677322242,0.4764139439710001,59.294,661.0
2020-11-15 10:00:00,126.44033933026884,0.6825757899496266,0.5747288151375857,70.718,842.0
2020-11-15 11:00:00,141.27480919363705,0.6532570610751072,0.6421582236074411,79.49254,983.01
2020-11-15 12:00:00,147.64258380882575,0.6355078585207343,0.6711026536764807,84.80454,1056.01
2020-11-15 13:00:00,133.88461390231498,0.6614852465529396,0.6085664268287044,77.03,920.0
2020-11-15 14:00:00,130.95843158562477,0.6665908153599958,0.5952655981164762,75.50200000000001,893.0
2020-11-15 15:00:00,87.16198839758701,0.7282920153541695,0.3961908563526682,57.036,544.0
2020-11-15 16:00:00,80.49649991639684,0.7376878658027569,0.36589318143816746,54.224000000000004,496.0
2020-11-15 17:00:00,16.957097611612276,0.811344383330731,0.07707771641641945,32.18,95.0
2020-11-15 18:00:00,0.18302100906232374,0.831913677556017,0.000831913677556017,26.023999999999997,1.0
2020-11-15 19:00:00,0.0,,0.0,24.52,0.0
2020-11-15 20:00:00,0.0,,0.0,23.77,0.0
2020-11-15 21:00:00,0.0,,0.0,23.04,0.0
2020-11-15 22:00:00,0.0,,0.0,21.99,0.0
2020-11-15 23:00:00,0.0,,0.0,21.54,0.0
2020-11-16 00:00:00,0.0,,0.0,20.39,0.0
2020-11-16 01:00:00,0.0,,0.0,20.19,0.0
2020-11-16 02:00:00,0.0,,0.0,20.25,0.0
2020-11-16 03:00:00,0.0,,0.0,20.01,0.0
2020-11-16 04:00:00,0.0,,0.0,20.14,0.0
2020-11-16 05:00:00,0.0,,0.0,19.82,0.0
2020-11-16 06:00:00,0.0,,0.0,19.72,0.0
2020-11-16 07:00:00,17.44942747802306,0.8349008362690461,0.07931557944555936,25.13,95.0
2020-11-16 08:00:00,59.354115482887565,0.7888638421436412,0.2697914340131253,38.908,342.0
2020-11-16 09:00:00,86.68258444139789,0.7504985665921895,0.3940117474608995,50.39,525.0
2020-11-16 10:00:00,124.48787706282884,0.6934485130505171,0.565853986649222,67.464,816.0
2020-11-16 11:00:00,131.71541916978632,0.6772697406920317,0.598706450771756,72.30600000000001,884.0
2020-11-16 12:00:00,131.86097091725748,0.6734472467684243,0.5993680496238977,73.44999999999999,890.0
2020-11-16 13:00:00,54.06229164979469,0.775197758098576,0.24573768931724857,42.998000000000005,317.0
2020-11-16 14:00:00,50.00261932917727,0.7783720318987746,0.22728463331444215,42.048,292.0
2020-11-16 15:00:00,90.43552661787533,0.7301431181808116,0.41107057553579696,56.482,563.0
2020-11-16 16:00:00,72.74852820212011,0.7515343822533069,0.33067512819145506,50.08,440.0
2020-11-16 17:00:00,15.803883539039267,0.8163162985040944,0.07183583426836031,30.692,88.0
2020-11-16 18:00:00,1.2840595097680612,0.833804876472767,0.005836634135309369,25.458,7.0
2020-11-16 19:00:00,0.0,,0.0,23.75,0.0
2020-11-16 20:00:00,0.0,,0.0,22.9,0.0
2020-11-16 21:00:00,0.0,,0.0,22.51,0.0
2020-11-16 22:00:00,0.0,,0.0,21.15,0.0
2020-11-16 23:00:00,0.0,,0.0,20.08,0.0
2020-11-17 00:00:00,0.0,,0.0,19.35,0.0
2020-11-17 01:00:00,0.0,,0.0,19.32,0.0
2020-11-17 02:00:00,0.0,,0.0,19.13,0.0
2020-11-17 03:00:00,0.0,,0.0,19.35,0.0
2020-11-17 04:00:00,0.0,,0.0,18.93,0.0
2020-11-17 05:00:00,0.0,,0.0,18.67,0.0
2020-11-17 06:00:00,0.0,,0.0,19.4,0.0
2020-11-17 07:00:00,14.552621027135757,0.8373199670388813,0.06614827739607163,24.406000000000002,79.0
2020-11-17 08:00:00,72.71037677238257,0.7686086339575325,0.330501712601739,44.97,430.0
2020-11-17 09:00:00,108.92420434536534,0.7165019605384302,0.49511001975166063,60.56454,691.01
2020-11-17 10:00:00,119.7826722597224,0.6953597600123209,0.5444666920896473,66.892,783.0
2020-11-17 11:00:00,131.3494668332499,0.6715894612600976,0.5970430310602268,74.006,889.0
2020-11-17 12:00:00,103.52373258059743,0.7086783446097852,0.4705624208208974,62.906000000000006,664.0
2020-11-17 13:00:00,95.3906416631373,0.7155013626097908,0.4335938257415332,60.864000000000004,606.0
2020-11-17 14:00:00,85.72337810753766,0.7269621616989286,0.3896517186706257,57.434,536.0
2020-11-17 15:00:00,92.82530571321556,0.7187959246803124,0.42193320778734345,59.878,587.0
2020-11-17 16:00:00,69.64588633420644,0.7501711151896427,0.31657221061002927,50.488,422.0
2020-11-17 17:00:00,19.233719125293977,0.8094999631857733,0.08742599602406353,32.732,108.0
2020-11-17 18:00:00,1.2801488044462166,0.8312654574326082,0.0058188582020282575,26.218,7.0
2020-11-17 19:00:00,0.0,,0.0,23.95,0.0
2020-11-17 20:00:00,0.0,,0.0,24.54,0.0
2020-11-17 21:00:00,0.0,,0.0,22.73,0.0
2020-11-17 22:00:00,0.0,,0.0,21.01,0.0
2020-11-17 23:00:00,0.0,,0.0,19.93,0.0
2020-11-18 00:00:00,0.0,,0.0,19.12,0.0
2020-11-18 01:00:00,0.0,,0.0,18.55,0.0
2020-11-18 02:00:00,0.0,,0.0,18.07,0.0
2020-11-18 03:00:00,0.0,,0.0,17.6,0.0
2020-11-18 04:00:00,0.0,,0.0,17.12,0.0
2020-11-18 05:00:00,0.0,,0.0,17.42,0.0
2020-11-18 06:00:00,0.0,,0.0,18.55,0.0
2020-11-18 07:00:00,30.78291111430329,0.8230724896872538,0.13992232324683312,28.67,170.0
2020-11-18 08:00:00,72.77048254895135,0.7674592127077763,0.3307749206770516,45.314,431.0
2020-11-18 09:00:00,106.46018711461237,0.7179672721514188,0.4839099414300562,60.126000000000005,674.0
2020-11-18 10:00:00,132.68951995016374,0.6723828960565138,0.6031341815916533,73.76854,897.01
2020-11-18 11:00:00,145.36843374329226,0.6446430843836214,0.6607656079240557,82.07054,1025.01
2020-11-18 12:00:00,147.59600774949956,0.6353073780701954,0.6708909443159071,84.86454,1056.01
2020-11-18 13:00:00,144.2250731926422,0.638949439588318,0.65556851451201,83.77454,1026.01
2020-11-18 14:00:00,128.84762250739928,0.6647798086234614,0.5856710113972694,76.044,881.0
2020-11-18 15:00:00,110.64615463446576,0.6917978906744139,0.5029370665202989,67.95800000000001,727.0
2020-11-18 16:00:00,57.24641585644995,0.7630820562043449,0.2602109811656816,46.624,341.0
2020-11-18 17:00:00,15.370612673938192,0.8124002470369023,0.0698664212451736,31.864,86.0
2020-11-18 18:00:00,1.2795827813075284,0.8308979099399535,0.005816285369579675,26.328,7.0
2020-11-18 19:00:00,0.0,,0.0,24.54,0.0
2020-11-18 20:00:00,0.0,,0.0,23.09,0.0
2020-11-18 21:00:00,0.0,,0.0,22.7,0.0
2020-11-18 22:00:00,0.0,,0.0,22.3,0.0
2020-11-18 23:00:00,0.0,,0.0,20.96,0.0
2020-11-19 00:00:00,0.0,,0.0,19.95,0.0
2020-11-19 01:00:00,0.0,,0.0,19.5,0.0
2020-11-19 02:00:00,0.0,,0.0,18.89,0.0
2020-11-19 03:00:00,0.0,,0.0,18.51,0.0
2020-11-19 04:00:00,0.0,,0.0,18.36,0.0
2020-11-19 05:00:00,0.0,,0.0,18.17,0.0
2020-11-19 06:00:00,0.0,,0.0,18.36,0.0
2020-11-19 07:00:00,28.29211232570192,0.8243622472523869,0.12860051057137237,28.284,156.0
2020-11-19 08:00:00,70.31431702548784,0.7682945479183549,0.3196105319340356,45.06400000000001,416.0
2020-11-19 09:00:00,98.8205125339513,0.7268351907469204,0.44918414788159683,57.472,618.0
2020-11-19 10:00:00,127.45124339088265,0.6791524526030422,0.5793238335949211,71.74254,853.01
2020-11-19 11:00:00,139.51487752094062,0.6537649448831391,0.6341585341860937,79.34054,970.01
2020-11-19 12:00:00,118.86214221341919,0.6821748290485491,0.5402824646064509,70.83800000000001,792.0
2020-11-19 13:00:00,108.72062183671756,0.6960347108624684,0.4941846447123525,66.69,710.0
2020-11-19 14:00:00,91.92436300789092,0.7266748063864895,0.41783801367223145,57.519999999999996,575.0
2020-11-19 15:00:00,29.741410896837685,0.7999303630133858,0.1351882313492622,35.596,169.0
2020-11-19 16:00:00,42.97271633015994,0.784459954913471,0.19533052877345428,40.226,249.0
2020-11-19 17:00:00,13.45003294620099,0.8151535118909691,0.06113651339182268,31.04,75.0
2020-11-19 18:00:00,1.649160606311513,0.8329093971270267,0.007496184574143241,25.726,9.0
2020-11-19 19:00:00,0.0,,0.0,24.21,0.0
2020-11-19 20:00:00,0.0,,0.0,23.79,0.0
2020-11-19 21:00:00,0.0,,0.0,23.37,0.0
2020-11-19 22:00:00,0.0,,0.0,21.91,0.0
2020-11-19 23:00:00,0.0,,0.0,21.06,0.0
2020-11-20 00:00:00,0.0,,0.0,21.54,0.0
2020-11-20 01:00:00,0.0,,0.0,20.45,0.0
2020-11-20 02:00:00,0.0,,0.0,19.72,0.0
2020-11-20 03:00:00,0.0,,0.0,19.93,0.0
2020-11-20 04:00:00,0.0,,0.0,19.89,0.0
2020-11-20 05:00:00,0.0,,0.0,19.65,0.0
2020-11-20 06:00:00,0.0,,0.0,19.15,0.0
2020-11-20 07:00:00,27.26614319508592,0.8262467634874522,0.12393701452311782,27.72,150.0
2020-11-20 08:00:00,67.10858543683442,0.772250695475655,0.3050390247128837,43.879999999999995,395.0
2020-11-20 09:00:00,96.19007951251052,0.7299292723669033,0.4372276341477751,56.54600000000001,599.0
2020-11-20 10:00:00,126.36697685073501,0.6854359777106477,0.5743953493215228,69.862,838.0
2020-11-20 11:00:00,123.59100972410273,0.6842598257341531,0.5617773169277397,70.214,821.0
2020-11-20 12:00:00,144.67805937875877,0.6440951044854818,0.6576275426307217,82.23454000000001,1021.01
2020-11-20 13:00:00,101.01895816613535,0.7064262808820654,0.4591770825733425,63.58,650.0
2020-11-20 14:00:00,113.32959388510722,0.6868460235461044,0.5151345176595783,69.44,750.0
2020-11-20 15:00:00,101.39787316764276,0.7015211925255483,0.46089942348928525,65.048,657.0
2020-11-20 16:00:00,74.69256040026862,0.7380687786587808,0.3395116381830392,54.11,460.0
2020-11-20 17:00:00,14.08339519611324,0.8103219330329828,0.06401543270960564,32.486,79.0
2020-11-20 18:00:00,1.4565936537699646,0.8276100305511163,0.006620880244408931,27.311999999999998,8.0
2020-11-20 19:00:00,0.0,,0.0,25.21,0.0
2020-11-20 20:00:00,0.0,,0.0,24.61,0.0
2020-11-20 21:00:00,0.0,,0.0,23.74,0.0
2020-11-20 22:00:00,0.0,,0.0,22.77,0.0
2020-11-20 23:00:00,0.0,,0.0,21.26,0.0
2020-11-21 00:00:00,0.0,,0.0,20.48,0.0
2020-11-21 01:00:00,0.0,,0.0,19.94,0.0
2020-11-21 02:00:00,0.0,,0.0,19.48,0.0
2020-11-21 03:00:00,0.0,,0.0,19.02,0.0
2020-11-21 04:00:00,0.0,,0.0,18.69,0.0
2020-11-21 05:00:00,0.0,,0.0,18.65,0.0
2020-11-21 06:00:00,0.0,,0.0,19.26,0.0
2020-11-21 07:00:00,25.812157658323837,0.826253446169137,0.11732798935601745,27.718,142.0
2020-11-21 08:00:00,55.283847503151904,0.7852819247606804,0.25129021592341777,39.98,320.0
2020-11-21 09:00:00,86.32186304077692,0.7417242055402725,0.3923721047308042,53.016,529.0
2020-11-21 10:00:00,108.9415355220826,0.7053971479026327,0.4951887978276482,63.888000000000005,702.0
2020-11-21 11:00:00,125.69697893694492,0.6761537328506988,0.5713499042588406,72.64,845.0
2020-11-21 12:00:00,147.56528418995438,0.6369847311730372,0.6707512917725199,84.36254,1053.01
2020-11-21 13:00:00,132.21299026344238,0.6611310644236543,0.6009681375611017,77.13600000000001,909.0
2020-11-21 14:00:00,96.81192429419298,0.7132158854736479,0.4400542013372408,61.548,617.0
2020-11-21 15:00:00,30.391102546753586,0.7939159494972201,0.1381413752125163,37.396,174.0
2020-11-21 16:00:00,36.67728789628412,0.7863912499203285,0.16671494498310963,39.648,212.0
2020-11-21 17:00:00,22.10706281444018,0.8038931932523702,0.10048664915654627,34.41,125.0
2020-11-21 18:00:00,1.8216388830945331,0.8280176741338786,0.008280176741338787,27.189999999999998,10.0
2020-11-21 19:00:00,0.0,,0.0,25.66,0.0
2020-11-21 20:00:00,0.0,,0.0,24.67,0.0
2020-11-21 21:00:00,0.0,,0.0,23.34,0.0
2020-11-21 22:00:00,0.0,,0.0,22.04,0.0
2020-11-21 23:00:00,0.0,,0.0,21.27,0.0
2020-11-22 00:00:00,0.0,,0.0,20.77,0.0
2020-11-22 01:00:00,0.0,,0.0,20.21,0.0
2020-11-22 02:00:00,0.0,,0.0,19.96,0.0
2020-11-22 03:00:00,0.0,,0.0,19.59,0.0
2020-11-22 04:00:00,0.0,,0.0,20.86,0.0
2020-11-22 05:00:00,0.0,,0.0,20.96,0.0
2020-11-22 06:00:00,0.0,,0.0,20.42,0.0
2020-11-22 07:00:00,5.5846636223904556,0.8461611549076449,0.025384834647229345,21.76,30.0
2020-11-22 08:00:00,31.587504919903473,0.8111839989702998,0.14357956781774306,32.228,177.0
2020-11-22 09:00:00,86.65490811520102,0.7431810301475217,0.3938859459781865,52.58,530.0
2020-11-22 10:00:00,116.4325444929147,0.6972843723374937,0.5292388386041578,66.316,759.0
2020-11-22 11:00:00,142.6950412710454,0.651212160479611,0.6486138239592972,80.10454,996.01
2020-11-22 12:00:00,150.10984811981922,0.6329417087538368,0.6823174914537237,85.57254,1078.01
2020-11-22 13:00:00,145.0957969664272,0.6390697278586412,0.6595263498473963,83.73854,1032.01
2020-11-22 14:00:00,132.31388141402485,0.6594519069967576,0.6014267337001129,77.63854,912.01
2020-11-22 15:00:00,111.17802790250879,0.6922571913865986,0.5053546722841309,67.82054,730.01
2020-11-22 16:00:00,81.64330690107789,0.7334109495245947,0.37110594045944495,55.504000000000005,506.0
2020-11-22 17:00:00,14.464468436497489,0.8116985654600162,0.06574758380226131,32.074,81.0
2020-11-22 18:00:00,1.6393029825585177,0.8279307992719787,0.007451377193447808,27.216,9.0
2020-11-22 19:00:00,0.0,,0.0,26.19,0.0
2020-11-22 20:00:00,0.0,,0.0,24.49,0.0
2020-11-22 21:00:00,0.0,,0.0,22.85,0.0
2020-11-22 22:00:00,0.0,,0.0,23.47,0.0
2020-11-22 23:00:00,0.0,,0.0,22.69,0.0
2020-11-23 00:00:00,0.0,,0.0,21.97,0.0
2020-11-23 01:00:00,0.0,,0.0,22.47,0.0
2020-11-23 02:00:00,0.0,,0.0,22.76,0.0
2020-11-23 03:00:00,0.0,,0.0,21.05,0.0
2020-11-23 04:00:00,0.0,,0.0,20.81,0.0
2020-11-23 05:00:00,0.0,,0.0,20.79,0.0
2020-11-23 06:00:00,0.0,,0.0,20.33,0.0
2020-11-23 07:00:00,20.6400072888393,0.8302496898165447,0.09381821494926955,26.522000000000002,113.0
2020-11-23 08:00:00,47.20941716551944,0.7947713327528525,0.21458825984327018,37.14,270.0
2020-11-23 09:00:00,83.55382464865619,0.7476183307861147,0.3797901120393463,51.252,508.0
2020-11-23 10:00:00,103.51406461135066,0.7150736709819748,0.4705184755061394,60.992000000000004,658.0
2020-11-23 11:00:00,123.47634225734437,0.6836249709741135,0.5612561011697471,70.404,821.0
2020-11-23 12:00:00,132.89091250117414,0.6637907717341366,0.6040496022780643,76.34,910.0
2020-11-23 13:00:00,141.61115965206642,0.646915196156395,0.6436870893275747,81.39054,995.01
2020-11-23 14:00:00,134.02223116286228,0.6592915226363267,0.6091919598311922,77.68654000000001,924.01
2020-11-23 15:00:00,113.01156281304866,0.690432819286695,0.5136889218774939,68.36654,744.01
2020-11-23 16:00:00,81.9667545753738,0.7334176322062794,0.37257615716079,55.502,508.0
2020-11-23 17:00:00,14.462682155683188,0.8115983252347468,0.0657394643440145,32.104,81.0
2020-11-23 18:00:00,1.8195806171356677,0.8270820986980307,0.008270820986980308,27.47,10.0
2020-11-23 19:00:00,0.0,,0.0,25.47,0.0
2020-11-23 20:00:00,0.0,,0.0,24.58,0.0
2020-11-23 21:00:00,0.0,,0.0,23.99,0.0
2020-11-23 22:00:00,0.0,,0.0,23.72,0.0
2020-11-23 23:00:00,0.0,,0.0,23.8,0.0
2020-11-24 00:00:00,0.0,,0.0,23.67,0.0
2020-11-24 01:00:00,0.0,,0.0,22.45,0.0
2020-11-24 02:00:00,0.0,,0.0,21.97,0.0
2020-11-24 03:00:00,0.0,,0.0,21.82,0.0
2020-11-24 04:00:00,0.0,,0.0,20.81,0.0
2020-11-24 05:00:00,0.0,,0.0,20.46,0.0
2020-11-24 06:00:00,0.0,,0.0,19.72,0.0
2020-11-24 07:00:00,6.150844071405336,0.8472237012955008,0.027958382142751526,21.442,33.0
2020-11-24 08:00:00,30.71962384663809,0.8165769230897951,0.13963465384835497,30.614,171.0
2020-11-24 09:00:00,65.97579230295328,0.772912280962433,0.299889965013424,43.682,388.0
2020-11-24 10:00:00,119.37235694082253,0.6974313913345556,0.5426016224582842,66.272,778.0
2020-11-24 11:00:00,126.15424771293638,0.6802234859966374,0.5734283986951654,71.422,843.0
2020-11-24 12:00:00,143.34382434355948,0.6476703391867579,0.6515628379252704,81.16454,1006.01
2020-11-24 13:00:00,141.45768756486845,0.6455652944561001,0.6429894889312202,81.79454,996.01
2020-11-24 14:00:00,132.8847877592965,0.6565382577822598,0.6040217625422568,78.51053999999999,920.01
2020-11-24 15:00:00,102.53452113962682,0.7040271981572838,0.4660660051801219,64.298,662.0
2020-11-24 16:00:00,83.16341499229782,0.7311570814728203,0.3780155226922628,56.178540000000005,517.01
2020-11-24 17:00:00,17.64590072531654,0.8101882793992902,0.08020863966052973,32.526,99.0
2020-11-24 18:00:00,1.6413538975675301,0.8289666149330961,0.007460699534397864,26.906000000000002,9.0
2020-11-24 19:00:00,0.0,,0.0,26.15,0.0
2020-11-24 20:00:00,0.0,,0.0,24.28,0.0
2020-11-24 21:00:00,0.0,,0.0,23.12,0.0
2020-11-24 22:00:00,0.0,,0.0,22.55,0.0
2020-11-24 23:00:00,0.0,,0.0,21.73,0.0
2020-11-25 00:00:00,0.0,,0.0,21.15,0.0
2020-11-25 01:00:00,0.0,,0.0,21.03,0.0
2020-11-25 02:00:00,0.0,,0.0,21.71,0.0
2020-11-25 03:00:00,0.0,,0.0,21.83,0.0
2020-11-25 04:00:00,0.0,,0.0,21.74,0.0
2020-11-25 05:00:00,0.0,,0.0,21.25,0.0
2020-11-25 06:00:00,0.0,,0.0,21.02,0.0
2020-11-25 07:00:00,30.407289338330095,0.8178399499281898,0.13821495153786406,30.235999999999997,169.0
2020-11-25 08:00:00,71.03252540879444,0.7651069087547872,0.3228751154945202,46.018,422.0
2020-11-25 09:00:00,103.619320300197,0.7179721505090485,0.4709969104554409,60.124539999999996,656.01
2020-11-25 10:00:00,115.96376559964325,0.6953931734207439,0.5271080254529239,66.882,758.0
2020-11-25 11:00:00,132.20316204348882,0.6669516801709657,0.60092346383404,75.39399999999999,901.0
2020-11-25 12:00:00,124.84342780532317,0.6723579696538301,0.5674701263878326,73.776,844.0
2020-11-25 13:00:00,134.4557650636205,0.6529514620416692,0.6111625684710023,79.584,936.0
2020-11-25 14:00:00,131.98771466748403,0.6556695091632582,0.5999441575794728,78.77054,915.01
2020-11-25 15:00:00,111.27138811184956,0.6890628695413461,0.5057790368720435,68.77654000000001,734.01
2020-11-25 16:00:00,80.84882212171568,0.7320610478242999,0.3674946460077986,55.908,502.0
2020-11-25 17:00:00,14.589756555603605,0.8087448201554105,0.06631707525274366,32.958,82.0
2020-11-25 18:00:00,2.1867782045772213,0.8283250774913716,0.00993990092989646,27.098,12.0
2020-11-25 19:00:00,0.0,,0.0,25.22,0.0
2020-11-25 20:00:00,0.0,,0.0,24.14,0.0
2020-11-25 21:00:00,0.0,,0.0,23.29,0.0
2020-11-25 22:00:00,0.0,,0.0,23.1,0.0
2020-11-25 23:00:00,0.0,,0.0,22.3,0.0
2020-11-26 00:00:00,0.0,,0.0,22.32,0.0
2020-11-26 01:00:00,0.0,,0.0,21.46,0.0
2020-11-26 02:00:00,0.0,,0.0,21.25,0.0
2020-11-26 03:00:00,0.0,,0.0,21.01,0.0
2020-11-26 04:00:00,0.0,,0.0,21.33,0.0
2020-11-26 05:00:00,0.0,,0.0,21.38,0.0
2020-11-26 06:00:00,0.0,,0.0,21.12,0.0
2020-11-26 07:00:00,13.42074235141636,0.8356626619810934,0.061003374324619816,24.902,73.0
2020-11-26 08:00:00,30.24081972795699,0.8133625531994887,0.13745827149071357,31.576,169.0
2020-11-26 09:00:00,86.45521515187188,0.7442769899438006,0.3929782506903267,52.251999999999995,528.0
2020-11-26 10:00:00,105.80808435314464,0.7114583401905906,0.4809458379688393,62.074,676.0
2020-11-26 11:00:00,117.24603294783715,0.6921253420769607,0.5329365133992597,67.86000000000001,770.0
2020-11-26 12:00:00,98.37408640899315,0.7154479011563138,0.44715493822269614,60.879999999999995,625.0
2020-11-26 13:00:00,87.91468155684443,0.7278910544530918,0.3996121888947474,57.156000000000006,549.0
2020-11-26 14:00:00,76.22136978539535,0.7403007943414468,0.34646077175179707,53.442,468.0
2020-11-26 15:00:00,102.10299097945096,0.7063995501553271,0.4641045044520498,63.588,657.0
2020-11-26 16:00:00,81.94949465876441,0.7332487608401088,0.3724977029943837,55.55254000000001,508.01
2020-11-26 17:00:00,14.161212351258062,0.8147993297616837,0.06436914705117301,31.146,79.0
2020-11-26 18:00:00,2.0053876361923133,0.8286725769389724,0.009115398346328697,26.994,11.0
2020-11-26 19:00:00,0.0,,0.0,25.28,0.0
2020-11-26 20:00:00,0.0,,0.0,24.2,0.0
2020-11-26 21:00:00,0.0,,0.0,24.18,0.0
2020-11-26 22:00:00,0.0,,0.0,23.8,0.0
2020-11-26 23:00:00,0.0,,0.0,22.85,0.0
2020-11-27 00:00:00,0.0,,0.0,22.03,0.0
2020-11-27 01:00:00,0.0,,0.0,20.71,0.0
2020-11-27 02:00:00,0.0,,0.0,20.6,0.0
2020-11-27 03:00:00,0.0,,0.0,20.43,0.0
2020-11-27 04:00:00,0.0,,0.0,20.24,0.0
2020-11-27 05:00:00,0.0,,0.0,19.92,0.0
2020-11-27 06:00:00,0.0,,0.0,19.77,0.0
2020-11-27 07:00:00,3.1780390903668647,0.8497430722906055,0.014445632228940294,20.688,17.0
2020-11-27 08:00:00,18.344295358389118,0.8338316071995053,0.08338316071995054,25.450000000000003,100.0
2020-11-27 09:00:00,42.74926215652567,0.8062855932954671,0.19431482798420757,33.694,241.0
2020-11-27 10:00:00,110.07657804661874,0.7199252978850146,0.5003480820300852,59.540000000000006,695.0
2020-11-27 11:00:00,137.3112359727662,0.6732850580839386,0.6241419816943918,73.49854,927.01
2020-11-27 12:00:00,142.29810817993032,0.6573201315393613,0.6468095826360469,78.27654000000001,984.01
2020-11-27 13:00:00,140.87002484702188,0.6560571047009666,0.6403182947591903,78.65454,976.01
2020-11-27 14:00:00,127.57482500168226,0.6750626514120497,0.5798855681894648,72.96654000000001,859.01
2020-11-27 15:00:00,97.05778857354936,0.7173524654364327,0.4411717662434062,60.31,615.0
2020-11-27 16:00:00,75.30878758607331,0.7506856816793591,0.34231267084578776,50.334,456.0
2020-11-27 17:00:00,14.587126385746169,0.8185817275951834,0.06630511993520986,30.014000000000003,81.0
2020-11-27 18:00:00,2.0142822855145535,0.832348051865518,0.009155828570520698,25.894000000000002,11.0
2020-11-27 19:00:00,0.0,,0.0,24.16,0.0
2020-11-27 20:00:00,0.0,,0.0,23.57,0.0
2020-11-27 21:00:00,0.0,,0.0,23.58,0.0
2020-11-27 22:00:00,0.0,,0.0,23.46,0.0
2020-11-27 23:00:00,0.0,,0.0,21.99,0.0
2020-11-28 00:00:00,0.0,,0.0,21.44,0.0
2020-11-28 01:00:00,0.0,,0.0,21.18,0.0
2020-11-28 02:00:00,0.0,,0.0,21.17,0.0
2020-11-28 03:00:00,0.0,,0.0,20.83,0.0
2020-11-28 04:00:00,0.0,,0.0,20.48,0.0
2020-11-28 05:00:00,0.0,,0.0,20.24,0.0
2020-11-28 06:00:00,0.0,,0.0,20.18,0.0
2020-11-28 07:00:00,5.956315885442982,0.8460675973640599,0.02707416311564992,21.788,32.0
2020-11-28 08:00:00,7.615978058714619,0.8443434654894256,0.03461808208506645,22.304,41.0
2020-11-28 09:00:00,20.282693788570214,0.8305771412190914,0.09219406267531915,26.424,111.0
2020-11-28 10:00:00,16.862008664692627,0.8331031948958809,0.07664549393042104,25.668,92.0
2020-11-28 11:00:00,27.4322187945469,0.8149797621671686,0.12469190361157681,31.092,153.0
2020-11-28 12:00:00,49.09865832384295,0.7914032611837999,0.22317571965383157,38.148,282.0
2020-11-28 13:00:00,42.550638021305176,0.7959341193659778,0.19341199100593262,36.792,243.0
2020-11-28 14:00:00,77.48543324137303,0.7590657645118831,0.3522065147335138,47.826,464.0
2020-11-28 15:00:00,98.41371243927121,0.734540322729297,0.44733505654214184,55.166000000000004,609.0
2020-11-28 16:00:00,49.123533938145805,0.7918042220848776,0.22328879062793547,38.028000000000006,282.0
2020-11-28 17:00:00,18.141409142443802,0.8246095064747183,0.08246095064747183,28.21,100.0
2020-11-28 18:00:00,2.2217981296773477,0.8415902006353589,0.010099082407624308,23.128,12.0
2020-11-28 19:00:00,0.0,,0.0,21.76,0.0
2020-11-28 20:00:00,0.0,,0.0,20.59,0.0
2020-11-28 21:00:00,0.0,,0.0,20.38,0.0
2020-11-28 22:00:00,0.0,,0.0,20.35,0.0
2020-11-28 23:00:00,0.0,,0.0,20.4,0.0
2020-11-29 00:00:00,0.0,,0.0,20.26,0.0
2020-11-29 01:00:00,0.0,,0.0,20.17,0.0
2020-11-29 02:00:00,0.0,,0.0,19.91,0.0
2020-11-29 03:00:00,0.0,,0.0,19.88,0.0
2020-11-29 04:00:00,0.0,,0.0,19.98,0.0
2020-11-29 05:00:00,0.0,,0.0,19.85,0.0
2020-11-29 06:00:00,0.0,,0.0,19.74,0.0
2020-11-29 07:00:00,21.572365013456125,0.8309847848018538,0.09805620460661875,26.302,118.0
2020-11-29 08:00:00,44.59368016302497,0.8011800244884112,0.20269854619556804,35.222,253.0
2020-11-29 09:00:00,65.22343728738912,0.7760999201260008,0.2964701694881324,42.728,382.0
2020-11-29 10:00:00,77.42959542628897,0.7552633186333298,0.3519527064831317,48.964,466.0
2020-11-29 11:00:00,68.38687445096781,0.7618858561827964,0.310849429322581,46.982,408.0
2020-11-29 12:00:00,74.8476625017889,0.7493758760691721,0.3402166477354041,50.726,454.0
2020-11-29 13:00:00,105.05257430990349,0.7095270451837329,0.47751170140865223,62.652,673.0
2020-11-29 14:00:00,110.33246461100484,0.701414269618594,0.5015112027772947,65.08,715.0
2020-11-29 15:00:00,100.75858752233887,0.7156149681984294,0.4579935796469949,60.83,640.0
2020-11-29 16:00:00,28.614075108127494,0.8028640602729376,0.13006397776421588,34.718,162.0
2020-11-29 17:00:00,12.663995878409947,0.8223373947019447,0.05756361762913612,28.89,70.0
2020-11-29 18:00:00,2.385025971165238,0.8339251647430903,0.010841027141660173,25.422,13.0
2020-11-29 19:00:00,0.0,,0.0,23.65,0.0
2020-11-29 20:00:00,0.0,,0.0,23.13,0.0
2020-11-29 21:00:00,0.0,,0.0,22.74,0.0
2020-11-29 22:00:00,0.0,,0.0,22.11,0.0
2020-11-29 23:00:00,0.0,,0.0,21.27,0.0
2020-11-30 00:00:00,0.0,,0.0,20.46,0.0
2020-11-30 01:00:00,0.0,,0.0,20.0,0.0
2020-11-30 02:00:00,0.0,,0.0,19.15,0.0
2020-11-30 03:00:00,0.0,,0.0,18.55,0.0
2020-11-30 04:00:00,0.0,,0.0,17.93,0.0
2020-11-30 05:00:00,0.0,,0.0,17.54,0.0
2020-11-30 06:00:00,0.0,,0.0,17.21,0.0
2020-11-30 07:00:00,29.578666747850118,0.8299289210956823,0.13444848521750052,26.618000000000002,162.0
2020-11-30 08:00:00,70.3479549720156,0.7686620954110096,0.31976343169098,44.954,416.0
2020-11-30 09:00:00,104.51643295482158,0.7176246510614477,0.475074695249189,60.22854000000001,662.01
2020-11-30 10:00:00,103.21641436046917,0.7162832363668923,0.4691655198203144,60.63000000000001,655.0
2020-11-30 11:00:00,95.19935524606018,0.7224112554716966,0.4327243420275463,58.79600000000001,599.0
2020-11-30 12:00:00,85.07735311140847,0.7324152299535853,0.38671524141549307,55.802,528.0
2020-11-30 13:00:00,108.48877287835106,0.699476291930052,0.49313078581068664,65.66000000000001,705.0
2020-11-30 14:00:00,89.09279623694981,0.7244494733855082,0.40496725562249913,58.186,559.0
2020-11-30 15:00:00,66.37877284408972,0.7524231789173625,0.30172169474586236,49.81400000000001,401.0
2020-11-30 16:00:00,59.34764076625695,0.7620395578615429,0.2697620034829861,46.936,354.0
2020-11-30 17:00:00,18.85166967876924,0.8083906380261252,0.08568940763076928,33.064,106.0
2020-11-30 18:00:00,2.3702138072112593,0.8287460864375032,0.010773699123687542,26.972,13.0
2020-11-30 19:00:00,0.0,,0.0,24.54,0.0
2020-11-30 20:00:00,0.0,,0.0,23.75,0.0
2020-11-30 21:00:00,0.0,,0.0,24.33,0.0
2020-11-30 22:00:00,0.0,,0.0,24.21,0.0
2020-11-30 23:00:00,0.0,,0.0,22.86,0.0
2020-12-01 00:00:00,0.0,,0.0,20.74,0.0
2020-12-01 01:00:00,0.0,,0.0,19.79,0.0
2020-12-01 02:00:00,0.0,,0.0,19.07,0.0
2020-12-01 03:00:00,0.0,,0.0,18.57,0.0
2020-12-01 04:00:00,0.0,,0.0,18.21,0.0
2020-12-01 05:00:00,0.0,,0.0,17.95,0.0
2020-12-01 06:00:00,0.0,,0.0,17.79,0.0
2020-12-01 07:00:00,27.086238988761302,0.8318869468292782,0.12311926813073319,26.032,148.0
2020-12-01 08:00:00,55.56120178148897,0.7843196185980938,0.25255091718858624,40.268,322.0
2020-12-01 09:00:00,80.72091706446187,0.7472775140201988,0.3669132593839176,51.354,491.0
2020-12-01 10:00:00,116.67261034302702,0.6950590393365126,0.5303300470137592,66.982,763.0
2020-12-01 11:00:00,123.27016134567488,0.6808249273482541,0.5603189152076131,71.242,823.0
2020-12-01 12:00:00,99.4724476937624,0.7109237256558205,0.4521474895171018,62.234,636.0
2020-12-01 13:00:00,73.06207855753381,0.7429538189702442,0.33210035707969915,52.647999999999996,447.0
2020-12-01 14:00:00,95.22136398992032,0.7142316530897114,0.4328243817723651,61.244,606.0
2020-12-01 15:00:00,91.6802497247895,0.7197381827978451,0.4167284078399523,59.596000000000004,579.0
2020-12-01 16:00:00,72.65121191739499,0.7454464592386106,0.3302327814427045,51.902,443.0
2020-12-01 17:00:00,22.487102511275086,0.8048354513699029,0.10221410232397767,34.128,127.0
2020-12-01 18:00:00,2.5511589080350703,0.8282983467646332,0.011596176854704866,27.106,14.0
2020-12-01 19:00:00,0.0,,0.0,24.6,0.0
2020-12-01 20:00:00,0.0,,0.0,24.3,0.0
2020-12-01 21:00:00,0.0,,0.0,23.64,0.0
2020-12-01 22:00:00,0.0,,0.0,23.55,0.0
2020-12-01 23:00:00,0.0,,0.0,23.03,0.0
2020-12-02 00:00:00,0.0,,0.0,21.68,0.0
2020-12-02 01:00:00,0.0,,0.0,21.36,0.0
2020-12-02 02:00:00,0.0,,0.0,21.29,0.0
2020-12-02 03:00:00,0.0,,0.0,20.68,0.0
2020-12-02 04:00:00,0.0,,0.0,20.44,0.0
2020-12-02 05:00:00,0.0,,0.0,20.34,0.0
2020-12-02 06:00:00,0.0,,0.0,20.1,0.0
2020-12-02 07:00:00,27.903129463275747,0.82358705617697,0.1268324066512534,28.516,154.0
2020-12-02 08:00:00,63.65001057703405,0.7777371771387347,0.28931822989560935,42.238,372.0
2020-12-02 09:00:00,92.16978476006616,0.7375943082591723,0.41895356709120984,54.251999999999995,568.0
2020-12-02 10:00:00,119.99200672887885,0.6939163007684412,0.5454182124039948,67.324,786.0
2020-12-02 11:00:00,129.60564363511025,0.6755923875891903,0.5891165619777738,72.80799999999999,872.0
2020-12-02 12:00:00,129.8235845963547,0.676728443475577,0.5901072027107032,72.468,872.0
2020-12-02 13:00:00,139.78175377005897,0.6577277751221235,0.6353716080457226,78.15454,966.01
2020-12-02 14:00:00,115.4844042789633,0.6943506750779419,0.5249291103589241,67.194,756.0
2020-12-02 15:00:00,103.61647216394404,0.709313199369825,0.4709839643815638,62.716,664.0
2020-12-02 16:00:00,83.98052562776034,0.7383409642837957,0.3817296619443652,54.02854000000001,517.01
2020-12-02 17:00:00,13.69618391260166,0.8191497555383769,0.06225538142091663,29.844,76.0
2020-12-02 18:00:00,2.7510929825193857,0.8336645401573897,0.012504968102360844,25.5,15.0
2020-12-02 19:00:00,0.0,,0.0,23.46,0.0
2020-12-02 20:00:00,0.0,,0.0,23.37,0.0
2020-12-02 21:00:00,0.0,,0.0,22.04,0.0
2020-12-02 22:00:00,0.0,,0.0,22.39,0.0
2020-12-02 23:00:00,0.0,,0.0,20.05,0.0
2020-12-03 00:00:00,0.0,,0.0,19.0,0.0
2020-12-03 01:00:00,0.0,,0.0,18.07,0.0
2020-12-03 02:00:00,0.0,,0.0,17.6,0.0
2020-12-03 03:00:00,0.0,,0.0,17.32,0.0
2020-12-03 04:00:00,0.0,,0.0,17.15,0.0
2020-12-03 05:00:00,0.0,,0.0,16.87,0.0
2020-12-03 06:00:00,0.0,,0.0,18.11,0.0
2020-12-03 07:00:00,24.06620415491673,0.8287260383924494,0.10939183706780331,26.978,132.0
2020-12-03 08:00:00,51.96019197695517,0.7925593651152406,0.2361826908043417,37.802,298.0
2020-12-03 09:00:00,80.65932639602275,0.7559449521651617,0.3666333018001034,48.760000000000005,485.0
2020-12-03 10:00:00,109.57693398510416,0.7115385323708062,0.49807697265956435,62.05,700.0
2020-12-03 11:00:00,123.10356382877436,0.6865787162787191,0.5595616537671562,69.52,815.0
2020-12-03 12:00:00,135.1214964861159,0.6647062991249306,0.6141886203914358,76.066,924.0
2020-12-03 13:00:00,121.35072689592482,0.6843600659594227,0.5515942131632946,70.184,806.0
2020-12-03 14:00:00,111.96979753900277,0.6981531209564956,0.5089536251772853,66.056,729.0
2020-12-03 15:00:00,99.52071403049777,0.7169047257635627,0.4523668819568081,60.444,631.0
2020-12-03 16:00:00,68.40269516524162,0.7564996147449858,0.3109213416601892,48.594,411.0
2020-12-03 17:00:00,23.136600096114872,0.8089720313326878,0.10516636407324942,32.89,130.0
2020-12-03 18:00:00,2.7459105628729565,0.832094109961502,0.01248141164942253,25.97,15.0
2020-12-03 19:00:00,0.0,,0.0,23.93,0.0
2020-12-03 20:00:00,0.0,,0.0,23.79,0.0
2020-12-03 21:00:00,0.0,,0.0,23.1,0.0
2020-12-03 22:00:00,0.0,,0.0,22.73,0.0
2020-12-03 23:00:00,0.0,,0.0,21.38,0.0
2020-12-04 00:00:00,0.0,,0.0,19.73,0.0
2020-12-04 01:00:00,0.0,,0.0,19.13,0.0
2020-12-04 02:00:00,0.0,,0.0,18.65,0.0
2020-12-04 03:00:00,0.0,,0.0,18.53,0.0
2020-12-04 04:00:00,0.0,,0.0,18.38,0.0
2020-12-04 05:00:00,0.0,,0.0,17.84,0.0
2020-12-04 06:00:00,0.0,,0.0,17.98,0.0
2020-12-04 07:00:00,11.844038587616799,0.8411959224159659,0.053836539034621815,23.246,64.0
2020-12-04 08:00:00,38.82397990112246,0.8058111228958585,0.17647263591419302,33.836,219.0
2020-12-04 09:00:00,65.28038656609098,0.7727318485569481,0.2967290298458681,43.736000000000004,384.0
2020-12-04 10:00:00,84.07472471676599,0.7493290972973795,0.38215783962166355,50.74,510.0
2020-12-04 11:00:00,125.26994314750924,0.688523376648946,0.5694088324886784,68.93800000000002,827.0
2020-12-04 12:00:00,127.23910824320545,0.6820278100514872,0.5783595829236612,70.882,848.0
2020-12-04 13:00:00,127.15626450855108,0.6791809876538355,0.577983020493414,71.734,851.0
2020-12-04 14:00:00,110.16890891715353,0.7033255165803979,0.5007677678052433,64.508,712.0
2020-12-04 15:00:00,104.3327854723785,0.7088788250603241,0.47423993396535685,62.846,669.0
2020-12-04 16:00:00,78.08829787053479,0.7441232882650543,0.3549468085024309,52.298,477.0
2020-12-04 17:00:00,15.453428474983117,0.8167774035403338,0.07024285670446871,30.554000000000002,86.0
2020-12-04 18:00:00,2.9292770665783756,0.8321809848234022,0.013314895757174434,25.944,16.0
2020-12-04 19:00:00,0.0,,0.0,23.91,0.0
2020-12-04 20:00:00,0.0,,0.0,23.45,0.0
2020-12-04 21:00:00,0.0,,0.0,23.01,0.0
2020-12-04 22:00:00,0.0,,0.0,23.05,0.0
2020-12-04 23:00:00,0.0,,0.0,22.64,0.0
2020-12-05 00:00:00,0.0,,0.0,20.63,0.0
2020-12-05 01:00:00,0.0,,0.0,19.65,0.0
2020-12-05 02:00:00,0.0,,0.0,18.8,0.0
2020-12-05 03:00:00,0.0,,0.0,18.48,0.0
2020-12-05 04:00:00,0.0,,0.0,18.12,0.0
2020-12-05 05:00:00,0.0,,0.0,17.63,0.0
2020-12-05 06:00:00,0.0,,0.0,17.84,0.0
2020-12-05 07:00:00,14.268424484675434,0.8422918822122452,0.06485647493034288,22.918,77.0
2020-12-05 08:00:00,43.87509688127586,0.8009327652660799,0.1994322585512539,35.296,249.0
2020-12-05 09:00:00,101.15527127996732,0.7263655987049416,0.4597966876362151,57.61254,633.01
2020-12-05 10:00:00,126.73890175654807,0.6858084035609321,0.5760859170752185,69.75054,840.01
2020-12-05 11:00:00,116.56043484826884,0.6943907711680497,0.529820158401222,67.182,763.0
2020-12-05 12:00:00,102.86044902440317,0.7094802664119407,0.46754749556546893,62.666000000000004,659.0
2020-12-05 13:00:00,80.87259656373055,0.7366787808683781,0.3676027116533207,54.526,499.0
2020-12-05 14:00:00,99.83737824826926,0.7101819479888266,0.4538062647648603,62.456,639.0
2020-12-05 15:00:00,66.27028311558789,0.7530713990407715,0.30122855961630857,49.620000000000005,400.0
2020-12-05 16:00:00,37.396940006141875,0.7869726432268913,0.16998609093700853,39.474,216.0
2020-12-05 17:00:00,14.657870456942346,0.8125205353072255,0.06662668389519248,31.828,82.0
2020-12-05 18:00:00,3.0951865345726737,0.8275899825060624,0.014069029702603063,27.317999999999998,17.0
2020-12-05 19:00:00,0.0,,0.0,24.56,0.0
2020-12-05 20:00:00,0.0,,0.0,24.63,0.0
2020-12-05 21:00:00,0.0,,0.0,24.35,0.0
2020-12-05 22:00:00,0.0,,0.0,23.69,0.0
2020-12-05 23:00:00,0.0,,0.0,22.59,0.0
2020-12-06 00:00:00,0.0,,0.0,21.03,0.0
2020-12-06 01:00:00,0.0,,0.0,19.96,0.0
2020-12-06 02:00:00,0.0,,0.0,19.43,0.0
2020-12-06 03:00:00,0.0,,0.0,18.87,0.0
2020-12-06 04:00:00,0.0,,0.0,18.95,0.0
2020-12-06 05:00:00,0.0,,0.0,18.75,0.0
2020-12-06 06:00:00,0.0,,0.0,18.98,0.0
2020-12-06 07:00:00,9.435668940098086,0.8409687112386885,0.04288940427317312,23.314,51.0
2020-12-06 08:00:00,68.81362532831955,0.7703977883249579,0.3127892060378161,44.43454,406.01
2020-12-06 09:00:00,102.4005408123879,0.7216275773905402,0.4654570036926723,59.03054,645.01
2020-12-06 10:00:00,126.37462770067069,0.6846522996294913,0.5744301259121395,70.09654,839.01
2020-12-06 11:00:00,140.02988239190245,0.6575339773532695,0.6364994654177384,78.21254,968.01
2020-12-06 12:00:00,144.00990925853137,0.6449103916510064,0.654590496629688,81.99054,1015.01
2020-12-06 13:00:00,141.07687178415188,0.6457724575883237,0.6412585081097812,81.73254,993.01
2020-12-06 14:00:00,132.49890530698988,0.6582089282034169,0.6022677513954086,78.01053999999999,915.01
2020-12-06 15:00:00,112.67794282083658,0.6883946013728834,0.5121724673674389,68.97654,744.01
2020-12-06 16:00:00,83.83338335526948,0.7299876121780101,0.3810608334330431,56.52854,522.01
2020-12-06 17:00:00,13.575510719813312,0.8119324593189781,0.06170686690824233,32.004,76.0
2020-12-06 18:00:00,3.086563870394998,0.8252844573248657,0.014029835774522718,28.008,17.0
2020-12-06 19:00:00,0.0,,0.0,25.01,0.0
2020-12-06 20:00:00,0.0,,0.0,24.86,0.0
2020-12-06 21:00:00,0.0,,0.0,24.86,0.0
2020-12-06 22:00:00,0.0,,0.0,22.92,0.0
2020-12-06 23:00:00,0.0,,0.0,21.5,0.0
2020-12-07 00:00:00,0.0,,0.0,20.6,0.0
2020-12-07 01:00:00,0.0,,0.0,19.88,0.0
2020-12-07 02:00:00,0.0,,0.0,19.21,0.0
2020-12-07 03:00:00,0.0,,0.0,19.72,0.0
2020-12-07 04:00:00,0.0,,0.0,20.68,0.0
2020-12-07 05:00:00,0.0,,0.0,20.8,0.0
2020-12-07 06:00:00,0.0,,0.0,20.48,0.0
2020-12-07 07:00:00,18.328858363697627,0.8331299256226194,0.08331299256226195,25.660000000000004,100.0
2020-12-07 08:00:00,67.7187022592194,0.7733782643563021,0.3078122829964518,43.54254,398.01
2020-12-07 09:00:00,101.63066485195459,0.7240600735237449,0.4619575675088845,58.30254000000001,638.01
2020-12-07 10:00:00,126.23873717427436,0.6831019174786576,0.5738124417012471,70.56054,840.01
2020-12-07 11:00:00,135.27372916979527,0.663294448965419,0.614880587135433,76.48854,927.01
2020-12-07 12:00:00,132.4741459886832,0.6638976946410906,0.6021552090394691,76.30799999999999,907.0
2020-12-07 13:00:00,118.83068161823793,0.6828564625803811,0.5401394619010815,70.63400000000001,791.0
2020-12-07 14:00:00,95.27036542164103,0.714599200582366,0.43304711555291375,61.134,606.0
2020-12-07 15:00:00,90.09881635985447,0.7210212576812938,0.40954007436297485,59.212,568.0
2020-12-07 16:00:00,83.05718199069898,0.7316382345541135,0.3775326454122681,56.03454,516.01
2020-12-07 17:00:00,13.641434038095838,0.815875241512909,0.06200651835498108,30.823999999999998,76.0
2020-12-07 18:00:00,3.278394257761266,0.8278773378185016,0.014901792080733028,27.232000000000003,18.0
2020-12-07 19:00:00,0.0,,0.0,25.59,0.0
2020-12-07 20:00:00,0.0,,0.0,25.05,0.0
2020-12-07 21:00:00,0.0,,0.0,24.39,0.0
2020-12-07 22:00:00,0.0,,0.0,24.0,0.0
2020-12-07 23:00:00,0.0,,0.0,22.83,0.0
2020-12-08 00:00:00,0.0,,0.0,21.32,0.0
2020-12-08 01:00:00,0.0,,0.0,20.7,0.0
2020-12-08 02:00:00,0.0,,0.0,20.06,0.0
2020-12-08 03:00:00,0.0,,0.0,20.26,0.0
2020-12-08 04:00:00,0.0,,0.0,19.94,0.0
2020-12-08 05:00:00,0.0,,0.0,19.42,0.0
2020-12-08 06:00:00,0.0,,0.0,19.06,0.0
2020-12-08 07:00:00,2.438923135488103,0.8527703270937423,0.01108601425221865,19.782,13.0
2020-12-08 08:00:00,65.94373628083395,0.7805839995363867,0.2997442558219725,41.385999999999996,384.0
2020-12-08 09:00:00,61.98422653272476,0.7783052050819282,0.28174648423965803,42.068,362.0
2020-12-08 10:00:00,50.120172778847966,0.7855826454364885,0.22781896717658165,39.89,290.0
2020-12-08 11:00:00,86.79508778851952,0.736050608790023,0.39452312631145237,54.714,536.0
2020-12-08 12:00:00,136.93916860157546,0.6572800354492535,0.6224507663707975,78.28854,947.01
2020-12-08 13:00:00,130.1201968931169,0.6638108197791904,0.5914554404232587,76.334,891.0
2020-12-08 14:00:00,109.43727769941516,0.6947516359790196,0.497442171360978,67.074,716.0
2020-12-08 15:00:00,107.68524741172732,0.7022544831868026,0.48947839732603327,64.82854,697.01
2020-12-08 16:00:00,80.67515740162636,0.7393251228154909,0.3667052609164835,53.734,496.0
2020-12-08 17:00:00,14.015441545481293,0.8167506728135951,0.06370655247946043,30.562,78.0
2020-12-08 18:00:00,3.4694101598838114,0.8300024305942133,0.015770046181290052,26.596,19.0
2020-12-08 19:00:00,0.0,,0.0,24.22,0.0
2020-12-08 20:00:00,0.0,,0.0,22.85,0.0
2020-12-08 21:00:00,0.0,,0.0,22.0,0.0
2020-12-08 22:00:00,0.0,,0.0,22.21,0.0
2020-12-08 23:00:00,0.0,,0.0,21.35,0.0
2020-12-09 00:00:00,0.0,,0.0,20.74,0.0
2020-12-09 01:00:00,0.0,,0.0,19.85,0.0
2020-12-09 02:00:00,0.0,,0.0,19.81,0.0
2020-12-09 03:00:00,0.0,,0.0,19.53,0.0
2020-12-09 04:00:00,0.0,,0.0,19.48,0.0
2020-12-09 05:00:00,0.0,,0.0,19.72,0.0
2020-12-09 06:00:00,0.0,,0.0,19.47,0.0
2020-12-09 07:00:00,14.896152966620273,0.8359232865667942,0.06770978621191033,24.823999999999998,81.0
2020-12-09 08:00:00,43.75063059836332,0.7986606534933064,0.19886650271983328,35.976,249.0
2020-12-09 09:00:00,43.40975823253565,0.7956333986901696,0.19731708287516206,36.882,248.0
2020-12-09 10:00:00,103.36843641400101,0.7184350598693426,0.46985652915455006,59.986000000000004,654.0
2020-12-09 11:00:00,125.60252364190261,0.6804774279006534,0.5709205620086483,71.346,839.0
2020-12-09 12:00:00,134.82942854655286,0.6632695225627354,0.6128610388479675,76.49600000000001,924.0
2020-12-09 13:00:00,143.54728787370243,0.6466612542523789,0.6524876721531928,81.46654000000001,1009.01
2020-12-09 14:00:00,102.39475017912014,0.7138507402336876,0.46543068263236426,61.358000000000004,652.0
2020-12-09 15:00:00,111.31411885990379,0.7007842932161843,0.5059732675450173,65.26854,722.01
2020-12-09 16:00:00,83.63218356483567,0.7381338011515722,0.3801462889310712,54.090540000000004,515.01
2020-12-09 17:00:00,14.194894403484925,0.8167373074502259,0.06452224728856784,30.566000000000003,79.0
2020-12-09 18:00:00,3.6559213999363838,0.8308912272582689,0.01661782454516538,26.33,20.0
2020-12-09 19:00:00,0.0,,0.0,24.27,0.0
2020-12-09 20:00:00,0.0,,0.0,24.11,0.0
2020-12-09 21:00:00,0.0,,0.0,21.67,0.0
2020-12-09 22:00:00,0.0,,0.0,22.35,0.0
2020-12-09 23:00:00,0.0,,0.0,20.86,0.0
2020-12-10 00:00:00,0.0,,0.0,20.52,0.0
2020-12-10 01:00:00,0.0,,0.0,20.21,0.0
2020-12-10 02:00:00,0.0,,0.0,19.71,0.0
2020-12-10 03:00:00,0.0,,0.0,19.09,0.0
2020-12-10 04:00:00,0.0,,0.0,18.72,0.0
2020-12-10 05:00:00,0.0,,0.0,18.12,0.0
2020-12-10 06:00:00,0.0,,0.0,17.6,0.0
2020-12-10 07:00:00,26.223722638698707,0.8335576172504356,0.1191987392668123,25.532,143.0
2020-12-10 08:00:00,45.02799045243527,0.7995026713855694,0.20467268387470577,35.724000000000004,256.0
2020-12-10 09:00:00,85.42446937404134,0.7396057954462454,0.3882930426092788,53.650000000000006,525.0
2020-12-10 10:00:00,103.94575649242327,0.7137170865999949,0.47248071132919667,61.398,662.0
2020-12-10 11:00:00,117.75234873143842,0.6897396247155484,0.5352379487792656,68.574,776.0
2020-12-10 12:00:00,131.92288355730017,0.6647998566685153,0.5996494707150007,76.03800000000001,902.0
2020-12-10 13:00:00,124.20210153634007,0.6753050322767512,0.5645550069833639,72.894,836.0
2020-12-10 14:00:00,126.48275582124735,0.6700640055119476,0.5749216173693061,74.46254,858.01
2020-12-10 15:00:00,105.55083051208587,0.7014276349819636,0.47977650232766306,65.07600000000001,684.0
2020-12-10 16:00:00,52.863256166407425,0.7701523334266815,0.24028752802912465,44.508,312.0
2020-12-10 17:00:00,14.706092687978627,0.8151936079810769,0.0668458758544483,31.028000000000002,82.0
2020-12-10 18:00:00,3.4770919024802924,0.8318401680574863,0.01580496319309224,26.046,19.0
2020-12-10 19:00:00,0.0,,0.0,23.8,0.0
2020-12-10 20:00:00,0.0,,0.0,22.47,0.0
2020-12-10 21:00:00,0.0,,0.0,21.67,0.0
2020-12-10 22:00:00,0.0,,0.0,22.32,0.0
2020-12-10 23:00:00,0.0,,0.0,20.87,0.0
2020-12-11 00:00:00,0.0,,0.0,19.98,0.0
2020-12-11 01:00:00,0.0,,0.0,19.38,0.0
2020-12-11 02:00:00,0.0,,0.0,18.56,0.0
2020-12-11 03:00:00,0.0,,0.0,18.15,0.0
2020-12-11 04:00:00,0.0,,0.0,17.62,0.0
2020-12-11 05:00:00,0.0,,0.0,17.41,0.0
2020-12-11 06:00:00,0.0,,0.0,17.13,0.0
2020-12-11 07:00:00,26.59283294329203,0.8336311267489666,0.12087651337860014,25.509999999999998,145.0
2020-12-11 08:00:00,58.758291593495095,0.7809448643473564,0.26708314360679586,41.278000000000006,342.0
2020-12-11 09:00:00,91.69067631206116,0.7311856165236137,0.4167758014184598,56.17,570.0
2020-12-11 10:00:00,124.6651107239099,0.6794398079154812,0.5666595941995904,71.65654,834.01
2020-12-11 11:00:00,141.25022141312667,0.6478708196372969,0.6420464609687576,81.10454,991.01
2020-12-11 12:00:00,147.13671949116065,0.6345321869947785,0.6688032704143666,85.09654,1054.01
2020-12-11 13:00:00,141.9852987855599,0.640259245198505,0.645387721752545,83.38254,1008.01
2020-12-11 14:00:00,132.1629362599446,0.6558232108420045,0.6007406193633845,78.72454,916.01
2020-12-11 15:00:00,114.51783037813381,0.6849062415335073,0.520535592627881,70.02054,760.01
2020-12-11 16:00:00,82.75387502218466,0.7303818903974032,0.37615397737356665,56.410540000000005,515.01
2020-12-11 17:00:00,13.73296659547656,0.8106827978439527,0.06242257543398436,32.378,77.0
2020-12-11 18:00:00,3.8091710620936876,0.8244959008860796,0.01731441391860767,28.244,21.0
2020-12-11 19:00:00,0.0,,0.0,24.93,0.0
2020-12-11 20:00:00,0.0,,0.0,25.5,0.0
2020-12-11 21:00:00,0.0,,0.0,22.44,0.0
2020-12-11 22:00:00,0.0,,0.0,21.79,0.0
2020-12-11 23:00:00,0.0,,0.0,20.31,0.0
2020-12-12 00:00:00,0.0,,0.0,19.51,0.0
2020-12-12 01:00:00,0.0,,0.0,18.84,0.0
2020-12-12 02:00:00,0.0,,0.0,18.24,0.0
2020-12-12 03:00:00,0.0,,0.0,17.77,0.0
2020-12-12 04:00:00,0.0,,0.0,17.54,0.0
2020-12-12 05:00:00,0.0,,0.0,17.45,0.0
2020-12-12 06:00:00,0.0,,0.0,17.0,0.0
2020-12-12 07:00:00,25.579700041309504,0.8364846318283029,0.11627136382413411,24.656,139.0
2020-12-12 08:00:00,59.53556044830137,0.7821276990055356,0.2706161838559153,40.92400000000001,346.0
2020-12-12 09:00:00,58.42229437761001,0.7742154038909358,0.2655558835345909,43.292,343.0
2020-12-12 10:00:00,104.13981421759505,0.713971028504011,0.4733627918981593,61.322,663.0
2020-12-12 11:00:00,136.57511219262133,0.6604142131593442,0.6207959645119151,77.35054,940.01
2020-12-12 12:00:00,145.03670181314612,0.6412950608596225,0.6592577355143006,83.07254,1028.01
2020-12-12 13:00:00,121.71324486868987,0.6771628177850777,0.5532420221304085,72.33800000000001,817.0
2020-12-12 14:00:00,96.5650176501474,0.7137104039183103,0.4389318984097609,61.400000000000006,615.0
2020-12-12 15:00:00,98.9809029087959,0.7107633412953892,0.44991319503998134,62.282000000000004,633.0
2020-12-12 16:00:00,65.87598110584801,0.7542475510172659,0.2994362777538546,49.268,397.0
2020-12-12 17:00:00,24.363388355577502,0.8024831474169137,0.1107426743435341,34.832,138.0
2020-12-12 18:00:00,3.8210575480061357,0.8270687333346614,0.01736844340002789,27.474,21.0
2020-12-12 19:00:00,0.0,,0.0,25.02,0.0
2020-12-12 20:00:00,0.0,,0.0,24.96,0.0
2020-12-12 21:00:00,0.0,,0.0,23.0,0.0
2020-12-12 22:00:00,0.0,,0.0,21.84,0.0
2020-12-12 23:00:00,0.0,,0.0,20.94,0.0
2020-12-13 00:00:00,0.0,,0.0,20.33,0.0
2020-12-13 01:00:00,0.0,,0.0,20.21,0.0
2020-12-13 02:00:00,0.0,,0.0,19.93,0.0
2020-12-13 03:00:00,0.0,,0.0,19.54,0.0
2020-12-13 04:00:00,0.0,,0.0,18.88,0.0
2020-12-13 05:00:00,0.0,,0.0,19.82,0.0
2020-12-13 06:00:00,0.0,,0.0,20.02,0.0
2020-12-13 07:00:00,24.06620415491673,0.8287260383924494,0.10939183706780331,26.978,132.0
2020-12-13 08:00:00,61.639968319394775,0.780450345902694,0.28018167417906714,41.426,359.0
2020-12-13 09:00:00,59.60998881556392,0.7763739100750706,0.27095449461619964,42.646,349.0
2020-12-13 10:00:00,118.49584193775479,0.695879204859667,0.5386174633534309,66.73654,774.01
2020-12-13 11:00:00,136.09852487048366,0.6630471897430879,0.6186296585021984,76.56254,933.01
2020-12-13 12:00:00,136.61339969241018,0.6585047705215954,0.6209699986018645,77.922,943.0
2020-12-13 13:00:00,134.12280231983476,0.661224621967239,0.6096491014537944,77.108,922.0
2020-12-13 14:00:00,124.43070872582132,0.6741288803002563,0.5655941305719151,73.24600000000001,839.0
2020-12-13 15:00:00,93.23769547016393,0.7195377023473061,0.4238077066825633,59.656000000000006,589.0
2020-12-13 16:00:00,76.2692832765378,0.7423523776186277,0.3466785603478991,52.828,467.0
2020-12-13 17:00:00,22.670376393012358,0.8050559798654957,0.10304716542278344,34.062,128.0
2020-12-13 18:00:00,4.182127383650152,0.8265073880731526,0.01900966992568251,27.642,23.0
2020-12-13 19:00:00,0.0,,0.0,25.28,0.0
2020-12-13 20:00:00,0.0,,0.0,24.62,0.0
2020-12-13 21:00:00,0.0,,0.0,21.89,0.0
2020-12-13 22:00:00,0.0,,0.0,21.13,0.0
2020-12-13 23:00:00,0.0,,0.0,19.76,0.0
2020-12-14 00:00:00,0.0,,0.0,18.9,0.0
2020-12-14 01:00:00,0.0,,0.0,18.23,0.0
2020-12-14 02:00:00,0.0,,0.0,17.73,0.0
2020-12-14 03:00:00,0.0,,0.0,17.24,0.0
2020-12-14 04:00:00,0.0,,0.0,16.91,0.0
2020-12-14 05:00:00,0.0,,0.0,16.68,0.0
2020-12-14 06:00:00,0.0,,0.0,16.34,0.0
2020-12-14 07:00:00,24.76200978345105,0.8399596263043096,0.1125545899247775,23.616,134.0
2020-12-14 08:00:00,66.8030571837278,0.7765792688832395,0.30365025992603545,42.58454,391.01
2020-12-14 09:00:00,101.29767630633485,0.7216877215257017,0.460443983210613,59.01254,638.01
2020-12-14 10:00:00,126.32550528701734,0.6795266827773816,0.5742068422137152,71.63054,845.01
2020-12-14 11:00:00,142.98885814859747,0.6460664955824471,0.6499493552208976,81.64454,1006.01
2020-12-14 12:00:00,141.9503092345846,0.6426516452416021,0.645228678339021,82.66654,1004.01
2020-12-14 13:00:00,126.66658098408743,0.6648466354403078,0.5757571862913065,76.024,866.0
2020-12-14 14:00:00,131.2999253967835,0.6558365762053738,0.5968178427126523,78.72054,910.01
2020-12-14 15:00:00,115.28878447297825,0.6805624984384988,0.5240399294226284,71.32054000000001,770.01
2020-12-14 16:00:00,84.53297079757094,0.7249689182328545,0.3842407763525952,58.03054,530.01
2020-12-14 17:00:00,16.16658822593061,0.8075218894071234,0.07348449193604822,33.324,91.0
2020-12-14 18:00:00,4.173504719472477,0.8248033042435725,0.018970475997602165,28.152,23.0
2020-12-14 19:00:00,0.0,,0.0,24.92,0.0
2020-12-14 20:00:00,0.0,,0.0,25.11,0.0
2020-12-14 21:00:00,0.0,,0.0,23.22,0.0
2020-12-14 22:00:00,0.0,,0.0,21.69,0.0
2020-12-14 23:00:00,0.0,,0.0,20.11,0.0
2020-12-15 00:00:00,0.0,,0.0,19.17,0.0
2020-12-15 01:00:00,0.0,,0.0,18.36,0.0
2020-12-15 02:00:00,0.0,,0.0,17.81,0.0
2020-12-15 03:00:00,0.0,,0.0,17.4,0.0
2020-12-15 04:00:00,0.0,,0.0,17.08,0.0
2020-12-15 05:00:00,0.0,,0.0,16.81,0.0
2020-12-15 06:00:00,0.0,,0.0,16.61,0.0
2020-12-15 07:00:00,18.256057496732556,0.8467559135775768,0.08298207953060252,21.582,98.0
2020-12-15 08:00:00,64.22370222660884,0.7805505861279635,0.29192591921185834,41.396,374.0
2020-12-15 09:00:00,94.58098452327829,0.7311455204335056,0.4299135660149013,56.182,588.0
2020-12-15 10:00:00,125.91823118838877,0.6821797074061788,0.5723555963108581,70.83654000000001,839.01
2020-12-15 11:00:00,142.34990078201216,0.6502899504071323,0.6470450035546007,80.38054,995.01
2020-12-15 12:00:00,149.60958362343513,0.6314180573297418,0.6800435619247052,86.02854,1077.01
2020-12-15 13:00:00,145.11986840151803,0.6354811277939958,0.6596357654614456,84.81254000000001,1038.01
2020-12-15 14:00:00,134.2160103164384,0.6517801884228043,0.6100727741656291,79.93454,936.01
2020-12-15 15:00:00,115.44757647198868,0.6806159598919758,0.5247617112363122,71.30454,771.01
2020-12-15 16:00:00,85.86590971329214,0.722763633276927,0.39029958960587335,58.690540000000006,540.01
2020-12-15 17:00:00,13.8732447715231,0.8084641475246561,0.06306020350692318,33.042,78.0
2020-12-15 18:00:00,4.163529480521832,0.8228319131466071,0.018925134002371963,28.742,23.0
2020-12-15 19:00:00,0.0,,0.0,25.12,0.0
2020-12-15 20:00:00,0.0,,0.0,25.61,0.0
2020-12-15 21:00:00,0.0,,0.0,23.76,0.0
2020-12-15 22:00:00,0.0,,0.0,22.42,0.0
2020-12-15 23:00:00,0.0,,0.0,20.76,0.0
2020-12-16 00:00:00,0.0,,0.0,19.63,0.0
2020-12-16 01:00:00,0.0,,0.0,18.91,0.0
2020-12-16 02:00:00,0.0,,0.0,18.43,0.0
2020-12-16 03:00:00,0.0,,0.0,17.96,0.0
2020-12-16 04:00:00,0.0,,0.0,18.03,0.0
2020-12-16 05:00:00,0.0,,0.0,17.84,0.0
2020-12-16 06:00:00,0.0,,0.0,16.87,0.0
2020-12-16 07:00:00,16.171350171245443,0.8448981280692499,0.07350613714202474,22.138,87.0
2020-12-16 08:00:00,26.37655770728429,0.8211879734521885,0.1198934441240195,29.234,146.0
2020-12-16 09:00:00,55.416814424474545,0.7822814006842821,0.25189461102033883,40.878,322.0
2020-12-16 10:00:00,117.37370718526559,0.6992357153894053,0.5335168508421163,65.732,763.0
2020-12-16 11:00:00,130.57676438849236,0.6737011886724402,0.5935307472204199,73.374,881.0
2020-12-16 12:00:00,118.75190148866237,0.6884966459222076,0.5397813704030108,68.946,784.0
2020-12-16 13:00:00,125.97620182673465,0.6744630143844879,0.5726190992124303,73.146,849.0
2020-12-16 14:00:00,105.13152057094578,0.70275080595552,0.47787054804975354,64.68,680.0
2020-12-16 15:00:00,100.82951977785129,0.7083709412522923,0.4583159989902331,62.998000000000005,647.0
2020-12-16 16:00:00,85.77311218975878,0.7300945350849642,0.3898777826807217,56.496539999999996,534.01
2020-12-16 17:00:00,13.613500428654092,0.8142045710917519,0.06187954740297315,31.323999999999998,76.0
2020-12-16 18:00:00,4.36318274872176,0.8263603690760909,0.019832648857826183,27.686,24.0
2020-12-16 19:00:00,0.0,,0.0,24.95,0.0
2020-12-16 20:00:00,0.0,,0.0,24.64,0.0
2020-12-16 21:00:00,0.0,,0.0,22.7,0.0
2020-12-16 22:00:00,0.0,,0.0,22.05,0.0
2020-12-16 23:00:00,0.0,,0.0,20.49,0.0
2020-12-17 00:00:00,0.0,,0.0,19.64,0.0
2020-12-17 01:00:00,0.0,,0.0,19.06,0.0
2020-12-17 02:00:00,0.0,,0.0,18.71,0.0
2020-12-17 03:00:00,0.0,,0.0,18.76,0.0
2020-12-17 04:00:00,0.0,,0.0,18.9,0.0
2020-12-17 05:00:00,0.0,,0.0,18.96,0.0
2020-12-17 06:00:00,0.0,,0.0,19.11,0.0
2020-12-17 07:00:00,13.067038167525144,0.8365581413268338,0.0593956280342052,24.634,71.0
2020-12-17 08:00:00,32.88298633555327,0.8123267375383714,0.1494681197070603,31.886,184.0
2020-12-17 09:00:00,59.869811078501385,0.7775300140065114,0.272135504902279,42.3,350.0
2020-12-17 10:00:00,93.01070401946038,0.7314462411093141,0.4227759273611835,56.092,578.0
2020-12-17 11:00:00,119.14919386480247,0.6899200571210334,0.5415872448400112,68.52,785.0
2020-12-17 12:00:00,122.02602190417906,0.6839256916499219,0.5546637359280866,70.314,811.0
2020-12-17 13:00:00,115.32669994119505,0.6897529900789178,0.5242122724599775,68.57,760.0
2020-12-17 14:00:00,102.61190899930023,0.7066935881494506,0.4664177681786374,63.5,660.0
2020-12-17 15:00:00,99.54257575536087,0.7114249267821675,0.45246625343345853,62.084,636.0
2020-12-17 16:00:00,81.38554437428928,0.7354558501200912,0.36993429261040583,54.891999999999996,503.0
2020-12-17 17:00:00,15.34469322475619,0.8110302972915533,0.06974860556707359,32.274,86.0
2020-12-17 18:00:00,4.178069659331246,0.8257054662709974,0.018991225724232938,27.882,23.0
2020-12-17 19:00:00,0.0,,0.0,24.61,0.0
2020-12-17 20:00:00,0.0,,0.0,24.73,0.0
2020-12-17 21:00:00,0.0,,0.0,23.07,0.0
2020-12-17 22:00:00,0.0,,0.0,22.17,0.0
2020-12-17 23:00:00,0.0,,0.0,20.33,0.0
2020-12-18 00:00:00,0.0,,0.0,19.68,0.0
2020-12-18 01:00:00,0.0,,0.0,19.15,0.0
2020-12-18 02:00:00,0.0,,0.0,18.54,0.0
2020-12-18 03:00:00,0.0,,0.0,18.42,0.0
2020-12-18 04:00:00,0.0,,0.0,18.27,0.0
2020-12-18 05:00:00,0.0,,0.0,18.37,0.0
2020-12-18 06:00:00,0.0,,0.0,17.88,0.0
2020-12-18 07:00:00,7.135305328580868,0.8535054220790512,0.032433206039003945,19.562,38.0
2020-12-18 08:00:00,55.075950879786696,0.7897325907626427,0.25034523127175773,38.648,317.0
2020-12-18 09:00:00,79.98160116374709,0.7526971688664321,0.36355273256248677,49.732,483.0
2020-12-18 10:00:00,117.87735161501881,0.6967479534786687,0.535806143704631,66.47654,769.01
2020-12-18 11:00:00,133.70812303207566,0.6678654032377049,0.6077641956003439,75.12054,910.01
2020-12-18 12:00:00,142.1220767480263,0.6499023548694238,0.6460094397637559,80.49654000000001,994.01
2020-12-18 13:00:00,118.02715517055643,0.6851686704432627,0.5364870689570747,69.94200000000001,783.0
2020-12-18 14:00:00,84.18711632944985,0.7316801349682761,0.3826687105884084,56.022000000000006,523.0
2020-12-18 15:00:00,80.19375398707723,0.7363981082376237,0.36451706357762376,54.61,495.0
2020-12-18 16:00:00,63.82205220739581,0.7574418728625184,0.2901002373063446,48.312,383.0
2020-12-18 17:00:00,23.01045779663583,0.8045614614208332,0.10459298998470831,34.21,130.0
2020-12-18 18:00:00,4.90953327541294,0.8265207534365219,0.022316060342786093,27.637999999999998,27.0
2020-12-18 19:00:00,0.0,,0.0,24.77,0.0
2020-12-18 20:00:00,0.0,,0.0,24.4,0.0
2020-12-18 21:00:00,0.0,,0.0,23.51,0.0
2020-12-18 22:00:00,0.0,,0.0,21.86,0.0
2020-12-18 23:00:00,0.0,,0.0,20.49,0.0
2020-12-19 00:00:00,0.0,,0.0,19.56,0.0
2020-12-19 01:00:00,0.0,,0.0,18.94,0.0
2020-12-19 02:00:00,0.0,,0.0,18.51,0.0
2020-12-19 03:00:00,0.0,,0.0,18.15,0.0
2020-12-19 04:00:00,0.0,,0.0,18.11,0.0
2020-12-19 05:00:00,0.0,,0.0,18.06,0.0
2020-12-19 06:00:00,0.0,,0.0,17.88,0.0
2020-12-19 07:00:00,19.57009270981155,0.839197800592262,0.08895496686277977,23.844,106.0
2020-12-19 08:00:00,54.54364801826479,0.7895722064022118,0.2479256728102945,38.696,314.0
2020-12-19 09:00:00,80.02608176130815,0.746930014572598,0.3637549170968552,51.458,487.0
2020-12-19 10:00:00,109.94094861125932,0.7068339244648278,0.49973158459663325,63.458000000000006,707.0
2020-12-19 11:00:00,126.73135755419285,0.678506036803688,0.5760516252463311,71.936,849.0
2020-12-19 12:00:00,105.37576029038463,0.7085513736577772,0.47898072859265745,62.944,676.0
2020-12-19 13:00:00,129.58120319703866,0.6700858578810562,0.5890054690774484,74.456,879.0
2020-12-19 14:00:00,96.24179638510695,0.7171519849858939,0.4374627108413952,60.370000000000005,610.0
2020-12-19 15:00:00,98.2047616896971,0.7153610262944136,0.4463852804077141,60.906000000000006,624.0
2020-12-19 16:00:00,67.64515773003103,0.7573349499555645,0.3074779896819592,48.344,406.0
2020-12-19 17:00:00,19.301994747529488,0.8123735163101635,0.08773633976149767,31.872,108.0
2020-12-19 18:00:00,4.917670776900312,0.8278907031818707,0.02235304898591051,27.227999999999998,27.0
2020-12-19 19:00:00,0.0,,0.0,25.11,0.0
2020-12-19 20:00:00,0.0,,0.0,24.4,0.0
2020-12-19 21:00:00,0.0,,0.0,23.76,0.0
2020-12-19 22:00:00,0.0,,0.0,22.48,0.0
2020-12-19 23:00:00,0.0,,0.0,21.0,0.0
2020-12-20 00:00:00,0.0,,0.0,20.14,0.0
2020-12-20 01:00:00,0.0,,0.0,19.35,0.0
2020-12-20 02:00:00,0.0,,0.0,19.01,0.0
2020-12-20 03:00:00,0.0,,0.0,18.64,0.0
2020-12-20 04:00:00,0.0,,0.0,17.8,0.0
2020-12-20 05:00:00,0.0,,0.0,17.95,0.0
2020-12-20 06:00:00,0.0,,0.0,17.59,0.0
2020-12-20 07:00:00,20.826074531520742,0.8377342933033284,0.0946639751432761,24.282,113.0
2020-12-20 08:00:00,22.851321493836167,0.824362247252387,0.10386964315380076,28.284,126.0
2020-12-20 09:00:00,59.522069985130976,0.7774565045079803,0.27055486356877717,42.322,348.0
2020-12-20 10:00:00,122.71621790129576,0.6911946449987426,0.5578009904604353,68.13853999999999,807.01
2020-12-20 11:00:00,117.85510765943478,0.6948184627958659,0.5357050348156126,67.054,771.0
2020-12-20 12:00:00,141.94751493271883,0.6517267269693273,0.6452159769669038,79.95054,990.01
2020-12-20 13:00:00,137.32935471157927,0.6605478667930367,0.6242243395980875,77.31054,945.01
2020-12-20 14:00:00,23.588804067657577,0.8122866414482637,0.1072218366711708,31.898,132.0
2020-12-20 15:00:00,81.88590588850954,0.7444173262591777,0.37220866312958883,52.21,500.0
2020-12-20 16:00:00,69.42444044007205,0.7585712460672208,0.31556563836396384,47.974000000000004,416.0
2020-12-20 17:00:00,14.074499076601029,0.8201922538811789,0.06397499580273194,29.532,78.0
2020-12-20 18:00:00,4.385059175484559,0.8305036317205604,0.019932087161293452,26.445999999999998,24.0
2020-12-20 19:00:00,0.0,,0.0,24.32,0.0
2020-12-20 20:00:00,0.0,,0.0,23.98,0.0
2020-12-20 21:00:00,0.0,,0.0,22.29,0.0
2020-12-20 22:00:00,0.0,,0.0,23.26,0.0
2020-12-20 23:00:00,0.0,,0.0,21.82,0.0
2020-12-21 00:00:00,0.0,,0.0,20.48,0.0
2020-12-21 01:00:00,0.0,,0.0,19.65,0.0
2020-12-21 02:00:00,0.0,,0.0,18.96,0.0
2020-12-21 03:00:00,0.0,,0.0,18.61,0.0
2020-12-21 04:00:00,0.0,,0.0,18.61,0.0
2020-12-21 05:00:00,0.0,,0.0,18.57,0.0
2020-12-21 06:00:00,0.0,,0.0,17.92,0.0
2020-12-21 07:00:00,3.201907624539852,0.8561250332994257,0.014554125566090237,18.778,17.0
2020-12-21 08:00:00,16.440399346438493,0.8303231993150754,0.07472908793835678,26.5,90.0
2020-12-21 09:00:00,26.16083673289548,0.814471878359137,0.118912894240434,31.244,146.0
2020-12-21 10:00:00,70.35876821924948,0.763275853973199,0.3198125828147704,46.566,419.0
2020-12-21 11:00:00,101.55025247733745,0.7201124129721844,0.46159205671517023,59.48400000000001,641.0
2020-12-21 12:00:00,132.74712792204764,0.6704400400103416,0.6033960360093075,74.35,900.0
2020-12-21 13:00:00,121.04680040405877,0.6860507844256335,0.550212729109358,69.67800000000001,802.0
2020-12-21 14:00:00,127.47298441314915,0.675309910634381,0.5794226564234052,72.89254,858.01
2020-12-21 15:00:00,62.75834918099392,0.7627412394384288,0.28526522354997236,46.726000000000006,374.0
2020-12-21 16:00:00,79.57143286384431,0.7426865117028589,0.36168833119929233,52.728,487.0
2020-12-21 17:00:00,13.324225850035244,0.8184413912798061,0.06056466295470565,30.056,74.0
2020-12-21 18:00:00,4.741536137660365,0.8289398842063576,0.021552436989365296,26.914,26.0
2020-12-21 19:00:00,0.0,,0.0,24.45,0.0
2020-12-21 20:00:00,0.0,,0.0,23.85,0.0
2020-12-21 21:00:00,0.0,,0.0,23.2,0.0
2020-12-21 22:00:00,0.0,,0.0,22.89,0.0
2020-12-21 23:00:00,0.0,,0.0,21.58,0.0
2020-12-22 00:00:00,0.0,,0.0,19.83,0.0
2020-12-22 01:00:00,0.0,,0.0,19.05,0.0
2020-12-22 02:00:00,0.0,,0.0,18.78,0.0
2020-12-22 03:00:00,0.0,,0.0,18.79,0.0
2020-12-22 04:00:00,0.0,,0.0,18.35,0.0
2020-12-22 05:00:00,0.0,,0.0,17.89,0.0
2020-12-22 06:00:00,0.0,,0.0,17.57,0.0
2020-12-22 07:00:00,21.893919083069864,0.8362841513777641,0.09951781401395393,24.716,119.0
2020-12-22 08:00:00,59.246550503877245,0.7828561113091601,0.26930250229035113,40.706,344.0
2020-12-22 09:00:00,89.88752065727722,0.7401805060711234,0.40857963935126007,53.478,552.0
2020-12-22 10:00:00,119.23840320932017,0.6957455512259743,0.5419927418605462,66.77654000000001,779.01
2020-12-22 11:00:00,135.64009077781574,0.6665288669007792,0.6165458671718897,75.52054000000001,925.01
2020-12-22 12:00:00,134.70037527093197,0.6626346678026956,0.6122744330496908,76.686,924.0
2020-12-22 13:00:00,108.61463290135575,0.6992958595245671,0.4937028768243443,65.714,706.0
2020-12-22 14:00:00,126.63343570895123,0.6724296748283061,0.5756065259497783,73.75454,856.01
2020-12-22 15:00:00,114.05385093472331,0.690305848334687,0.5184265951578333,68.40454,751.01
2020-12-22 16:00:00,87.70217050305655,0.7261183394826104,0.398646229559348,57.68654,549.01
2020-12-22 17:00:00,14.456132459364083,0.8112307777420922,0.06570969299710946,32.214,81.0
2020-12-22 18:00:00,4.892265894208028,0.8236137869037083,0.022237572246400127,28.508,27.0
2020-12-22 19:00:00,0.0,,0.0,25.34,0.0
2020-12-22 20:00:00,0.0,,0.0,25.09,0.0
2020-12-22 21:00:00,0.0,,0.0,24.13,0.0
2020-12-22 22:00:00,0.0,,0.0,23.6,0.0
2020-12-22 23:00:00,0.0,,0.0,21.73,0.0
2020-12-23 00:00:00,0.0,,0.0,20.48,0.0
2020-12-23 01:00:00,0.0,,0.0,20.05,0.0
2020-12-23 02:00:00,0.0,,0.0,19.85,0.0
2020-12-23 03:00:00,0.0,,0.0,19.65,0.0
2020-12-23 04:00:00,0.0,,0.0,19.64,0.0
2020-12-23 05:00:00,0.0,,0.0,19.21,0.0
2020-12-23 06:00:00,0.0,,0.0,18.82,0.0
2020-12-23 07:00:00,13.793506078086677,0.8359700653385865,0.06269775490039399,24.810000000000002,75.0
2020-12-23 08:00:00,43.30525124866422,0.8001709395540322,0.1968420511302919,35.524,246.0
2020-12-23 09:00:00,48.42702555880553,0.7889707650505952,0.22012284344911606,38.876,279.0
2020-12-23 10:00:00,118.04128727946807,0.6977169423229398,0.5365513058157639,66.18654,769.01
2020-12-23 11:00:00,122.10444036702185,0.6869061676812661,0.555020183486463,69.422,808.0
2020-12-23 12:00:00,135.5854323785299,0.6612562310516074,0.6162974199024086,77.09854,932.01
2020-12-23 13:00:00,123.46560987055886,0.6769690200162236,0.5612073175934494,72.396,829.0
2020-12-23 14:00:00,120.60516415802489,0.6818473776460023,0.5482052916273858,70.936,804.0
2020-12-23 15:00:00,106.06871963113585,0.7048692160495471,0.4821305437778902,64.046,684.0
2020-12-23 16:00:00,71.31308323107748,0.752089044833131,0.32415037832307947,49.914,431.0
2020-12-23 17:00:00,19.971107606957265,0.810515730801837,0.09077776184980575,32.428,112.0
2020-12-23 18:00:00,4.741918387052726,0.8290067110232039,0.021554174486603298,26.894,26.0
2020-12-23 19:00:00,0.0,,0.0,24.58,0.0
2020-12-23 20:00:00,0.0,,0.0,23.54,0.0
2020-12-23 21:00:00,0.0,,0.0,22.7,0.0
2020-12-23 22:00:00,0.0,,0.0,23.61,0.0
2020-12-23 23:00:00,0.0,,0.0,22.19,0.0
2020-12-24 00:00:00,0.0,,0.0,20.6,0.0
2020-12-24 01:00:00,0.0,,0.0,19.6,0.0
2020-12-24 02:00:00,0.0,,0.0,19.04,0.0
2020-12-24 03:00:00,0.0,,0.0,18.58,0.0
2020-12-24 04:00:00,0.0,,0.0,18.33,0.0
2020-12-24 05:00:00,0.0,,0.0,18.16,0.0
2020-12-24 06:00:00,0.0,,0.0,17.92,0.0
2020-12-24 07:00:00,9.15598000008767,0.8493487940712124,0.04161809090948941,20.806,49.0
2020-12-24 08:00:00,61.803446093177655,0.7781849168116048,0.28092475496898933,42.104,361.0
2020-12-24 09:00:00,94.33880951996277,0.7280229037627295,0.42881277054528527,57.11654,589.01
2020-12-24 10:00:00,102.35640762468641,0.7135834329663023,0.46525639829402915,61.438,652.0
2020-12-24 11:00:00,120.67002011838873,0.6830636257126046,0.5485000914472216,70.572,803.0
2020-12-24 12:00:00,144.89002306214917,0.6387823725462021,0.6585910139188599,83.82454,1031.01
2020-12-24 13:00:00,127.75832935436884,0.6644389918575454,0.5807196788834947,76.146,874.0
2020-12-24 14:00:00,110.17587026666439,0.6888575107331774,0.50079941030302,68.83800000000001,727.0
2020-12-24 15:00:00,102.82221967459716,0.7028176327723661,0.46737372579362346,64.66,665.0
2020-12-24 16:00:00,87.4398361853239,0.7319456379116064,0.39745380084238136,55.94254,543.01
2020-12-24 17:00:00,14.340821049398587,0.8148193778067379,0.06518555022453904,31.14,80.0
2020-12-24 18:00:00,4.901197298279534,0.8251173902827498,0.022278169537634247,28.058,27.0
2020-12-24 19:00:00,0.0,,0.0,25.2,0.0
2020-12-24 20:00:00,0.0,,0.0,24.88,0.0
2020-12-24 21:00:00,0.0,,0.0,24.28,0.0
2020-12-24 22:00:00,0.0,,0.0,23.95,0.0
2020-12-24 23:00:00,0.0,,0.0,22.29,0.0
2020-12-25 00:00:00,0.0,,0.0,21.37,0.0
2020-12-25 01:00:00,0.0,,0.0,20.74,0.0
2020-12-25 02:00:00,0.0,,0.0,20.34,0.0
2020-12-25 03:00:00,0.0,,0.0,19.79,0.0
2020-12-25 04:00:00,0.0,,0.0,19.46,0.0
2020-12-25 05:00:00,0.0,,0.0,19.35,0.0
2020-12-25 06:00:00,0.0,,0.0,18.96,0.0
2020-12-25 07:00:00,20.242604648451394,0.8364712664649336,0.09201183931114269,24.66,110.0
2020-12-25 08:00:00,61.5132967515263,0.778846502298383,0.2796058943251195,41.906000000000006,359.0
2020-12-25 09:00:00,87.13307564162481,0.7375408468056951,0.39605943473465827,54.268,537.0
2020-12-25 10:00:00,111.13772000209181,0.6996834550622753,0.5051714545549628,65.59800000000001,722.0
2020-12-25 11:00:00,135.32784259906285,0.6564781136470982,0.6151265572684675,78.52853999999999,937.01
2020-12-25 12:00:00,131.8770283321166,0.6572818397733083,0.5994410378732572,78.28800000000001,912.0
2020-12-25 13:00:00,109.40751223327005,0.6887906839163312,0.49730687378759114,68.858,722.0
2020-12-25 14:00:00,104.07049623067036,0.6966829309858774,0.4730477101394107,66.49600000000001,679.0
2020-12-25 15:00:00,106.8869465083336,0.6930809655578628,0.4858497568560618,67.574,701.0
2020-12-25 16:00:00,84.58891305495052,0.7268200210594964,0.3844950593406842,57.47654,529.01
2020-12-25 17:00:00,14.60783989224221,0.8097472224081048,0.06639927223746458,32.658,82.0
2020-12-25 18:00:00,5.422134121138608,0.8215354728997891,0.024646064186993673,29.130000000000003,30.0
2020-12-25 19:00:00,0.0,,0.0,26.1,0.0
2020-12-25 20:00:00,0.0,,0.0,24.58,0.0
2020-12-25 21:00:00,0.0,,0.0,23.53,0.0
2020-12-25 22:00:00,0.0,,0.0,22.41,0.0
2020-12-25 23:00:00,0.0,,0.0,21.58,0.0
2020-12-26 00:00:00,0.0,,0.0,20.69,0.0
2020-12-26 01:00:00,0.0,,0.0,19.96,0.0
2020-12-26 02:00:00,0.0,,0.0,19.49,0.0
2020-12-26 03:00:00,0.0,,0.0,18.97,0.0
2020-12-26 04:00:00,0.0,,0.0,18.68,0.0
2020-12-26 05:00:00,0.0,,0.0,18.57,0.0
2020-12-26 06:00:00,0.0,,0.0,17.93,0.0
2020-12-26 07:00:00,7.682585015333482,0.8517278287509403,0.03492084097878855,20.093999999999998,41.0
2020-12-26 08:00:00,56.36259645371308,0.7858700007489275,0.2561936202441504,39.804,326.0
2020-12-26 09:00:00,95.13526817637953,0.7279894903543064,0.43243303716536147,57.126540000000006,594.01
2020-12-26 10:00:00,113.49543425417289,0.6999841757380837,0.5158883375189677,65.50800000000001,737.0
2020-12-26 11:00:00,131.34672189639386,0.6678119417842279,0.5970305540745175,75.13654,894.01
2020-12-26 12:00:00,142.20539181088336,0.6476770218684426,0.6463881445949243,81.16254,998.01
2020-12-26 13:00:00,143.71203784697263,0.642310828475686,0.6532365356680574,82.76854,1017.01
2020-12-26 14:00:00,133.92739602953915,0.6595387818586579,0.6087608910433598,77.61254000000001,923.01
2020-12-26 15:00:00,115.86974884359778,0.6893635902171543,0.5266806765618081,68.68654000000001,764.01
2020-12-26 16:00:00,85.35448532828285,0.7306358323014192,0.3879749333103766,56.334540000000004,531.01
2020-12-26 17:00:00,17.09014686357329,0.8091925598282806,0.07768248574351495,32.824,96.0
2020-12-26 18:00:00,5.434483716891802,0.8234066237714852,0.024702198713144555,28.57,30.0
2020-12-26 19:00:00,0.0,,0.0,25.13,0.0
2020-12-26 20:00:00,0.0,,0.0,24.42,0.0
2020-12-26 21:00:00,0.0,,0.0,22.52,0.0
2020-12-26 22:00:00,0.0,,0.0,21.6,0.0
2020-12-26 23:00:00,0.0,,0.0,20.58,0.0
2020-12-27 00:00:00,0.0,,0.0,19.78,0.0
2020-12-27 01:00:00,0.0,,0.0,19.46,0.0
2020-12-27 02:00:00,0.0,,0.0,19.39,0.0
2020-12-27 03:00:00,0.0,,0.0,18.71,0.0
2020-12-27 04:00:00,0.0,,0.0,18.66,0.0
2020-12-27 05:00:00,0.0,,0.0,18.13,0.0
2020-12-27 06:00:00,0.0,,0.0,17.68,0.0
2020-12-27 07:00:00,14.902433618174753,0.8467291828508381,0.06773833462806705,21.59,80.0
2020-12-27 08:00:00,28.44716444076321,0.8183879298263295,0.12930529291256004,30.072000000000003,158.0
2020-12-27 09:00:00,40.1035376892005,0.7960209942278781,0.1822888076781841,36.766,229.0
2020-12-27 10:00:00,91.2227883539119,0.7338921026058881,0.4146490379723268,55.36,565.0
2020-12-27 11:00:00,128.29080863868722,0.6757126758595134,0.5831400392667601,72.772,863.0
2020-12-27 12:00:00,146.2647969391755,0.6398783323424813,0.6648399860871614,83.49654000000001,1039.01
2020-12-27 13:00:00,144.41904930756868,0.6404329949223054,0.6564502241253122,83.33054,1025.01
2020-12-27 14:00:00,135.6012482264749,0.6515462945638423,0.6163693101203405,80.00453999999999,946.01
2020-12-27 15:00:00,117.69881496470296,0.6789185587440801,0.5349946134759226,71.81254000000001,788.01
2020-12-27 16:00:00,89.03027606633603,0.720063829876337,0.40468307302880013,59.498540000000006,562.01
2020-12-27 17:00:00,14.583125998836117,0.8083772726627559,0.06628693635834598,33.068,82.0
2020-12-27 18:00:00,5.242760653393389,0.8217493187136973,0.02383073024269722,29.066,29.0
2020-12-27 19:00:00,0.0,,0.0,25.68,0.0
2020-12-27 20:00:00,0.0,,0.0,23.98,0.0
2020-12-27 21:00:00,0.0,,0.0,22.57,0.0
2020-12-27 22:00:00,0.0,,0.0,21.34,0.0
2020-12-27 23:00:00,0.0,,0.0,20.35,0.0
2020-12-28 00:00:00,0.0,,0.0,19.45,0.0
2020-12-28 01:00:00,0.0,,0.0,18.69,0.0
2020-12-28 02:00:00,0.0,,0.0,18.19,0.0
2020-12-28 03:00:00,0.0,,0.0,17.8,0.0
2020-12-28 04:00:00,0.0,,0.0,17.51,0.0
2020-12-28 05:00:00,0.0,,0.0,17.61,0.0
2020-12-28 06:00:00,0.0,,0.0,17.25,0.0
2020-12-28 07:00:00,20.05937781279318,0.8442499079458409,0.09117899005815082,22.332,108.0
2020-12-28 08:00:00,62.738184110195,0.7834223349282987,0.28517356413725,40.53654,364.01
2020-12-28 09:00:00,98.43772018176303,0.7287245853396156,0.4474441826443774,56.90654,614.01
2020-12-28 10:00:00,124.27205371514286,0.6871850359879655,0.5648729714324675,69.33854,822.01
2020-12-28 11:00:00,141.4912828611851,0.6529296096725603,0.6431421948235687,79.59054,985.01
2020-12-28 12:00:00,148.39190358779177,0.633930745643162,0.6745086526717808,85.27654000000001,1064.01
2020-12-28 13:00:00,132.0029736261396,0.6586317414736035,0.6000135164824527,77.884,911.0
2020-12-28 14:00:00,130.69352632801903,0.6578681114375006,0.5940614833091774,78.11254000000001,903.01
2020-12-28 15:00:00,115.40223522521885,0.6803486526245908,0.5245556146600857,71.38454,771.01
2020-12-28 16:00:00,88.06099068341132,0.7199101281975906,0.40027723037914237,59.54454,556.01
2020-12-28 17:00:00,16.30069013391058,0.8053700659046731,0.07409404606322992,33.968,92.0
2020-12-28 18:00:00,5.416400380253197,0.8206667242807875,0.024620001728423623,29.39,30.0
2020-12-28 19:00:00,0.0,,0.0,25.98,0.0
2020-12-28 20:00:00,0.0,,0.0,24.18,0.0
2020-12-28 21:00:00,0.0,,0.0,22.73,0.0
2020-12-28 22:00:00,0.0,,0.0,21.6,0.0
2020-12-28 23:00:00,0.0,,0.0,20.51,0.0
2020-12-29 00:00:00,0.0,,0.0,19.52,0.0
2020-12-29 01:00:00,0.0,,0.0,19.0,0.0
2020-12-29 02:00:00,0.0,,0.0,18.51,0.0
2020-12-29 03:00:00,0.0,,0.0,18.46,0.0
2020-12-29 04:00:00,0.0,,0.0,18.66,0.0
2020-12-29 05:00:00,0.0,,0.0,18.33,0.0
2020-12-29 06:00:00,0.0,,0.0,18.03,0.0
2020-12-29 07:00:00,2.2573473231668966,0.855055804229885,0.01026066965075862,19.098,12.0
2020-12-29 08:00:00,48.7651604309079,0.7973374825197498,0.22165982014049043,36.372,278.0
2020-12-29 09:00:00,95.35630851861055,0.7358750547421679,0.4334377659936843,54.766540000000006,589.01
2020-12-29 10:00:00,116.91456560381052,0.6992405937470351,0.5314298436536842,65.73054,760.01
2020-12-29 11:00:00,131.6613854502495,0.6709127060858954,0.5984608429556796,74.20854,892.01
2020-12-29 12:00:00,140.71911366903183,0.6520140822817663,0.6396323348592355,79.86454,981.01
2020-12-29 13:00:00,132.20370454358797,0.6618126979554865,0.6009259297435817,76.932,908.0
2020-12-29 14:00:00,125.33329510353315,0.673400467996632,0.5696967959251507,73.464,846.0
2020-12-29 15:00:00,112.4204919008122,0.6914686349478122,0.5110022359127827,68.05654,739.01
2020-12-29 16:00:00,87.66584879824694,0.7258176188068022,0.39848113090112247,57.77654,549.01
2020-12-29 17:00:00,14.279073070632618,0.8113109699223078,0.06490487759378463,32.19,80.0
2020-12-29 18:00:00,5.2508614001314955,0.8230190282337767,0.023867551818779524,28.686,29.0
2020-12-29 19:00:00,0.0,,0.0,25.75,0.0
2020-12-29 20:00:00,0.0,,0.0,25.17,0.0
2020-12-29 21:00:00,0.0,,0.0,22.67,0.0
2020-12-29 22:00:00,0.0,,0.0,21.76,0.0
2020-12-29 23:00:00,0.0,,0.0,20.87,0.0
2020-12-30 00:00:00,0.0,,0.0,20.01,0.0
2020-12-30 01:00:00,0.0,,0.0,19.6,0.0
2020-12-30 02:00:00,0.0,,0.0,19.04,0.0
2020-12-30 03:00:00,0.0,,0.0,19.02,0.0
2020-12-30 04:00:00,0.0,,0.0,19.15,0.0
2020-12-30 05:00:00,0.0,,0.0,19.07,0.0
2020-12-30 06:00:00,0.0,,0.0,18.59,0.0
2020-12-30 07:00:00,2.2580530143527935,0.8553231114972702,0.010263877337967244,19.018,12.0
2020-12-30 08:00:00,5.720594446693877,0.8387968396911842,0.026002702030426712,23.964,31.0
2020-12-30 09:00:00,17.521727010208153,0.8210743678635498,0.07964421368276434,29.268,97.0
2020-12-30 10:00:00,74.01791668617138,0.7543611566059047,0.3364450758462335,49.234,446.0
2020-12-30 11:00:00,118.35605283907339,0.6888374626881235,0.5379820583594245,68.844,781.0
2020-12-30 12:00:00,126.67691494939086,0.6718834992542212,0.5758041588608676,73.918,857.0
2020-12-30 13:00:00,133.15360898550412,0.6564465045627298,0.6052436772068369,78.53800000000001,922.0
2020-12-30 14:00:00,131.6307628780534,0.655328692397342,0.5983216494456972,78.87254000000001,913.01
2020-12-30 15:00:00,114.22094921302975,0.6813376895139157,0.5191861327864988,71.08854000000001,762.01
2020-12-30 16:00:00,88.26535076480218,0.7215807986187477,0.4012061398400099,59.04454,556.01
2020-12-30 17:00:00,15.134025293296396,0.8093061654169196,0.06879102406043816,32.79,85.0
2020-12-30 18:00:00,5.798711520592707,0.8236806137205549,0.026357779639057756,28.488000000000003,32.0
2020-12-30 19:00:00,0.0,,0.0,25.78,0.0
2020-12-30 20:00:00,0.0,,0.0,25.04,0.0
2020-12-30 21:00:00,0.0,,0.0,23.49,0.0
2020-12-30 22:00:00,0.0,,0.0,22.11,0.0
2020-12-30 23:00:00,0.0,,0.0,21.61,0.0
2020-12-31 00:00:00,0.0,,0.0,21.11,0.0
2020-12-31 01:00:00,0.0,,0.0,20.8,0.0
2020-12-31 02:00:00,0.0,,0.0,20.66,0.0
2020-12-31 03:00:00,0.0,,0.0,20.6,0.0
2020-12-31 04:00:00,0.0,,0.0,20.26,0.0
2020-12-31 05:00:00,0.0,,0.0,20.05,0.0
2020-12-31 06:00:00,0.0,,0.0,19.9,0.0
2020-12-31 07:00:00,1.6817767708096787,0.8493822074796357,0.007644439867316721,20.796,9.0
2020-12-31 08:00:00,22.079721691556593,0.8294410853327044,0.10036237132525724,26.764000000000003,121.0
2020-12-31 09:00:00,29.742898729087944,0.819363601352285,0.13519499422312703,29.78,165.0
2020-12-31 10:00:00,72.78852177989083,0.7712282451779067,0.33085691718132193,44.186,429.0
2020-12-31 11:00:00,111.66853944193336,0.7118993971817758,0.5075842701906061,61.94200000000001,713.0
2020-12-31 12:00:00,127.54225553438708,0.6868928023178968,0.579737525156305,69.426,844.0
2020-12-31 13:00:00,128.73387684975248,0.6884164537419919,0.5851539856806931,68.97,850.0
2020-12-31 14:00:00,126.963124181921,0.6894923654932171,0.5771051099178227,68.648,837.0
2020-12-31 15:00:00,111.3310911485473,0.707762817218991,0.5060504143115786,63.18,715.0
2020-12-31 16:00:00,80.29520150561979,0.754087166656835,0.3649781886619081,49.316,484.0
2020-12-31 17:00:00,24.767131925308686,0.8157816839693243,0.11257787238776676,30.851999999999997,138.0
2020-12-31 18:00:00,1.112504512286589,0.8428064487019614,0.005056838692211769,22.764000000000003,6.0
2020-12-31 19:00:00,0.0,,0.0,21.76,0.0
2020-12-31 20:00:00,0.0,,0.0,21.07,0.0
2020-12-31 21:00:00,0.0,,0.0,20.47,0.0
2020-12-31 22:00:00,0.0,,0.0,21.08,0.0
2020-12-31 23:00:00,0.0,,0.0,19.88,0.0
